<?xml version="1.0" encoding="UTF-8" standalone="yes"?><imgdir name="1333336.img"><imgdir name="info"><int name="level" value="35"/><int name="maxHP" value="10000"/><int name="maxMP" value="200"/><int name="speed" value="0"/><int name="PADamage" value="30000"/><int name="PDDamage" value="0"/><int name="MADamage" value="0"/><int name="MDDamage" value="0"/><int name="acc" value="30000"/><int name="eva" value="0"/><int name="exp" value="0"/><int name="undead" value="0"/><int name="pushed" value="0"/><float name="fs" value="10.0"/><int name="summonType" value="1"/><int name="boss" value="1"/><int name="noFlip" value="1"/><int name="invincible" value="1"/><int name="hideHP" value="1"/><int name="hideName" value="1"/><int name="bodyAttack" value="1"/><int name="flySpeed" value="0"/></imgdir><imgdir name="hit1"><canvas name="0" width="136" height="136"><vector name="origin" x="72" y="123"/></canvas></imgdir><imgdir name="die1"><canvas name="0" width="170" height="112"><vector name="origin" x="77" y="110"/><int name="delay" value="120"/></canvas><canvas name="1" width="176" height="130"><vector name="origin" x="80" y="128"/><int name="delay" value="120"/></canvas><canvas name="2" width="178" height="137"><vector name="origin" x="81" y="135"/><int name="delay" value="120"/></canvas><canvas name="3" width="194" height="139"><vector name="origin" x="87" y="137"/><int name="delay" value="120"/></canvas><canvas name="4" width="205" height="140"><vector name="origin" x="92" y="138"/><int name="delay" value="120"/></canvas><canvas name="5" width="175" height="141"><vector name="origin" x="67" y="139"/><int name="delay" value="120"/></canvas><canvas name="6" width="142" height="73"><vector name="origin" x="66" y="72"/><int name="delay" value="120"/></canvas></imgdir><imgdir name="stand"><canvas name="0" width="136" height="136"><vector name="origin" x="72" y="123"/><int name="delay" value="120"/><vector name="lt" x="-72" y="-95"/><vector name="rb" x="70" y="0"/></canvas><canvas name="1" width="134" height="138"><vector name="origin" x="67" y="120"/><int name="delay" value="120"/><vector name="lt" x="-72" y="-95"/><vector name="rb" x="70" y="0"/></canvas><canvas name="2" width="130" height="130"><vector name="origin" x="60" y="112"/><int name="delay" value="120"/><vector name="lt" x="-72" y="-95"/><vector name="rb" x="70" y="0"/></canvas><canvas name="3" width="136" height="136"><vector name="origin" x="65" y="118"/><int name="delay" value="120"/><vector name="lt" x="-72" y="-95"/><vector name="rb" x="70" y="0"/></canvas><canvas name="4" width="142" height="143"><vector name="origin" x="67" y="123"/><int name="delay" value="120"/><vector name="lt" x="-72" y="-95"/><vector name="rb" x="70" y="0"/></canvas><canvas name="5" width="142" height="142"><vector name="origin" x="71" y="123"/><int name="delay" value="120"/><vector name="lt" x="-72" y="-95"/><vector name="rb" x="70" y="0"/></canvas><canvas name="6" width="138" height="137"><vector name="origin" x="71" y="122"/><int name="delay" value="120"/><vector name="lt" x="-72" y="-95"/><vector name="rb" x="70" y="0"/></canvas><canvas name="7" width="135" height="133"><vector name="origin" x="75" y="125"/><int name="delay" value="120"/><vector name="lt" x="-72" y="-95"/><vector name="rb" x="70" y="0"/></canvas></imgdir></imgdir>