<?xml version="1.0" encoding="UTF-8" standalone="yes"?><imgdir name="1333340.img"><imgdir name="info"><int name="level" value="35"/><int name="maxHP" value="10000"/><int name="maxMP" value="200"/><int name="speed" value="0"/><int name="PADamage" value="0"/><int name="PDDamage" value="0"/><int name="MADamage" value="0"/><int name="MDDamage" value="0"/><int name="acc" value="30000"/><int name="eva" value="0"/><int name="exp" value="0"/><int name="undead" value="0"/><int name="pushed" value="0"/><float name="fs" value="10.0"/><int name="summonType" value="1"/><int name="boss" value="1"/><int name="noFlip" value="1"/><imgdir name="selfDestruction"><int name="action" value="4"/><int name="removeAfter" value="0"/></imgdir><imgdir name="loseItem"><imgdir name="0"><int name="id" value="4031868"/><int name="prop" value="40"/><int name="x" value="5"/></imgdir></imgdir><int name="invincible" value="1"/><int name="hideHP" value="1"/><int name="hideName" value="1"/></imgdir><imgdir name="stand"><canvas name="0" width="1" height="1"><vector name="origin" x="17" y="50"/><int name="z" value="0"/><int name="delay" value="40"/><vector name="head" x="0" y="-81"/></canvas></imgdir><imgdir name="attack1"><imgdir name="info"><imgdir name="range"><vector name="lt" x="-65" y="-138"/><vector name="rb" x="70" y="0"/></imgdir><imgdir name="hit"><canvas name="0" width="1" height="1"><vector name="origin" x="50" y="53"/><int name="delay" value="70"/></canvas></imgdir><int name="type" value="0"/><int name="attackAfter" value="10"/><int name="PADamage" value="30000"/></imgdir><canvas name="0" width="1" height="1"><vector name="origin" x="17" y="43"/><int name="z" value="0"/><int name="delay" value="40"/></canvas></imgdir><imgdir name="hit1"><canvas name="0" width="36" height="50"><vector name="origin" x="17" y="50"/><int name="z" value="0"/><vector name="head" x="0" y="-81"/></canvas></imgdir><imgdir name="die1"><canvas name="0" width="290" height="166"><vector name="origin" x="145" y="155"/><int name="z" value="0"/><int name="delay" value="100"/><vector name="head" x="0" y="-81"/></canvas><canvas name="1" width="210" height="167"><vector name="origin" x="140" y="156"/><int name="z" value="0"/><int name="delay" value="100"/><vector name="head" x="0" y="-81"/></canvas><canvas name="2" width="109" height="71"><vector name="origin" x="52" y="156"/><int name="z" value="0"/><int name="delay" value="100"/><vector name="head" x="0" y="-81"/></canvas></imgdir></imgdir>