<?xml version="1.0" encoding="UTF-8" standalone="yes"?><imgdir name="2110200.img"><imgdir name="info"><int name="bodyAttack" value="1"/><int name="level" value="22"/><int name="maxHP" value="300"/><int name="maxMP" value="35"/><int name="speed" value="-20"/><int name="PADamage" value="90"/><int name="PDDamage" value="30"/><int name="MADamage" value="0"/><int name="MDDamage" value="0"/><int name="acc" value="55"/><int name="eva" value="7"/><int name="exp" value="35"/><int name="undead" value="0"/><int name="pushed" value="1"/><float name="fs" value="10.0"/><int name="summonType" value="1"/><int name="mobType" value="4"/></imgdir><imgdir name="move"><canvas name="0" width="56" height="52"><vector name="origin" x="27" y="52"/><vector name="lt" x="-27" y="-52"/><vector name="rb" x="29" y="0"/><vector name="head" x="-4" y="-45"/><int name="delay" value="150"/></canvas><canvas name="1" width="56" height="51"><vector name="origin" x="27" y="51"/><vector name="lt" x="-27" y="-51"/><vector name="rb" x="29" y="0"/><vector name="head" x="-4" y="-45"/><int name="delay" value="150"/></canvas><canvas name="2" width="56" height="52"><vector name="origin" x="27" y="52"/><vector name="lt" x="-27" y="-52"/><vector name="rb" x="29" y="0"/><vector name="head" x="-4" y="-45"/><int name="delay" value="150"/></canvas><canvas name="3" width="56" height="51"><vector name="origin" x="27" y="51"/><vector name="lt" x="-27" y="-51"/><vector name="rb" x="29" y="0"/><vector name="head" x="-4" y="-45"/><int name="delay" value="150"/></canvas></imgdir><imgdir name="stand"><canvas name="0" width="56" height="52"><vector name="origin" x="27" y="52"/><vector name="lt" x="-27" y="-52"/><vector name="rb" x="29" y="0"/><vector name="head" x="-4" y="-45"/><int name="delay" value="180"/></canvas><canvas name="1" width="56" height="52"><vector name="origin" x="27" y="52"/><vector name="lt" x="-27" y="-52"/><vector name="rb" x="29" y="0"/><vector name="head" x="-4" y="-45"/><int name="delay" value="180"/></canvas><canvas name="2" width="56" height="52"><vector name="origin" x="27" y="52"/><vector name="lt" x="-27" y="-52"/><vector name="rb" x="29" y="0"/><vector name="head" x="-4" y="-45"/><int name="delay" value="180"/></canvas></imgdir><imgdir name="hit1"><canvas name="0" width="56" height="56"><vector name="origin" x="27" y="56"/><vector name="lt" x="-27" y="-56"/><vector name="rb" x="29" y="0"/><int name="delay" value="600"/><vector name="head" x="-4" y="-45"/></canvas></imgdir><imgdir name="die1"><canvas name="0" width="57" height="50"><vector name="origin" x="28" y="50"/><vector name="head" x="-1" y="-41"/><int name="delay" value="180"/></canvas><canvas name="1" width="57" height="49"><vector name="origin" x="27" y="49"/><vector name="head" x="-1" y="-37"/><int name="delay" value="180"/></canvas><canvas name="2" width="57" height="49"><vector name="origin" x="28" y="48"/><vector name="head" x="-1" y="-30"/><int name="delay" value="180"/></canvas><canvas name="3" width="57" height="46"><vector name="origin" x="29" y="46"/><vector name="head" x="-1" y="-25"/><int name="delay" value="300"/><int name="a0" value="255"/><int name="a1" value="0"/></canvas></imgdir></imgdir>