<?xml version="1.0" encoding="UTF-8" standalone="yes"?><imgdir name="2220110.img"><imgdir name="info"><int name="bodyAttack" value="1"/><int name="level" value="20"/><int name="maxHP" value="350"/><int name="maxMP" value="30"/><int name="speed" value="5"/><int name="PADamage" value="90"/><int name="PDDamage" value="10"/><int name="MADamage" value="0"/><int name="MDDamage" value="60"/><int name="acc" value="55"/><int name="eva" value="7"/><int name="exp" value="32"/><int name="undead" value="0"/><int name="pushed" value="1"/><float name="fs" value="10.0"/><int name="summonType" value="1"/><int name="category" value="2"/></imgdir><imgdir name="move"><canvas name="0" width="63" height="58"><vector name="origin" x="26" y="58"/><vector name="lt" x="-26" y="-58"/><vector name="rb" x="37" y="0"/><vector name="head" x="3" y="-54"/><int name="delay" value="180"/></canvas><canvas name="1" width="63" height="55"><vector name="origin" x="26" y="55"/><vector name="lt" x="-26" y="-55"/><vector name="rb" x="37" y="0"/><vector name="head" x="3" y="-51"/><int name="delay" value="180"/></canvas><canvas name="2" width="64" height="55"><vector name="origin" x="29" y="55"/><vector name="lt" x="-29" y="-55"/><vector name="rb" x="35" y="0"/><vector name="head" x="0" y="-51"/><int name="delay" value="180"/></canvas><canvas name="3" width="62" height="64"><vector name="origin" x="25" y="68"/><vector name="lt" x="-25" y="-68"/><vector name="rb" x="37" y="-4"/><vector name="head" x="4" y="-64"/><int name="delay" value="180"/></canvas></imgdir><imgdir name="stand"><canvas name="0" width="63" height="58"><vector name="origin" x="26" y="58"/><vector name="lt" x="-26" y="-58"/><vector name="rb" x="37" y="0"/><vector name="head" x="3" y="-54"/><int name="delay" value="180"/></canvas><canvas name="1" width="63" height="55"><vector name="origin" x="26" y="55"/><vector name="lt" x="-26" y="-55"/><vector name="rb" x="37" y="0"/><vector name="head" x="3" y="-51"/><int name="delay" value="180"/></canvas></imgdir><imgdir name="jump"><canvas name="0" width="62" height="64"><vector name="origin" x="25" y="68"/><vector name="lt" x="-25" y="-68"/><vector name="rb" x="37" y="-4"/><vector name="head" x="4" y="-64"/></canvas></imgdir><imgdir name="hit1"><canvas name="0" width="63" height="82"><vector name="origin" x="25" y="88"/><vector name="lt" x="-25" y="-88"/><vector name="rb" x="38" y="-6"/><vector name="head" x="4" y="-68"/><int name="delay" value="600"/></canvas></imgdir><imgdir name="die1"><canvas name="0" width="63" height="58"><vector name="origin" x="26" y="58"/><int name="delay" value="180"/></canvas><canvas name="1" width="63" height="82"><vector name="origin" x="6" y="88"/><int name="delay" value="180"/></canvas><canvas name="2" width="81" height="71"><vector name="origin" x="11" y="75"/><int name="delay" value="180"/></canvas><canvas name="3" width="92" height="65"><vector name="origin" x="13" y="65"/><int name="delay" value="180"/></canvas><canvas name="4" width="59" height="44"><vector name="origin" x="-26" y="44"/><int name="delay" value="180"/></canvas></imgdir></imgdir>