<?xml version="1.0" encoding="UTF-8" standalone="yes"?><imgdir name="2230102.img"><imgdir name="info"><int name="bodyAttack" value="1"/><int name="level" value="25"/><int name="maxHP" value="550"/><int name="maxMP" value="55"/><int name="speed" value="0"/><int name="PADamage" value="90"/><int name="PDDamage" value="20"/><int name="MADamage" value="0"/><int name="MDDamage" value="30"/><int name="acc" value="50"/><int name="eva" value="8"/><int name="exp" value="42"/><int name="undead" value="0"/><int name="pushed" value="1"/><float name="fs" value="10.0"/><int name="summonType" value="1"/><int name="mobType" value="0"/></imgdir><imgdir name="move"><canvas name="0" width="71" height="48"><vector name="origin" x="35" y="48"/><int name="delay" value="100"/><vector name="lt" x="-35" y="-48"/><vector name="rb" x="36" y="0"/><vector name="head" x="-21" y="-44"/></canvas><canvas name="1" width="72" height="50"><vector name="origin" x="35" y="52"/><int name="delay" value="100"/><vector name="lt" x="-35" y="-52"/><vector name="rb" x="37" y="-2"/><vector name="head" x="-21" y="-44"/></canvas><canvas name="2" width="70" height="52"><vector name="origin" x="35" y="57"/><int name="delay" value="200"/><vector name="lt" x="-35" y="-57"/><vector name="rb" x="35" y="-5"/><vector name="head" x="-21" y="-44"/></canvas></imgdir><imgdir name="stand"><canvas name="0" width="71" height="47"><vector name="origin" x="35" y="47"/><int name="delay" value="100"/><vector name="lt" x="-35" y="-47"/><vector name="rb" x="36" y="0"/><vector name="head" x="-21" y="-44"/></canvas><canvas name="1" width="72" height="49"><vector name="origin" x="34" y="49"/><int name="delay" value="100"/><vector name="lt" x="-34" y="-49"/><vector name="rb" x="38" y="0"/><vector name="head" x="-21" y="-44"/></canvas><canvas name="2" width="70" height="52"><vector name="origin" x="33" y="52"/><int name="delay" value="100"/><vector name="lt" x="-33" y="-52"/><vector name="rb" x="37" y="0"/><vector name="head" x="-21" y="-44"/></canvas><canvas name="3" width="83" height="49"><vector name="origin" x="45" y="49"/><int name="delay" value="100"/><vector name="lt" x="-34" y="-49"/><vector name="rb" x="38" y="0"/><vector name="head" x="-21" y="-44"/></canvas><canvas name="4" width="83" height="47"><vector name="origin" x="47" y="47"/><int name="delay" value="100"/><vector name="lt" x="-35" y="-47"/><vector name="rb" x="36" y="0"/><vector name="head" x="-21" y="-44"/></canvas><canvas name="5" width="87" height="47"><vector name="origin" x="51" y="47"/><int name="delay" value="200"/><vector name="lt" x="-35" y="-47"/><vector name="rb" x="36" y="0"/><vector name="head" x="-21" y="-44"/></canvas></imgdir><imgdir name="jump"><canvas name="0" width="71" height="48"><vector name="origin" x="35" y="48"/><vector name="lt" x="-35" y="-48"/><vector name="rb" x="36" y="0"/><vector name="head" x="-21" y="-44"/></canvas></imgdir><imgdir name="hit1"><canvas name="0" width="71" height="50"><vector name="origin" x="35" y="50"/><int name="delay" value="600"/><vector name="lt" x="-35" y="-50"/><vector name="rb" x="36" y="0"/><vector name="head" x="-10" y="-46"/></canvas></imgdir><imgdir name="die1"><canvas name="0" width="72" height="43"><vector name="origin" x="36" y="43"/><vector name="head" x="-17" y="-30"/><int name="delay" value="180"/></canvas><canvas name="1" width="73" height="41"><vector name="origin" x="36" y="40"/><vector name="head" x="-17" y="-30"/><int name="delay" value="300"/><int name="a0" value="255"/><int name="a1" value="0"/></canvas></imgdir></imgdir>