<?xml version="1.0" encoding="UTF-8" standalone="yes"?><imgdir name="2230112.img"><imgdir name="info"><int name="bodyAttack" value="1"/><int name="level" value="25"/><int name="maxHP" value="550"/><int name="maxMP" value="55"/><int name="speed" value="0"/><int name="PADamage" value="90"/><int name="PDDamage" value="20"/><int name="MADamage" value="0"/><int name="MDDamage" value="30"/><int name="acc" value="50"/><int name="eva" value="8"/><int name="exp" value="42"/><int name="undead" value="0"/><int name="pushed" value="1"/><float name="fs" value="10.0"/><int name="summonType" value="1"/><int name="category" value="1"/></imgdir><imgdir name="move"><canvas name="0" width="71" height="49"><vector name="origin" x="33" y="48"/><vector name="lt" x="-33" y="-48"/><vector name="rb" x="38" y="1"/><vector name="head" x="-19" y="-44"/><int name="delay" value="120"/></canvas><canvas name="1" width="73" height="50"><vector name="origin" x="34" y="50"/><vector name="lt" x="-34" y="-50"/><vector name="rb" x="39" y="0"/><vector name="head" x="-20" y="-46"/><int name="delay" value="120"/></canvas><canvas name="2" width="70" height="49"><vector name="origin" x="33" y="52"/><vector name="lt" x="-33" y="-52"/><vector name="rb" x="37" y="-3"/><vector name="head" x="-19" y="-48"/><int name="delay" value="120"/></canvas></imgdir><imgdir name="stand"><canvas name="0" width="70" height="49"><vector name="origin" x="32" y="49"/><vector name="lt" x="-31" y="-49"/><vector name="rb" x="39" y="0"/><vector name="head" x="-17" y="-46"/><int name="delay" value="120"/></canvas><canvas name="1" width="73" height="49"><vector name="origin" x="33" y="49"/><vector name="lt" x="-33" y="-49"/><vector name="rb" x="40" y="0"/><vector name="head" x="-19" y="-46"/><int name="delay" value="120"/></canvas><canvas name="2" width="93" height="48"><vector name="origin" x="55" y="48"/><vector name="lt" x="-33" y="-48"/><vector name="rb" x="38" y="0"/><vector name="head" x="-19" y="-45"/><int name="delay" value="120"/></canvas><canvas name="3" width="97" height="48"><vector name="origin" x="59" y="48"/><vector name="lt" x="-33" y="-48"/><vector name="rb" x="38" y="0"/><vector name="head" x="-19" y="-45"/><int name="delay" value="120"/></canvas><canvas name="4" width="102" height="49"><vector name="origin" x="62" y="49"/><vector name="lt" x="-33" y="-49"/><vector name="rb" x="39" y="0"/><vector name="head" x="-19" y="-46"/><int name="delay" value="120"/></canvas></imgdir><imgdir name="jump"><canvas name="0" width="71" height="49"><vector name="origin" x="33" y="48"/><vector name="lt" x="-33" y="-48"/><vector name="rb" x="38" y="1"/><vector name="head" x="-19" y="-44"/></canvas></imgdir><imgdir name="hit1"><canvas name="0" width="71" height="54"><vector name="origin" x="33" y="54"/><vector name="lt" x="-33" y="-54"/><vector name="rb" x="38" y="0"/><vector name="head" x="-8" y="-50"/><int name="delay" value="600"/></canvas></imgdir><imgdir name="die1"><canvas name="0" width="70" height="49"><vector name="origin" x="31" y="49"/><int name="delay" value="210"/></canvas><canvas name="1" width="72" height="45"><vector name="origin" x="33" y="45"/><int name="delay" value="210"/></canvas><canvas name="2" width="73" height="40"><vector name="origin" x="33" y="39"/><int name="delay" value="210"/><int name="a0" value="255"/><int name="a1" value="0"/></canvas></imgdir></imgdir>