<?xml version="1.0" encoding="UTF-8" standalone="yes"?><imgdir name="2230107.img"><imgdir name="info"><int name="bodyAttack" value="1"/><int name="level" value="24"/><int name="maxHP" value="500"/><int name="maxMP" value="50"/><int name="flySpeed" value="-15"/><int name="PADamage" value="95"/><int name="PDDamage" value="20"/><int name="MADamage" value="0"/><int name="MDDamage" value="30"/><int name="acc" value="50"/><int name="eva" value="8"/><int name="exp" value="45"/><int name="undead" value="0"/><int name="pushed" value="0"/><float name="fs" value="10.0"/><int name="summonType" value="1"/><string name="elemAttr" value="S3F2"/></imgdir><imgdir name="fly"><canvas name="0" width="65" height="41"><vector name="origin" x="33" y="59"/><vector name="lt" x="-33" y="-59"/><vector name="rb" x="32" y="-18"/><vector name="head" x="-19" y="-49"/><int name="delay" value="150"/></canvas><canvas name="1" width="64" height="40"><vector name="origin" x="33" y="57"/><vector name="lt" x="-33" y="-57"/><vector name="rb" x="31" y="-17"/><vector name="head" x="-19" y="-47"/><int name="delay" value="150"/></canvas><canvas name="2" width="62" height="40"><vector name="origin" x="33" y="56"/><vector name="lt" x="-33" y="-56"/><vector name="rb" x="29" y="-16"/><vector name="head" x="-19" y="-46"/><int name="delay" value="150"/></canvas><canvas name="3" width="64" height="40"><vector name="origin" x="33" y="57"/><vector name="lt" x="-33" y="-57"/><vector name="rb" x="31" y="-17"/><vector name="head" x="-19" y="-47"/><int name="delay" value="150"/></canvas><canvas name="4" width="65" height="41"><vector name="origin" x="33" y="59"/><vector name="lt" x="-33" y="-59"/><vector name="rb" x="32" y="-18"/><vector name="head" x="-19" y="-49"/><int name="delay" value="150"/></canvas><canvas name="5" width="66" height="42"><vector name="origin" x="33" y="60"/><vector name="lt" x="-33" y="-60"/><vector name="rb" x="33" y="-18"/><vector name="head" x="-19" y="-50"/><int name="delay" value="150"/></canvas><canvas name="6" width="65" height="41"><vector name="origin" x="33" y="60"/><vector name="lt" x="-33" y="-60"/><vector name="rb" x="32" y="-19"/><vector name="head" x="-19" y="-50"/><int name="delay" value="200"/></canvas><canvas name="7" width="65" height="40"><vector name="origin" x="32" y="60"/><vector name="lt" x="-32" y="-60"/><vector name="rb" x="33" y="-20"/><vector name="head" x="-16" y="-49"/><int name="delay" value="200"/></canvas><canvas name="8" width="63" height="40"><vector name="origin" x="31" y="60"/><vector name="lt" x="-31" y="-60"/><vector name="rb" x="32" y="-20"/><vector name="head" x="-15" y="-48"/><int name="delay" value="200"/></canvas><canvas name="9" width="60" height="40"><vector name="origin" x="32" y="60"/><vector name="lt" x="-32" y="-60"/><vector name="rb" x="28" y="-20"/><vector name="head" x="-16" y="-49"/><int name="delay" value="200"/></canvas><canvas name="10" width="60" height="41"><vector name="origin" x="33" y="60"/><vector name="lt" x="-33" y="-60"/><vector name="rb" x="27" y="-19"/><vector name="head" x="-19" y="-50"/><int name="delay" value="200"/></canvas><canvas name="11" width="65" height="42"><vector name="origin" x="33" y="60"/><vector name="lt" x="-33" y="-60"/><vector name="rb" x="32" y="-18"/><vector name="head" x="-21" y="-51"/><int name="delay" value="200"/></canvas></imgdir><imgdir name="hit1"><canvas name="0" width="66" height="44"><vector name="origin" x="33" y="60"/><vector name="lt" x="-33" y="-60"/><vector name="rb" x="33" y="-16"/><vector name="head" x="-19" y="-51"/><int name="delay" value="600"/></canvas></imgdir><imgdir name="die1"><canvas name="0" width="66" height="44"><vector name="origin" x="33" y="60"/><vector name="head" x="-12" y="-51"/><int name="delay" value="120"/></canvas><canvas name="1" width="67" height="45"><vector name="origin" x="30" y="64"/><vector name="head" x="-15" y="-55"/><int name="delay" value="120"/></canvas><canvas name="2" width="67" height="45"><vector name="origin" x="29" y="65"/><vector name="head" x="-14" y="-56"/><int name="delay" value="120"/></canvas><canvas name="3" width="65" height="41"><vector name="origin" x="37" y="55"/><vector name="head" x="-23" y="-45"/><int name="delay" value="120"/></canvas><canvas name="4" width="65" height="42"><vector name="origin" x="38" y="52"/><vector name="head" x="-24" y="-40"/><int name="delay" value="120"/></canvas><canvas name="5" width="65" height="42"><vector name="origin" x="39" y="50"/><vector name="head" x="-25" y="-39"/><int name="delay" value="300"/><int name="a0" value="255"/><int name="a1" value="0"/><int name="z" value="1"/></canvas></imgdir></imgdir>