<?xml version="1.0" encoding="UTF-8" standalone="yes"?><imgdir name="2400117.img"><imgdir name="info"><int name="bodyAttack" value="1"/><int name="maxHP" value="7900000"/><int name="maxMP" value="3000"/><int name="PDRate" value="30"/><int name="MDRate" value="30"/><int name="pushed" value="1400"/><int name="summonType" value="1"/><int name="category" value="2"/><string name="mobType" value="1N"/><int name="firstAttack" value="1"/><int name="acc" value="250"/><int name="eva" value="50"/><int name="exp" value="246875"/><int name="level" value="176"/><int name="MADamage" value="946"/><int name="MDDamage" value="500"/><int name="PADamage" value="960"/><int name="PDDamage" value="500"/></imgdir><imgdir name="move"><canvas name="0" width="83" height="129"><vector name="origin" x="38" y="129"/><vector name="lt" x="-38" y="-130"/><vector name="rb" x="44" y="-1"/><vector name="head" x="-2" y="-93"/></canvas><canvas name="1" width="89" height="138"><vector name="origin" x="44" y="152"/><vector name="lt" x="-43" y="-152"/><vector name="rb" x="44" y="-14"/><vector name="head" x="-2" y="-93"/></canvas><canvas name="2" width="91" height="138"><vector name="origin" x="46" y="153"/><vector name="lt" x="-45" y="-154"/><vector name="rb" x="44" y="-16"/><vector name="head" x="-2" y="-93"/></canvas><canvas name="3" width="92" height="138"><vector name="origin" x="47" y="151"/><vector name="lt" x="-46" y="-151"/><vector name="rb" x="44" y="-14"/><vector name="head" x="-2" y="-93"/></canvas><canvas name="4" width="83" height="133"><vector name="origin" x="38" y="133"/><vector name="lt" x="-38" y="-133"/><vector name="rb" x="44" y="-1"/><vector name="head" x="-2" y="-93"/></canvas></imgdir><imgdir name="stand"><canvas name="0" width="83" height="135"><vector name="origin" x="38" y="135"/><vector name="lt" x="-39" y="-136"/><vector name="rb" x="45" y="0"/><vector name="head" x="-2" y="-93"/></canvas><canvas name="1" width="83" height="136"><vector name="origin" x="38" y="136"/><vector name="lt" x="-39" y="-136"/><vector name="rb" x="45" y="0"/><vector name="head" x="-2" y="-93"/></canvas><canvas name="2" width="83" height="137"><vector name="origin" x="38" y="137"/><vector name="lt" x="-39" y="-136"/><vector name="rb" x="45" y="0"/><vector name="head" x="-2" y="-93"/></canvas><canvas name="3" width="83" height="138"><vector name="origin" x="38" y="138"/><vector name="lt" x="-39" y="-138"/><vector name="rb" x="44" y="-1"/><vector name="head" x="-2" y="-93"/></canvas><canvas name="4" width="83" height="137"><vector name="origin" x="38" y="137"/><vector name="lt" x="-39" y="-137"/><vector name="rb" x="44" y="-1"/><vector name="head" x="-2" y="-93"/></canvas><canvas name="5" width="83" height="136"><vector name="origin" x="38" y="136"/><vector name="lt" x="-38" y="-136"/><vector name="rb" x="45" y="-1"/><vector name="head" x="-2" y="-93"/></canvas></imgdir><imgdir name="hit1"><canvas name="0" width="113" height="179"><vector name="origin" x="32" y="173"/><vector name="lt" x="-16" y="-159"/><vector name="rb" x="76" y="-21"/><vector name="head" x="-2" y="-88"/><int name="delay" value="600"/></canvas></imgdir><imgdir name="die1"><canvas name="0" width="83" height="135"><vector name="origin" x="38" y="135"/><vector name="head" x="-2" y="-88"/></canvas><canvas name="1" width="113" height="179"><vector name="origin" x="32" y="173"/></canvas><canvas name="2" width="122" height="167"><vector name="origin" x="37" y="161"/></canvas><canvas name="3" width="120" height="147"><vector name="origin" x="35" y="141"/></canvas><canvas name="4" width="128" height="133"><vector name="origin" x="35" y="127"/></canvas><canvas name="5" width="96" height="128"><vector name="origin" x="0" y="123"/></canvas><canvas name="6" width="102" height="125"><vector name="origin" x="4" y="120"/></canvas><canvas name="7" width="108" height="122"><vector name="origin" x="7" y="118"/></canvas><canvas name="8" width="109" height="118"><vector name="origin" x="6" y="116"/></canvas><canvas name="9" width="106" height="116"><vector name="origin" x="7" y="116"/></canvas></imgdir></imgdir>