<?xml version="1.0" encoding="UTF-8" standalone="yes"?><imgdir name="2400114.img"><imgdir name="info"><imgdir name="skill"><imgdir name="0"><int name="skill" value="121"/><int name="action" value="1"/><int name="level" value="3"/><int name="skillAfter" value="900"/></imgdir></imgdir><int name="firstAttack" value="1"/><imgdir name="attack"><imgdir name="0"><int name="action" value="1"/><int name="attackRatio" value="100"/><int name="type" value="0"/></imgdir></imgdir><int name="bodyAttack" value="1"/><int name="maxHP" value="7500000"/><int name="maxMP" value="3000"/><int name="speed" value="0"/><int name="PDRate" value="30"/><int name="MDRate" value="30"/><int name="pushed" value="1300"/><float name="fs" value="10.0"/><int name="summonType" value="1"/><int name="category" value="8"/><string name="mobType" value="7N"/><int name="acc" value="250"/><int name="eva" value="50"/><int name="exp" value="234375"/><int name="level" value="177"/><int name="MADamage" value="946"/><int name="MDDamage" value="500"/><int name="PADamage" value="960"/><int name="PDDamage" value="500"/></imgdir><imgdir name="move"><canvas name="0" width="139" height="146"><vector name="origin" x="72" y="137"/><vector name="head" x="-5" y="-107"/><vector name="lt" x="-63" y="-117"/><vector name="rb" x="47" y="0"/><int name="delay" value="180"/></canvas><canvas name="1" width="139" height="146"><vector name="origin" x="72" y="138"/><vector name="head" x="-5" y="-107"/><vector name="lt" x="-63" y="-117"/><vector name="rb" x="47" y="0"/><int name="delay" value="180"/></canvas><canvas name="2" width="134" height="146"><vector name="origin" x="72" y="140"/><vector name="head" x="-5" y="-107"/><vector name="lt" x="-63" y="-117"/><vector name="rb" x="47" y="0"/><int name="delay" value="180"/></canvas><canvas name="3" width="126" height="146"><vector name="origin" x="72" y="141"/><vector name="head" x="-5" y="-107"/><vector name="lt" x="-63" y="-117"/><vector name="rb" x="47" y="0"/><int name="delay" value="180"/></canvas><canvas name="4" width="125" height="143"><vector name="origin" x="72" y="140"/><vector name="head" x="-5" y="-107"/><vector name="lt" x="-63" y="-117"/><vector name="rb" x="47" y="0"/><int name="delay" value="180"/></canvas><canvas name="5" width="131" height="144"><vector name="origin" x="72" y="138"/><vector name="head" x="-5" y="-107"/><vector name="lt" x="-63" y="-117"/><vector name="rb" x="47" y="0"/><int name="delay" value="180"/></canvas></imgdir><imgdir name="stand"><canvas name="0" width="139" height="146"><vector name="origin" x="72" y="137"/><vector name="head" x="-5" y="-107"/><vector name="lt" x="-63" y="-117"/><vector name="rb" x="47" y="0"/><int name="delay" value="180"/></canvas><canvas name="1" width="139" height="146"><vector name="origin" x="72" y="138"/><vector name="head" x="-5" y="-107"/><vector name="lt" x="-63" y="-117"/><vector name="rb" x="47" y="0"/><int name="delay" value="180"/></canvas><canvas name="2" width="134" height="146"><vector name="origin" x="72" y="139"/><vector name="head" x="-5" y="-107"/><vector name="lt" x="-63" y="-117"/><vector name="rb" x="47" y="0"/><int name="delay" value="180"/></canvas><canvas name="3" width="126" height="144"><vector name="origin" x="72" y="138"/><vector name="head" x="-5" y="-107"/><vector name="lt" x="-63" y="-117"/><vector name="rb" x="47" y="0"/><int name="delay" value="180"/></canvas><canvas name="4" width="125" height="145"><vector name="origin" x="72" y="137"/><vector name="head" x="-5" y="-107"/><vector name="lt" x="-63" y="-117"/><vector name="rb" x="47" y="0"/><int name="delay" value="180"/></canvas><canvas name="5" width="131" height="146"><vector name="origin" x="72" y="136"/><vector name="head" x="-5" y="-107"/><vector name="lt" x="-63" y="-117"/><vector name="rb" x="47" y="0"/><int name="delay" value="180"/></canvas></imgdir><imgdir name="attack1"><imgdir name="info"><imgdir name="range"><vector name="lt" x="-377" y="-157"/><vector name="rb" x="-129" y="16"/></imgdir><imgdir name="hit"><int name="attach" value="1"/><canvas name="0" width="182" height="253"><vector name="origin" x="96" y="222"/><int name="z" value="0"/><int name="delay" value="90"/></canvas><canvas name="1" width="193" height="255"><vector name="origin" x="97" y="229"/><int name="z" value="0"/><int name="delay" value="90"/></canvas><canvas name="2" width="200" height="252"><vector name="origin" x="102" y="240"/><int name="z" value="0"/><int name="delay" value="90"/></canvas><canvas name="3" width="210" height="248"><vector name="origin" x="106" y="244"/><int name="z" value="0"/><int name="delay" value="90"/></canvas><canvas name="4" width="211" height="232"><vector name="origin" x="106" y="244"/><int name="z" value="0"/><int name="delay" value="90"/></canvas><canvas name="5" width="211" height="202"><vector name="origin" x="106" y="227"/><int name="z" value="0"/><int name="delay" value="90"/></canvas><canvas name="6" width="189" height="134"><vector name="origin" x="94" y="163"/><int name="z" value="0"/><int name="delay" value="90"/></canvas></imgdir><int name="attackAfter" value="1200"/></imgdir><canvas name="0" width="139" height="146"><vector name="origin" x="72" y="137"/><vector name="head" x="-5" y="-107"/><vector name="lt" x="-63" y="-117"/><vector name="rb" x="47" y="0"/></canvas><canvas name="1" width="139" height="146"><vector name="origin" x="72" y="140"/><vector name="head" x="-5" y="-107"/><vector name="lt" x="-63" y="-117"/><vector name="rb" x="47" y="0"/></canvas><canvas name="2" width="153" height="225"><vector name="origin" x="91" y="220"/><vector name="head" x="-5" y="-107"/><vector name="lt" x="-63" y="-143"/><vector name="rb" x="47" y="0"/></canvas><canvas name="3" width="154" height="225"><vector name="origin" x="100" y="221"/><vector name="head" x="-5" y="-107"/><vector name="lt" x="-62" y="-149"/><vector name="rb" x="47" y="0"/></canvas><canvas name="4" width="152" height="225"><vector name="origin" x="99" y="222"/><vector name="head" x="-5" y="-107"/><vector name="lt" x="-63" y="-149"/><vector name="rb" x="47" y="0"/></canvas><canvas name="5" width="158" height="225"><vector name="origin" x="99" y="223"/><vector name="head" x="-5" y="-107"/><vector name="lt" x="-62" y="-150"/><vector name="rb" x="47" y="0"/></canvas><canvas name="6" width="164" height="224"><vector name="origin" x="97" y="222"/><vector name="head" x="-5" y="-107"/><vector name="lt" x="-62" y="-151"/><vector name="rb" x="47" y="0"/></canvas><canvas name="7" width="157" height="221"><vector name="origin" x="90" y="219"/><vector name="head" x="-5" y="-107"/><vector name="lt" x="-62" y="-150"/><vector name="rb" x="47" y="0"/></canvas><canvas name="8" width="153" height="226"><vector name="origin" x="91" y="224"/><vector name="head" x="-5" y="-107"/><vector name="lt" x="-62" y="-153"/><vector name="rb" x="47" y="0"/></canvas><canvas name="9" width="248" height="213"><vector name="origin" x="162" y="199"/><vector name="head" x="-5" y="-107"/><vector name="lt" x="-155" y="-188"/><vector name="rb" x="47" y="0"/></canvas><canvas name="10" width="257" height="221"><vector name="origin" x="163" y="198"/><vector name="head" x="-5" y="-107"/><vector name="lt" x="-106" y="-114"/><vector name="rb" x="47" y="0"/></canvas><canvas name="11" width="198" height="148"><vector name="origin" x="127" y="125"/><vector name="head" x="-5" y="-107"/><vector name="lt" x="-63" y="-113"/><vector name="rb" x="47" y="0"/></canvas><canvas name="12" width="198" height="140"><vector name="origin" x="119" y="124"/><vector name="head" x="-5" y="-107"/><vector name="lt" x="-58" y="-110"/><vector name="rb" x="47" y="0"/></canvas><canvas name="13" width="180" height="137"><vector name="origin" x="100" y="126"/><vector name="head" x="-5" y="-107"/><vector name="lt" x="-63" y="-113"/><vector name="rb" x="47" y="0"/></canvas><uol name="14" value="../stand/0"/><uol name="15" value="../stand/1"/><uol name="16" value="../stand/2"/><uol name="17" value="../stand/3"/><uol name="18" value="../stand/4"/><uol name="19" value="../stand/5"/></imgdir><imgdir name="hit1"><canvas name="0" width="140" height="153"><vector name="origin" x="33" y="148"/><vector name="head" x="-5" y="-107"/><vector name="lt" x="-23" y="-115"/><vector name="rb" x="87" y="1"/><int name="delay" value="600"/></canvas></imgdir><imgdir name="die1"><canvas name="0" width="131" height="146"><vector name="origin" x="72" y="137"/><vector name="head" x="-5" y="-107"/></canvas><canvas name="1" width="140" height="153"><vector name="origin" x="33" y="148"/></canvas><canvas name="2" width="135" height="150"><vector name="origin" x="21" y="144"/></canvas><canvas name="3" width="135" height="146"><vector name="origin" x="18" y="141"/></canvas><canvas name="4" width="133" height="141"><vector name="origin" x="15" y="137"/></canvas><canvas name="5" width="116" height="136"><vector name="origin" x="1" y="130"/></canvas><canvas name="6" width="100" height="130"><vector name="origin" x="-11" y="134"/></canvas><canvas name="7" width="94" height="100"><vector name="origin" x="-17" y="138"/></canvas><canvas name="8" width="75" height="64"><vector name="origin" x="-32" y="137"/></canvas><canvas name="9" width="69" height="50"><vector name="origin" x="-39" y="135"/></canvas></imgdir><imgdir name="skill1"><canvas name="0" width="139" height="146"><vector name="origin" x="72" y="137"/><vector name="head" x="-5" y="-107"/><vector name="lt" x="-63" y="-117"/><vector name="rb" x="47" y="0"/></canvas><canvas name="1" width="139" height="146"><vector name="origin" x="72" y="132"/><vector name="head" x="-5" y="-107"/><vector name="lt" x="-63" y="-117"/><vector name="rb" x="47" y="0"/></canvas><canvas name="2" width="134" height="146"><vector name="origin" x="72" y="130"/><vector name="head" x="-5" y="-107"/><vector name="lt" x="-63" y="-117"/><vector name="rb" x="47" y="0"/></canvas><canvas name="3" width="131" height="146"><vector name="origin" x="72" y="129"/><vector name="head" x="-5" y="-107"/><vector name="lt" x="-63" y="-117"/><vector name="rb" x="47" y="0"/></canvas><canvas name="4" width="131" height="146"><vector name="origin" x="72" y="129"/><vector name="head" x="-5" y="-107"/><vector name="lt" x="-63" y="-117"/><vector name="rb" x="47" y="0"/></canvas><canvas name="5" width="172" height="242"><vector name="origin" x="95" y="241"/><vector name="head" x="-5" y="-107"/><vector name="lt" x="-74" y="-142"/><vector name="rb" x="47" y="0"/></canvas><canvas name="6" width="174" height="244"><vector name="origin" x="95" y="243"/><vector name="head" x="-5" y="-107"/><vector name="lt" x="-74" y="-148"/><vector name="rb" x="47" y="0"/></canvas><canvas name="7" width="176" height="245"><vector name="origin" x="95" y="244"/><vector name="head" x="-5" y="-107"/><vector name="lt" x="-74" y="-151"/><vector name="rb" x="47" y="0"/></canvas><canvas name="8" width="175" height="246"><vector name="origin" x="95" y="245"/><vector name="head" x="-5" y="-107"/><vector name="lt" x="-74" y="-151"/><vector name="rb" x="47" y="0"/></canvas><canvas name="9" width="175" height="247"><vector name="origin" x="95" y="246"/><vector name="head" x="-5" y="-107"/><vector name="lt" x="-74" y="-151"/><vector name="rb" x="47" y="0"/></canvas><canvas name="10" width="174" height="248"><vector name="origin" x="95" y="247"/><vector name="head" x="-5" y="-107"/><vector name="lt" x="-74" y="-151"/><vector name="rb" x="47" y="0"/></canvas><canvas name="11" width="172" height="248"><vector name="origin" x="94" y="247"/><vector name="head" x="-5" y="-107"/><vector name="lt" x="-74" y="-151"/><vector name="rb" x="47" y="0"/></canvas><canvas name="12" width="167" height="251"><vector name="origin" x="92" y="246"/><vector name="head" x="-5" y="-107"/><vector name="lt" x="-74" y="-129"/><vector name="rb" x="47" y="0"/></canvas><uol name="13" value="../stand/0"/><uol name="14" value="../stand/1"/><uol name="15" value="../stand/2"/><uol name="16" value="../stand/3"/><uol name="17" value="../stand/4"/><uol name="18" value="../stand/5"/></imgdir></imgdir>