<?xml version="1.0" encoding="UTF-8" standalone="yes"?><imgdir name="2400118.img"><imgdir name="info"><int name="firstAttack" value="1"/><int name="bodyAttack" value="1"/><int name="maxHP" value="7700000"/><int name="maxMP" value="3000"/><int name="PDRate" value="30"/><int name="MDRate" value="30"/><int name="pushed" value="1400"/><int name="summonType" value="1"/><int name="category" value="2"/><string name="mobType" value="1N"/><int name="acc" value="250"/><int name="eva" value="50"/><int name="exp" value="240625"/><int name="level" value="175"/><int name="MADamage" value="946"/><int name="MDDamage" value="500"/><int name="PADamage" value="960"/><int name="PDDamage" value="500"/></imgdir><imgdir name="move"><canvas name="0" width="108" height="126"><vector name="origin" x="53" y="131"/><vector name="lt" x="-53" y="-129"/><vector name="rb" x="54" y="-6"/><vector name="head" x="-15" y="-79"/></canvas><canvas name="1" width="108" height="126"><vector name="origin" x="53" y="132"/><vector name="lt" x="-53" y="-131"/><vector name="rb" x="54" y="-6"/><vector name="head" x="-15" y="-79"/></canvas><canvas name="2" width="108" height="126"><vector name="origin" x="53" y="134"/><vector name="lt" x="-53" y="-133"/><vector name="rb" x="54" y="-9"/><vector name="head" x="-15" y="-79"/></canvas><canvas name="3" width="108" height="126"><vector name="origin" x="53" y="135"/><vector name="lt" x="-53" y="-135"/><vector name="rb" x="54" y="-10"/><vector name="head" x="-15" y="-79"/></canvas><canvas name="4" width="108" height="126"><vector name="origin" x="53" y="133"/><vector name="lt" x="-53" y="-133"/><vector name="rb" x="54" y="-8"/><vector name="head" x="-15" y="-79"/></canvas><canvas name="5" width="108" height="126"><vector name="origin" x="53" y="130"/><vector name="lt" x="-53" y="-130"/><vector name="rb" x="54" y="-6"/><vector name="head" x="-15" y="-79"/></canvas></imgdir><imgdir name="stand"><canvas name="0" width="108" height="126"><vector name="origin" x="53" y="131"/><vector name="lt" x="-53" y="-131"/><vector name="rb" x="54" y="-6"/><vector name="head" x="-15" y="-79"/></canvas><canvas name="1" width="108" height="126"><vector name="origin" x="53" y="132"/><vector name="lt" x="-53" y="-132"/><vector name="rb" x="54" y="-7"/><vector name="head" x="-15" y="-79"/></canvas><canvas name="2" width="108" height="126"><vector name="origin" x="53" y="133"/><vector name="lt" x="-53" y="-133"/><vector name="rb" x="54" y="-8"/><vector name="head" x="-15" y="-79"/></canvas><canvas name="3" width="108" height="126"><vector name="origin" x="53" y="134"/><vector name="lt" x="-53" y="-134"/><vector name="rb" x="54" y="-9"/><vector name="head" x="-15" y="-79"/></canvas><canvas name="4" width="108" height="126"><vector name="origin" x="53" y="133"/><vector name="lt" x="-53" y="-133"/><vector name="rb" x="54" y="-8"/><vector name="head" x="-15" y="-79"/></canvas><canvas name="5" width="108" height="126"><vector name="origin" x="53" y="132"/><vector name="lt" x="-53" y="-132"/><vector name="rb" x="54" y="-7"/><vector name="head" x="-15" y="-79"/></canvas></imgdir><imgdir name="hit1"><canvas name="0" width="128" height="131"><vector name="origin" x="37" y="136"/><vector name="lt" x="-37" y="-132"/><vector name="rb" x="73" y="-6"/><vector name="head" x="-15" y="-79"/><int name="delay" value="600"/></canvas></imgdir><imgdir name="die1"><canvas name="0" width="108" height="126"><vector name="origin" x="53" y="131"/><vector name="head" x="-15" y="-79"/></canvas><canvas name="1" width="128" height="131"><vector name="origin" x="37" y="136"/></canvas><canvas name="2" width="119" height="127"><vector name="origin" x="29" y="132"/></canvas><canvas name="3" width="113" height="127"><vector name="origin" x="24" y="132"/></canvas><canvas name="4" width="108" height="127"><vector name="origin" x="21" y="132"/></canvas><canvas name="5" width="108" height="127"><vector name="origin" x="19" y="132"/></canvas><canvas name="6" width="108" height="127"><vector name="origin" x="18" y="132"/></canvas><canvas name="7" width="108" height="127"><vector name="origin" x="17" y="132"/></canvas><canvas name="8" width="108" height="127"><vector name="origin" x="16" y="132"/></canvas><canvas name="9" width="157" height="127"><vector name="origin" x="41" y="121"/></canvas><canvas name="10" width="162" height="123"><vector name="origin" x="43" y="117"/></canvas><canvas name="11" width="164" height="121"><vector name="origin" x="44" y="115"/><int name="z" value="0"/></canvas><canvas name="12" width="163" height="119"><vector name="origin" x="44" y="114"/><int name="z" value="0"/></canvas><canvas name="13" width="123" height="117"><vector name="origin" x="31" y="113"/><int name="z" value="0"/></canvas><canvas name="14" width="125" height="117"><vector name="origin" x="33" y="113"/><int name="z" value="0"/></canvas><canvas name="15" width="125" height="117"><vector name="origin" x="33" y="113"/><int name="z" value="0"/></canvas><canvas name="16" width="126" height="117"><vector name="origin" x="34" y="113"/><int name="z" value="0"/></canvas></imgdir></imgdir>