<?xml version="1.0" encoding="UTF-8" standalone="yes"?><imgdir name="2400110.img"><imgdir name="info"><int name="firstAttack" value="1"/><int name="bodyAttack" value="1"/><int name="maxHP" value="6700000"/><int name="maxMP" value="3000"/><int name="PDRate" value="30"/><int name="MDRate" value="30"/><int name="pushed" value="1300"/><int name="summonType" value="1"/><string name="mobType" value="1N"/><imgdir name="attack"><imgdir name="0"><int name="action" value="1"/><int name="attackRatio" value="100"/><int name="type" value="0"/><int name="conMP" value="2"/><int name="attackCount" value="3"/></imgdir></imgdir><int name="category" value="1"/><int name="acc" value="250"/><int name="eva" value="50"/><int name="exp" value="209375"/><int name="level" value="175"/><int name="MADamage" value="946"/><int name="MDDamage" value="500"/><int name="PADamage" value="960"/><int name="PDDamage" value="500"/></imgdir><imgdir name="move"><canvas name="0" width="100" height="83"><vector name="origin" x="59" y="83"/><vector name="lt" x="-59" y="-83"/><vector name="rb" x="40" y="0"/><vector name="head" x="-18" y="-76"/></canvas><canvas name="1" width="101" height="81"><vector name="origin" x="60" y="81"/><vector name="lt" x="-60" y="-81"/><vector name="rb" x="40" y="0"/><vector name="head" x="-18" y="-76"/></canvas><canvas name="2" width="103" height="82"><vector name="origin" x="62" y="82"/><vector name="lt" x="-62" y="-82"/><vector name="rb" x="40" y="0"/><vector name="head" x="-18" y="-76"/></canvas><canvas name="3" width="104" height="83"><vector name="origin" x="63" y="83"/><vector name="lt" x="-63" y="-83"/><vector name="rb" x="40" y="0"/><vector name="head" x="-18" y="-76"/></canvas><canvas name="4" width="103" height="81"><vector name="origin" x="62" y="81"/><vector name="lt" x="-62" y="-81"/><vector name="rb" x="40" y="0"/><vector name="head" x="-18" y="-76"/></canvas><canvas name="5" width="102" height="82"><vector name="origin" x="61" y="82"/><vector name="lt" x="-62" y="-82"/><vector name="rb" x="40" y="0"/><vector name="head" x="-18" y="-76"/></canvas></imgdir><imgdir name="stand"><canvas name="0" width="103" height="83"><vector name="origin" x="62" y="83"/><vector name="lt" x="-62" y="-83"/><vector name="rb" x="40" y="0"/><vector name="head" x="-18" y="-76"/></canvas><canvas name="1" width="103" height="82"><vector name="origin" x="62" y="82"/><vector name="lt" x="-62" y="-83"/><vector name="rb" x="40" y="0"/><vector name="head" x="-18" y="-76"/></canvas><canvas name="2" width="102" height="81"><vector name="origin" x="61" y="81"/><vector name="lt" x="-61" y="-81"/><vector name="rb" x="40" y="0"/><vector name="head" x="-18" y="-76"/></canvas><canvas name="3" width="103" height="82"><vector name="origin" x="62" y="82"/><vector name="lt" x="-62" y="-82"/><vector name="rb" x="40" y="0"/><vector name="head" x="-18" y="-76"/></canvas><canvas name="4" width="103" height="83"><vector name="origin" x="62" y="83"/><vector name="lt" x="-62" y="-83"/><vector name="rb" x="40" y="0"/><vector name="head" x="-18" y="-76"/></canvas><canvas name="5" width="103" height="84"><vector name="origin" x="62" y="84"/><vector name="lt" x="-62" y="-84"/><vector name="rb" x="40" y="0"/><vector name="head" x="-18" y="-76"/></canvas></imgdir><imgdir name="attack1"><imgdir name="info"><imgdir name="range"><vector name="lt" x="-190" y="-100"/><vector name="rb" x="-40" y="20"/></imgdir><imgdir name="hit"><int name="attach" value="1"/><canvas name="0" width="167" height="97"><vector name="origin" x="75" y="82"/><int name="delay" value="90"/></canvas><canvas name="1" width="110" height="85"><vector name="origin" x="47" y="81"/><int name="delay" value="90"/></canvas><canvas name="2" width="108" height="94"><vector name="origin" x="51" y="87"/><int name="delay" value="90"/></canvas><canvas name="3" width="106" height="95"><vector name="origin" x="47" y="89"/><int name="delay" value="90"/></canvas></imgdir><int name="attackAfter" value="600"/></imgdir><canvas name="0" width="103" height="83"><vector name="origin" x="62" y="83"/><vector name="lt" x="-62" y="-83"/><vector name="rb" x="40" y="0"/><vector name="head" x="-18" y="-76"/><int name="delay" value="120"/></canvas><canvas name="1" width="84" height="89"><vector name="origin" x="44" y="89"/><vector name="lt" x="-44" y="-89"/><vector name="rb" x="40" y="0"/><vector name="head" x="-18" y="-76"/><int name="delay" value="120"/></canvas><canvas name="2" width="68" height="100"><vector name="origin" x="29" y="100"/><vector name="lt" x="-32" y="-100"/><vector name="rb" x="39" y="0"/><vector name="head" x="-18" y="-76"/><int name="delay" value="120"/></canvas><canvas name="3" width="68" height="102"><vector name="origin" x="29" y="102"/><vector name="lt" x="-30" y="-102"/><vector name="rb" x="38" y="0"/><vector name="head" x="-18" y="-76"/><int name="delay" value="120"/></canvas><canvas name="4" width="68" height="102"><vector name="origin" x="29" y="102"/><vector name="lt" x="-30" y="-102"/><vector name="rb" x="39" y="0"/><vector name="head" x="-18" y="-76"/><int name="delay" value="120"/></canvas><canvas name="5" width="232" height="124"><vector name="origin" x="191" y="102"/><vector name="lt" x="-68" y="-81"/><vector name="rb" x="42" y="0"/><vector name="head" x="-18" y="-76"/><int name="delay" value="120"/></canvas><canvas name="6" width="216" height="101"><vector name="origin" x="174" y="78"/><vector name="lt" x="-50" y="-78"/><vector name="rb" x="42" y="0"/><vector name="head" x="-18" y="-76"/><int name="delay" value="120"/></canvas><canvas name="7" width="199" height="179"><vector name="origin" x="159" y="160"/><vector name="lt" x="-66" y="-86"/><vector name="rb" x="40" y="0"/><vector name="head" x="-18" y="-76"/><int name="delay" value="120"/></canvas><canvas name="8" width="190" height="160"><vector name="origin" x="150" y="160"/><vector name="lt" x="-37" y="-83"/><vector name="rb" x="40" y="0"/><vector name="head" x="-18" y="-76"/><int name="delay" value="120"/></canvas><canvas name="9" width="249" height="163"><vector name="origin" x="208" y="155"/><vector name="lt" x="-88" y="-79"/><vector name="rb" x="40" y="0"/><vector name="head" x="-18" y="-76"/><int name="delay" value="120"/></canvas><canvas name="10" width="228" height="88"><vector name="origin" x="186" y="78"/><vector name="lt" x="-76" y="-79"/><vector name="rb" x="40" y="0"/><vector name="head" x="-18" y="-76"/><int name="delay" value="120"/></canvas><canvas name="11" width="183" height="89"><vector name="origin" x="142" y="83"/><vector name="lt" x="-64" y="-79"/><vector name="rb" x="40" y="0"/><vector name="head" x="-18" y="-76"/><int name="delay" value="120"/></canvas></imgdir><imgdir name="hit1"><canvas name="0" width="111" height="104"><vector name="origin" x="64" y="104"/><vector name="lt" x="-64" y="-79"/><vector name="rb" x="40" y="0"/><vector name="head" x="-18" y="-76"/><int name="delay" value="600"/></canvas></imgdir><imgdir name="die1"><canvas name="0" width="103" height="83"><vector name="origin" x="62" y="83"/><vector name="head" x="-18" y="-76"/><int name="delay" value="120"/></canvas><canvas name="1" width="111" height="104"><vector name="origin" x="40" y="104"/><int name="delay" value="120"/></canvas><canvas name="2" width="104" height="95"><vector name="origin" x="32" y="95"/><int name="delay" value="120"/></canvas><canvas name="3" width="101" height="87"><vector name="origin" x="28" y="88"/><int name="delay" value="120"/></canvas><canvas name="4" width="93" height="82"><vector name="origin" x="23" y="86"/><int name="delay" value="120"/></canvas><canvas name="5" width="86" height="78"><vector name="origin" x="20" y="83"/><int name="delay" value="120"/></canvas><canvas name="6" width="86" height="84"><vector name="origin" x="18" y="87"/><int name="delay" value="120"/></canvas><canvas name="7" width="82" height="83"><vector name="origin" x="15" y="89"/><int name="delay" value="120"/></canvas><canvas name="8" width="55" height="65"><vector name="origin" x="-9" y="88"/><int name="delay" value="120"/></canvas><canvas name="9" width="56" height="37"><vector name="origin" x="-8" y="88"/><int name="delay" value="120"/></canvas><canvas name="10" width="21" height="15"><vector name="origin" x="-18" y="90"/><int name="delay" value="120"/></canvas></imgdir></imgdir>