<?xml version="1.0" encoding="UTF-8" standalone="yes"?><imgdir name="2400102.img"><imgdir name="info"><int name="bodyAttack" value="1"/><int name="maxHP" value="6100000"/><int name="maxMP" value="2800"/><int name="PDRate" value="30"/><int name="MDRate" value="30"/><int name="pushed" value="1200"/><int name="summonType" value="1"/><int name="category" value="2"/><string name="mobType" value="1N"/><int name="acc" value="250"/><int name="eva" value="50"/><int name="exp" value="190625"/><int name="level" value="172"/><int name="MADamage" value="946"/><int name="MDDamage" value="500"/><int name="PADamage" value="960"/><int name="PDDamage" value="500"/></imgdir><imgdir name="move"><canvas name="0" width="76" height="102"><vector name="origin" x="41" y="102"/><vector name="lt" x="-45" y="-96"/><vector name="rb" x="34" y="-1"/><vector name="head" x="-23" y="-86"/></canvas><canvas name="1" width="76" height="102"><vector name="origin" x="41" y="102"/><vector name="lt" x="-44" y="-96"/><vector name="rb" x="34" y="-1"/><vector name="head" x="-23" y="-86"/></canvas><canvas name="2" width="75" height="102"><vector name="origin" x="41" y="102"/><vector name="lt" x="-45" y="-97"/><vector name="rb" x="34" y="-1"/><vector name="head" x="-23" y="-86"/></canvas><canvas name="3" width="73" height="102"><vector name="origin" x="41" y="102"/><int name="z" value="0"/><vector name="lt" x="-44" y="-96"/><vector name="rb" x="34" y="-1"/><vector name="head" x="-23" y="-86"/></canvas><canvas name="4" width="74" height="102"><vector name="origin" x="41" y="102"/><int name="z" value="0"/><vector name="lt" x="-45" y="-96"/><vector name="rb" x="34" y="-1"/><vector name="head" x="-23" y="-86"/></canvas><canvas name="5" width="76" height="102"><vector name="origin" x="41" y="102"/><int name="z" value="0"/><vector name="lt" x="-45" y="-96"/><vector name="rb" x="34" y="-1"/><vector name="head" x="-23" y="-86"/></canvas></imgdir><imgdir name="stand"><canvas name="0" width="76" height="103"><vector name="origin" x="41" y="103"/><int name="z" value="0"/><vector name="lt" x="-45" y="-96"/><vector name="rb" x="34" y="-1"/><vector name="head" x="-23" y="-86"/></canvas><canvas name="1" width="76" height="103"><vector name="origin" x="41" y="103"/><int name="z" value="0"/><vector name="lt" x="-45" y="-96"/><vector name="rb" x="34" y="-1"/><vector name="head" x="-23" y="-86"/></canvas><canvas name="2" width="75" height="101"><vector name="origin" x="41" y="101"/><int name="z" value="0"/><vector name="lt" x="-45" y="-96"/><vector name="rb" x="34" y="-1"/><vector name="head" x="-23" y="-86"/></canvas><canvas name="3" width="73" height="101"><vector name="origin" x="41" y="101"/><int name="z" value="0"/><vector name="lt" x="-45" y="-96"/><vector name="rb" x="34" y="-1"/><vector name="head" x="-23" y="-86"/></canvas><canvas name="4" width="74" height="100"><vector name="origin" x="41" y="100"/><int name="z" value="0"/><vector name="lt" x="-45" y="-96"/><vector name="rb" x="34" y="-1"/><vector name="head" x="-23" y="-86"/></canvas><canvas name="5" width="76" height="103"><vector name="origin" x="41" y="103"/><int name="z" value="0"/><vector name="lt" x="-45" y="-96"/><vector name="rb" x="34" y="-1"/><vector name="head" x="-23" y="-86"/></canvas></imgdir><imgdir name="hit1"><canvas name="0" width="91" height="122"><vector name="origin" x="50" y="122"/><int name="z" value="0"/><vector name="head" x="-23" y="-86"/><vector name="lt" x="-38" y="-102"/><vector name="rb" x="40" y="-1"/><int name="delay" value="600"/></canvas></imgdir><imgdir name="die1"><canvas name="0" width="75" height="100"><vector name="origin" x="41" y="100"/><int name="z" value="0"/><vector name="head" x="-23" y="-86"/></canvas><canvas name="1" width="102" height="119"><vector name="origin" x="39" y="123"/><int name="z" value="0"/></canvas><canvas name="2" width="126" height="132"><vector name="origin" x="63" y="138"/><int name="z" value="0"/></canvas><canvas name="3" width="140" height="133"><vector name="origin" x="77" y="140"/><int name="z" value="0"/></canvas><canvas name="4" width="143" height="122"><vector name="origin" x="78" y="129"/><int name="z" value="0"/></canvas><canvas name="5" width="148" height="120"><vector name="origin" x="69" y="118"/><int name="z" value="0"/></canvas><canvas name="6" width="147" height="117"><vector name="origin" x="66" y="115"/><int name="z" value="0"/></canvas><canvas name="7" width="142" height="112"><vector name="origin" x="57" y="110"/><int name="z" value="0"/></canvas><canvas name="8" width="140" height="110"><vector name="origin" x="53" y="109"/><int name="z" value="0"/></canvas><canvas name="9" width="109" height="73"><vector name="origin" x="20" y="72"/><int name="z" value="0"/></canvas></imgdir></imgdir>