<?xml version="1.0" encoding="UTF-8" standalone="yes"?><imgdir name="2400115.img"><imgdir name="info"><imgdir name="skill"><imgdir name="0"><int name="skill" value="121"/><int name="action" value="1"/><int name="level" value="3"/><int name="skillAfter" value="1200"/></imgdir></imgdir><int name="firstAttack" value="1"/><imgdir name="attack"><imgdir name="0"><int name="action" value="1"/><int name="attackRatio" value="100"/><int name="type" value="0"/></imgdir></imgdir><int name="bodyAttack" value="1"/><int name="maxHP" value="9500000"/><int name="maxMP" value="3000"/><int name="speed" value="0"/><int name="PDRate" value="30"/><int name="MDRate" value="30"/><int name="pushed" value="1500"/><float name="fs" value="10.0"/><int name="summonType" value="1"/><int name="category" value="8"/><string name="mobType" value="7N"/><int name="acc" value="250"/><int name="eva" value="50"/><int name="exp" value="296875"/><int name="level" value="179"/><int name="MADamage" value="946"/><int name="MDDamage" value="500"/><int name="PADamage" value="960"/><int name="PDDamage" value="500"/></imgdir><imgdir name="move"><canvas name="0" width="233" height="192"><vector name="origin" x="137" y="165"/><vector name="head" x="-7" y="-117"/><vector name="lt" x="-129" y="-161"/><vector name="rb" x="79" y="1"/><int name="delay" value="120"/></canvas><canvas name="1" width="233" height="194"><vector name="origin" x="137" y="166"/><vector name="head" x="-7" y="-117"/><vector name="lt" x="-129" y="-161"/><vector name="rb" x="79" y="1"/><int name="delay" value="120"/></canvas><canvas name="2" width="233" height="194"><vector name="origin" x="137" y="168"/><vector name="head" x="-7" y="-117"/><vector name="lt" x="-129" y="-161"/><vector name="rb" x="79" y="1"/><int name="delay" value="120"/></canvas><canvas name="3" width="233" height="193"><vector name="origin" x="137" y="169"/><vector name="head" x="-7" y="-117"/><vector name="lt" x="-129" y="-161"/><vector name="rb" x="79" y="1"/><int name="delay" value="120"/></canvas><canvas name="4" width="233" height="191"><vector name="origin" x="137" y="168"/><vector name="head" x="-7" y="-117"/><vector name="lt" x="-129" y="-161"/><vector name="rb" x="79" y="1"/><int name="delay" value="120"/></canvas><canvas name="5" width="233" height="191"><vector name="origin" x="137" y="166"/><vector name="head" x="-7" y="-117"/><vector name="lt" x="-129" y="-161"/><vector name="rb" x="79" y="1"/><int name="delay" value="120"/></canvas></imgdir><imgdir name="stand"><canvas name="0" width="233" height="192"><vector name="origin" x="137" y="165"/><vector name="head" x="-7" y="-117"/><vector name="lt" x="-129" y="-161"/><vector name="rb" x="79" y="1"/></canvas><canvas name="1" width="233" height="194"><vector name="origin" x="137" y="166"/><vector name="head" x="-7" y="-117"/><vector name="lt" x="-129" y="-161"/><vector name="rb" x="79" y="1"/></canvas><canvas name="2" width="233" height="194"><vector name="origin" x="137" y="167"/><vector name="head" x="-7" y="-117"/><vector name="lt" x="-129" y="-161"/><vector name="rb" x="79" y="1"/></canvas><canvas name="3" width="233" height="193"><vector name="origin" x="137" y="168"/><vector name="head" x="-7" y="-117"/><vector name="lt" x="-129" y="-161"/><vector name="rb" x="79" y="1"/></canvas><canvas name="4" width="233" height="191"><vector name="origin" x="137" y="167"/><vector name="head" x="-7" y="-117"/><vector name="lt" x="-129" y="-161"/><vector name="rb" x="79" y="1"/></canvas><canvas name="5" width="233" height="191"><vector name="origin" x="137" y="166"/><vector name="head" x="-7" y="-117"/><vector name="lt" x="-129" y="-161"/><vector name="rb" x="79" y="1"/></canvas></imgdir><imgdir name="attack1"><imgdir name="info"><imgdir name="range"><vector name="lt" x="-377" y="-157"/><vector name="rb" x="-129" y="16"/></imgdir><imgdir name="hit"><int name="attach" value="1"/><canvas name="0" width="131" height="167"><vector name="origin" x="67" y="126"/><int name="delay" value="90"/></canvas><canvas name="1" width="153" height="143"><vector name="origin" x="80" y="113"/><int name="delay" value="90"/></canvas><canvas name="2" width="164" height="126"><vector name="origin" x="87" y="108"/><int name="delay" value="90"/></canvas><canvas name="3" width="157" height="127"><vector name="origin" x="85" y="106"/><int name="delay" value="90"/></canvas><canvas name="4" width="125" height="99"><vector name="origin" x="65" y="93"/><int name="delay" value="90"/></canvas></imgdir><int name="attackAfter" value="750"/></imgdir><canvas name="0" width="233" height="192"><vector name="origin" x="137" y="165"/><vector name="head" x="-7" y="-117"/><vector name="lt" x="-131" y="-160"/><vector name="rb" x="72" y="0"/><int name="delay" value="150"/></canvas><canvas name="1" width="213" height="250"><vector name="origin" x="50" y="241"/><vector name="head" x="-7" y="-117"/><vector name="lt" x="-50" y="-160"/><vector name="rb" x="72" y="0"/><int name="delay" value="150"/></canvas><canvas name="2" width="206" height="244"><vector name="origin" x="48" y="238"/><vector name="head" x="-7" y="-117"/><vector name="lt" x="-48" y="-160"/><vector name="rb" x="72" y="0"/><int name="delay" value="150"/></canvas><canvas name="3" width="207" height="235"><vector name="origin" x="45" y="233"/><vector name="head" x="-7" y="-117"/><vector name="lt" x="-45" y="-160"/><vector name="rb" x="72" y="0"/><int name="delay" value="150"/></canvas><canvas name="4" width="209" height="233"><vector name="origin" x="44" y="234"/><vector name="head" x="-7" y="-117"/><vector name="lt" x="-39" y="-160"/><vector name="rb" x="72" y="0"/><int name="delay" value="150"/></canvas><canvas name="5" width="381" height="360"><vector name="origin" x="345" y="243"/><vector name="head" x="-7" y="-117"/><vector name="lt" x="-98" y="-224"/><vector name="rb" x="16" y="14"/><int name="delay" value="150"/></canvas><canvas name="6" width="416" height="289"><vector name="origin" x="385" y="157"/><vector name="head" x="-7" y="-117"/><vector name="lt" x="-101" y="-144"/><vector name="rb" x="15" y="16"/><int name="delay" value="150"/></canvas><canvas name="7" width="420" height="286"><vector name="origin" x="390" y="154"/><vector name="head" x="-7" y="-117"/><vector name="lt" x="-111" y="-144"/><vector name="rb" x="16" y="20"/><int name="delay" value="150"/></canvas><canvas name="8" width="417" height="281"><vector name="origin" x="382" y="142"/><vector name="head" x="-7" y="-117"/><vector name="lt" x="-97" y="-128"/><vector name="rb" x="16" y="20"/><int name="delay" value="150"/></canvas><canvas name="9" width="233" height="195"><vector name="origin" x="156" y="156"/><vector name="head" x="-7" y="-117"/><vector name="lt" x="-64" y="-144"/><vector name="rb" x="63" y="9"/><int name="delay" value="150"/></canvas><uol name="10" value="../stand/0"/><uol name="11" value="../stand/1"/><uol name="12" value="../stand/2"/><uol name="13" value="../stand/3"/><uol name="14" value="../stand/4"/><uol name="15" value="../stand/5"/></imgdir><imgdir name="hit1"><canvas name="0" width="234" height="201"><vector name="origin" x="125" y="180"/><vector name="head" x="-7" y="-117"/><vector name="lt" x="-114" y="-176"/><vector name="rb" x="97" y="9"/><int name="delay" value="600"/></canvas></imgdir><imgdir name="die1"><canvas name="0" width="233" height="192"><vector name="origin" x="137" y="165"/><vector name="head" x="-7" y="-117"/></canvas><canvas name="1" width="234" height="201"><vector name="origin" x="105" y="180"/></canvas><canvas name="2" width="234" height="191"><vector name="origin" x="90" y="170"/></canvas><canvas name="3" width="235" height="196"><vector name="origin" x="85" y="175"/></canvas><canvas name="4" width="238" height="192"><vector name="origin" x="87" y="173"/></canvas><canvas name="5" width="236" height="179"><vector name="origin" x="88" y="166"/></canvas><canvas name="6" width="224" height="166"><vector name="origin" x="89" y="172"/></canvas><canvas name="7" width="219" height="128"><vector name="origin" x="82" y="179"/></canvas><canvas name="8" width="200" height="110"><vector name="origin" x="75" y="178"/></canvas></imgdir><imgdir name="skill1"><canvas name="0" width="233" height="192"><vector name="origin" x="137" y="165"/><vector name="head" x="-7" y="-117"/><vector name="lt" x="-129" y="-161"/><vector name="rb" x="79" y="1"/><int name="delay" value="120"/></canvas><canvas name="1" width="252" height="256"><vector name="origin" x="163" y="232"/><vector name="head" x="-7" y="-117"/><vector name="lt" x="-66" y="-160"/><vector name="rb" x="79" y="1"/><int name="delay" value="120"/></canvas><canvas name="2" width="250" height="256"><vector name="origin" x="161" y="236"/><vector name="head" x="-7" y="-117"/><vector name="lt" x="-66" y="-164"/><vector name="rb" x="79" y="1"/><int name="delay" value="120"/></canvas><canvas name="3" width="248" height="256"><vector name="origin" x="159" y="237"/><vector name="head" x="-7" y="-117"/><vector name="lt" x="-65" y="-162"/><vector name="rb" x="79" y="1"/><int name="delay" value="120"/></canvas><canvas name="4" width="247" height="261"><vector name="origin" x="158" y="242"/><vector name="head" x="-7" y="-117"/><vector name="lt" x="-66" y="-163"/><vector name="rb" x="79" y="1"/><int name="delay" value="120"/></canvas><canvas name="5" width="248" height="272"><vector name="origin" x="159" y="253"/><vector name="head" x="-7" y="-117"/><vector name="lt" x="-63" y="-160"/><vector name="rb" x="79" y="1"/><int name="delay" value="120"/></canvas><canvas name="6" width="251" height="256"><vector name="origin" x="162" y="238"/><vector name="head" x="-7" y="-117"/><vector name="lt" x="-65" y="-175"/><vector name="rb" x="79" y="1"/><int name="delay" value="120"/></canvas><canvas name="7" width="254" height="256"><vector name="origin" x="165" y="241"/><vector name="head" x="-7" y="-117"/><vector name="lt" x="-67" y="-162"/><vector name="rb" x="79" y="1"/><int name="delay" value="120"/></canvas><canvas name="8" width="256" height="256"><vector name="origin" x="167" y="248"/><vector name="head" x="-7" y="-117"/><vector name="lt" x="-67" y="-164"/><vector name="rb" x="79" y="1"/><int name="delay" value="120"/></canvas><canvas name="9" width="254" height="256"><vector name="origin" x="165" y="252"/><vector name="head" x="-7" y="-117"/><vector name="lt" x="-68" y="-162"/><vector name="rb" x="79" y="1"/><int name="delay" value="120"/></canvas><canvas name="10" width="252" height="264"><vector name="origin" x="163" y="262"/><vector name="head" x="-7" y="-117"/><vector name="lt" x="-66" y="-162"/><vector name="rb" x="79" y="1"/><int name="delay" value="120"/></canvas><canvas name="11" width="314" height="317"><vector name="origin" x="163" y="271"/><vector name="head" x="-7" y="-117"/><vector name="lt" x="-129" y="-161"/><vector name="rb" x="79" y="1"/><int name="delay" value="120"/></canvas><canvas name="12" width="317" height="283"><vector name="origin" x="163" y="231"/><vector name="head" x="-7" y="-117"/><vector name="lt" x="-129" y="-161"/><vector name="rb" x="79" y="1"/><int name="delay" value="120"/></canvas><canvas name="13" width="328" height="305"><vector name="origin" x="163" y="251"/><vector name="head" x="-7" y="-117"/><vector name="lt" x="-129" y="-161"/><vector name="rb" x="79" y="1"/><int name="delay" value="120"/></canvas><canvas name="14" width="320" height="256"><vector name="origin" x="163" y="204"/><vector name="head" x="-7" y="-117"/><vector name="lt" x="-129" y="-161"/><vector name="rb" x="79" y="1"/><int name="delay" value="120"/></canvas><canvas name="15" width="287" height="193"><vector name="origin" x="137" y="149"/><vector name="head" x="-7" y="-117"/><vector name="lt" x="-130" y="-144"/><vector name="rb" x="79" y="1"/><int name="delay" value="120"/></canvas><uol name="16" value="../stand/0"/><uol name="17" value="../stand/1"/><uol name="18" value="../stand/2"/><uol name="19" value="../stand/3"/><uol name="20" value="../stand/4"/><uol name="21" value="../stand/5"/></imgdir></imgdir>