<?xml version="1.0" encoding="UTF-8" standalone="yes"?><imgdir name="2400109.img"><imgdir name="info"><int name="firstAttack" value="1"/><int name="bodyAttack" value="1"/><int name="maxHP" value="5700000"/><int name="maxMP" value="2800"/><int name="PDRate" value="30"/><int name="MDRate" value="30"/><int name="pushed" value="1200"/><int name="summonType" value="1"/><int name="category" value="2"/><string name="mobType" value="1N"/><int name="acc" value="250"/><int name="eva" value="50"/><int name="exp" value="178125"/><int name="level" value="173"/><int name="MADamage" value="946"/><int name="MDDamage" value="500"/><int name="PADamage" value="960"/><int name="PDDamage" value="500"/></imgdir><imgdir name="move"><canvas name="0" width="69" height="75"><vector name="origin" x="40" y="75"/><vector name="lt" x="-41" y="-75"/><vector name="rb" x="29" y="0"/><vector name="head" x="-8" y="-75"/></canvas><canvas name="1" width="69" height="72"><vector name="origin" x="40" y="72"/><vector name="lt" x="-41" y="-72"/><vector name="rb" x="29" y="0"/><vector name="head" x="-8" y="-75"/></canvas><canvas name="2" width="70" height="74"><vector name="origin" x="40" y="74"/><vector name="lt" x="-41" y="-75"/><vector name="rb" x="29" y="0"/><vector name="head" x="-8" y="-75"/></canvas><canvas name="3" width="72" height="75"><vector name="origin" x="40" y="75"/><vector name="lt" x="-41" y="-75"/><vector name="rb" x="29" y="0"/><vector name="head" x="-8" y="-75"/></canvas><canvas name="4" width="71" height="72"><vector name="origin" x="40" y="72"/><vector name="lt" x="-41" y="-73"/><vector name="rb" x="29" y="0"/><vector name="head" x="-8" y="-75"/></canvas><canvas name="5" width="69" height="74"><vector name="origin" x="40" y="74"/><vector name="lt" x="-41" y="-75"/><vector name="rb" x="29" y="0"/><vector name="head" x="-8" y="-75"/></canvas></imgdir><imgdir name="stand"><canvas name="0" width="68" height="75"><vector name="origin" x="40" y="75"/><vector name="lt" x="-41" y="-75"/><vector name="rb" x="29" y="0"/><vector name="head" x="-8" y="-75"/></canvas><canvas name="1" width="70" height="74"><vector name="origin" x="40" y="74"/><vector name="lt" x="-41" y="-75"/><vector name="rb" x="29" y="0"/><vector name="head" x="-8" y="-75"/></canvas><canvas name="2" width="70" height="73"><vector name="origin" x="40" y="73"/><vector name="lt" x="-41" y="-75"/><vector name="rb" x="29" y="0"/><vector name="head" x="-8" y="-75"/></canvas><canvas name="3" width="68" height="74"><vector name="origin" x="40" y="74"/><vector name="lt" x="-41" y="-75"/><vector name="rb" x="29" y="0"/><vector name="head" x="-8" y="-75"/></canvas><canvas name="4" width="68" height="75"><vector name="origin" x="40" y="75"/><vector name="lt" x="-41" y="-75"/><vector name="rb" x="29" y="0"/><vector name="head" x="-8" y="-75"/></canvas><canvas name="5" width="68" height="76"><vector name="origin" x="40" y="76"/><vector name="lt" x="-41" y="-75"/><vector name="rb" x="29" y="0"/><vector name="head" x="-8" y="-75"/></canvas></imgdir><imgdir name="hit1"><canvas name="0" width="72" height="99"><vector name="origin" x="40" y="99"/><vector name="lt" x="-41" y="-82"/><vector name="rb" x="32" y="0"/><vector name="head" x="-8" y="-82"/><int name="delay" value="600"/></canvas></imgdir><imgdir name="die1"><canvas name="0" width="68" height="75"><vector name="origin" x="40" y="75"/><vector name="head" x="-8" y="-82"/></canvas><canvas name="1" width="74" height="99"><vector name="origin" x="9" y="102"/></canvas><canvas name="2" width="93" height="89"><vector name="origin" x="14" y="94"/></canvas><canvas name="3" width="101" height="84"><vector name="origin" x="16" y="90"/></canvas><canvas name="4" width="77" height="83"><vector name="origin" x="-8" y="88"/></canvas><canvas name="5" width="77" height="81"><vector name="origin" x="-9" y="85"/></canvas><canvas name="6" width="77" height="90"><vector name="origin" x="-11" y="89"/></canvas><canvas name="7" width="70" height="88"><vector name="origin" x="-18" y="90"/></canvas><canvas name="8" width="63" height="90"><vector name="origin" x="-21" y="90"/></canvas><canvas name="9" width="60" height="90"><vector name="origin" x="-24" y="90"/></canvas><canvas name="10" width="21" height="15"><vector name="origin" x="-38" y="92"/></canvas></imgdir></imgdir>