<?xml version="1.0" encoding="UTF-8" standalone="yes"?><imgdir name="2500200.img"><imgdir name="info"><int name="firstAttack" value="1"/><int name="level" value="50"/><int name="bodyAttack" value="1"/><int name="maxHP" value="100000"/><int name="maxMP" value="10000"/><int name="speed" value="0"/><int name="PADamage" value="360"/><int name="PDDamage" value="900"/><int name="PDRate" value="20"/><int name="MADamage" value="360"/><int name="MDDamage" value="900"/><int name="MDRate" value="20"/><int name="acc" value="100"/><int name="eva" value="0"/><int name="pushed" value="999999"/><float name="fs" value="10.0"/><int name="boss" value="1"/><int name="summonType" value="1"/><int name="category" value="8"/><int name="hpRecovery" value="3000"/><int name="mpRecovery" value="500"/><string name="mobType" value="7N"/><int name="exp" value="1680"/><int name="partyBonusMob" value="1"/></imgdir><imgdir name="stand"><canvas name="0" width="216" height="213"><vector name="origin" x="128" y="213"/><vector name="head" x="-34" y="-202"/><vector name="lt" x="-99" y="-191"/><vector name="rb" x="72" y="0"/><int name="delay" value="120"/></canvas><canvas name="1" width="212" height="213"><vector name="origin" x="127" y="213"/><vector name="head" x="-34" y="-202"/><vector name="lt" x="-99" y="-191"/><vector name="rb" x="72" y="0"/><int name="delay" value="120"/></canvas><canvas name="2" width="208" height="213"><vector name="origin" x="126" y="213"/><vector name="head" x="-34" y="-202"/><vector name="lt" x="-99" y="-191"/><vector name="rb" x="72" y="0"/><int name="delay" value="120"/></canvas><canvas name="3" width="206" height="213"><vector name="origin" x="127" y="213"/><vector name="head" x="-34" y="-202"/><vector name="lt" x="-99" y="-191"/><vector name="rb" x="72" y="0"/><int name="delay" value="120"/></canvas><canvas name="4" width="207" height="213"><vector name="origin" x="129" y="213"/><vector name="head" x="-34" y="-202"/><vector name="lt" x="-99" y="-191"/><vector name="rb" x="72" y="0"/><int name="delay" value="120"/></canvas><canvas name="5" width="208" height="212"><vector name="origin" x="130" y="212"/><vector name="head" x="-34" y="-202"/><vector name="lt" x="-99" y="-191"/><vector name="rb" x="72" y="0"/><int name="delay" value="120"/></canvas><canvas name="6" width="212" height="211"><vector name="origin" x="130" y="211"/><vector name="head" x="-34" y="-202"/><vector name="lt" x="-100" y="-187"/><vector name="rb" x="72" y="0"/><int name="delay" value="120"/></canvas><canvas name="7" width="215" height="212"><vector name="origin" x="129" y="212"/><vector name="head" x="-34" y="-202"/><vector name="lt" x="-99" y="-191"/><vector name="rb" x="72" y="0"/><int name="delay" value="120"/></canvas></imgdir><imgdir name="move"><canvas name="0" width="214" height="213"><vector name="origin" x="128" y="213"/><vector name="head" x="-34" y="-202"/><vector name="lt" x="-99" y="-191"/><vector name="rb" x="72" y="0"/><int name="delay" value="120"/></canvas><canvas name="1" width="214" height="213"><vector name="origin" x="129" y="213"/><vector name="head" x="-34" y="-202"/><vector name="lt" x="-99" y="-191"/><vector name="rb" x="72" y="0"/><int name="delay" value="120"/></canvas><canvas name="2" width="221" height="213"><vector name="origin" x="131" y="213"/><vector name="head" x="-34" y="-202"/><vector name="lt" x="-99" y="-191"/><vector name="rb" x="72" y="0"/><int name="delay" value="120"/></canvas><canvas name="3" width="226" height="217"><vector name="origin" x="132" y="214"/><vector name="head" x="-34" y="-202"/><vector name="lt" x="-99" y="-191"/><vector name="rb" x="72" y="0"/><int name="delay" value="120"/></canvas><canvas name="4" width="228" height="215"><vector name="origin" x="131" y="214"/><vector name="head" x="-34" y="-202"/><vector name="lt" x="-99" y="-191"/><vector name="rb" x="72" y="0"/><int name="delay" value="120"/></canvas><canvas name="5" width="224" height="213"><vector name="origin" x="129" y="213"/><vector name="head" x="-34" y="-202"/><vector name="lt" x="-99" y="-191"/><vector name="rb" x="72" y="0"/><int name="delay" value="120"/></canvas><canvas name="6" width="214" height="213"><vector name="origin" x="128" y="213"/><vector name="head" x="-34" y="-202"/><vector name="lt" x="-99" y="-189"/><vector name="rb" x="72" y="0"/><int name="delay" value="120"/></canvas><canvas name="7" width="211" height="213"><vector name="origin" x="126" y="213"/><vector name="head" x="-34" y="-202"/><vector name="lt" x="-99" y="-189"/><vector name="rb" x="72" y="0"/><int name="delay" value="120"/></canvas><canvas name="8" width="215" height="213"><vector name="origin" x="125" y="213"/><vector name="head" x="-34" y="-202"/><vector name="lt" x="-99" y="-189"/><vector name="rb" x="72" y="0"/><int name="delay" value="120"/></canvas><canvas name="9" width="218" height="215"><vector name="origin" x="124" y="214"/><vector name="head" x="-34" y="-202"/><vector name="lt" x="-99" y="-189"/><vector name="rb" x="72" y="0"/><int name="delay" value="120"/></canvas><canvas name="10" width="222" height="214"><vector name="origin" x="125" y="214"/><vector name="head" x="-34" y="-202"/><vector name="lt" x="-99" y="-187"/><vector name="rb" x="72" y="0"/><int name="delay" value="120"/></canvas><canvas name="11" width="222" height="213"><vector name="origin" x="127" y="213"/><vector name="head" x="-34" y="-202"/><vector name="lt" x="-99" y="-191"/><vector name="rb" x="72" y="0"/><int name="delay" value="120"/></canvas></imgdir><imgdir name="attack1"><imgdir name="info"><imgdir name="range"><vector name="lt" x="-300" y="-200"/><vector name="rb" x="-30" y="5"/></imgdir><imgdir name="hit"><canvas name="0" width="115" height="150"><vector name="origin" x="55" y="78"/><int name="delay" value="90"/></canvas><canvas name="1" width="123" height="150"><vector name="origin" x="63" y="78"/><int name="delay" value="90"/></canvas><canvas name="2" width="131" height="127"><vector name="origin" x="69" y="73"/><int name="delay" value="90"/></canvas><canvas name="3" width="136" height="135"><vector name="origin" x="71" y="78"/><int name="delay" value="90"/></canvas><canvas name="4" width="138" height="139"><vector name="origin" x="70" y="80"/><int name="delay" value="90"/></canvas><canvas name="5" width="124" height="145"><vector name="origin" x="62" y="89"/><int name="delay" value="90"/></canvas><int name="attach" value="1"/></imgdir><int name="attackAfter" value="720"/><int name="type" value="0"/></imgdir><canvas name="0" width="216" height="213"><vector name="origin" x="128" y="213"/><vector name="head" x="-34" y="-202"/><vector name="lt" x="-99" y="-191"/><vector name="rb" x="72" y="0"/><int name="delay" value="120"/></canvas><canvas name="1" width="186" height="291"><vector name="origin" x="95" y="291"/><vector name="head" x="-34" y="-202"/><vector name="lt" x="-99" y="-191"/><vector name="rb" x="72" y="0"/><int name="delay" value="120"/></canvas><canvas name="2" width="192" height="298"><vector name="origin" x="93" y="298"/><vector name="head" x="-34" y="-202"/><vector name="lt" x="-94" y="-191"/><vector name="rb" x="72" y="0"/><int name="delay" value="120"/></canvas><canvas name="3" width="211" height="300"><vector name="origin" x="91" y="300"/><vector name="head" x="-34" y="-202"/><vector name="lt" x="-92" y="-191"/><vector name="rb" x="72" y="0"/><int name="delay" value="120"/></canvas><canvas name="4" width="212" height="301"><vector name="origin" x="91" y="301"/><vector name="head" x="-34" y="-202"/><vector name="lt" x="-92" y="-191"/><vector name="rb" x="72" y="0"/><int name="delay" value="120"/></canvas><canvas name="5" width="214" height="302"><vector name="origin" x="91" y="302"/><vector name="head" x="-34" y="-202"/><vector name="lt" x="-92" y="-191"/><vector name="rb" x="72" y="0"/><int name="delay" value="120"/></canvas><canvas name="6" width="213" height="302"><vector name="origin" x="91" y="302"/><vector name="head" x="-34" y="-202"/><vector name="lt" x="-123" y="-164"/><vector name="rb" x="56" y="0"/><int name="delay" value="60"/></canvas><canvas name="7" width="417" height="289"><vector name="origin" x="334" y="282"/><vector name="head" x="-34" y="-202"/><vector name="lt" x="-123" y="-164"/><vector name="rb" x="56" y="0"/><int name="delay" value="60"/></canvas><canvas name="8" width="446" height="283"><vector name="origin" x="359" y="276"/><vector name="head" x="-34" y="-202"/><vector name="lt" x="-123" y="-164"/><vector name="rb" x="56" y="0"/><int name="delay" value="90"/></canvas><canvas name="9" width="453" height="204"><vector name="origin" x="365" y="197"/><vector name="head" x="-34" y="-202"/><vector name="lt" x="-123" y="-164"/><vector name="rb" x="56" y="0"/><int name="delay" value="90"/></canvas><canvas name="10" width="401" height="190"><vector name="origin" x="339" y="183"/><vector name="head" x="-34" y="-202"/><vector name="lt" x="-123" y="-164"/><vector name="rb" x="56" y="0"/><int name="delay" value="90"/></canvas><canvas name="11" width="361" height="186"><vector name="origin" x="346" y="183"/><vector name="head" x="-34" y="-202"/><vector name="lt" x="-113" y="-169"/><vector name="rb" x="58" y="0"/><int name="delay" value="90"/></canvas><canvas name="12" width="369" height="190"><vector name="origin" x="349" y="188"/><vector name="head" x="-34" y="-202"/><vector name="lt" x="-98" y="-185"/><vector name="rb" x="72" y="0"/><int name="delay" value="90"/></canvas><canvas name="13" width="227" height="195"><vector name="origin" x="197" y="193"/><vector name="head" x="-34" y="-202"/><vector name="lt" x="-98" y="-185"/><vector name="rb" x="72" y="0"/><int name="delay" value="90"/></canvas><uol name="14" value="../stand/0"/><uol name="15" value="../stand/1"/><uol name="16" value="../stand/2"/><uol name="17" value="../stand/3"/><uol name="18" value="../stand/4"/><uol name="19" value="../stand/5"/><uol name="20" value="../stand/6"/><uol name="21" value="../stand/7"/></imgdir><imgdir name="attack2"><imgdir name="info"><imgdir name="range"><vector name="lt" x="-250" y="-250"/><vector name="rb" x="250" y="10"/></imgdir><imgdir name="hit"><canvas name="0" width="154" height="119"><vector name="origin" x="77" y="61"/><int name="delay" value="90"/></canvas><canvas name="1" width="150" height="119"><vector name="origin" x="77" y="61"/><int name="delay" value="90"/></canvas><canvas name="2" width="117" height="116"><vector name="origin" x="58" y="57"/><int name="delay" value="90"/></canvas><canvas name="3" width="117" height="115"><vector name="origin" x="58" y="57"/><int name="delay" value="90"/></canvas><canvas name="4" width="118" height="118"><vector name="origin" x="59" y="59"/><int name="delay" value="90"/></canvas><canvas name="5" width="123" height="112"><vector name="origin" x="61" y="50"/><int name="delay" value="90"/></canvas><int name="attach" value="1"/></imgdir><int name="attackAfter" value="900"/><int name="type" value="0"/></imgdir><canvas name="0" width="216" height="213"><vector name="origin" x="128" y="213"/><vector name="head" x="-34" y="-202"/><vector name="lt" x="-99" y="-191"/><vector name="rb" x="72" y="0"/><int name="delay" value="90"/></canvas><canvas name="1" width="315" height="304"><vector name="origin" x="149" y="270"/><vector name="head" x="-34" y="-202"/><vector name="lt" x="-99" y="-191"/><vector name="rb" x="72" y="0"/><int name="delay" value="90"/></canvas><canvas name="2" width="359" height="352"><vector name="origin" x="178" y="283"/><vector name="head" x="-34" y="-202"/><vector name="lt" x="-94" y="-191"/><vector name="rb" x="72" y="0"/><int name="delay" value="90"/></canvas><canvas name="3" width="361" height="368"><vector name="origin" x="182" y="280"/><vector name="head" x="-34" y="-202"/><vector name="lt" x="-92" y="-191"/><vector name="rb" x="72" y="0"/><int name="delay" value="90"/></canvas><canvas name="4" width="353" height="365"><vector name="origin" x="177" y="276"/><vector name="head" x="-34" y="-202"/><vector name="lt" x="-92" y="-191"/><vector name="rb" x="72" y="0"/><int name="delay" value="90"/></canvas><canvas name="5" width="327" height="333"><vector name="origin" x="170" y="259"/><vector name="head" x="-34" y="-202"/><vector name="lt" x="-92" y="-191"/><vector name="rb" x="72" y="0"/><int name="delay" value="90"/></canvas><canvas name="6" width="293" height="292"><vector name="origin" x="161" y="246"/><vector name="head" x="-34" y="-202"/><vector name="lt" x="-123" y="-164"/><vector name="rb" x="56" y="0"/><int name="delay" value="90"/></canvas><canvas name="7" width="243" height="248"><vector name="origin" x="137" y="224"/><vector name="head" x="-34" y="-202"/><vector name="lt" x="-123" y="-164"/><vector name="rb" x="56" y="0"/><int name="delay" value="90"/></canvas><canvas name="8" width="217" height="223"><vector name="origin" x="128" y="209"/><vector name="head" x="-34" y="-202"/><vector name="lt" x="-123" y="-164"/><vector name="rb" x="56" y="0"/><int name="delay" value="90"/></canvas><canvas name="9" width="218" height="221"><vector name="origin" x="127" y="208"/><vector name="head" x="-34" y="-202"/><vector name="lt" x="-123" y="-164"/><vector name="rb" x="56" y="0"/><int name="delay" value="90"/></canvas><canvas name="10" width="534" height="435"><vector name="origin" x="279" y="326"/><vector name="head" x="-34" y="-202"/><vector name="lt" x="-123" y="-164"/><vector name="rb" x="56" y="0"/><int name="delay" value="90"/></canvas><canvas name="11" width="534" height="433"><vector name="origin" x="279" y="327"/><vector name="head" x="-34" y="-202"/><vector name="lt" x="-113" y="-169"/><vector name="rb" x="58" y="0"/><int name="delay" value="90"/></canvas><canvas name="12" width="534" height="418"><vector name="origin" x="279" y="328"/><vector name="head" x="-34" y="-202"/><vector name="lt" x="-98" y="-185"/><vector name="rb" x="72" y="0"/><int name="delay" value="90"/></canvas><canvas name="13" width="534" height="337"><vector name="origin" x="279" y="278"/><vector name="head" x="-34" y="-202"/><vector name="lt" x="-98" y="-185"/><vector name="rb" x="72" y="0"/><int name="delay" value="90"/></canvas><canvas name="14" width="534" height="328"><vector name="origin" x="279" y="273"/><vector name="head" x="-34" y="-202"/><vector name="lt" x="-123" y="-164"/><vector name="rb" x="56" y="0"/><int name="delay" value="90"/></canvas><canvas name="15" width="532" height="225"><vector name="origin" x="278" y="225"/><vector name="head" x="-34" y="-202"/><vector name="lt" x="-113" y="-169"/><vector name="rb" x="58" y="0"/><int name="delay" value="90"/></canvas><canvas name="16" width="207" height="215"><vector name="origin" x="127" y="215"/><vector name="head" x="-34" y="-202"/><vector name="lt" x="-98" y="-185"/><vector name="rb" x="72" y="0"/><int name="delay" value="90"/></canvas><uol name="17" value="../stand/0"/><uol name="18" value="../stand/1"/><uol name="19" value="../stand/2"/><uol name="20" value="../stand/3"/><uol name="21" value="../stand/4"/><uol name="22" value="../stand/5"/><uol name="23" value="../stand/6"/><uol name="24" value="../stand/7"/></imgdir><imgdir name="hit1"><canvas name="0" width="209" height="209"><vector name="origin" x="75" y="209"/><vector name="head" x="-34" y="-202"/><vector name="lt" x="-62" y="-190"/><vector name="rb" x="94" y="0"/><int name="delay" value="600"/></canvas></imgdir><imgdir name="die1"><canvas name="0" width="216" height="213"><vector name="origin" x="128" y="213"/><vector name="head" x="-34" y="-202"/><int name="delay" value="120"/></canvas><canvas name="1" width="209" height="209"><vector name="origin" x="75" y="209"/><vector name="head" x="-34" y="-202"/><int name="delay" value="120"/></canvas><canvas name="2" width="206" height="209"><vector name="origin" x="71" y="209"/><vector name="head" x="-34" y="-202"/><int name="delay" value="120"/></canvas><canvas name="3" width="205" height="209"><vector name="origin" x="74" y="209"/><vector name="head" x="-34" y="-202"/><int name="delay" value="120"/></canvas><canvas name="4" width="189" height="231"><vector name="origin" x="59" y="231"/><vector name="head" x="-34" y="-202"/><int name="delay" value="120"/></canvas><canvas name="5" width="189" height="239"><vector name="origin" x="58" y="239"/><int name="delay" value="120"/></canvas><canvas name="6" width="189" height="249"><vector name="origin" x="58" y="249"/><int name="delay" value="120"/></canvas><canvas name="7" width="189" height="245"><vector name="origin" x="58" y="245"/><int name="delay" value="120"/></canvas><canvas name="8" width="189" height="245"><vector name="origin" x="58" y="245"/><int name="delay" value="120"/></canvas><canvas name="9" width="189" height="245"><vector name="origin" x="58" y="245"/><int name="delay" value="120"/></canvas><canvas name="10" width="189" height="240"><vector name="origin" x="58" y="240"/><int name="delay" value="120"/></canvas><canvas name="11" width="189" height="247"><vector name="origin" x="58" y="247"/><int name="delay" value="120"/></canvas><canvas name="12" width="222" height="182"><vector name="origin" x="74" y="178"/><int name="delay" value="120"/></canvas><canvas name="13" width="228" height="180"><vector name="origin" x="80" y="176"/><int name="delay" value="120"/></canvas><canvas name="14" width="211" height="178"><vector name="origin" x="64" y="175"/><int name="delay" value="120"/></canvas><canvas name="15" width="221" height="177"><vector name="origin" x="64" y="174"/><int name="delay" value="120"/></canvas><canvas name="16" width="234" height="176"><vector name="origin" x="64" y="174"/><int name="delay" value="120"/></canvas><canvas name="17" width="189" height="173"><vector name="origin" x="64" y="174"/><int name="delay" value="120"/></canvas></imgdir></imgdir>