<?xml version="1.0" encoding="UTF-8" standalone="yes"?><imgdir name="3110102.img"><imgdir name="info"><int name="bodyAttack" value="1"/><int name="level" value="32"/><int name="maxHP" value="1000"/><int name="maxMP" value="0"/><int name="speed" value="-5"/><int name="PADamage" value="102"/><int name="PDDamage" value="65"/><int name="MADamage" value="0"/><int name="MDDamage" value="75"/><int name="acc" value="90"/><int name="eva" value="13"/><int name="exp" value="65"/><int name="undead" value="0"/><int name="pushed" value="0"/><float name="fs" value="10.0"/><int name="summonType" value="1"/><int name="mobType" value="8"/></imgdir><imgdir name="move"><canvas name="0" width="43" height="40"><vector name="origin" x="21" y="40"/><vector name="lt" x="-21" y="-40"/><vector name="rb" x="18" y="0"/><vector name="head" x="-12" y="-13"/><int name="delay" value="100"/></canvas><canvas name="1" width="45" height="41"><vector name="origin" x="20" y="41"/><vector name="lt" x="-20" y="-40"/><vector name="rb" x="18" y="0"/><vector name="head" x="-11" y="-13"/><int name="delay" value="100"/></canvas><canvas name="2" width="48" height="42"><vector name="origin" x="19" y="42"/><vector name="lt" x="-19" y="-40"/><vector name="rb" x="18" y="0"/><vector name="head" x="-11" y="-13"/><int name="delay" value="100"/></canvas><canvas name="3" width="51" height="42"><vector name="origin" x="18" y="42"/><vector name="lt" x="-18" y="-40"/><vector name="rb" x="17" y="0"/><vector name="head" x="-9" y="-13"/><int name="delay" value="100"/></canvas><canvas name="4" width="48" height="42"><vector name="origin" x="19" y="42"/><vector name="lt" x="-19" y="-40"/><vector name="rb" x="18" y="0"/><vector name="head" x="-10" y="-13"/><int name="delay" value="100"/></canvas><canvas name="5" width="47" height="41"><vector name="origin" x="20" y="41"/><vector name="lt" x="-20" y="-40"/><vector name="rb" x="18" y="0"/><vector name="head" x="-11" y="-13"/><int name="delay" value="100"/></canvas></imgdir><imgdir name="stand"><canvas name="0" width="50" height="40"><vector name="origin" x="21" y="40"/><vector name="lt" x="-21" y="-40"/><vector name="rb" x="18" y="0"/><vector name="head" x="-12" y="-13"/><int name="delay" value="100"/></canvas><canvas name="1" width="50" height="41"><vector name="origin" x="20" y="41"/><vector name="lt" x="-20" y="-40"/><vector name="rb" x="18" y="0"/><vector name="head" x="-11" y="-13"/><int name="delay" value="100"/></canvas><canvas name="2" width="52" height="40"><vector name="origin" x="21" y="40"/><vector name="lt" x="-21" y="-40"/><vector name="rb" x="18" y="0"/><vector name="head" x="-12" y="-13"/><int name="delay" value="100"/></canvas><canvas name="3" width="50" height="40"><vector name="origin" x="20" y="40"/><vector name="lt" x="-20" y="-40"/><vector name="rb" x="18" y="0"/><vector name="head" x="-11" y="-13"/><int name="delay" value="100"/></canvas><canvas name="4" width="51" height="40"><vector name="origin" x="21" y="40"/><vector name="lt" x="-21" y="-40"/><vector name="rb" x="18" y="0"/><vector name="head" x="-12" y="-13"/><int name="delay" value="100"/></canvas><canvas name="5" width="51" height="41"><vector name="origin" x="20" y="41"/><vector name="lt" x="-20" y="-40"/><vector name="rb" x="18" y="0"/><vector name="head" x="-11" y="-13"/><int name="delay" value="100"/></canvas><canvas name="6" width="50" height="40"><vector name="origin" x="21" y="40"/><vector name="lt" x="-21" y="-40"/><vector name="rb" x="18" y="0"/><vector name="head" x="-12" y="-13"/><int name="delay" value="100"/></canvas><canvas name="7" width="50" height="41"><vector name="origin" x="20" y="41"/><vector name="lt" x="-20" y="-40"/><vector name="rb" x="18" y="0"/><vector name="head" x="-11" y="-13"/><int name="delay" value="100"/></canvas><canvas name="8" width="52" height="40"><vector name="origin" x="21" y="40"/><vector name="lt" x="-21" y="-40"/><vector name="rb" x="18" y="0"/><vector name="head" x="-12" y="-13"/><int name="delay" value="100"/></canvas><canvas name="9" width="50" height="40"><vector name="origin" x="20" y="40"/><vector name="lt" x="-20" y="-40"/><vector name="rb" x="18" y="0"/><vector name="head" x="-11" y="-13"/><int name="delay" value="100"/></canvas><canvas name="10" width="51" height="40"><vector name="origin" x="21" y="40"/><vector name="lt" x="-21" y="-40"/><vector name="rb" x="18" y="0"/><vector name="head" x="-12" y="-13"/><int name="delay" value="100"/></canvas><canvas name="11" width="50" height="40"><vector name="origin" x="20" y="40"/><vector name="lt" x="-20" y="-40"/><vector name="rb" x="18" y="0"/><vector name="head" x="-11" y="-13"/><int name="delay" value="100"/></canvas></imgdir><imgdir name="hit1"><canvas name="0" width="51" height="42"><vector name="origin" x="22" y="42"/><vector name="lt" x="-18" y="-42"/><vector name="rb" x="18" y="0"/><vector name="head" x="-10" y="-19"/><int name="delay" value="600"/></canvas></imgdir><imgdir name="die1"><canvas name="0" width="51" height="42"><vector name="origin" x="22" y="42"/><vector name="head" x="-10" y="-19"/><int name="delay" value="120"/></canvas><canvas name="1" width="52" height="43"><vector name="origin" x="25" y="43"/><vector name="head" x="-10" y="-17"/><int name="delay" value="120"/></canvas><canvas name="2" width="48" height="42"><vector name="origin" x="22" y="42"/><vector name="head" x="-15" y="-15"/><int name="delay" value="120"/></canvas><canvas name="3" width="48" height="39"><vector name="origin" x="24" y="39"/><vector name="head" x="-16" y="-13"/><int name="delay" value="120"/></canvas><canvas name="4" width="50" height="35"><vector name="origin" x="25" y="35"/><vector name="head" x="-17" y="-13"/><int name="delay" value="120"/></canvas><canvas name="5" width="58" height="34"><vector name="origin" x="26" y="34"/><vector name="head" x="-18" y="-13"/><int name="delay" value="300"/><int name="a0" value="255"/><int name="a1" value="0"/></canvas></imgdir></imgdir>