<?xml version="1.0" encoding="UTF-8" standalone="yes"?><imgdir name="3110302.img"><imgdir name="info"><int name="bodyAttack" value="1"/><int name="level" value="35"/><int name="maxHP" value="1400"/><int name="maxMP" value="70"/><int name="speed" value="-10"/><int name="PADamage" value="130"/><int name="PDDamage" value="110"/><int name="MADamage" value="0"/><int name="MDDamage" value="100"/><int name="acc" value="105"/><int name="eva" value="18"/><int name="exp" value="75"/><int name="undead" value="0"/><int name="pushed" value="0"/><float name="fs" value="10.0"/><int name="summonType" value="1"/><int name="mobType" value="8"/></imgdir><imgdir name="move"><canvas name="0" width="39" height="53"><vector name="origin" x="19" y="60"/><int name="delay" value="150"/><vector name="lt" x="-18" y="-58"/><vector name="rb" x="18" y="-9"/><vector name="head" x="0" y="-54"/></canvas><canvas name="1" width="39" height="58"><vector name="origin" x="19" y="66"/><int name="delay" value="150"/><vector name="head" x="0" y="-56"/><vector name="lt" x="-16" y="-62"/><vector name="rb" x="17" y="-10"/></canvas><canvas name="2" width="39" height="53"><vector name="origin" x="19" y="63"/><int name="delay" value="150"/><vector name="head" x="0" y="-58"/><vector name="lt" x="-17" y="-61"/><vector name="rb" x="18" y="-12"/></canvas><canvas name="3" width="39" height="58"><vector name="origin" x="19" y="70"/><int name="delay" value="150"/><vector name="head" x="0" y="-62"/><vector name="lt" x="-17" y="-67"/><vector name="rb" x="17" y="-15"/></canvas><canvas name="4" width="39" height="63"><vector name="origin" x="19" y="67"/><int name="delay" value="150"/><vector name="head" x="0" y="-56"/><vector name="lt" x="-16" y="-64"/><vector name="rb" x="18" y="-7"/></canvas><canvas name="5" width="39" height="52"><vector name="origin" x="19" y="57"/><int name="delay" value="150"/><vector name="head" x="-9" y="-76"/><vector name="lt" x="-39" y="-78"/><vector name="rb" x="28" y="-7"/></canvas></imgdir><imgdir name="stand"><canvas name="0" width="39" height="58"><vector name="origin" x="19" y="66"/><vector name="lt" x="-17" y="-63"/><vector name="rb" x="17" y="-11"/><vector name="head" x="0" y="-57"/><int name="delay" value="150"/></canvas><canvas name="1" width="39" height="57"><vector name="origin" x="19" y="66"/><vector name="lt" x="-16" y="-63"/><vector name="rb" x="18" y="-12"/><vector name="head" x="0" y="-58"/><int name="delay" value="150"/></canvas><canvas name="2" width="39" height="58"><vector name="origin" x="19" y="68"/><vector name="lt" x="-17" y="-66"/><vector name="rb" x="18" y="-13"/><vector name="head" x="0" y="-59"/><int name="delay" value="150"/></canvas><canvas name="3" width="39" height="57"><vector name="origin" x="19" y="66"/><vector name="lt" x="-17" y="-64"/><vector name="rb" x="17" y="-12"/><vector name="head" x="0" y="-58"/><int name="delay" value="150"/></canvas><canvas name="4" width="39" height="58"><vector name="origin" x="19" y="66"/><vector name="lt" x="-16" y="-62"/><vector name="rb" x="17" y="-11"/><vector name="head" x="0" y="-58"/><int name="delay" value="150"/></canvas><canvas name="5" width="39" height="56"><vector name="origin" x="19" y="63"/><vector name="lt" x="-16" y="-60"/><vector name="rb" x="17" y="-10"/><vector name="head" x="0" y="-57"/><int name="delay" value="150"/></canvas></imgdir><imgdir name="hit1"><canvas name="0" width="49" height="70"><vector name="origin" x="21" y="80"/><int name="delay" value="600"/><vector name="lt" x="-13" y="-72"/><vector name="rb" x="24" y="-14"/><vector name="head" x="7" y="-64"/></canvas></imgdir><imgdir name="die1"><canvas name="0" width="49" height="70"><vector name="origin" x="21" y="80"/><int name="delay" value="150"/><vector name="head" x="8" y="-64"/></canvas><canvas name="1" width="47" height="68"><vector name="origin" x="23" y="79"/><int name="delay" value="150"/><vector name="head" x="9" y="-65"/></canvas><canvas name="2" width="52" height="67"><vector name="origin" x="28" y="79"/><int name="delay" value="150"/><vector name="head" x="12" y="-64"/></canvas><canvas name="3" width="55" height="64"><vector name="origin" x="30" y="73"/><int name="delay" value="150"/><vector name="head" x="14" y="-60"/></canvas><canvas name="4" width="39" height="62"><vector name="origin" x="13" y="67"/><int name="delay" value="150"/><vector name="head" x="16" y="-54"/></canvas><canvas name="5" width="39" height="60"><vector name="origin" x="12" y="63"/><int name="delay" value="150"/><int name="a0" value="255"/><int name="a1" value="0"/></canvas></imgdir></imgdir>