<?xml version="1.0" encoding="UTF-8" standalone="yes"?><imgdir name="3220001.img"><imgdir name="info"><int name="bodyAttack" value="1"/><int name="level" value="38"/><int name="maxHP" value="7700"/><int name="maxMP" value="200"/><int name="speed" value="-60"/><int name="PADamage" value="130"/><int name="PDDamage" value="100"/><int name="MADamage" value="0"/><int name="MDDamage" value="120"/><int name="acc" value="130"/><int name="eva" value="18"/><int name="exp" value="445"/><int name="undead" value="0"/><int name="pushed" value="1"/><int name="hpRecovery" value="50"/><int name="mpRecovery" value="20"/><int name="boss" value="1"/><float name="fs" value="10.0"/><int name="summonType" value="1"/><int name="hpTagColor" value="1"/><int name="hpTagBgcolor" value="5"/><int name="HPgaugeHide" value="1"/><int name="firstAttack" value="1"/><int name="mobType" value="4"/><int name="rareItemDropLevel" value="2"/><imgdir name="skill"><imgdir name="0"><int name="skill" value="112"/><int name="action" value="1"/><int name="level" value="1"/><int name="effectAfter" value="1500"/></imgdir></imgdir><imgdir name="speak"><imgdir name="con"><imgdir name="0"><imgdir name="quest"><int name="questID" value="3952"/><int name="state" value="2"/></imgdir></imgdir></imgdir><int name="chatBalloon" value="0"/><imgdir name="0"><string name="0" value="The sun is bright again today."/><int name="hp" value="6500"/></imgdir></imgdir></imgdir><imgdir name="move"><canvas name="0" width="105" height="128"><vector name="origin" x="56" y="128"/><vector name="lt" x="-56" y="-111"/><vector name="rb" x="49" y="0"/><vector name="head" x="-10" y="-105"/><int name="delay" value="180"/></canvas><canvas name="1" width="102" height="128"><vector name="origin" x="53" y="128"/><vector name="lt" x="-56" y="-111"/><vector name="rb" x="49" y="0"/><vector name="head" x="-10" y="-105"/><int name="delay" value="180"/></canvas><canvas name="2" width="99" height="125"><vector name="origin" x="50" y="125"/><vector name="lt" x="-56" y="-111"/><vector name="rb" x="49" y="0"/><vector name="head" x="-10" y="-105"/><int name="delay" value="180"/></canvas><canvas name="3" width="105" height="129"><vector name="origin" x="56" y="129"/><vector name="lt" x="-56" y="-111"/><vector name="rb" x="49" y="0"/><vector name="head" x="-10" y="-105"/><int name="delay" value="180"/></canvas></imgdir><imgdir name="stand"><canvas name="0" width="105" height="127"><vector name="origin" x="56" y="127"/><vector name="lt" x="-56" y="-111"/><vector name="rb" x="49" y="0"/><vector name="head" x="-10" y="-105"/><int name="delay" value="180"/></canvas><canvas name="1" width="105" height="127"><vector name="origin" x="56" y="127"/><vector name="lt" x="-56" y="-111"/><vector name="rb" x="49" y="0"/><vector name="head" x="-10" y="-105"/><int name="delay" value="180"/></canvas><canvas name="2" width="105" height="124"><vector name="origin" x="56" y="124"/><vector name="lt" x="-56" y="-111"/><vector name="rb" x="49" y="0"/><vector name="head" x="-10" y="-105"/><int name="delay" value="180"/></canvas><canvas name="3" width="105" height="127"><vector name="origin" x="56" y="127"/><vector name="lt" x="-56" y="-111"/><vector name="rb" x="49" y="0"/><vector name="head" x="-10" y="-105"/><int name="delay" value="180"/></canvas><canvas name="4" width="105" height="129"><vector name="origin" x="56" y="129"/><vector name="lt" x="-56" y="-111"/><vector name="rb" x="49" y="0"/><vector name="head" x="-10" y="-105"/><int name="delay" value="180"/></canvas><canvas name="5" width="105" height="130"><vector name="origin" x="56" y="130"/><vector name="lt" x="-56" y="-111"/><vector name="rb" x="49" y="0"/><vector name="head" x="-10" y="-105"/><int name="delay" value="180"/></canvas></imgdir><imgdir name="attack1"><imgdir name="info"><imgdir name="range"><vector name="lt" x="-290" y="-120"/><vector name="rb" x="0" y="0"/></imgdir><imgdir name="hit"><canvas name="0" width="33" height="14"><vector name="origin" x="17" y="12"/><int name="delay" value="90"/></canvas><canvas name="1" width="104" height="96"><vector name="origin" x="53" y="94"/><int name="delay" value="90"/></canvas><canvas name="2" width="81" height="91"><vector name="origin" x="41" y="89"/><int name="delay" value="90"/></canvas><canvas name="3" width="78" height="90"><vector name="origin" x="41" y="87"/><int name="delay" value="90"/></canvas><canvas name="4" width="84" height="85"><vector name="origin" x="50" y="83"/><int name="delay" value="90"/></canvas><canvas name="5" width="90" height="89"><vector name="origin" x="52" y="87"/><int name="delay" value="90"/></canvas><canvas name="6" width="96" height="42"><vector name="origin" x="52" y="40"/><int name="delay" value="90"/></canvas><canvas name="7" width="38" height="42"><vector name="origin" x="22" y="40"/><int name="delay" value="90"/></canvas><canvas name="8" width="38" height="40"><vector name="origin" x="22" y="39"/><int name="delay" value="90"/></canvas><canvas name="9" width="38" height="39"><vector name="origin" x="22" y="38"/><int name="delay" value="90"/></canvas><canvas name="10" width="38" height="38"><vector name="origin" x="22" y="37"/><int name="delay" value="90"/></canvas><int name="attach" value="1"/></imgdir><int name="type" value="0"/><int name="effectAfter" value="0"/><int name="attackAfter" value="1080"/><int name="jumpAttack" value="1"/><int name="PADamage" value="145"/></imgdir><canvas name="0" width="103" height="129"><vector name="origin" x="54" y="129"/><vector name="lt" x="-60" y="-117"/><vector name="rb" x="59" y="0"/><vector name="head" x="-10" y="-105"/><int name="delay" value="120"/></canvas><canvas name="1" width="100" height="129"><vector name="origin" x="52" y="129"/><vector name="lt" x="-60" y="-117"/><vector name="rb" x="59" y="0"/><vector name="head" x="-10" y="-105"/><int name="delay" value="120"/></canvas><canvas name="2" width="107" height="135"><vector name="origin" x="56" y="132"/><vector name="lt" x="-60" y="-117"/><vector name="rb" x="59" y="0"/><vector name="head" x="-10" y="-105"/><int name="delay" value="120"/></canvas><canvas name="3" width="111" height="141"><vector name="origin" x="58" y="135"/><vector name="lt" x="-60" y="-117"/><vector name="rb" x="59" y="0"/><vector name="head" x="-10" y="-105"/><int name="delay" value="120"/></canvas><canvas name="4" width="114" height="144"><vector name="origin" x="59" y="137"/><vector name="lt" x="-60" y="-117"/><vector name="rb" x="59" y="0"/><vector name="head" x="-10" y="-105"/><int name="delay" value="120"/></canvas><canvas name="5" width="113" height="144"><vector name="origin" x="58" y="136"/><vector name="lt" x="-60" y="-117"/><vector name="rb" x="59" y="0"/><vector name="head" x="-10" y="-105"/><int name="delay" value="120"/></canvas><canvas name="6" width="115" height="147"><vector name="origin" x="59" y="138"/><vector name="lt" x="-60" y="-117"/><vector name="rb" x="59" y="0"/><vector name="head" x="-10" y="-105"/><int name="delay" value="120"/></canvas><canvas name="7" width="115" height="147"><vector name="origin" x="59" y="138"/><vector name="lt" x="-60" y="-117"/><vector name="rb" x="59" y="0"/><vector name="head" x="-10" y="-105"/><int name="delay" value="120"/></canvas><canvas name="8" width="115" height="147"><vector name="origin" x="59" y="138"/><vector name="lt" x="-60" y="-117"/><vector name="rb" x="59" y="0"/><vector name="head" x="-10" y="-105"/><int name="delay" value="120"/></canvas><canvas name="9" width="148" height="140"><vector name="origin" x="90" y="131"/><vector name="lt" x="-60" y="-117"/><vector name="rb" x="59" y="0"/><vector name="head" x="-10" y="-105"/><int name="delay" value="120"/></canvas><canvas name="10" width="152" height="140"><vector name="origin" x="95" y="132"/><vector name="lt" x="-60" y="-117"/><vector name="rb" x="59" y="0"/><vector name="head" x="-10" y="-105"/><int name="delay" value="120"/></canvas><canvas name="11" width="160" height="138"><vector name="origin" x="103" y="130"/><vector name="lt" x="-60" y="-117"/><vector name="rb" x="59" y="0"/><vector name="head" x="-10" y="-105"/><int name="delay" value="120"/></canvas><canvas name="12" width="159" height="137"><vector name="origin" x="105" y="131"/><vector name="lt" x="-60" y="-117"/><vector name="rb" x="59" y="0"/><vector name="head" x="-10" y="-105"/><int name="delay" value="120"/></canvas><canvas name="13" width="167" height="132"><vector name="origin" x="115" y="129"/><vector name="lt" x="-60" y="-117"/><vector name="rb" x="59" y="0"/><vector name="head" x="-10" y="-105"/><int name="delay" value="120"/></canvas><uol name="14" value="../stand/0"/><uol name="15" value="../stand/1"/><uol name="16" value="../stand/2"/><uol name="17" value="../stand/3"/><uol name="18" value="../stand/4"/><uol name="19" value="../stand/5"/><imgdir name="speak"><int name="prob" value="100"/><string name="0" value="Shoo!"/></imgdir></imgdir><imgdir name="skill1"><canvas name="0" width="155" height="140"><vector name="origin" x="80" y="130"/><vector name="lt" x="-44" y="-108"/><vector name="rb" x="49" y="0"/><vector name="head" x="-10" y="-105"/><int name="delay" value="120"/></canvas><canvas name="1" width="134" height="138"><vector name="origin" x="65" y="130"/><vector name="lt" x="-44" y="-108"/><vector name="rb" x="49" y="0"/><vector name="head" x="-10" y="-105"/><int name="delay" value="120"/></canvas><canvas name="2" width="131" height="140"><vector name="origin" x="57" y="132"/><vector name="lt" x="-44" y="-108"/><vector name="rb" x="49" y="0"/><vector name="head" x="-10" y="-105"/><int name="delay" value="120"/></canvas><canvas name="3" width="132" height="143"><vector name="origin" x="58" y="134"/><vector name="lt" x="-44" y="-108"/><vector name="rb" x="49" y="0"/><vector name="head" x="-10" y="-105"/><int name="delay" value="120"/></canvas><canvas name="4" width="143" height="149"><vector name="origin" x="64" y="139"/><vector name="lt" x="-44" y="-108"/><vector name="rb" x="49" y="0"/><vector name="head" x="-10" y="-105"/><int name="delay" value="120"/></canvas><canvas name="5" width="132" height="145"><vector name="origin" x="58" y="139"/><vector name="lt" x="-44" y="-108"/><vector name="rb" x="49" y="0"/><vector name="head" x="-10" y="-105"/><int name="delay" value="120"/></canvas><uol name="6" value="../stand/0"/><uol name="7" value="../stand/1"/><uol name="8" value="../stand/2"/><uol name="9" value="../stand/3"/><uol name="10" value="../stand/4"/><uol name="11" value="../stand/5"/></imgdir><imgdir name="hit1"><canvas name="0" width="144" height="126"><vector name="origin" x="73" y="131"/><vector name="lt" x="-36" y="-112"/><vector name="rb" x="53" y="-5"/><vector name="head" x="2" y="-109"/><int name="delay" value="600"/></canvas><imgdir name="speak"><int name="prob" value="100"/><string name="0" value="Oy Vey..."/></imgdir></imgdir><imgdir name="die1"><canvas name="0" width="144" height="126"><vector name="origin" x="72" y="131"/><vector name="head" x="2" y="-108"/><int name="delay" value="150"/></canvas><canvas name="1" width="149" height="127"><vector name="origin" x="74" y="129"/><vector name="head" x="7" y="-106"/><int name="delay" value="150"/></canvas><canvas name="2" width="153" height="127"><vector name="origin" x="76" y="128"/><vector name="head" x="12" y="-101"/><int name="delay" value="150"/></canvas><canvas name="3" width="152" height="126"><vector name="origin" x="76" y="125"/><vector name="head" x="10" y="-99"/><int name="delay" value="150"/></canvas><canvas name="4" width="152" height="127"><vector name="origin" x="76" y="124"/><vector name="head" x="14" y="-100"/><int name="delay" value="150"/></canvas><canvas name="5" width="153" height="126"><vector name="origin" x="76" y="119"/><vector name="head" x="15" y="-97"/><int name="delay" value="150"/></canvas><canvas name="6" width="155" height="126"><vector name="origin" x="76" y="117"/><vector name="head" x="19" y="-91"/><int name="delay" value="300"/></canvas><imgdir name="speak"><int name="prob" value="100"/><string name="0" value="You don&apos;t know how to respect your elders..."/></imgdir></imgdir></imgdir>