<?xml version="1.0" encoding="UTF-8" standalone="yes"?><imgdir name="3230302.img"><imgdir name="info"><int name="bodyAttack" value="1"/><int name="level" value="35"/><int name="maxHP" value="1300"/><int name="maxMP" value="0"/><int name="speed" value="0"/><int name="PADamage" value="105"/><int name="PDDamage" value="100"/><int name="MADamage" value="115"/><int name="MDDamage" value="130"/><int name="acc" value="125"/><int name="eva" value="15"/><int name="exp" value="72"/><int name="undead" value="0"/><int name="pushed" value="0"/><int name="hpRecovery" value="10"/><float name="fs" value="10.0"/><int name="summonType" value="1"/><int name="mobType" value="8"/></imgdir><imgdir name="move"><canvas name="0" width="47" height="51"><vector name="origin" x="23" y="51"/><vector name="lt" x="-23" y="-51"/><vector name="rb" x="24" y="0"/><vector name="head" x="-6" y="-46"/><int name="delay" value="110"/></canvas><canvas name="1" width="47" height="54"><vector name="origin" x="23" y="54"/><vector name="lt" x="-23" y="-54"/><vector name="rb" x="24" y="0"/><vector name="head" x="-6" y="-49"/><int name="delay" value="110"/></canvas><canvas name="2" width="47" height="54"><vector name="origin" x="23" y="54"/><vector name="lt" x="-23" y="-54"/><vector name="rb" x="24" y="0"/><vector name="head" x="-6" y="-49"/><int name="delay" value="110"/></canvas><canvas name="3" width="47" height="53"><vector name="origin" x="23" y="53"/><vector name="lt" x="-23" y="-53"/><vector name="rb" x="24" y="0"/><vector name="head" x="-6" y="-48"/><int name="delay" value="110"/></canvas><canvas name="4" width="47" height="51"><vector name="origin" x="23" y="51"/><vector name="lt" x="-23" y="-51"/><vector name="rb" x="24" y="0"/><vector name="head" x="-6" y="-46"/><int name="delay" value="110"/></canvas><canvas name="5" width="48" height="45"><vector name="origin" x="23" y="45"/><vector name="lt" x="-23" y="-45"/><vector name="rb" x="24" y="0"/><vector name="head" x="-6" y="-40"/><int name="delay" value="110"/></canvas></imgdir><imgdir name="stand"><canvas name="0" width="47" height="51"><vector name="origin" x="23" y="51"/><vector name="lt" x="-23" y="-51"/><vector name="rb" x="24" y="0"/><vector name="head" x="-6" y="-46"/><int name="delay" value="110"/></canvas><canvas name="1" width="47" height="49"><vector name="origin" x="23" y="49"/><vector name="lt" x="-23" y="-49"/><vector name="rb" x="24" y="0"/><vector name="head" x="-6" y="-44"/><int name="delay" value="110"/></canvas><canvas name="2" width="47" height="51"><vector name="origin" x="23" y="51"/><vector name="lt" x="-23" y="-51"/><vector name="rb" x="24" y="0"/><vector name="head" x="-6" y="-46"/><int name="delay" value="110"/></canvas><canvas name="3" width="47" height="64"><vector name="origin" x="23" y="64"/><vector name="lt" x="-23" y="-64"/><vector name="rb" x="24" y="0"/><vector name="head" x="-6" y="-59"/><int name="delay" value="110"/></canvas><canvas name="4" width="47" height="63"><vector name="origin" x="23" y="63"/><vector name="lt" x="-23" y="-63"/><vector name="rb" x="24" y="0"/><vector name="head" x="-6" y="-58"/><int name="delay" value="110"/></canvas><canvas name="5" width="47" height="57"><vector name="origin" x="23" y="57"/><vector name="lt" x="-23" y="-57"/><vector name="rb" x="24" y="0"/><vector name="head" x="-6" y="-52"/><int name="delay" value="110"/></canvas><canvas name="6" width="47" height="53"><vector name="origin" x="23" y="53"/><vector name="lt" x="-23" y="-53"/><vector name="rb" x="24" y="0"/><vector name="head" x="-6" y="-48"/><int name="delay" value="110"/></canvas><canvas name="7" width="47" height="58"><vector name="origin" x="23" y="58"/><vector name="lt" x="-23" y="-58"/><vector name="rb" x="24" y="0"/><vector name="head" x="-6" y="-53"/><int name="delay" value="110"/></canvas><canvas name="8" width="47" height="63"><vector name="origin" x="23" y="63"/><vector name="lt" x="-23" y="-63"/><vector name="rb" x="24" y="0"/><vector name="head" x="-6" y="-58"/><int name="delay" value="110"/></canvas><canvas name="9" width="47" height="57"><vector name="origin" x="23" y="57"/><vector name="lt" x="-23" y="-57"/><vector name="rb" x="24" y="0"/><vector name="head" x="-6" y="-52"/><int name="delay" value="110"/></canvas><canvas name="10" width="47" height="51"><vector name="origin" x="23" y="51"/><vector name="lt" x="-23" y="-51"/><vector name="rb" x="24" y="0"/><vector name="head" x="-6" y="-46"/><int name="delay" value="110"/></canvas><canvas name="11" width="47" height="58"><vector name="origin" x="23" y="58"/><vector name="lt" x="-23" y="-58"/><vector name="rb" x="24" y="0"/><vector name="head" x="-6" y="-53"/><int name="delay" value="110"/></canvas><canvas name="12" width="47" height="70"><vector name="origin" x="23" y="70"/><vector name="lt" x="-23" y="-70"/><vector name="rb" x="24" y="0"/><vector name="head" x="-6" y="-65"/><int name="delay" value="110"/></canvas><canvas name="13" width="47" height="65"><vector name="origin" x="23" y="65"/><vector name="lt" x="-23" y="-65"/><vector name="rb" x="24" y="0"/><vector name="head" x="-6" y="-60"/><int name="delay" value="110"/></canvas><canvas name="14" width="47" height="53"><vector name="origin" x="23" y="53"/><vector name="lt" x="-23" y="-53"/><vector name="rb" x="24" y="0"/><vector name="head" x="-6" y="-48"/><int name="delay" value="110"/></canvas><canvas name="15" width="47" height="48"><vector name="origin" x="23" y="48"/><vector name="lt" x="-23" y="-48"/><vector name="rb" x="24" y="0"/><vector name="head" x="-6" y="-43"/><int name="delay" value="110"/></canvas></imgdir><imgdir name="jump"><canvas name="0" width="47" height="56"><vector name="origin" x="23" y="55"/><vector name="lt" x="-23" y="-55"/><vector name="rb" x="24" y="1"/><vector name="head" x="-9" y="-50"/></canvas></imgdir><imgdir name="hit1"><canvas name="0" width="55" height="63"><vector name="origin" x="31" y="58"/><vector name="lt" x="-24" y="-58"/><vector name="rb" x="24" y="5"/><vector name="head" x="-3" y="-53"/><int name="delay" value="600"/></canvas></imgdir><imgdir name="die1"><canvas name="0" width="55" height="63"><vector name="origin" x="31" y="58"/><vector name="head" x="-3" y="-53"/><int name="delay" value="130"/></canvas><canvas name="1" width="57" height="63"><vector name="origin" x="30" y="58"/><vector name="head" x="1" y="-53"/><int name="delay" value="130"/></canvas><canvas name="2" width="48" height="58"><vector name="origin" x="23" y="53"/><vector name="head" x="-3" y="-48"/><int name="delay" value="130"/></canvas><canvas name="3" width="56" height="57"><vector name="origin" x="28" y="52"/><vector name="head" x="-8" y="-47"/><int name="delay" value="130"/></canvas><canvas name="4" width="48" height="51"><vector name="origin" x="30" y="46"/><vector name="head" x="-10" y="-41"/><int name="delay" value="130"/></canvas><canvas name="5" width="58" height="42"><vector name="origin" x="40" y="37"/><vector name="head" x="-20" y="-32"/><int name="delay" value="300"/><int name="a0" value="255"/><int name="a1" value="0"/></canvas></imgdir></imgdir>