<?xml version="1.0" encoding="UTF-8" standalone="yes"?><imgdir name="3400000.img"><imgdir name="info"><int name="bodyAttack" value="1"/><int name="level" value="35"/><int name="maxHP" value="1400"/><int name="maxMP" value="100"/><int name="speed" value="-20"/><int name="PADamage" value="110"/><int name="PDDamage" value="100"/><int name="MADamage" value="115"/><int name="MDDamage" value="115"/><int name="acc" value="90"/><int name="eva" value="16"/><int name="exp" value="80"/><int name="undead" value="0"/><int name="pushed" value="200"/><float name="fs" value="10.0"/><int name="summonType" value="1"/><string name="link" value="9410005"/></imgdir></imgdir>