<?xml version="1.0" encoding="UTF-8" standalone="yes"?><imgdir name="3400006.img"><imgdir name="info"><int name="bodyAttack" value="1"/><int name="level" value="35"/><int name="maxHP" value="200"/><int name="maxMP" value="0"/><int name="speed" value="20"/><int name="PADamage" value="50"/><int name="PDDamage" value="50"/><int name="MADamage" value="0"/><int name="MDDamage" value="50"/><int name="acc" value="80"/><int name="eva" value="15"/><int name="exp" value="5"/><int name="undead" value="0"/><int name="pushed" value="100"/><float name="fs" value="10.0"/><int name="summonType" value="1"/><int name="firstAttack" value="1"/><int name="removeAfter" value="200"/></imgdir><imgdir name="stand"><canvas name="0" width="23" height="22"><vector name="origin" x="11" y="22"/><int name="z" value="0"/><string name="delay" value="550"/><vector name="lt" x="-11" y="-22"/><vector name="rb" x="12" y="0"/><vector name="head" x="-1" y="-13"/></canvas><canvas name="1" width="23" height="23"><vector name="origin" x="11" y="23"/><int name="z" value="0"/><string name="delay" value="220"/><vector name="lt" x="-11" y="-23"/><vector name="rb" x="12" y="0"/><vector name="head" x="-1" y="-14"/></canvas><canvas name="2" width="23" height="22"><vector name="origin" x="11" y="22"/><int name="z" value="0"/><string name="delay" value="220"/><vector name="lt" x="-11" y="-22"/><vector name="rb" x="12" y="0"/><vector name="head" x="-1" y="-13"/></canvas><uol name="3" value="1"/></imgdir><imgdir name="move"><canvas name="0" width="23" height="23"><vector name="origin" x="12" y="23"/><int name="z" value="0"/><string name="delay" value="220"/><vector name="lt" x="-12" y="-23"/><vector name="rb" x="11" y="0"/><vector name="head" x="-1" y="-14"/></canvas><canvas name="1" width="23" height="23"><vector name="origin" x="11" y="23"/><int name="z" value="0"/><string name="delay" value="220"/><vector name="lt" x="-11" y="-23"/><vector name="rb" x="12" y="0"/><vector name="head" x="-1" y="-13"/></canvas></imgdir><imgdir name="hit1"><canvas name="0" width="25" height="25"><vector name="origin" x="10" y="25"/><int name="z" value="0"/><string name="delay" value="500"/><vector name="lt" x="-10" y="-25"/><vector name="rb" x="15" y="0"/><vector name="head" x="1" y="-14"/></canvas></imgdir><imgdir name="die1"><canvas name="0" width="25" height="25"><vector name="origin" x="10" y="25"/><int name="z" value="0"/><int name="delay" value="110"/><vector name="head" x="1" y="-14"/></canvas><canvas name="1" width="26" height="26"><vector name="origin" x="1" y="33"/><int name="z" value="0"/><int name="delay" value="110"/><vector name="head" x="12" y="-22"/></canvas><canvas name="2" width="25" height="25"><vector name="origin" x="-13" y="29"/><int name="z" value="0"/><int name="delay" value="110"/><vector name="head" x="26" y="-17"/></canvas><canvas name="3" width="25" height="25"><vector name="origin" x="-13" y="29"/><int name="z" value="0"/><int name="delay" value="110"/><vector name="head" x="26" y="-17"/></canvas><canvas name="4" width="25" height="25"><vector name="origin" x="-13" y="29"/><int name="z" value="0"/><int name="delay" value="110"/><vector name="head" x="26" y="-17"/></canvas><canvas name="5" width="25" height="25"><vector name="origin" x="-13" y="29"/><int name="z" value="0"/><int name="delay" value="110"/><vector name="head" x="26" y="-17"/></canvas><canvas name="6" width="25" height="25"><vector name="origin" x="-13" y="29"/><int name="z" value="0"/><int name="delay" value="300"/><vector name="head" x="26" y="-17"/><int name="a0" value="255"/><int name="a1" value="0"/></canvas></imgdir></imgdir>