<?xml version="1.0" encoding="UTF-8" standalone="yes"?><imgdir name="4130104.img"><imgdir name="info"><int name="bodyAttack" value="1"/><int name="level" value="47"/><int name="maxHP" value="2700"/><int name="maxMP" value="135"/><int name="speed" value="0"/><int name="PADamage" value="145"/><int name="PDDamage" value="170"/><int name="MADamage" value="165"/><int name="MDDamage" value="220"/><int name="acc" value="165"/><int name="eva" value="15"/><int name="exp" value="115"/><int name="undead" value="0"/><int name="pushed" value="300"/><int name="hpRecovery" value="50"/><int name="mpRecovery" value="2"/><string name="elemAttr" value="H3"/><int name="summonType" value="1"/><string name="link" value="4130102"/><int name="mobType" value="4"/></imgdir></imgdir>