<?xml version="1.0" encoding="UTF-8" standalone="yes"?><imgdir name="4230116.img"><imgdir name="info"><int name="bodyAttack" value="1"/><int name="level" value="40"/><int name="maxHP" value="1930"/><int name="maxMP" value="130"/><int name="speed" value="-10"/><int name="PADamage" value="120"/><int name="PDDamage" value="140"/><int name="MADamage" value="140"/><int name="MDDamage" value="160"/><int name="acc" value="170"/><int name="eva" value="18"/><int name="exp" value="95"/><int name="undead" value="0"/><int name="pushed" value="0"/><float name="fs" value="10.0"/><int name="summonType" value="1"/><int name="mobType" value="5"/></imgdir><imgdir name="move"><canvas name="0" width="78" height="98"><vector name="origin" x="34" y="98"/><vector name="lt" x="-34" y="-93"/><vector name="rb" x="24" y="0"/><vector name="head" x="-15" y="-58"/><int name="delay" value="120"/></canvas><canvas name="1" width="75" height="102"><vector name="origin" x="34" y="102"/><vector name="lt" x="-34" y="-92"/><vector name="rb" x="24" y="0"/><vector name="head" x="-15" y="-57"/><int name="delay" value="120"/></canvas><canvas name="2" width="68" height="109"><vector name="origin" x="34" y="109"/><vector name="lt" x="-34" y="-93"/><vector name="rb" x="24" y="0"/><vector name="head" x="-15" y="-58"/><int name="delay" value="120"/></canvas><canvas name="3" width="80" height="103"><vector name="origin" x="34" y="103"/><vector name="lt" x="-34" y="-92"/><vector name="rb" x="24" y="0"/><vector name="head" x="-15" y="-57"/><int name="delay" value="120"/></canvas></imgdir><imgdir name="stand"><canvas name="0" width="58" height="112"><vector name="origin" x="34" y="112"/><vector name="lt" x="-34" y="-96"/><vector name="rb" x="24" y="0"/><vector name="head" x="-15" y="-58"/><int name="delay" value="400"/></canvas><canvas name="1" width="58" height="112"><vector name="origin" x="34" y="112"/><vector name="lt" x="-34" y="-96"/><vector name="rb" x="24" y="0"/><vector name="head" x="-15" y="-58"/><int name="delay" value="70"/></canvas><canvas name="2" width="58" height="112"><vector name="origin" x="34" y="112"/><vector name="lt" x="-34" y="-96"/><vector name="rb" x="24" y="0"/><vector name="head" x="-15" y="-58"/><int name="delay" value="50"/></canvas><uol name="3" value="0"/><uol name="4" value="1"/><uol name="5" value="2"/><uol name="6" value="0"/><canvas name="7" width="58" height="118"><vector name="origin" x="34" y="118"/><vector name="lt" x="-34" y="-96"/><vector name="rb" x="24" y="0"/><vector name="head" x="-15" y="-58"/><int name="delay" value="120"/></canvas><canvas name="8" width="58" height="120"><vector name="origin" x="34" y="120"/><vector name="lt" x="-34" y="-96"/><vector name="rb" x="24" y="0"/><vector name="head" x="-15" y="-58"/><int name="delay" value="120"/></canvas><canvas name="9" width="58" height="120"><vector name="origin" x="34" y="120"/><vector name="lt" x="-34" y="-96"/><vector name="rb" x="24" y="0"/><vector name="head" x="-15" y="-58"/><int name="delay" value="70"/></canvas><canvas name="10" width="58" height="128"><vector name="origin" x="34" y="128"/><vector name="lt" x="-34" y="-96"/><vector name="rb" x="24" y="0"/><vector name="head" x="-15" y="-58"/><int name="delay" value="120"/></canvas><canvas name="11" width="66" height="141"><vector name="origin" x="34" y="141"/><vector name="lt" x="-34" y="-96"/><vector name="rb" x="24" y="0"/><vector name="head" x="-15" y="-58"/><int name="delay" value="120"/></canvas><canvas name="12" width="67" height="142"><vector name="origin" x="34" y="142"/><vector name="lt" x="-34" y="-96"/><vector name="rb" x="24" y="0"/><vector name="head" x="-15" y="-58"/><int name="delay" value="120"/></canvas><canvas name="13" width="66" height="141"><vector name="origin" x="34" y="141"/><vector name="lt" x="-34" y="-96"/><vector name="rb" x="24" y="0"/><vector name="head" x="-15" y="-58"/><int name="delay" value="120"/></canvas><canvas name="14" width="58" height="118"><vector name="origin" x="34" y="118"/><vector name="lt" x="-34" y="-96"/><vector name="rb" x="24" y="0"/><vector name="head" x="-15" y="-58"/><int name="delay" value="120"/></canvas></imgdir><imgdir name="jump"><canvas name="0" width="58" height="114"><vector name="origin" x="34" y="114"/><vector name="lt" x="-34" y="-93"/><vector name="rb" x="24" y="0"/><vector name="head" x="-15" y="-58"/></canvas></imgdir><imgdir name="attack1"><imgdir name="info"><imgdir name="range"><vector name="lt" x="-250" y="-110"/><vector name="rb" x="0" y="0"/></imgdir><imgdir name="effect"><canvas name="0" width="41" height="41"><vector name="origin" x="61" y="41"/><int name="delay" value="100"/></canvas><canvas name="1" width="54" height="41"><vector name="origin" x="75" y="41"/><int name="delay" value="100"/></canvas><canvas name="2" width="82" height="41"><vector name="origin" x="116" y="41"/><int name="delay" value="100"/></canvas><canvas name="3" width="134" height="41"><vector name="origin" x="195" y="41"/><int name="delay" value="100"/></canvas><canvas name="4" width="82" height="41"><vector name="origin" x="223" y="41"/><int name="delay" value="100"/></canvas><canvas name="5" width="54" height="41"><vector name="origin" x="239" y="41"/><int name="delay" value="100"/></canvas><canvas name="6" width="41" height="41"><vector name="origin" x="250" y="41"/><int name="delay" value="100"/></canvas><canvas name="7" width="39" height="39"><vector name="origin" x="249" y="40"/><int name="delay" value="100"/></canvas></imgdir><imgdir name="hit"><canvas name="0" width="112" height="112"><vector name="origin" x="56" y="56"/><int name="delay" value="120"/></canvas><canvas name="1" width="158" height="162"><vector name="origin" x="81" y="81"/><int name="delay" value="120"/></canvas><canvas name="2" width="93" height="93"><vector name="origin" x="46" y="46"/><int name="delay" value="120"/><int name="a0" value="255"/><int name="a1" value="0"/></canvas></imgdir><int name="type" value="0"/><int name="conMP" value="2"/><int name="attackAfter" value="1060"/><int name="effectAfter" value="420"/><int name="magic" value="1"/></imgdir><canvas name="0" width="65" height="106"><vector name="origin" x="41" y="106"/><vector name="lt" x="-41" y="-85"/><vector name="rb" x="17" y="0"/><vector name="head" x="-21" y="-54"/><int name="delay" value="140"/></canvas><canvas name="1" width="72" height="100"><vector name="origin" x="42" y="100"/><vector name="lt" x="-42" y="-80"/><vector name="rb" x="23" y="0"/><vector name="head" x="-23" y="-48"/><int name="delay" value="140"/></canvas><canvas name="2" width="77" height="93"><vector name="origin" x="44" y="93"/><vector name="lt" x="-44" y="-78"/><vector name="rb" x="23" y="0"/><vector name="head" x="-24" y="-46"/><int name="delay" value="140"/></canvas><canvas name="3" width="122" height="110"><vector name="origin" x="60" y="88"/><vector name="lt" x="-45" y="-78"/><vector name="rb" x="17" y="0"/><vector name="head" x="-24" y="-46"/><int name="delay" value="140"/></canvas><canvas name="4" width="122" height="113"><vector name="origin" x="60" y="91"/><vector name="lt" x="-45" y="-78"/><vector name="rb" x="17" y="0"/><vector name="head" x="-24" y="-46"/><int name="delay" value="140"/></canvas><canvas name="5" width="78" height="122"><vector name="origin" x="61" y="105"/><vector name="lt" x="-41" y="-85"/><vector name="rb" x="17" y="0"/><vector name="head" x="-21" y="-54"/><int name="delay" value="140"/></canvas><uol name="6" value="../stand/0"/><uol name="7" value="../stand/1"/><uol name="8" value="../stand/2"/><uol name="9" value="../stand/0"/><uol name="10" value="../stand/1"/><uol name="11" value="../stand/2"/></imgdir><imgdir name="hit1"><canvas name="0" width="68" height="85"><vector name="origin" x="45" y="85"/><vector name="lt" x="-42" y="-80"/><vector name="rb" x="23" y="0"/><vector name="head" x="-23" y="-45"/><int name="delay" value="600"/></canvas></imgdir><imgdir name="die1"><canvas name="0" width="58" height="96"><vector name="origin" x="34" y="96"/><vector name="head" x="-15" y="-58"/><int name="delay" value="120"/></canvas><canvas name="1" width="60" height="98"><vector name="origin" x="35" y="97"/><vector name="head" x="-15" y="-58"/><int name="delay" value="120"/></canvas><canvas name="2" width="60" height="98"><vector name="origin" x="35" y="97"/><vector name="head" x="-15" y="-58"/><int name="delay" value="120"/></canvas><canvas name="3" width="60" height="98"><vector name="origin" x="35" y="97"/><vector name="head" x="-15" y="-58"/><int name="delay" value="120"/></canvas><canvas name="4" width="60" height="98"><vector name="origin" x="35" y="97"/><vector name="head" x="-15" y="-58"/><int name="delay" value="120"/></canvas><canvas name="5" width="60" height="98"><vector name="origin" x="35" y="97"/><vector name="head" x="-15" y="-58"/><int name="delay" value="120"/></canvas><canvas name="6" width="60" height="98"><vector name="origin" x="35" y="97"/><vector name="head" x="-15" y="-58"/><int name="delay" value="120"/></canvas><canvas name="7" width="58" height="96"><vector name="origin" x="34" y="96"/><vector name="head" x="-15" y="-58"/><int name="delay" value="300"/><int name="a0" value="255"/><int name="a1" value="0"/></canvas></imgdir></imgdir>