<?xml version="1.0" encoding="UTF-8" standalone="yes"?><imgdir name="4230113.img"><imgdir name="info"><int name="bodyAttack" value="1"/><int name="level" value="40"/><int name="maxHP" value="1900"/><int name="maxMP" value="50"/><int name="speed" value="-60"/><int name="PADamage" value="120"/><int name="PDDamage" value="160"/><int name="MADamage" value="0"/><int name="MDDamage" value="170"/><int name="acc" value="115"/><int name="eva" value="20"/><int name="exp" value="95"/><int name="undead" value="0"/><int name="pushed" value="0"/><float name="fs" value="10.0"/><int name="summonType" value="1"/><int name="mobType" value="5"/></imgdir><imgdir name="move"><canvas name="0" width="61" height="63"><vector name="origin" x="30" y="63"/><vector name="lt" x="-30" y="-63"/><vector name="rb" x="31" y="0"/><vector name="head" x="-13" y="-21"/><int name="delay" value="100"/></canvas><canvas name="1" width="61" height="64"><vector name="origin" x="29" y="64"/><vector name="lt" x="-29" y="-64"/><vector name="rb" x="32" y="0"/><vector name="head" x="-11" y="-22"/><int name="delay" value="100"/></canvas><canvas name="2" width="61" height="67"><vector name="origin" x="26" y="67"/><vector name="lt" x="-26" y="-67"/><vector name="rb" x="35" y="0"/><vector name="head" x="-8" y="-30"/><int name="delay" value="100"/></canvas><canvas name="3" width="62" height="66"><vector name="origin" x="30" y="66"/><vector name="lt" x="-30" y="-66"/><vector name="rb" x="32" y="0"/><vector name="head" x="-11" y="-27"/><int name="delay" value="100"/></canvas><canvas name="4" width="61" height="60"><vector name="origin" x="32" y="60"/><vector name="lt" x="-32" y="-60"/><vector name="rb" x="29" y="0"/><vector name="head" x="-12" y="-22"/><int name="delay" value="100"/></canvas><canvas name="5" width="61" height="61"><vector name="origin" x="31" y="61"/><vector name="lt" x="-31" y="-61"/><vector name="rb" x="30" y="0"/><vector name="head" x="-12" y="-21"/><int name="delay" value="100"/></canvas></imgdir><imgdir name="stand"><canvas name="0" width="61" height="63"><vector name="origin" x="30" y="63"/><vector name="lt" x="-30" y="-63"/><vector name="rb" x="31" y="0"/><vector name="head" x="-13" y="-21"/><int name="delay" value="100"/></canvas><canvas name="1" width="61" height="65"><vector name="origin" x="30" y="65"/><vector name="lt" x="-30" y="-65"/><vector name="rb" x="31" y="0"/><vector name="head" x="-13" y="-22"/><int name="delay" value="100"/></canvas><canvas name="2" width="61" height="63"><vector name="origin" x="30" y="63"/><vector name="lt" x="-30" y="-63"/><vector name="rb" x="31" y="0"/><vector name="head" x="-13" y="-23"/><int name="delay" value="100"/></canvas><canvas name="3" width="61" height="61"><vector name="origin" x="30" y="61"/><vector name="lt" x="-30" y="-61"/><vector name="rb" x="31" y="0"/><vector name="head" x="-13" y="-22"/><int name="delay" value="100"/></canvas><canvas name="4" width="61" height="59"><vector name="origin" x="30" y="59"/><vector name="lt" x="-30" y="-59"/><vector name="rb" x="31" y="0"/><vector name="head" x="-13" y="-21"/><int name="delay" value="100"/></canvas><canvas name="5" width="61" height="61"><vector name="origin" x="30" y="61"/><vector name="lt" x="-30" y="-61"/><vector name="rb" x="31" y="0"/><vector name="head" x="-13" y="-21"/><int name="delay" value="100"/></canvas><canvas name="6" width="61" height="63"><vector name="origin" x="30" y="63"/><vector name="lt" x="-30" y="-63"/><vector name="rb" x="31" y="0"/><vector name="head" x="-13" y="-21"/><int name="delay" value="100"/></canvas><canvas name="7" width="61" height="65"><vector name="origin" x="30" y="65"/><vector name="lt" x="-30" y="-65"/><vector name="rb" x="31" y="0"/><vector name="head" x="-13" y="-22"/><int name="delay" value="100"/></canvas><canvas name="8" width="61" height="63"><vector name="origin" x="30" y="63"/><vector name="lt" x="-30" y="-63"/><vector name="rb" x="31" y="0"/><vector name="head" x="-13" y="-23"/><int name="delay" value="100"/></canvas><canvas name="9" width="61" height="61"><vector name="origin" x="30" y="61"/><vector name="lt" x="-30" y="-61"/><vector name="rb" x="31" y="0"/><vector name="head" x="-13" y="-22"/><int name="delay" value="100"/></canvas><canvas name="10" width="61" height="59"><vector name="origin" x="30" y="59"/><vector name="lt" x="-30" y="-59"/><vector name="rb" x="31" y="0"/><vector name="head" x="-13" y="-21"/><int name="delay" value="100"/></canvas><canvas name="11" width="61" height="61"><vector name="origin" x="30" y="61"/><vector name="lt" x="-30" y="-61"/><vector name="rb" x="31" y="0"/><vector name="head" x="-13" y="-21"/><int name="delay" value="100"/></canvas></imgdir><imgdir name="hit1"><canvas name="0" width="70" height="70"><vector name="origin" x="35" y="70"/><vector name="lt" x="-32" y="-70"/><vector name="rb" x="35" y="0"/><vector name="head" x="-12" y="-24"/><int name="delay" value="600"/></canvas></imgdir><imgdir name="die1"><canvas name="0" width="70" height="70"><vector name="origin" x="35" y="70"/><vector name="head" x="-12" y="-24"/><int name="delay" value="130"/></canvas><canvas name="1" width="73" height="73"><vector name="origin" x="38" y="73"/><vector name="head" x="-12" y="-25"/><int name="delay" value="130"/></canvas><canvas name="2" width="75" height="77"><vector name="origin" x="40" y="77"/><vector name="head" x="-12" y="-27"/><int name="delay" value="130"/></canvas><canvas name="3" width="70" height="76"><vector name="origin" x="37" y="76"/><vector name="head" x="-14" y="-26"/><int name="delay" value="130"/></canvas><canvas name="4" width="70" height="74"><vector name="origin" x="38" y="74"/><vector name="head" x="-15" y="-24"/><int name="delay" value="130"/></canvas><canvas name="5" width="77" height="72"><vector name="origin" x="39" y="72"/><vector name="head" x="-17" y="-22"/><int name="delay" value="130"/></canvas><canvas name="6" width="69" height="69"><vector name="origin" x="39" y="69"/><vector name="head" x="-17" y="-19"/><int name="delay" value="130"/></canvas><canvas name="7" width="69" height="67"><vector name="origin" x="39" y="67"/><vector name="head" x="-17" y="-19"/><int name="delay" value="300"/><int name="a0" value="255"/><int name="a1" value="0"/></canvas></imgdir></imgdir>