<?xml version="1.0" encoding="UTF-8" standalone="yes"?><imgdir name="4230102.img"><imgdir name="info"><int name="bodyAttack" value="1"/><int name="level" value="48"/><int name="maxHP" value="2800"/><int name="maxMP" value="80"/><int name="speed" value="15"/><int name="PADamage" value="155"/><int name="PDDamage" value="180"/><int name="MADamage" value="0"/><int name="MDDamage" value="180"/><int name="acc" value="130"/><int name="eva" value="20"/><int name="exp" value="120"/><int name="undead" value="1"/><int name="pushed" value="300"/><string name="elemAttr" value="H3"/><int name="hpRecovery" value="50"/><float name="fs" value="10.0"/><int name="summonType" value="1"/><int name="mobType" value="7"/></imgdir><imgdir name="move"><canvas name="0" width="67" height="63"><vector name="origin" x="33" y="79"/><vector name="lt" x="-33" y="-79"/><vector name="rb" x="34" y="-16"/><int name="delay" value="150"/><vector name="head" x="-13" y="-73"/></canvas><canvas name="1" width="65" height="60"><vector name="origin" x="34" y="75"/><vector name="lt" x="-34" y="-75"/><vector name="rb" x="31" y="-15"/><int name="delay" value="150"/><vector name="head" x="-13" y="-73"/></canvas><canvas name="2" width="67" height="60"><vector name="origin" x="33" y="76"/><vector name="lt" x="-33" y="-76"/><vector name="rb" x="34" y="-16"/><int name="delay" value="100"/><vector name="head" x="-13" y="-73"/></canvas><canvas name="3" width="70" height="60"><vector name="origin" x="33" y="76"/><vector name="lt" x="-33" y="-76"/><vector name="rb" x="37" y="-16"/><int name="delay" value="150"/><vector name="head" x="-13" y="-73"/></canvas></imgdir><imgdir name="stand"><canvas name="0" width="70" height="58"><vector name="origin" x="35" y="74"/><vector name="lt" x="-35" y="-74"/><vector name="rb" x="35" y="-16"/><vector name="head" x="-17" y="-68"/></canvas></imgdir><imgdir name="jump"><canvas name="0" width="67" height="60"><vector name="origin" x="33" y="76"/><vector name="lt" x="-33" y="-76"/><vector name="rb" x="34" y="-16"/><vector name="head" x="-13" y="-70"/></canvas></imgdir><imgdir name="hit1"><canvas name="0" width="56" height="83"><vector name="origin" x="28" y="98"/><vector name="lt" x="-28" y="-98"/><vector name="rb" x="28" y="-15"/><int name="delay" value="600"/><vector name="head" x="-10" y="-76"/></canvas></imgdir><imgdir name="die1"><canvas name="0" width="59" height="83"><vector name="origin" x="31" y="98"/><vector name="head" x="-8" y="-68"/><int name="delay" value="130"/></canvas><canvas name="1" width="81" height="85"><vector name="origin" x="39" y="98"/><vector name="head" x="-8" y="-68"/><int name="delay" value="130"/></canvas><canvas name="2" width="84" height="65"><vector name="origin" x="42" y="78"/><vector name="head" x="-8" y="-68"/><int name="delay" value="130"/></canvas><canvas name="3" width="87" height="72"><vector name="origin" x="45" y="82"/><vector name="head" x="-8" y="-68"/><int name="delay" value="130"/></canvas><canvas name="4" width="87" height="76"><vector name="origin" x="45" y="85"/><vector name="head" x="-8" y="-68"/><int name="delay" value="130"/></canvas><canvas name="5" width="92" height="77"><vector name="origin" x="48" y="85"/><vector name="head" x="-8" y="-68"/><int name="delay" value="300"/><int name="a0" value="255"/><int name="a1" value="0"/></canvas></imgdir></imgdir>