<?xml version="1.0" encoding="UTF-8" standalone="yes"?><imgdir name="4300010.img"><imgdir name="info"><int name="bodyAttack" value="1"/><int name="level" value="47"/><int name="maxHP" value="2700"/><int name="maxMP" value="250"/><int name="speed" value="-20"/><int name="PADamage" value="155"/><int name="PDDamage" value="175"/><int name="MADamage" value="165"/><int name="MDDamage" value="190"/><int name="acc" value="135"/><int name="eva" value="21"/><int name="exp" value="133"/><int name="undead" value="0"/><int name="pushed" value="400"/><float name="fs" value="10.0"/><int name="summonType" value="0"/></imgdir><imgdir name="stand"><canvas name="0" width="35" height="44"><vector name="origin" x="16" y="44"/><vector name="lt" x="-16" y="-44"/><vector name="rb" x="19" y="0"/><vector name="head" x="-1" y="-22"/><int name="delay" value="110"/><int name="z" value="0"/></canvas><canvas name="1" width="35" height="45"><vector name="origin" x="16" y="45"/><vector name="head" x="-1" y="-22"/><vector name="lt" x="-16" y="-45"/><vector name="rb" x="19" y="0"/><int name="delay" value="110"/><int name="z" value="0"/></canvas><canvas name="2" width="35" height="46"><vector name="origin" x="17" y="46"/><vector name="head" x="-2" y="-22"/><vector name="lt" x="-17" y="-46"/><vector name="rb" x="18" y="0"/><int name="delay" value="110"/><int name="z" value="0"/></canvas><canvas name="3" width="35" height="45"><vector name="origin" x="17" y="45"/><vector name="head" x="-2" y="-22"/><vector name="lt" x="-17" y="-45"/><vector name="rb" x="18" y="0"/><int name="delay" value="110"/><int name="z" value="0"/></canvas><canvas name="4" width="35" height="44"><vector name="origin" x="16" y="44"/><vector name="head" x="-1" y="-22"/><vector name="lt" x="-16" y="-44"/><vector name="rb" x="19" y="0"/><int name="delay" value="110"/><int name="z" value="0"/></canvas><canvas name="5" width="35" height="45"><vector name="origin" x="16" y="45"/><vector name="head" x="-1" y="-22"/><vector name="lt" x="-16" y="-45"/><vector name="rb" x="19" y="0"/><int name="delay" value="110"/><int name="z" value="0"/></canvas><canvas name="6" width="35" height="46"><vector name="origin" x="15" y="46"/><vector name="head" x="0" y="-22"/><vector name="lt" x="-15" y="-46"/><vector name="rb" x="20" y="0"/><int name="delay" value="110"/><int name="z" value="0"/></canvas><canvas name="7" width="35" height="45"><vector name="origin" x="15" y="45"/><vector name="head" x="0" y="-22"/><vector name="lt" x="-15" y="-45"/><vector name="rb" x="20" y="0"/><int name="delay" value="110"/><int name="z" value="0"/></canvas></imgdir><imgdir name="move"><canvas name="0" width="35" height="44"><vector name="origin" x="16" y="44"/><vector name="lt" x="-16" y="-44"/><vector name="rb" x="19" y="0"/><vector name="head" x="-1" y="-22"/><int name="delay" value="170"/><int name="z" value="0"/></canvas><canvas name="1" width="43" height="49"><vector name="origin" x="16" y="45"/><vector name="lt" x="-16" y="-45"/><vector name="rb" x="27" y="4"/><vector name="head" x="-1" y="-22"/><int name="delay" value="170"/><int name="z" value="0"/></canvas><canvas name="2" width="44" height="50"><vector name="origin" x="16" y="46"/><vector name="lt" x="-16" y="-46"/><vector name="rb" x="28" y="4"/><vector name="head" x="-1" y="-21"/><int name="delay" value="170"/><int name="z" value="0"/></canvas><canvas name="3" width="41" height="48"><vector name="origin" x="17" y="45"/><vector name="lt" x="-17" y="-45"/><vector name="rb" x="24" y="3"/><vector name="head" x="-1" y="-21"/><int name="delay" value="170"/><int name="z" value="0"/></canvas></imgdir><imgdir name="attack1"><imgdir name="info"><imgdir name="range"><vector name="lt" x="-94" y="-103"/><vector name="rb" x="29" y="16"/></imgdir><imgdir name="hit"><canvas name="0" width="24" height="24"><vector name="origin" x="11" y="26"/><int name="delay" value="110"/></canvas><canvas name="1" width="21" height="21"><vector name="origin" x="6" y="27"/><int name="delay" value="110"/></canvas><canvas name="2" width="27" height="21"><vector name="origin" x="2" y="29"/><int name="delay" value="110"/></canvas><canvas name="3" width="24" height="27"><vector name="origin" x="-9" y="36"/><int name="delay" value="110"/></canvas><canvas name="4" width="41" height="23"><vector name="origin" x="15" y="41"/><int name="delay" value="110"/></canvas><canvas name="5" width="40" height="31"><vector name="origin" x="32" y="51"/><int name="delay" value="110"/></canvas><canvas name="6" width="36" height="29"><vector name="origin" x="28" y="65"/><int name="delay" value="110"/></canvas><canvas name="7" width="23" height="12"><vector name="origin" x="-2" y="72"/><int name="delay" value="110"/></canvas><int name="attach" value="1"/></imgdir><int name="type" value="0"/><int name="conMP" value="5"/><int name="attackAfter" value="1520"/><int name="effectAfter" value="1040"/><int name="magic" value="1"/></imgdir><canvas name="0" width="35" height="48"><vector name="origin" x="16" y="48"/><vector name="lt" x="-16" y="-48"/><vector name="rb" x="19" y="0"/><vector name="head" x="-1" y="-22"/><int name="delay" value="110"/></canvas><canvas name="1" width="67" height="68"><vector name="origin" x="31" y="50"/><vector name="lt" x="-31" y="-50"/><vector name="rb" x="36" y="18"/><vector name="head" x="-1" y="-22"/><int name="delay" value="110"/></canvas><canvas name="2" width="63" height="66"><vector name="origin" x="30" y="50"/><vector name="lt" x="-30" y="-50"/><vector name="rb" x="33" y="16"/><vector name="head" x="-1" y="-22"/><int name="delay" value="110"/></canvas><canvas name="3" width="118" height="64"><vector name="origin" x="57" y="49"/><vector name="lt" x="-57" y="-49"/><vector name="rb" x="61" y="15"/><vector name="head" x="-1" y="-22"/><int name="delay" value="110"/></canvas><canvas name="4" width="124" height="78"><vector name="origin" x="60" y="67"/><vector name="lt" x="-60" y="-67"/><vector name="rb" x="64" y="11"/><vector name="head" x="-1" y="-22"/><int name="delay" value="110"/></canvas><canvas name="5" width="114" height="110"><vector name="origin" x="56" y="65"/><vector name="lt" x="-56" y="-65"/><vector name="rb" x="58" y="45"/><vector name="head" x="-1" y="-22"/><int name="delay" value="110"/></canvas><canvas name="6" width="106" height="105"><vector name="origin" x="52" y="66"/><vector name="lt" x="-52" y="-66"/><vector name="rb" x="54" y="39"/><vector name="head" x="-1" y="-22"/><int name="delay" value="110"/></canvas><canvas name="7" width="78" height="88"><vector name="origin" x="38" y="63"/><vector name="lt" x="-38" y="-63"/><vector name="rb" x="40" y="25"/><vector name="head" x="-1" y="-22"/><int name="delay" value="110"/></canvas><canvas name="8" width="66" height="71"><vector name="origin" x="30" y="56"/><vector name="lt" x="-30" y="-56"/><vector name="rb" x="36" y="15"/><vector name="head" x="-1" y="-22"/><int name="delay" value="110"/></canvas><canvas name="9" width="57" height="59"><vector name="origin" x="28" y="49"/><vector name="lt" x="-28" y="-49"/><vector name="rb" x="29" y="10"/><vector name="head" x="-1" y="-22"/><int name="delay" value="110"/></canvas><canvas name="10" width="44" height="55"><vector name="origin" x="20" y="50"/><vector name="lt" x="-20" y="-50"/><vector name="rb" x="24" y="5"/><vector name="head" x="-1" y="-22"/><int name="delay" value="110"/></canvas><canvas name="11" width="35" height="49"><vector name="origin" x="16" y="49"/><vector name="lt" x="-16" y="-49"/><vector name="rb" x="19" y="0"/><vector name="head" x="-1" y="-22"/><int name="delay" value="110"/></canvas></imgdir><imgdir name="hit1"><canvas name="0" width="35" height="44"><vector name="origin" x="16" y="44"/><vector name="lt" x="-16" y="-44"/><vector name="rb" x="19" y="0"/><vector name="head" x="-1" y="-22"/><int name="delay" value="550"/><int name="z" value="0"/></canvas><canvas name="1" width="46" height="45"><vector name="origin" x="7" y="49"/><vector name="lt" x="-7" y="-49"/><vector name="rb" x="39" y="-4"/><vector name="head" x="14" y="-27"/><int name="delay" value="550"/><int name="z" value="0"/></canvas></imgdir><imgdir name="die1"><canvas name="0" width="35" height="44"><vector name="origin" x="16" y="44"/><vector name="head" x="-1" y="-22"/><vector name="lt" x="-16" y="-44"/><vector name="rb" x="19" y="0"/><int name="delay" value="220"/><int name="z" value="0"/></canvas><canvas name="1" width="46" height="45"><vector name="origin" x="9" y="51"/><vector name="head" x="12" y="-29"/><vector name="lt" x="-9" y="-51"/><vector name="rb" x="37" y="-6"/><int name="delay" value="110"/><int name="z" value="0"/></canvas><canvas name="2" width="51" height="48"><vector name="origin" x="10" y="55"/><vector name="head" x="14" y="-30"/><vector name="lt" x="-10" y="-55"/><vector name="rb" x="41" y="-7"/><int name="delay" value="110"/><int name="z" value="0"/></canvas><canvas name="3" width="50" height="51"><vector name="origin" x="6" y="57"/><vector name="head" x="15" y="-29"/><vector name="lt" x="-6" y="-57"/><vector name="rb" x="44" y="-6"/><int name="delay" value="110"/><int name="z" value="0"/></canvas><canvas name="4" width="39" height="56"><vector name="origin" x="-4" y="60"/><vector name="head" x="22" y="-23"/><vector name="lt" x="4" y="-60"/><vector name="rb" x="43" y="-4"/><int name="delay" value="110"/><int name="z" value="0"/></canvas><canvas name="5" width="37" height="14"><vector name="origin" x="-3" y="17"/><vector name="head" x="21" y="-13"/><vector name="lt" x="3" y="-17"/><vector name="rb" x="40" y="-3"/><int name="delay" value="110"/><int name="z" value="0"/></canvas><canvas name="6" width="37" height="13"><vector name="origin" x="-3" y="15"/><vector name="head" x="22" y="-10"/><vector name="lt" x="3" y="-15"/><vector name="rb" x="40" y="-2"/><int name="delay" value="110"/><int name="z" value="0"/></canvas><canvas name="7" width="37" height="13"><vector name="origin" x="-3" y="15"/><vector name="head" x="23" y="-11"/><vector name="lt" x="3" y="-15"/><vector name="rb" x="40" y="-2"/><int name="delay" value="110"/><int name="z" value="0"/></canvas><canvas name="8" width="37" height="13"><vector name="origin" x="-3" y="15"/><vector name="head" x="22" y="-10"/><vector name="lt" x="3" y="-15"/><vector name="rb" x="40" y="-2"/><int name="delay" value="110"/><int name="z" value="0"/></canvas><canvas name="9" width="37" height="13"><vector name="origin" x="-3" y="15"/><vector name="head" x="23" y="-11"/><vector name="lt" x="3" y="-15"/><vector name="rb" x="40" y="-2"/><int name="delay" value="110"/><int name="z" value="0"/></canvas><canvas name="10" width="37" height="13"><vector name="origin" x="-3" y="15"/><vector name="head" x="22" y="-10"/><vector name="lt" x="3" y="-15"/><vector name="rb" x="40" y="-2"/><int name="delay" value="110"/><int name="z" value="0"/></canvas></imgdir></imgdir>