<?xml version="1.0" encoding="UTF-8" standalone="yes"?><imgdir name="4300000.img"><imgdir name="info"><int name="bodyAttack" value="0"/><int name="level" value="40"/><int name="maxHP" value="1"/><int name="maxMP" value="100"/><int name="speed" value="-20"/><int name="PADamage" value="130"/><int name="PDDamage" value="150"/><int name="MADamage" value="0"/><int name="MDDamage" value="150"/><int name="acc" value="110"/><int name="eva" value="18"/><int name="exp" value="0"/><int name="undead" value="0"/><int name="pushed" value="300"/><float name="fs" value="10.0"/><int name="summonType" value="1"/><imgdir name="revive"><int name="0" value="4300001"/></imgdir></imgdir><imgdir name="stand"><canvas name="0" width="44" height="20"><vector name="origin" x="25" y="20"/><vector name="lt" x="-25" y="-20"/><vector name="rb" x="19" y="0"/><vector name="head" x="-8" y="-13"/><int name="z" value="0"/><string name="delay" value="110"/></canvas><canvas name="1" width="58" height="29"><vector name="origin" x="25" y="29"/><vector name="lt" x="-25" y="-29"/><vector name="rb" x="33" y="0"/><vector name="head" x="-8" y="-13"/><int name="z" value="0"/><string name="delay" value="110"/></canvas><canvas name="2" width="58" height="40"><vector name="origin" x="25" y="40"/><vector name="lt" x="-25" y="-40"/><vector name="rb" x="33" y="0"/><vector name="head" x="-8" y="-13"/><int name="z" value="0"/><string name="delay" value="170"/></canvas><canvas name="3" width="45" height="42"><vector name="origin" x="26" y="42"/><vector name="lt" x="-26" y="-42"/><vector name="rb" x="19" y="0"/><vector name="head" x="-8" y="-13"/><int name="z" value="0"/><string name="delay" value="170"/></canvas><canvas name="4" width="47" height="44"><vector name="origin" x="28" y="44"/><vector name="lt" x="-28" y="-44"/><vector name="rb" x="19" y="0"/><vector name="head" x="-8" y="-13"/><int name="z" value="0"/><string name="delay" value="110"/></canvas><canvas name="5" width="48" height="45"><vector name="origin" x="29" y="45"/><vector name="lt" x="-29" y="-45"/><vector name="rb" x="19" y="0"/><vector name="head" x="-8" y="-13"/><int name="z" value="0"/><string name="delay" value="110"/></canvas><canvas name="6" width="52" height="40"><vector name="origin" x="33" y="40"/><vector name="lt" x="-33" y="-40"/><vector name="rb" x="19" y="0"/><vector name="head" x="-8" y="-13"/><int name="z" value="0"/><string name="delay" value="110"/></canvas></imgdir><imgdir name="die1"><canvas name="0" width="102" height="54"><vector name="origin" x="61" y="48"/><int name="z" value="0"/><string name="delay" value="170"/><vector name="head" x="-12" y="-18"/></canvas><canvas name="1" width="97" height="55"><vector name="origin" x="54" y="50"/><int name="z" value="0"/><string name="delay" value="170"/><vector name="head" x="-12" y="-18"/></canvas><canvas name="2" width="107" height="63"><vector name="origin" x="62" y="55"/><int name="z" value="0"/><string name="delay" value="170"/><vector name="head" x="-12" y="-18"/></canvas><canvas name="3" width="111" height="64"><vector name="origin" x="70" y="57"/><int name="z" value="0"/><string name="delay" value="170"/><vector name="head" x="-12" y="-18"/></canvas><canvas name="4" width="102" height="54"><vector name="origin" x="68" y="46"/><int name="z" value="0"/><string name="delay" value="170"/><vector name="head" x="-12" y="-18"/></canvas><canvas name="5" width="97" height="55"><vector name="origin" x="54" y="50"/><int name="z" value="0"/><string name="delay" value="170"/><vector name="head" x="-12" y="-18"/></canvas><canvas name="6" width="107" height="63"><vector name="origin" x="67" y="55"/><int name="z" value="0"/><string name="delay" value="170"/><vector name="head" x="-12" y="-18"/></canvas><canvas name="7" width="111" height="64"><vector name="origin" x="70" y="57"/><int name="z" value="0"/><string name="delay" value="170"/><vector name="head" x="-12" y="-18"/></canvas><canvas name="8" width="102" height="54"><vector name="origin" x="68" y="46"/><int name="z" value="0"/><string name="delay" value="170"/><vector name="head" x="-12" y="-18"/></canvas><canvas name="9" width="97" height="55"><vector name="origin" x="54" y="50"/><int name="z" value="0"/><string name="delay" value="170"/><vector name="head" x="-12" y="-18"/></canvas><canvas name="10" width="107" height="63"><vector name="origin" x="67" y="55"/><int name="z" value="0"/><string name="delay" value="170"/><vector name="head" x="-12" y="-18"/></canvas><canvas name="11" width="111" height="64"><vector name="origin" x="70" y="57"/><int name="z" value="0"/><string name="delay" value="170"/><vector name="head" x="-12" y="-18"/></canvas><canvas name="12" width="102" height="54"><vector name="origin" x="61" y="48"/><int name="z" value="0"/><string name="delay" value="170"/><vector name="head" x="-12" y="-18"/></canvas><canvas name="13" width="97" height="55"><vector name="origin" x="61" y="47"/><int name="z" value="0"/><string name="delay" value="170"/><vector name="head" x="-12" y="-18"/></canvas></imgdir></imgdir>