<?xml version="1.0" encoding="UTF-8" standalone="yes"?><imgdir name="5110300.img"><imgdir name="info"><int name="bodyAttack" value="1"/><int name="level" value="50"/><int name="maxHP" value="3000"/><int name="maxMP" value="40"/><int name="speed" value="-20"/><int name="PADamage" value="140"/><int name="PDDamage" value="170"/><int name="MADamage" value="0"/><int name="MDDamage" value="200"/><int name="acc" value="80"/><int name="eva" value="15"/><int name="exp" value="135"/><int name="undead" value="0"/><int name="pushed" value="300"/><float name="fs" value="10.0"/><int name="summonType" value="1"/><int name="mobType" value="8"/></imgdir><imgdir name="move"><canvas name="0" width="67" height="56"><vector name="origin" x="37" y="62"/><vector name="lt" x="-26" y="-56"/><vector name="rb" x="25" y="-8"/><vector name="head" x="0" y="-49"/><int name="delay" value="150"/></canvas><canvas name="1" width="67" height="57"><vector name="origin" x="36" y="62"/><vector name="lt" x="-28" y="-59"/><vector name="rb" x="25" y="-8"/><vector name="head" x="0" y="-50"/><int name="delay" value="150"/></canvas><canvas name="2" width="67" height="61"><vector name="origin" x="35" y="64"/><vector name="lt" x="-25" y="-60"/><vector name="rb" x="25" y="-6"/><vector name="head" x="0" y="-51"/><int name="delay" value="150"/></canvas><canvas name="3" width="65" height="57"><vector name="origin" x="34" y="62"/><vector name="lt" x="-28" y="-59"/><vector name="rb" x="25" y="-8"/><vector name="head" x="0" y="-50"/><int name="delay" value="150"/></canvas><canvas name="4" width="65" height="54"><vector name="origin" x="35" y="60"/><vector name="lt" x="-28" y="-58"/><vector name="rb" x="25" y="-9"/><vector name="head" x="0" y="-49"/><int name="delay" value="150"/></canvas><canvas name="5" width="65" height="53"><vector name="origin" x="36" y="60"/><vector name="lt" x="-27" y="-57"/><vector name="rb" x="25" y="-9"/><vector name="head" x="0" y="-48"/><int name="delay" value="150"/></canvas></imgdir><imgdir name="stand"><canvas name="0" width="65" height="52"><vector name="origin" x="35" y="60"/><int name="delay" value="150"/><vector name="lt" x="-27" y="-58"/><vector name="rb" x="26" y="-11"/><vector name="head" x="0" y="-49"/></canvas><canvas name="1" width="67" height="53"><vector name="origin" x="36" y="62"/><int name="delay" value="150"/><vector name="lt" x="-28" y="-59"/><vector name="rb" x="25" y="-12"/><vector name="head" x="0" y="-50"/></canvas><canvas name="2" width="69" height="56"><vector name="origin" x="37" y="64"/><int name="delay" value="150"/><vector name="lt" x="-28" y="-60"/><vector name="rb" x="25" y="-11"/><vector name="head" x="0" y="-51"/></canvas><canvas name="3" width="67" height="65"><vector name="origin" x="36" y="62"/><int name="delay" value="270"/><vector name="lt" x="-26" y="-58"/><vector name="rb" x="23" y="-1"/><vector name="head" x="0" y="-50"/></canvas><canvas name="4" width="65" height="64"><vector name="origin" x="35" y="60"/><int name="delay" value="180"/><vector name="lt" x="-25" y="-57"/><vector name="rb" x="24" y="0"/><vector name="head" x="0" y="-49"/></canvas><canvas name="5" width="63" height="63"><vector name="origin" x="34" y="58"/><int name="delay" value="270"/><vector name="lt" x="-27" y="-56"/><vector name="rb" x="24" y="-4"/><vector name="head" x="0" y="-48"/></canvas><canvas name="6" width="65" height="64"><vector name="origin" x="35" y="60"/><int name="z" value="0"/><vector name="head" x="0" y="-49"/><vector name="lt" x="-27" y="-56"/><vector name="rb" x="24" y="-4"/><int name="delay" value="180"/></canvas><canvas name="7" width="67" height="65"><vector name="origin" x="36" y="62"/><int name="z" value="0"/><vector name="head" x="0" y="-50"/><vector name="lt" x="-27" y="-56"/><vector name="rb" x="24" y="-4"/><int name="delay" value="270"/></canvas><canvas name="8" width="69" height="65"><vector name="origin" x="37" y="64"/><int name="z" value="0"/><vector name="head" x="0" y="-51"/><vector name="rb" x="24" y="-4"/><vector name="lt" x="-27" y="-59"/><int name="delay" value="180"/></canvas><canvas name="9" width="67" height="58"><vector name="origin" x="36" y="62"/><int name="z" value="0"/><vector name="head" x="0" y="-50"/><vector name="rb" x="24" y="-4"/><vector name="lt" x="-27" y="-56"/><int name="delay" value="150"/></canvas><canvas name="10" width="65" height="54"><vector name="origin" x="35" y="60"/><int name="z" value="0"/><vector name="head" x="0" y="-49"/><vector name="rb" x="24" y="-9"/><vector name="lt" x="-27" y="-56"/><int name="delay" value="150"/></canvas><canvas name="11" width="63" height="51"><vector name="origin" x="34" y="58"/><int name="z" value="0"/><vector name="head" x="0" y="-48"/><vector name="rb" x="24" y="-4"/><vector name="lt" x="-27" y="-56"/><int name="delay" value="150"/></canvas></imgdir><imgdir name="hit1"><canvas name="0" width="84" height="74"><vector name="origin" x="43" y="81"/><int name="delay" value="600"/><vector name="lt" x="-17" y="-67"/><vector name="rb" x="27" y="-13"/><vector name="head" x="4" y="-59"/></canvas></imgdir><imgdir name="die1"><canvas name="0" width="84" height="74"><vector name="origin" x="43" y="81"/><vector name="head" x="4" y="-59"/><int name="delay" value="150"/></canvas><canvas name="1" width="87" height="69"><vector name="origin" x="48" y="80"/><vector name="head" x="5" y="-61"/><int name="delay" value="150"/></canvas><canvas name="2" width="90" height="65"><vector name="origin" x="49" y="78"/><vector name="head" x="6" y="-62"/><int name="delay" value="150"/></canvas><canvas name="3" width="72" height="66"><vector name="origin" x="27" y="81"/><vector name="head" x="7" y="-63"/><int name="delay" value="150"/></canvas><canvas name="4" width="70" height="66"><vector name="origin" x="19" y="80"/><vector name="head" x="8" y="-61"/><int name="delay" value="150"/></canvas><canvas name="5" width="83" height="49"><vector name="origin" x="29" y="45"/><vector name="head" x="12" y="-35"/><int name="delay" value="150"/></canvas><canvas name="6" width="88" height="48"><vector name="origin" x="32" y="44"/><vector name="head" x="12" y="-34"/><int name="delay" value="150"/></canvas><canvas name="7" width="93" height="22"><vector name="origin" x="34" y="18"/><vector name="head" x="14" y="-47"/><int name="delay" value="150"/></canvas><canvas name="8" width="99" height="22"><vector name="origin" x="38" y="18"/><int name="z" value="0"/><vector name="head" x="11" y="-39"/><int name="delay" value="150"/></canvas><canvas name="9" width="100" height="22"><vector name="origin" x="37" y="20"/><int name="z" value="0"/><vector name="head" x="13" y="-40"/><int name="delay" value="150"/></canvas><canvas name="10" width="99" height="17"><vector name="origin" x="38" y="21"/><int name="z" value="0"/><vector name="head" x="10" y="-41"/><int name="a0" value="255"/><int name="a1" value="0"/><int name="delay" value="180"/></canvas></imgdir></imgdir>