<?xml version="1.0" encoding="UTF-8" standalone="yes"?><imgdir name="5120505.img"><imgdir name="info"><int name="bodyAttack" value="1"/><int name="level" value="58"/><int name="maxHP" value="5600"/><int name="maxMP" value="200"/><int name="speed" value="-30"/><int name="PADamage" value="170"/><int name="PDDamage" value="180"/><int name="MADamage" value="205"/><int name="MDDamage" value="210"/><int name="acc" value="155"/><int name="eva" value="20"/><int name="exp" value="205"/><int name="undead" value="0"/><int name="pushed" value="600"/><string name="elemAttr" value="S3"/><float name="fs" value="10.0"/><int name="summonType" value="1"/><imgdir name="skill"><imgdir name="0"><int name="skill" value="103"/><int name="action" value="1"/><int name="level" value="1"/><int name="effectAfter" value="0"/></imgdir></imgdir><int name="mobType" value="0"/></imgdir><imgdir name="move"><canvas name="0" width="64" height="118"><vector name="origin" x="55" y="118"/><vector name="lt" x="-55" y="-118"/><vector name="rb" x="8" y="0"/><vector name="head" x="-30" y="-80"/><int name="delay" value="150"/></canvas><canvas name="1" width="64" height="117"><vector name="origin" x="55" y="117"/><vector name="lt" x="-55" y="-117"/><vector name="rb" x="9" y="0"/><vector name="head" x="-30" y="-79"/><int name="delay" value="150"/></canvas><canvas name="2" width="64" height="118"><vector name="origin" x="55" y="118"/><vector name="lt" x="-55" y="-118"/><vector name="rb" x="9" y="0"/><vector name="head" x="-30" y="-80"/><int name="delay" value="150"/></canvas><canvas name="3" width="64" height="117"><vector name="origin" x="55" y="117"/><vector name="lt" x="-55" y="-118"/><vector name="rb" x="8" y="0"/><vector name="head" x="-30" y="-79"/><int name="delay" value="150"/></canvas><canvas name="4" width="64" height="118"><vector name="origin" x="55" y="118"/><vector name="lt" x="-55" y="-118"/><vector name="rb" x="9" y="0"/><vector name="head" x="-30" y="-80"/><int name="delay" value="150"/></canvas><canvas name="5" width="64" height="117"><vector name="origin" x="55" y="117"/><vector name="lt" x="-55" y="-117"/><vector name="rb" x="8" y="0"/><vector name="head" x="-30" y="-79"/><int name="delay" value="150"/></canvas><canvas name="6" width="64" height="118"><vector name="origin" x="55" y="118"/><vector name="lt" x="-55" y="-118"/><vector name="rb" x="8" y="0"/><vector name="head" x="-30" y="-80"/><int name="delay" value="150"/></canvas><canvas name="7" width="64" height="117"><vector name="origin" x="55" y="117"/><vector name="lt" x="-55" y="-117"/><vector name="rb" x="8" y="0"/><vector name="head" x="-30" y="-79"/><int name="delay" value="150"/></canvas></imgdir><imgdir name="stand"><canvas name="0" width="64" height="117"><vector name="origin" x="56" y="117"/><vector name="lt" x="-56" y="-117"/><vector name="head" x="-31" y="-79"/><vector name="rb" x="7" y="0"/><int name="delay" value="150"/></canvas><canvas name="1" width="63" height="117"><vector name="origin" x="56" y="117"/><vector name="lt" x="-56" y="-117"/><vector name="rb" x="6" y="0"/><vector name="head" x="-31" y="-79"/><int name="delay" value="150"/></canvas><canvas name="2" width="65" height="117"><vector name="origin" x="56" y="117"/><vector name="lt" x="-56" y="-117"/><vector name="rb" x="8" y="0"/><vector name="head" x="-31" y="-79"/><int name="delay" value="150"/></canvas><canvas name="3" width="64" height="117"><vector name="origin" x="56" y="117"/><vector name="lt" x="-56" y="-117"/><vector name="rb" x="7" y="0"/><vector name="head" x="-31" y="-79"/><int name="delay" value="150"/></canvas><canvas name="4" width="65" height="117"><vector name="origin" x="56" y="117"/><vector name="lt" x="-56" y="-117"/><vector name="rb" x="9" y="0"/><vector name="head" x="-31" y="-79"/><int name="delay" value="150"/></canvas><canvas name="5" width="64" height="117"><vector name="origin" x="56" y="117"/><vector name="lt" x="-56" y="-117"/><vector name="rb" x="7" y="0"/><vector name="head" x="-31" y="-79"/><int name="delay" value="150"/></canvas></imgdir><imgdir name="attack1"><imgdir name="info"><imgdir name="range"><vector name="lt" x="-160" y="-130"/><vector name="rb" x="10" y="30"/></imgdir><imgdir name="hit"><canvas name="0" width="18" height="6"><vector name="origin" x="16" y="130"/></canvas><canvas name="1" width="38" height="12"><vector name="origin" x="26" y="132"/></canvas><canvas name="2" width="59" height="19"><vector name="origin" x="36" y="135"/></canvas><canvas name="3" width="76" height="27"><vector name="origin" x="45" y="137"/></canvas><canvas name="4" width="96" height="31"><vector name="origin" x="55" y="138"/></canvas><canvas name="5" width="95" height="87"><vector name="origin" x="54" y="139"/></canvas><canvas name="6" width="124" height="138"><vector name="origin" x="65" y="139"/></canvas><canvas name="7" width="101" height="134"><vector name="origin" x="55" y="139"/></canvas><canvas name="8" width="99" height="132"><vector name="origin" x="56" y="139"/></canvas><canvas name="9" width="102" height="129"><vector name="origin" x="61" y="139"/></canvas><canvas name="10" width="106" height="130"><vector name="origin" x="63" y="138"/></canvas><canvas name="11" width="89" height="28"><vector name="origin" x="51" y="137"/></canvas><int name="attach" value="1"/></imgdir><int name="type" value="0"/><int name="attackAfter" value="260"/><int name="conMP" value="2"/><int name="magic" value="1"/></imgdir><canvas name="0" width="68" height="111"><vector name="origin" x="58" y="110"/><vector name="lt" x="-58" y="-110"/><vector name="head" x="-32" y="-71"/><vector name="rb" x="10" y="0"/><int name="delay" value="150"/></canvas><canvas name="1" width="77" height="118"><vector name="origin" x="63" y="113"/><vector name="lt" x="-59" y="-113"/><vector name="head" x="-32" y="-69"/><vector name="rb" x="14" y="0"/><int name="delay" value="150"/></canvas><canvas name="2" width="84" height="136"><vector name="origin" x="55" y="129"/><vector name="lt" x="-49" y="-129"/><vector name="head" x="-23" y="-83"/><vector name="rb" x="16" y="0"/><int name="delay" value="150"/></canvas><canvas name="3" width="93" height="135"><vector name="origin" x="57" y="127"/><vector name="lt" x="-50" y="-127"/><vector name="head" x="-23" y="-82"/><vector name="rb" x="17" y="0"/><int name="delay" value="150"/></canvas><canvas name="4" width="182" height="137"><vector name="origin" x="105" y="128"/><vector name="lt" x="-49" y="-127"/><vector name="head" x="-23" y="-83"/><vector name="rb" x="17" y="0"/><int name="delay" value="150"/></canvas><canvas name="5" width="187" height="135"><vector name="origin" x="113" y="127"/><vector name="lt" x="-51" y="-127"/><vector name="head" x="-24" y="-82"/><vector name="rb" x="11" y="0"/><int name="delay" value="150"/></canvas><canvas name="6" width="197" height="130"><vector name="origin" x="116" y="123"/><vector name="lt" x="-57" y="-113"/><vector name="head" x="-31" y="-77"/><vector name="rb" x="8" y="0"/><int name="delay" value="150"/></canvas><canvas name="7" width="186" height="128"><vector name="origin" x="111" y="123"/><vector name="lt" x="-57" y="-118"/><vector name="head" x="-31" y="-79"/><vector name="rb" x="8" y="0"/><int name="delay" value="150"/></canvas><uol name="8" value="../stand/0"/><uol name="9" value="../stand/1"/><uol name="10" value="../stand/2"/><uol name="11" value="../stand/3"/><uol name="12" value="../stand/4"/><uol name="13" value="../stand/5"/></imgdir><imgdir name="skill1"><canvas name="0" width="77" height="127"><vector name="origin" x="63" y="122"/><vector name="lt" x="-59" y="-122"/><vector name="head" x="-31" y="-79"/><vector name="rb" x="14" y="0"/><int name="delay" value="150"/></canvas><canvas name="1" width="89" height="124"><vector name="origin" x="64" y="117"/><vector name="lt" x="-59" y="-117"/><vector name="head" x="-31" y="-71"/><vector name="rb" x="16" y="0"/><int name="delay" value="150"/></canvas><canvas name="2" width="101" height="125"><vector name="origin" x="66" y="117"/><vector name="lt" x="-60" y="-117"/><vector name="head" x="-31" y="-69"/><vector name="rb" x="16" y="0"/><int name="delay" value="150"/></canvas><canvas name="3" width="106" height="127"><vector name="origin" x="66" y="118"/><vector name="lt" x="-61" y="-118"/><vector name="head" x="-31" y="-69"/><vector name="rb" x="16" y="0"/><int name="delay" value="150"/></canvas><canvas name="4" width="102" height="126"><vector name="origin" x="68" y="118"/><vector name="lt" x="-59" y="-118"/><vector name="head" x="-31" y="-71"/><vector name="rb" x="16" y="0"/><int name="delay" value="150"/></canvas><canvas name="5" width="92" height="129"><vector name="origin" x="66" y="122"/><vector name="lt" x="-60" y="-117"/><vector name="head" x="-31" y="-77"/><vector name="rb" x="16" y="0"/><int name="delay" value="150"/></canvas><uol name="6" value="../stand/0"/><uol name="7" value="../stand/1"/><uol name="8" value="../stand/2"/><uol name="9" value="../stand/3"/><uol name="10" value="../stand/4"/><uol name="11" value="../stand/5"/></imgdir><imgdir name="jump"><canvas name="0" width="65" height="122"><vector name="origin" x="52" y="122"/><vector name="lt" x="-52" y="-122"/><vector name="head" x="-27" y="-84"/><vector name="rb" x="12" y="0"/></canvas></imgdir><imgdir name="hit1"><canvas name="0" width="87" height="117"><vector name="origin" x="56" y="117"/><vector name="lt" x="-46" y="-117"/><vector name="rb" x="30" y="0"/><vector name="head" x="-17" y="-79"/><int name="delay" value="600"/></canvas></imgdir><imgdir name="die1"><canvas name="0" width="87" height="117"><vector name="origin" x="56" y="117"/><vector name="head" x="-17" y="-79"/><int name="delay" value="150"/></canvas><canvas name="1" width="65" height="117"><vector name="origin" x="36" y="122"/><vector name="head" x="-11" y="-84"/><int name="delay" value="150"/></canvas><canvas name="2" width="65" height="117"><vector name="origin" x="32" y="123"/><vector name="head" x="-7" y="-85"/><int name="delay" value="150"/></canvas><canvas name="3" width="66" height="109"><vector name="origin" x="31" y="118"/><vector name="head" x="-7" y="-80"/><int name="delay" value="150"/></canvas><canvas name="4" width="69" height="107"><vector name="origin" x="33" y="110"/><vector name="head" x="-7" y="-71"/><int name="delay" value="150"/></canvas><canvas name="5" width="72" height="101"><vector name="origin" x="36" y="100"/><vector name="head" x="-9" y="-62"/><int name="a0" value="255"/><int name="a1" value="0"/><int name="delay" value="300"/></canvas></imgdir></imgdir>