<?xml version="1.0" encoding="UTF-8" standalone="yes"?><imgdir name="5120500.img"><imgdir name="info"><int name="bodyAttack" value="1"/><int name="level" value="56"/><int name="maxHP" value="4800"/><int name="maxMP" value="150"/><int name="speed" value="-30"/><int name="chaseSpeed" value="10"/><int name="PADamage" value="165"/><int name="PDDamage" value="180"/><int name="MADamage" value="0"/><int name="MDDamage" value="200"/><int name="acc" value="135"/><int name="eva" value="18"/><int name="exp" value="185"/><int name="undead" value="0"/><int name="pushed" value="400"/><float name="fs" value="10.0"/><int name="summonType" value="1"/><int name="mobType" value="0"/></imgdir><imgdir name="move"><canvas name="0" width="77" height="86"><vector name="origin" x="40" y="85"/><vector name="lt" x="-40" y="-85"/><vector name="rb" x="36" y="0"/><vector name="head" x="-15" y="-82"/><int name="delay" value="200"/></canvas><canvas name="1" width="76" height="87"><vector name="origin" x="40" y="86"/><vector name="lt" x="-40" y="-86"/><vector name="rb" x="36" y="0"/><vector name="head" x="-16" y="-83"/><int name="delay" value="200"/></canvas><canvas name="2" width="77" height="86"><vector name="origin" x="41" y="85"/><vector name="lt" x="-41" y="-85"/><vector name="rb" x="35" y="0"/><vector name="head" x="-16" y="-83"/><int name="delay" value="200"/></canvas><canvas name="3" width="77" height="87"><vector name="origin" x="40" y="86"/><vector name="lt" x="-40" y="-86"/><vector name="rb" x="37" y="0"/><vector name="head" x="-16" y="-83"/><int name="delay" value="200"/></canvas><canvas name="4" width="77" height="86"><vector name="origin" x="40" y="85"/><vector name="lt" x="-41" y="-85"/><vector name="rb" x="35" y="0"/><vector name="head" x="-16" y="-83"/><int name="delay" value="200"/></canvas><canvas name="5" width="76" height="87"><vector name="origin" x="40" y="86"/><vector name="lt" x="-40" y="-86"/><vector name="rb" x="37" y="0"/><vector name="head" x="-16" y="-83"/><int name="delay" value="200"/></canvas><canvas name="6" width="77" height="86"><vector name="origin" x="41" y="85"/><vector name="lt" x="-41" y="-85"/><vector name="rb" x="35" y="0"/><vector name="head" x="-16" y="-83"/><int name="delay" value="200"/></canvas><canvas name="7" width="77" height="87"><vector name="origin" x="40" y="86"/><vector name="lt" x="-41" y="-85"/><vector name="rb" x="35" y="0"/><vector name="head" x="-16" y="-83"/><int name="delay" value="200"/></canvas></imgdir><imgdir name="stand"><canvas name="0" width="78" height="85"><vector name="origin" x="42" y="85"/><vector name="lt" x="-42" y="-85"/><vector name="rb" x="36" y="0"/><vector name="head" x="-18" y="-83"/><int name="delay" value="110"/></canvas><canvas name="1" width="78" height="84"><vector name="origin" x="42" y="84"/><vector name="lt" x="-42" y="-84"/><vector name="rb" x="36" y="0"/><vector name="head" x="-18" y="-82"/><int name="delay" value="110"/></canvas><canvas name="2" width="79" height="84"><vector name="origin" x="43" y="84"/><vector name="lt" x="-43" y="-84"/><vector name="rb" x="36" y="0"/><vector name="head" x="-18" y="-82"/><int name="delay" value="110"/></canvas><canvas name="3" width="79" height="85"><vector name="origin" x="43" y="85"/><vector name="lt" x="-43" y="-85"/><vector name="rb" x="36" y="-1"/><vector name="head" x="-18" y="-83"/><int name="delay" value="110"/></canvas><canvas name="4" width="79" height="86"><vector name="origin" x="43" y="86"/><vector name="lt" x="-43" y="-86"/><vector name="rb" x="36" y="0"/><vector name="head" x="-18" y="-84"/><int name="delay" value="110"/></canvas><canvas name="5" width="78" height="86"><vector name="origin" x="42" y="86"/><vector name="lt" x="-42" y="-86"/><vector name="rb" x="36" y="0"/><vector name="head" x="-18" y="-84"/><int name="delay" value="110"/></canvas><uol name="6" value="0"/><uol name="7" value="1"/><uol name="8" value="2"/><uol name="9" value="3"/><uol name="10" value="4"/><uol name="11" value="5"/></imgdir><imgdir name="attack1"><imgdir name="info"><imgdir name="range"><vector name="sp" x="-44" y="-33"/><int name="r" value="35"/></imgdir><imgdir name="hit"><canvas name="0" width="84" height="90"><vector name="origin" x="52" y="90"/><int name="delay" value="120"/></canvas><canvas name="1" width="95" height="105"><vector name="origin" x="58" y="101"/><int name="delay" value="120"/></canvas><canvas name="2" width="76" height="76"><vector name="origin" x="46" y="72"/><int name="delay" value="120"/></canvas><canvas name="3" width="74" height="72"><vector name="origin" x="46" y="70"/><int name="delay" value="120"/></canvas><int name="attach" value="1"/></imgdir><int name="type" value="1"/><int name="attackAfter" value="330"/><int name="PADamage" value="165"/></imgdir><canvas name="0" width="78" height="85"><vector name="origin" x="42" y="85"/><vector name="lt" x="-42" y="-85"/><vector name="rb" x="36" y="0"/><vector name="head" x="-18" y="-82"/><int name="delay" value="110"/></canvas><canvas name="1" width="93" height="87"><vector name="origin" x="57" y="87"/><vector name="lt" x="-57" y="-87"/><vector name="rb" x="36" y="0"/><vector name="head" x="-17" y="-84"/><int name="delay" value="110"/></canvas><canvas name="2" width="90" height="88"><vector name="origin" x="54" y="88"/><vector name="lt" x="-54" y="-88"/><vector name="rb" x="36" y="0"/><vector name="head" x="-17" y="-85"/><int name="delay" value="110"/></canvas><canvas name="3" width="104" height="89"><vector name="origin" x="69" y="85"/><vector name="lt" x="-54" y="-85"/><vector name="rb" x="36" y="0"/><vector name="head" x="-18" y="-83"/><int name="delay" value="110"/></canvas><canvas name="4" width="107" height="92"><vector name="origin" x="71" y="84"/><vector name="lt" x="-54" y="-84"/><vector name="rb" x="36" y="0"/><vector name="head" x="-16" y="-82"/><int name="delay" value="110"/></canvas><canvas name="5" width="105" height="92"><vector name="origin" x="69" y="84"/><vector name="lt" x="-54" y="-84"/><vector name="rb" x="36" y="0"/><vector name="head" x="-16" y="-82"/><int name="delay" value="110"/></canvas><canvas name="6" width="92" height="85"><vector name="origin" x="57" y="85"/><vector name="lt" x="-43" y="-85"/><vector name="rb" x="35" y="0"/><vector name="head" x="-16" y="-83"/><int name="delay" value="90"/></canvas><canvas name="7" width="95" height="87"><vector name="origin" x="60" y="87"/><vector name="lt" x="-43" y="-85"/><vector name="rb" x="35" y="0"/><vector name="head" x="-16" y="-82"/><int name="delay" value="90"/></canvas><canvas name="8" width="98" height="88"><vector name="origin" x="63" y="88"/><vector name="lt" x="-43" y="-85"/><vector name="rb" x="35" y="0"/><vector name="head" x="-16" y="-82"/><int name="delay" value="90"/></canvas><canvas name="9" width="81" height="91"><vector name="origin" x="44" y="91"/><vector name="lt" x="-43" y="-86"/><vector name="rb" x="35" y="0"/><vector name="head" x="-16" y="-83"/><int name="delay" value="90"/></canvas><canvas name="10" width="84" height="94"><vector name="origin" x="44" y="94"/><vector name="lt" x="-43" y="-86"/><vector name="rb" x="35" y="0"/><vector name="head" x="-16" y="-84"/><int name="delay" value="90"/></canvas><canvas name="11" width="86" height="96"><vector name="origin" x="43" y="96"/><vector name="lt" x="-43" y="-86"/><vector name="rb" x="35" y="0"/><vector name="head" x="-16" y="-84"/><int name="delay" value="90"/></canvas><uol name="12" value="6"/><uol name="13" value="7"/><uol name="14" value="8"/><uol name="15" value="9"/><uol name="16" value="10"/><uol name="17" value="11"/></imgdir><imgdir name="chase"><canvas name="0" width="92" height="86"><vector name="origin" x="59" y="86"/><vector name="lt" x="-44" y="-86"/><vector name="rb" x="33" y="0"/><vector name="head" x="-19" y="-83"/><int name="delay" value="90"/></canvas><canvas name="1" width="95" height="93"><vector name="origin" x="61" y="93"/><vector name="lt" x="-44" y="-86"/><vector name="rb" x="33" y="0"/><vector name="head" x="-20" y="-84"/><int name="delay" value="90"/></canvas><canvas name="2" width="99" height="94"><vector name="origin" x="64" y="94"/><vector name="lt" x="-44" y="-87"/><vector name="rb" x="33" y="0"/><vector name="head" x="-20" y="-83"/><int name="delay" value="90"/></canvas><canvas name="3" width="81" height="95"><vector name="origin" x="44" y="95"/><vector name="lt" x="-44" y="-88"/><vector name="rb" x="33" y="0"/><vector name="head" x="-20" y="-84"/><int name="delay" value="90"/></canvas><canvas name="4" width="92" height="86"><vector name="origin" x="59" y="86"/><vector name="lt" x="-44" y="-86"/><vector name="rb" x="33" y="0"/><vector name="head" x="-19" y="-83"/><int name="delay" value="90"/></canvas><canvas name="5" width="95" height="93"><vector name="origin" x="61" y="93"/><vector name="lt" x="-44" y="-87"/><vector name="rb" x="33" y="0"/><vector name="head" x="-20" y="-84"/><int name="delay" value="90"/></canvas><canvas name="6" width="99" height="94"><vector name="origin" x="64" y="94"/><vector name="lt" x="-44" y="-86"/><vector name="rb" x="33" y="0"/><vector name="head" x="-20" y="-83"/><int name="delay" value="90"/></canvas><canvas name="7" width="81" height="95"><vector name="origin" x="44" y="95"/><vector name="lt" x="-44" y="-88"/><vector name="rb" x="33" y="0"/><vector name="head" x="-20" y="-84"/><int name="delay" value="90"/></canvas></imgdir><imgdir name="hit1"><canvas name="0" width="115" height="91"><vector name="origin" x="53" y="91"/><vector name="lt" x="-42" y="-87"/><vector name="head" x="-13" y="-84"/><vector name="rb" x="39" y="0"/><int name="delay" value="600"/></canvas></imgdir><imgdir name="die1"><canvas name="0" width="115" height="91"><vector name="origin" x="53" y="91"/><vector name="head" x="-10" y="-85"/><int name="delay" value="160"/></canvas><canvas name="1" width="80" height="85"><vector name="origin" x="42" y="85"/><vector name="head" x="-17" y="-82"/><int name="delay" value="160"/></canvas><canvas name="2" width="79" height="83"><vector name="origin" x="44" y="83"/><vector name="head" x="-22" y="-80"/><int name="delay" value="160"/></canvas><canvas name="3" width="101" height="52"><vector name="origin" x="73" y="49"/><vector name="head" x="-47" y="-46"/><int name="delay" value="160"/></canvas><canvas name="4" width="106" height="52"><vector name="origin" x="76" y="49"/><vector name="head" x="-50" y="-45"/><int name="delay" value="160"/></canvas><canvas name="5" width="119" height="53"><vector name="origin" x="83" y="49"/><vector name="head" x="-50" y="-45"/><int name="delay" value="160"/></canvas><canvas name="6" width="121" height="50"><vector name="origin" x="83" y="49"/><vector name="head" x="-50" y="-45"/><int name="delay" value="160"/></canvas><canvas name="7" width="120" height="22"><vector name="origin" x="84" y="27"/><vector name="head" x="-50" y="-45"/><int name="delay" value="300"/><int name="a1" value="0"/><int name="a0" value="255"/></canvas></imgdir></imgdir>