<?xml version="1.0" encoding="UTF-8" standalone="yes"?><imgdir name="5120506.img"><imgdir name="info"><int name="bodyAttack" value="1"/><int name="level" value="55"/><int name="maxHP" value="4500"/><int name="maxMP" value="150"/><int name="speed" value="-40"/><int name="PADamage" value="155"/><int name="PDDamage" value="150"/><int name="MADamage" value="0"/><int name="MDDamage" value="220"/><int name="acc" value="150"/><int name="eva" value="20"/><int name="exp" value="175"/><int name="undead" value="0"/><int name="pushed" value="400"/><float name="fs" value="10.0"/><int name="summonType" value="1"/><imgdir name="skill"><imgdir name="0"><int name="skill" value="110"/><int name="action" value="1"/><int name="level" value="2"/><int name="effectAfter" value="0"/></imgdir></imgdir><int name="mobType" value="5"/></imgdir><imgdir name="stand"><canvas name="0" width="84" height="90"><vector name="origin" x="40" y="102"/><vector name="lt" x="-31" y="-93"/><vector name="rb" x="41" y="-13"/><vector name="head" x="-7" y="-78"/><int name="delay" value="90"/></canvas><canvas name="1" width="85" height="84"><vector name="origin" x="40" y="97"/><vector name="lt" x="-31" y="-97"/><vector name="rb" x="45" y="-14"/><vector name="head" x="-6" y="-79"/><int name="delay" value="90"/></canvas><canvas name="2" width="87" height="89"><vector name="origin" x="41" y="103"/><vector name="lt" x="-32" y="-100"/><vector name="rb" x="46" y="-15"/><vector name="head" x="-6" y="-80"/><int name="delay" value="90"/></canvas><canvas name="3" width="87" height="89"><vector name="origin" x="42" y="102"/><vector name="lt" x="-32" y="-98"/><vector name="rb" x="45" y="-13"/><vector name="head" x="-6" y="-83"/><int name="delay" value="90"/></canvas><canvas name="4" width="88" height="88"><vector name="origin" x="42" y="100"/><vector name="lt" x="-32" y="-101"/><vector name="rb" x="42" y="-12"/><vector name="head" x="-6" y="-81"/><int name="delay" value="90"/></canvas><canvas name="5" width="86" height="89"><vector name="origin" x="41" y="100"/><vector name="lt" x="-32" y="-96"/><vector name="rb" x="38" y="-11"/><vector name="head" x="-3" y="-80"/><int name="delay" value="90"/></canvas></imgdir><imgdir name="move"><canvas name="0" width="90" height="83"><vector name="origin" x="41" y="95"/><vector name="lt" x="-31" y="-92"/><vector name="rb" x="42" y="-12"/><vector name="head" x="-5" y="-79"/><int name="delay" value="90"/></canvas><canvas name="1" width="90" height="83"><vector name="origin" x="41" y="96"/><vector name="lt" x="-31" y="-97"/><vector name="rb" x="45" y="-13"/><vector name="head" x="-5" y="-79"/><int name="delay" value="90"/></canvas><canvas name="2" width="90" height="85"><vector name="origin" x="41" y="99"/><vector name="lt" x="-32" y="-99"/><vector name="rb" x="46" y="-15"/><vector name="head" x="-5" y="-80"/><int name="delay" value="90"/></canvas><canvas name="3" width="90" height="87"><vector name="origin" x="41" y="100"/><vector name="lt" x="-33" y="-100"/><vector name="rb" x="45" y="-13"/><vector name="head" x="-5" y="-83"/><int name="delay" value="90"/></canvas><canvas name="4" width="90" height="88"><vector name="origin" x="41" y="100"/><vector name="lt" x="-32" y="-100"/><vector name="rb" x="42" y="-12"/><vector name="head" x="-5" y="-82"/><int name="delay" value="90"/></canvas><canvas name="5" width="90" height="85"><vector name="origin" x="41" y="96"/><vector name="lt" x="-32" y="-96"/><vector name="rb" x="38" y="-11"/><vector name="head" x="-5" y="-80"/><int name="delay" value="90"/></canvas></imgdir><imgdir name="skill1"><canvas name="0" width="87" height="92"><vector name="origin" x="40" y="103"/><vector name="lt" x="-32" y="-99"/><vector name="rb" x="47" y="-11"/><vector name="head" x="-5" y="-79"/><int name="delay" value="90"/></canvas><canvas name="1" width="105" height="117"><vector name="origin" x="45" y="125"/><vector name="lt" x="-31" y="-100"/><vector name="rb" x="46" y="-13"/><vector name="head" x="-5" y="-83"/><int name="delay" value="90"/></canvas><canvas name="2" width="113" height="128"><vector name="origin" x="48" y="134"/><vector name="lt" x="-32" y="-101"/><vector name="rb" x="46" y="-13"/><vector name="head" x="-5" y="-83"/><int name="delay" value="90"/></canvas><canvas name="3" width="124" height="139"><vector name="origin" x="55" y="145"/><vector name="lt" x="-32" y="-102"/><vector name="rb" x="46" y="-13"/><vector name="head" x="-4" y="-85"/><int name="delay" value="90"/></canvas><canvas name="4" width="124" height="134"><vector name="origin" x="54" y="139"/><vector name="lt" x="-32" y="-102"/><vector name="rb" x="46" y="-13"/><vector name="head" x="-4" y="-85"/><int name="delay" value="90"/></canvas><canvas name="5" width="131" height="146"><vector name="origin" x="60" y="151"/><vector name="lt" x="-30" y="-101"/><vector name="rb" x="43" y="-12"/><vector name="head" x="-5" y="-80"/><int name="delay" value="90"/></canvas><canvas name="6" width="116" height="132"><vector name="origin" x="53" y="137"/><vector name="lt" x="-32" y="-96"/><vector name="rb" x="39" y="-11"/><vector name="head" x="-4" y="-78"/><int name="delay" value="90"/></canvas><canvas name="7" width="107" height="125"><vector name="origin" x="51" y="132"/><vector name="lt" x="-32" y="-96"/><vector name="rb" x="43" y="-11"/><vector name="head" x="-3" y="-79"/><int name="delay" value="90"/></canvas><canvas name="8" width="103" height="114"><vector name="origin" x="45" y="122"/><vector name="lt" x="-32" y="-96"/><vector name="rb" x="46" y="-14"/><vector name="head" x="-4" y="-78"/><int name="delay" value="90"/></canvas></imgdir><imgdir name="hit1"><canvas name="0" width="97" height="117"><vector name="origin" x="34" y="132"/><vector name="lt" x="-22" y="-112"/><vector name="rb" x="52" y="-16"/><vector name="head" x="4" y="-93"/><int name="delay" value="600"/></canvas></imgdir><imgdir name="die1"><canvas name="0" width="97" height="117"><vector name="origin" x="34" y="132"/><vector name="head" x="4" y="-92"/><int name="delay" value="100"/></canvas><canvas name="1" width="91" height="125"><vector name="origin" x="31" y="139"/><vector name="head" x="7" y="-94"/><int name="delay" value="100"/></canvas><canvas name="2" width="89" height="126"><vector name="origin" x="30" y="139"/><vector name="head" x="7" y="-94"/><int name="delay" value="100"/></canvas><canvas name="3" width="86" height="142"><vector name="origin" x="29" y="147"/><vector name="head" x="8" y="-96"/><int name="delay" value="100"/></canvas><canvas name="4" width="86" height="142"><vector name="origin" x="29" y="143"/><vector name="head" x="12" y="-99"/><int name="delay" value="100"/></canvas><canvas name="5" width="79" height="123"><vector name="origin" x="24" y="118"/><vector name="head" x="14" y="-101"/><int name="delay" value="100"/></canvas><canvas name="6" width="80" height="37"><vector name="origin" x="27" y="33"/><vector name="head" x="0" y="-24"/><int name="delay" value="100"/></canvas><canvas name="7" width="87" height="20"><vector name="origin" x="31" y="15"/><vector name="head" x="0" y="-7"/><int name="delay" value="100"/></canvas><canvas name="8" width="90" height="20"><vector name="origin" x="33" y="15"/><vector name="head" x="0" y="-7"/><int name="delay" value="100"/></canvas><canvas name="9" width="91" height="19"><vector name="origin" x="32" y="17"/><vector name="head" x="0" y="-7"/><int name="delay" value="100"/></canvas><canvas name="10" width="90" height="17"><vector name="origin" x="33" y="19"/><vector name="head" x="0" y="-7"/><int name="delay" value="300"/><int name="a0" value="255"/><int name="a1" value="0"/></canvas></imgdir></imgdir>