<?xml version="1.0" encoding="UTF-8" standalone="yes"?><imgdir name="5130102.img"><imgdir name="info"><int name="bodyAttack" value="1"/><int name="level" value="58"/><int name="maxHP" value="4800"/><int name="maxMP" value="150"/><int name="speed" value="-50"/><int name="PADamage" value="195"/><int name="PDDamage" value="150"/><int name="MADamage" value="0"/><int name="MDDamage" value="200"/><int name="acc" value="70"/><int name="eva" value="18"/><int name="exp" value="200"/><int name="undead" value="0"/><int name="pushed" value="1500"/><string name="elemAttr" value="H3"/><float name="fs" value="10.0"/><int name="summonType" value="1"/><int name="mobType" value="8"/><imgdir name="skill"><imgdir name="0"><int name="skill" value="100"/><int name="action" value="1"/><int name="level" value="2"/><int name="effectAfter" value="0"/></imgdir><imgdir name="1"><int name="skill" value="102"/><int name="action" value="1"/><int name="level" value="2"/><int name="effectAfter" value="0"/></imgdir></imgdir></imgdir><imgdir name="move"><canvas name="0" width="175" height="153"><vector name="origin" x="90" y="153"/><int name="delay" value="350"/><vector name="lt" x="-90" y="-151"/><vector name="rb" x="85" y="0"/><vector name="head" x="-10" y="-155"/></canvas><canvas name="1" width="175" height="149"><vector name="origin" x="90" y="149"/><int name="delay" value="350"/><vector name="lt" x="-90" y="-146"/><vector name="rb" x="85" y="0"/><vector name="head" x="-10" y="-151"/></canvas><canvas name="2" width="175" height="153"><vector name="origin" x="90" y="153"/><int name="delay" value="350"/><vector name="lt" x="-90" y="-150"/><vector name="rb" x="85" y="0"/><vector name="head" x="-10" y="-155"/></canvas><canvas name="3" width="175" height="149"><vector name="origin" x="90" y="149"/><int name="delay" value="350"/><vector name="lt" x="-90" y="-146"/><vector name="rb" x="85" y="0"/><vector name="head" x="-10" y="-151"/></canvas></imgdir><imgdir name="stand"><int name="zigzag" value="1"/><canvas name="0" width="175" height="151"><vector name="origin" x="90" y="151"/><int name="delay" value="300"/><vector name="lt" x="-90" y="-148"/><vector name="rb" x="85" y="0"/><vector name="head" x="-10" y="-153"/></canvas><canvas name="1" width="177" height="151"><vector name="origin" x="91" y="151"/><int name="delay" value="150"/><vector name="lt" x="-91" y="-149"/><vector name="rb" x="86" y="0"/><vector name="head" x="-10" y="-154"/></canvas><canvas name="2" width="179" height="155"><vector name="origin" x="92" y="155"/><int name="delay" value="300"/><vector name="lt" x="-92" y="-155"/><vector name="rb" x="87" y="0"/><vector name="head" x="-10" y="-155"/></canvas></imgdir><imgdir name="skill1"><canvas name="0" width="175" height="151"><vector name="origin" x="90" y="151"/><vector name="lt" x="-90" y="-148"/><vector name="rb" x="85" y="0"/><vector name="head" x="-10" y="-153"/><int name="delay" value="100"/></canvas><canvas name="1" width="175" height="151"><vector name="origin" x="90" y="151"/><vector name="lt" x="-90" y="-148"/><vector name="rb" x="85" y="0"/><vector name="head" x="-10" y="-153"/><int name="delay" value="100"/></canvas><canvas name="2" width="175" height="151"><vector name="origin" x="90" y="151"/><vector name="lt" x="-90" y="-148"/><vector name="rb" x="85" y="0"/><vector name="head" x="-10" y="-153"/><int name="delay" value="100"/></canvas><canvas name="3" width="175" height="151"><vector name="origin" x="90" y="151"/><vector name="lt" x="-90" y="-148"/><vector name="rb" x="85" y="0"/><vector name="head" x="-10" y="-153"/><int name="delay" value="100"/></canvas><canvas name="4" width="175" height="151"><vector name="origin" x="90" y="151"/><vector name="lt" x="-90" y="-148"/><vector name="rb" x="85" y="0"/><vector name="head" x="-10" y="-153"/><int name="delay" value="100"/></canvas><canvas name="5" width="175" height="151"><vector name="origin" x="90" y="151"/><vector name="lt" x="-90" y="-148"/><vector name="rb" x="85" y="0"/><vector name="head" x="-10" y="-153"/><int name="delay" value="100"/></canvas><canvas name="6" width="175" height="186"><vector name="origin" x="90" y="186"/><vector name="lt" x="-90" y="-148"/><vector name="rb" x="85" y="0"/><vector name="head" x="-10" y="-153"/><int name="delay" value="100"/></canvas><canvas name="7" width="175" height="170"><vector name="origin" x="90" y="170"/><vector name="lt" x="-90" y="-148"/><vector name="rb" x="85" y="0"/><vector name="head" x="-10" y="-153"/><int name="delay" value="100"/></canvas><canvas name="8" width="175" height="172"><vector name="origin" x="90" y="172"/><vector name="lt" x="-90" y="-148"/><vector name="rb" x="85" y="0"/><vector name="head" x="-10" y="-153"/><int name="delay" value="100"/></canvas></imgdir><imgdir name="hit1"><canvas name="0" width="258" height="172"><vector name="origin" x="134" y="172"/><vector name="lt" x="-113" y="-160"/><vector name="rb" x="110" y="0"/><int name="delay" value="600"/><vector name="head" x="2" y="-147"/></canvas></imgdir><imgdir name="die1"><canvas name="0" width="194" height="152"><vector name="origin" x="86" y="152"/><vector name="head" x="23" y="-120"/><int name="delay" value="250"/></canvas><canvas name="1" width="228" height="152"><vector name="origin" x="93" y="152"/><vector name="head" x="23" y="-120"/><int name="delay" value="250"/></canvas><canvas name="2" width="225" height="148"><vector name="origin" x="93" y="148"/><vector name="head" x="23" y="-120"/><int name="delay" value="250"/></canvas><canvas name="3" width="215" height="136"><vector name="origin" x="93" y="136"/><vector name="head" x="23" y="-120"/><int name="delay" value="250"/></canvas><canvas name="4" width="215" height="133"><vector name="origin" x="93" y="133"/><vector name="head" x="23" y="-120"/><int name="delay" value="250"/></canvas><canvas name="5" width="215" height="74"><vector name="origin" x="93" y="74"/><vector name="head" x="-47" y="-21"/><int name="delay" value="250"/></canvas><canvas name="6" width="215" height="74"><vector name="origin" x="93" y="74"/><vector name="head" x="-47" y="-21"/><int name="delay" value="300"/><int name="a0" value="255"/><int name="a1" value="0"/></canvas></imgdir></imgdir>