<?xml version="1.0" encoding="UTF-8" standalone="yes"?><imgdir name="5130107.img"><imgdir name="info"><int name="bodyAttack" value="1"/><int name="level" value="57"/><int name="maxHP" value="4500"/><int name="maxMP" value="110"/><int name="speed" value="-50"/><int name="PADamage" value="165"/><int name="PDDamage" value="165"/><int name="MADamage" value="185"/><int name="MDDamage" value="180"/><int name="acc" value="135"/><int name="eva" value="25"/><int name="exp" value="190"/><int name="undead" value="1"/><int name="pushed" value="800"/><float name="fs" value="10.0"/><int name="summonType" value="1"/><string name="elemAttr" value="S1H3"/><int name="mobType" value="7"/></imgdir><imgdir name="move"><canvas name="0" width="62" height="89"><vector name="origin" x="31" y="89"/><vector name="lt" x="-28" y="-86"/><vector name="rb" x="31" y="0"/><vector name="head" x="-8" y="-66"/><int name="delay" value="300"/></canvas><canvas name="1" width="60" height="91"><vector name="origin" x="34" y="91"/><vector name="lt" x="-28" y="-86"/><vector name="rb" x="26" y="0"/><vector name="head" x="-11" y="-66"/><int name="delay" value="300"/></canvas><canvas name="2" width="61" height="90"><vector name="origin" x="33" y="90"/><vector name="lt" x="-30" y="-86"/><vector name="rb" x="28" y="0"/><vector name="head" x="-10" y="-66"/><int name="delay" value="200"/></canvas></imgdir><imgdir name="stand"><canvas name="0" width="61" height="90"><vector name="origin" x="33" y="90"/><vector name="lt" x="-30" y="-86"/><vector name="rb" x="28" y="0"/><vector name="head" x="-10" y="-66"/><int name="delay" value="200"/></canvas><canvas name="1" width="61" height="90"><vector name="origin" x="33" y="90"/><vector name="lt" x="-30" y="-86"/><vector name="rb" x="28" y="0"/><vector name="head" x="-10" y="-66"/><int name="delay" value="200"/></canvas><canvas name="2" width="61" height="90"><vector name="origin" x="33" y="90"/><vector name="lt" x="-30" y="-86"/><vector name="rb" x="28" y="0"/><vector name="head" x="-10" y="-66"/><int name="delay" value="200"/></canvas></imgdir><imgdir name="attack1"><imgdir name="info"><imgdir name="range"><vector name="lt" x="-100" y="-80"/><vector name="rb" x="0" y="0"/></imgdir><imgdir name="hit"><canvas name="0" width="78" height="72"><vector name="origin" x="39" y="36"/><int name="delay" value="120"/></canvas><canvas name="1" width="77" height="78"><vector name="origin" x="48" y="32"/><int name="delay" value="90"/></canvas><canvas name="2" width="83" height="94"><vector name="origin" x="55" y="49"/><int name="delay" value="120"/></canvas><canvas name="3" width="77" height="78"><vector name="origin" x="42" y="43"/><int name="delay" value="90"/></canvas><canvas name="4" width="77" height="78"><vector name="origin" x="31" y="34"/><int name="delay" value="150"/></canvas></imgdir><int name="type" value="0"/><int name="conMP" value="2"/><int name="attackAfter" value="720"/><int name="PADamage" value="190"/></imgdir><canvas name="0" width="62" height="89"><vector name="origin" x="31" y="89"/><vector name="lt" x="-31" y="-86"/><vector name="rb" x="31" y="0"/><vector name="head" x="-10" y="-64"/><int name="delay" value="330"/></canvas><canvas name="1" width="59" height="90"><vector name="origin" x="31" y="90"/><vector name="lt" x="-31" y="-86"/><vector name="rb" x="31" y="0"/><vector name="head" x="-10" y="-64"/><int name="delay" value="130"/></canvas><canvas name="2" width="84" height="90"><vector name="origin" x="56" y="90"/><vector name="lt" x="-50" y="-80"/><vector name="rb" x="28" y="0"/><vector name="head" x="-25" y="-54"/><int name="delay" value="130"/></canvas><canvas name="3" width="83" height="90"><vector name="origin" x="55" y="90"/><vector name="lt" x="-31" y="-86"/><vector name="rb" x="28" y="0"/><vector name="head" x="-21" y="-57"/><int name="delay" value="130"/></canvas><uol name="4" value="1"/><uol name="5" value="2"/><uol name="6" value="3"/><uol name="7" value="1"/><uol name="8" value="2"/><uol name="9" value="3"/></imgdir><imgdir name="attack2"><imgdir name="info"><imgdir name="range"><vector name="lt" x="-150" y="-90"/><vector name="rb" x="0" y="0"/></imgdir><imgdir name="hit"><canvas name="0" width="71" height="64"><vector name="origin" x="35" y="32"/><int name="delay" value="120"/></canvas><canvas name="1" width="69" height="64"><vector name="origin" x="33" y="32"/><int name="delay" value="120"/></canvas><canvas name="2" width="63" height="59"><vector name="origin" x="26" y="28"/><int name="delay" value="120"/></canvas><canvas name="3" width="64" height="63"><vector name="origin" x="27" y="31"/><int name="delay" value="120"/></canvas><canvas name="4" width="64" height="64"><vector name="origin" x="28" y="32"/><int name="delay" value="120"/></canvas><canvas name="5" width="61" height="62"><vector name="origin" x="23" y="31"/><int name="delay" value="120"/></canvas></imgdir><int name="type" value="0"/><int name="conMP" value="5"/><int name="attackAfter" value="660"/><int name="magic" value="1"/><int name="disease" value="125"/><int name="level" value="1"/></imgdir><canvas name="0" width="62" height="89"><vector name="origin" x="31" y="89"/><vector name="lt" x="-31" y="-86"/><vector name="rb" x="31" y="0"/><vector name="head" x="-10" y="-65"/><int name="delay" value="180"/></canvas><canvas name="1" width="58" height="90"><vector name="origin" x="27" y="90"/><vector name="lt" x="-27" y="-86"/><vector name="rb" x="31" y="0"/><vector name="head" x="-5" y="-65"/><int name="delay" value="120"/></canvas><canvas name="2" width="58" height="91"><vector name="origin" x="27" y="91"/><vector name="lt" x="-27" y="-86"/><vector name="rb" x="31" y="0"/><vector name="head" x="-5" y="-65"/><int name="delay" value="120"/></canvas><canvas name="3" width="58" height="92"><vector name="origin" x="27" y="92"/><vector name="lt" x="-27" y="-86"/><vector name="rb" x="31" y="0"/><vector name="head" x="-5" y="-65"/><int name="delay" value="120"/></canvas><canvas name="4" width="108" height="84"><vector name="origin" x="80" y="84"/><vector name="lt" x="-48" y="-84"/><vector name="rb" x="28" y="0"/><vector name="head" x="-30" y="-59"/><int name="delay" value="120"/></canvas><canvas name="5" width="102" height="85"><vector name="origin" x="74" y="85"/><vector name="lt" x="-48" y="-85"/><vector name="rb" x="28" y="0"/><vector name="head" x="-30" y="-60"/><int name="delay" value="120"/></canvas><canvas name="6" width="107" height="87"><vector name="origin" x="79" y="84"/><vector name="lt" x="-48" y="-84"/><vector name="rb" x="28" y="0"/><vector name="head" x="-31" y="-59"/><int name="delay" value="120"/></canvas><canvas name="7" width="108" height="87"><vector name="origin" x="80" y="84"/><vector name="lt" x="-48" y="-84"/><vector name="rb" x="28" y="0"/><vector name="head" x="-30" y="-58"/><int name="delay" value="120"/></canvas><canvas name="8" width="102" height="83"><vector name="origin" x="74" y="83"/><vector name="lt" x="-48" y="-83"/><vector name="rb" x="28" y="0"/><vector name="head" x="-31" y="-57"/><int name="delay" value="120"/></canvas><canvas name="9" width="107" height="85"><vector name="origin" x="79" y="85"/><vector name="lt" x="-46" y="-85"/><vector name="rb" x="28" y="0"/><vector name="head" x="-30" y="-60"/><int name="delay" value="120"/></canvas><canvas name="10" width="108" height="84"><vector name="origin" x="80" y="84"/><vector name="lt" x="-46" y="-84"/><vector name="rb" x="28" y="0"/><vector name="head" x="-32" y="-58"/><int name="delay" value="120"/></canvas><canvas name="11" width="101" height="84"><vector name="origin" x="73" y="84"/><vector name="lt" x="-45" y="-84"/><vector name="rb" x="28" y="0"/><vector name="head" x="-30" y="-58"/><int name="delay" value="120"/></canvas><canvas name="12" width="105" height="83"><vector name="origin" x="77" y="83"/><vector name="lt" x="-45" y="-83"/><vector name="rb" x="28" y="0"/><vector name="head" x="-31" y="-58"/><int name="delay" value="120"/></canvas></imgdir><imgdir name="hit1"><canvas name="0" width="61" height="91"><vector name="origin" x="33" y="91"/><vector name="lt" x="-30" y="-86"/><vector name="rb" x="28" y="0"/><vector name="head" x="-10" y="-66"/><int name="delay" value="600"/></canvas></imgdir><imgdir name="die1"><canvas name="0" width="75" height="92"><vector name="origin" x="36" y="92"/><vector name="head" x="-4" y="-70"/><int name="delay" value="100"/></canvas><canvas name="1" width="61" height="91"><vector name="origin" x="33" y="91"/><vector name="head" x="-4" y="-70"/><int name="delay" value="100"/></canvas><canvas name="2" width="57" height="93"><vector name="origin" x="33" y="91"/><vector name="head" x="-4" y="-70"/><int name="delay" value="100"/></canvas><canvas name="3" width="57" height="93"><vector name="origin" x="33" y="91"/><vector name="head" x="-4" y="-70"/><int name="delay" value="100"/></canvas><canvas name="4" width="57" height="93"><vector name="origin" x="33" y="91"/><vector name="head" x="-4" y="-70"/><int name="delay" value="100"/></canvas><canvas name="5" width="59" height="93"><vector name="origin" x="33" y="91"/><vector name="head" x="-4" y="-70"/><int name="delay" value="100"/></canvas><canvas name="6" width="58" height="93"><vector name="origin" x="33" y="91"/><vector name="head" x="-4" y="-70"/><int name="delay" value="100"/></canvas><canvas name="7" width="58" height="93"><vector name="origin" x="33" y="91"/><vector name="head" x="-4" y="-70"/><int name="delay" value="100"/></canvas><canvas name="8" width="58" height="93"><vector name="origin" x="33" y="91"/><vector name="head" x="-4" y="-70"/><int name="delay" value="100"/></canvas><canvas name="9" width="58" height="93"><vector name="origin" x="33" y="91"/><vector name="head" x="-4" y="-70"/><int name="delay" value="100"/></canvas><canvas name="10" width="56" height="93"><vector name="origin" x="27" y="91"/><vector name="head" x="-4" y="-70"/><int name="delay" value="300"/><int name="a0" value="255"/><int name="a1" value="0"/></canvas></imgdir></imgdir>