<?xml version="1.0" encoding="UTF-8" standalone="yes"?><imgdir name="5150000.img"><imgdir name="info"><int name="bodyAttack" value="1"/><int name="level" value="59"/><int name="maxHP" value="6000"/><int name="maxMP" value="150"/><int name="speed" value="-70"/><int name="PADamage" value="200"/><int name="PDDamage" value="160"/><int name="MADamage" value="190"/><int name="MDDamage" value="220"/><int name="acc" value="100"/><int name="eva" value="20"/><int name="exp" value="210"/><int name="undead" value="0"/><int name="pushed" value="1100"/><float name="fs" value="10.0"/><int name="summonType" value="1"/><imgdir name="skill"><imgdir name="0"><int name="skill" value="100"/><int name="action" value="1"/><int name="level" value="1"/><int name="effectAfter" value="0"/></imgdir><imgdir name="1"><int name="skill" value="102"/><int name="action" value="1"/><int name="level" value="1"/><int name="effectAfter" value="0"/></imgdir></imgdir><int name="mobType" value="8"/></imgdir><imgdir name="move"><canvas name="0" width="175" height="158"><vector name="origin" x="90" y="158"/><int name="delay" value="350"/><vector name="lt" x="-90" y="-151"/><vector name="rb" x="85" y="0"/><vector name="head" x="-10" y="-155"/></canvas><canvas name="1" width="175" height="154"><vector name="origin" x="90" y="154"/><int name="delay" value="350"/><vector name="lt" x="-90" y="-146"/><vector name="rb" x="85" y="0"/><vector name="head" x="-10" y="-151"/></canvas><canvas name="2" width="175" height="158"><vector name="origin" x="90" y="158"/><int name="delay" value="350"/><vector name="lt" x="-90" y="-150"/><vector name="rb" x="85" y="0"/><vector name="head" x="-10" y="-155"/></canvas><canvas name="3" width="175" height="154"><vector name="origin" x="90" y="154"/><int name="delay" value="350"/><vector name="lt" x="-90" y="-146"/><vector name="rb" x="85" y="0"/><vector name="head" x="-10" y="-151"/></canvas></imgdir><imgdir name="stand"><int name="zigzag" value="1"/><canvas name="0" width="175" height="156"><vector name="origin" x="90" y="156"/><int name="delay" value="300"/><vector name="lt" x="-90" y="-148"/><vector name="rb" x="85" y="0"/><vector name="head" x="-10" y="-153"/></canvas><canvas name="1" width="177" height="157"><vector name="origin" x="91" y="157"/><int name="delay" value="150"/><vector name="lt" x="-91" y="-149"/><vector name="rb" x="86" y="0"/><vector name="head" x="-10" y="-154"/></canvas><canvas name="2" width="179" height="158"><vector name="origin" x="92" y="158"/><int name="delay" value="300"/><vector name="lt" x="-92" y="-155"/><vector name="rb" x="87" y="0"/><vector name="head" x="-10" y="-155"/></canvas></imgdir><imgdir name="skill1"><canvas name="0" width="179" height="158"><vector name="origin" x="92" y="158"/><vector name="lt" x="-90" y="-148"/><vector name="rb" x="85" y="0"/><vector name="head" x="-10" y="-153"/><int name="delay" value="90"/><int name="z" value="1"/></canvas><canvas name="1" width="179" height="158"><vector name="origin" x="92" y="158"/><vector name="lt" x="-90" y="-148"/><vector name="rb" x="85" y="0"/><vector name="head" x="-10" y="-153"/><int name="delay" value="90"/></canvas><canvas name="2" width="179" height="158"><vector name="origin" x="92" y="158"/><vector name="lt" x="-90" y="-148"/><vector name="rb" x="85" y="0"/><vector name="head" x="-10" y="-153"/><int name="delay" value="90"/></canvas><canvas name="3" width="179" height="158"><vector name="origin" x="92" y="158"/><vector name="lt" x="-90" y="-148"/><vector name="rb" x="85" y="0"/><vector name="head" x="-10" y="-153"/><int name="delay" value="270"/></canvas><canvas name="4" width="179" height="158"><vector name="origin" x="92" y="158"/><vector name="lt" x="-90" y="-148"/><vector name="rb" x="85" y="0"/><vector name="head" x="-10" y="-153"/><int name="delay" value="90"/></canvas><canvas name="5" width="179" height="158"><vector name="origin" x="92" y="158"/><vector name="lt" x="-90" y="-148"/><vector name="rb" x="85" y="0"/><vector name="head" x="-10" y="-153"/><int name="delay" value="90"/></canvas><canvas name="6" width="179" height="158"><vector name="origin" x="92" y="158"/><vector name="lt" x="-90" y="-148"/><vector name="rb" x="85" y="0"/><vector name="head" x="-10" y="-153"/><int name="delay" value="90"/></canvas><uol name="7" value="../stand/0"/><uol name="8" value="../stand/1"/><uol name="9" value="../stand/2"/><uol name="10" value="../stand/1"/><uol name="11" value="../stand/0"/><uol name="12" value="../stand/1"/><uol name="13" value="../stand/2"/><uol name="14" value="../stand/1"/></imgdir><imgdir name="hit1"><canvas name="0" width="258" height="172"><vector name="origin" x="134" y="172"/><vector name="lt" x="-113" y="-160"/><vector name="rb" x="110" y="0"/><int name="delay" value="600"/><vector name="head" x="2" y="-147"/></canvas></imgdir><imgdir name="die1"><canvas name="0" width="194" height="178"><vector name="origin" x="85" y="178"/><vector name="head" x="25" y="-121"/><int name="delay" value="250"/></canvas><canvas name="1" width="228" height="169"><vector name="origin" x="93" y="169"/><vector name="head" x="25" y="-121"/><int name="delay" value="250"/></canvas><canvas name="2" width="225" height="160"><vector name="origin" x="93" y="160"/><vector name="head" x="25" y="-121"/><int name="delay" value="250"/></canvas><canvas name="3" width="215" height="146"><vector name="origin" x="93" y="146"/><vector name="head" x="25" y="-121"/><int name="delay" value="250"/></canvas><canvas name="4" width="215" height="133"><vector name="origin" x="93" y="133"/><vector name="head" x="19" y="-119"/><int name="delay" value="250"/></canvas><canvas name="5" width="215" height="74"><vector name="origin" x="93" y="74"/><vector name="head" x="-44" y="-21"/><int name="delay" value="250"/></canvas><canvas name="6" width="215" height="74"><vector name="origin" x="93" y="74"/><vector name="head" x="-44" y="-21"/><int name="delay" value="300"/><int name="a0" value="255"/><int name="a1" value="0"/></canvas></imgdir></imgdir>