<?xml version="1.0" encoding="UTF-8" standalone="yes"?><imgdir name="5250001.img"><imgdir name="info"><int name="bodyAttack" value="1"/><int name="level" value="51"/><int name="maxHP" value="3600"/><int name="maxMP" value="40"/><int name="speed" value="-80"/><int name="PADamage" value="170"/><int name="PDDamage" value="255"/><int name="MADamage" value="0"/><int name="MDDamage" value="200"/><int name="acc" value="80"/><int name="eva" value="15"/><int name="exp" value="142"/><int name="undead" value="0"/><int name="pushed" value="500"/><float name="fs" value="10.0"/><int name="summonType" value="1"/></imgdir><imgdir name="move"><canvas name="0" width="110" height="73"><vector name="origin" x="47" y="73"/><vector name="lt" x="-47" y="-73"/><vector name="rb" x="63" y="0"/><vector name="head" x="-24" y="-56"/><int name="delay" value="90"/></canvas><canvas name="1" width="112" height="79"><vector name="origin" x="48" y="79"/><vector name="lt" x="-48" y="-79"/><vector name="rb" x="64" y="0"/><vector name="head" x="-26" y="-61"/><int name="delay" value="90"/></canvas><canvas name="2" width="113" height="82"><vector name="origin" x="48" y="82"/><vector name="lt" x="-48" y="-82"/><vector name="rb" x="65" y="0"/><vector name="head" x="-27" y="-64"/><int name="delay" value="90"/></canvas><canvas name="3" width="117" height="76"><vector name="origin" x="48" y="80"/><vector name="lt" x="-48" y="-80"/><vector name="rb" x="69" y="-4"/><vector name="head" x="-26" y="-61"/><int name="delay" value="90"/></canvas><canvas name="4" width="124" height="75"><vector name="origin" x="48" y="77"/><vector name="lt" x="-48" y="-77"/><vector name="rb" x="76" y="-2"/><vector name="head" x="-26" y="-59"/><int name="delay" value="90"/></canvas><canvas name="5" width="124" height="75"><vector name="origin" x="48" y="75"/><vector name="lt" x="-48" y="-75"/><vector name="rb" x="76" y="0"/><vector name="head" x="-26" y="-55"/><int name="delay" value="90"/></canvas><canvas name="6" width="117" height="75"><vector name="origin" x="48" y="75"/><vector name="lt" x="-48" y="-75"/><vector name="rb" x="69" y="0"/><vector name="head" x="-26" y="-57"/><int name="delay" value="90"/></canvas><canvas name="7" width="114" height="75"><vector name="origin" x="48" y="75"/><vector name="lt" x="-48" y="-75"/><vector name="rb" x="66" y="0"/><vector name="head" x="-26" y="-57"/><int name="delay" value="90"/></canvas><canvas name="8" width="115" height="75"><vector name="origin" x="48" y="75"/><vector name="lt" x="-48" y="-75"/><vector name="rb" x="67" y="0"/><vector name="head" x="-27" y="-57"/><int name="delay" value="90"/></canvas><canvas name="9" width="116" height="75"><vector name="origin" x="48" y="75"/><vector name="lt" x="-48" y="-75"/><vector name="rb" x="68" y="0"/><vector name="head" x="-26" y="-57"/><int name="delay" value="90"/></canvas></imgdir><imgdir name="stand"><canvas name="0" width="110" height="74"><vector name="origin" x="48" y="74"/><vector name="lt" x="-48" y="-74"/><vector name="rb" x="62" y="0"/><vector name="head" x="-27" y="-56"/><int name="delay" value="120"/></canvas><canvas name="1" width="110" height="73"><vector name="origin" x="48" y="73"/><vector name="lt" x="-48" y="-73"/><vector name="rb" x="62" y="0"/><vector name="head" x="-27" y="-54"/><int name="delay" value="120"/></canvas><canvas name="2" width="110" height="74"><vector name="origin" x="48" y="74"/><vector name="lt" x="-48" y="-74"/><vector name="rb" x="62" y="0"/><vector name="head" x="-27" y="-56"/><int name="delay" value="120"/></canvas><canvas name="3" width="110" height="75"><vector name="origin" x="48" y="75"/><vector name="lt" x="-48" y="-75"/><vector name="rb" x="62" y="0"/><vector name="head" x="-26" y="-57"/><int name="delay" value="120"/></canvas><canvas name="4" width="110" height="75"><vector name="origin" x="48" y="75"/><vector name="lt" x="-48" y="-75"/><vector name="rb" x="62" y="0"/><vector name="head" x="-26" y="-57"/><int name="delay" value="120"/></canvas><canvas name="5" width="110" height="75"><vector name="origin" x="48" y="75"/><vector name="lt" x="-48" y="-75"/><vector name="rb" x="62" y="0"/><vector name="head" x="-26" y="-57"/><int name="delay" value="120"/></canvas><canvas name="6" width="110" height="75"><vector name="origin" x="48" y="75"/><vector name="lt" x="-48" y="-75"/><vector name="rb" x="62" y="0"/><vector name="head" x="-27" y="-57"/><int name="delay" value="120"/></canvas></imgdir><imgdir name="hit1"><canvas name="0" width="106" height="95"><vector name="origin" x="40" y="95"/><vector name="lt" x="-40" y="-95"/><vector name="rb" x="66" y="0"/><vector name="head" x="-11" y="-76"/><int name="delay" value="600"/></canvas></imgdir><imgdir name="die1"><canvas name="0" width="110" height="75"><vector name="origin" x="48" y="75"/><vector name="head" x="-27" y="-57"/><int name="delay" value="180"/></canvas><canvas name="1" width="94" height="95"><vector name="origin" x="31" y="95"/><vector name="head" x="-12" y="-76"/><int name="delay" value="180"/></canvas><canvas name="2" width="95" height="90"><vector name="origin" x="32" y="90"/><vector name="head" x="-12" y="-71"/><int name="delay" value="180"/></canvas><canvas name="3" width="99" height="83"><vector name="origin" x="36" y="83"/><vector name="head" x="-16" y="-64"/><int name="delay" value="180"/></canvas><canvas name="4" width="119" height="82"><vector name="origin" x="51" y="76"/><vector name="head" x="-23" y="-56"/><int name="delay" value="180"/></canvas><canvas name="5" width="126" height="73"><vector name="origin" x="55" y="67"/><vector name="head" x="-25" y="-48"/><int name="delay" value="180"/></canvas><canvas name="6" width="134" height="74"><vector name="origin" x="59" y="67"/><int name="delay" value="180"/></canvas><canvas name="7" width="141" height="74"><vector name="origin" x="64" y="67"/><int name="delay" value="180"/></canvas><canvas name="8" width="143" height="71"><vector name="origin" x="63" y="67"/><int name="delay" value="180"/></canvas><canvas name="9" width="142" height="24"><vector name="origin" x="65" y="29"/><int name="delay" value="180"/></canvas></imgdir></imgdir>