<?xml version="1.0" encoding="UTF-8" standalone="yes"?><imgdir name="6090002.img"><imgdir name="info"><int name="boss" value="1"/><int name="bodyAttack" value="1"/><int name="level" value="68"/><int name="maxHP" value="12500"/><int name="maxMP" value="300"/><int name="speed" value="-20"/><int name="PADamage" value="200"/><int name="PDDamage" value="190"/><int name="MADamage" value="290"/><int name="MDDamage" value="270"/><int name="acc" value="130"/><int name="eva" value="999"/><int name="exp" value="265"/><int name="undead" value="1"/><int name="pushed" value="1300"/><float name="fs" value="10.0"/><int name="summonType" value="0"/><int name="removeAfter" value="1800"/><imgdir name="skill"><imgdir name="0"><int name="skill" value="129"/><int name="action" value="1"/><int name="level" value="7"/><int name="effectAfter" value="0"/></imgdir></imgdir><imgdir name="ban"><string name="banMsg" value="The Bamboo Warrior&apos;s force of will has driven you out to the Mushroom Shrine."/><imgdir name="banMap"><imgdir name="0"><int name="field" value="800000000"/><string name="portal" value="st00"/></imgdir></imgdir></imgdir><int name="HPgaugeHide" value="1"/><int name="hpTagBgcolor" value="5"/><int name="hpTagColor" value="1"/></imgdir><imgdir name="move"><canvas name="0" width="123" height="107"><vector name="origin" x="84" y="107"/><vector name="lt" x="-80" y="-107"/><vector name="rb" x="43" y="0"/><vector name="head" x="-7" y="-85"/><int name="delay" value="240"/></canvas><canvas name="1" width="123" height="109"><vector name="origin" x="84" y="109"/><vector name="lt" x="-80" y="-109"/><vector name="rb" x="43" y="0"/><vector name="head" x="-7" y="-86"/><int name="delay" value="240"/></canvas><canvas name="2" width="123" height="107"><vector name="origin" x="84" y="107"/><vector name="lt" x="-80" y="-108"/><vector name="rb" x="43" y="0"/><vector name="head" x="-6" y="-85"/><int name="delay" value="240"/></canvas><canvas name="3" width="123" height="109"><vector name="origin" x="84" y="109"/><vector name="lt" x="-80" y="-109"/><vector name="rb" x="43" y="0"/><vector name="head" x="-7" y="-87"/><int name="delay" value="240"/></canvas></imgdir><imgdir name="stand"><canvas name="0" width="123" height="109"><vector name="origin" x="84" y="109"/><vector name="lt" x="-80" y="-109"/><vector name="rb" x="43" y="0"/><vector name="head" x="-8" y="-86"/><int name="delay" value="180"/></canvas><canvas name="1" width="123" height="110"><vector name="origin" x="84" y="110"/><vector name="lt" x="-80" y="-110"/><vector name="rb" x="43" y="0"/><vector name="head" x="-8" y="-88"/><int name="delay" value="180"/></canvas><canvas name="2" width="123" height="111"><vector name="origin" x="84" y="111"/><vector name="lt" x="-80" y="-111"/><vector name="rb" x="43" y="0"/><vector name="head" x="-8" y="-89"/><int name="delay" value="180"/></canvas><canvas name="3" width="123" height="111"><vector name="origin" x="84" y="111"/><vector name="lt" x="-80" y="-111"/><vector name="rb" x="43" y="0"/><vector name="head" x="-5" y="-89"/><int name="delay" value="180"/></canvas><canvas name="4" width="123" height="111"><vector name="origin" x="84" y="111"/><vector name="lt" x="-80" y="-112"/><vector name="rb" x="43" y="0"/><vector name="head" x="-7" y="-89"/><int name="delay" value="180"/></canvas><canvas name="5" width="123" height="111"><vector name="origin" x="84" y="111"/><vector name="lt" x="-80" y="-111"/><vector name="rb" x="43" y="0"/><vector name="head" x="-7" y="-89"/><int name="delay" value="180"/></canvas><canvas name="6" width="123" height="111"><vector name="origin" x="84" y="111"/><vector name="lt" x="-80" y="-111"/><vector name="rb" x="44" y="0"/><vector name="head" x="-7" y="-89"/><int name="delay" value="180"/></canvas><canvas name="7" width="123" height="111"><vector name="origin" x="84" y="111"/><vector name="lt" x="-80" y="-112"/><vector name="rb" x="43" y="0"/><vector name="head" x="-7" y="-89"/><int name="delay" value="180"/></canvas><canvas name="8" width="123" height="111"><vector name="origin" x="84" y="111"/><vector name="lt" x="-80" y="-111"/><vector name="rb" x="43" y="0"/><vector name="head" x="-7" y="-89"/><int name="delay" value="180"/></canvas><canvas name="9" width="123" height="111"><vector name="origin" x="84" y="111"/><vector name="lt" x="-80" y="-112"/><vector name="rb" x="43" y="0"/><vector name="head" x="-7" y="-89"/><int name="delay" value="180"/></canvas><canvas name="10" width="123" height="111"><vector name="origin" x="84" y="111"/><vector name="lt" x="-80" y="-111"/><vector name="rb" x="43" y="0"/><vector name="head" x="-7" y="-89"/><int name="delay" value="180"/></canvas><canvas name="11" width="123" height="111"><vector name="origin" x="84" y="111"/><vector name="lt" x="-80" y="-111"/><vector name="rb" x="43" y="0"/><vector name="head" x="-7" y="-89"/><int name="delay" value="180"/></canvas><canvas name="12" width="123" height="111"><vector name="origin" x="84" y="111"/><vector name="lt" x="-80" y="-112"/><vector name="rb" x="43" y="0"/><vector name="head" x="-7" y="-89"/><int name="delay" value="180"/></canvas><canvas name="13" width="123" height="111"><vector name="origin" x="84" y="111"/><vector name="lt" x="-80" y="-111"/><vector name="rb" x="43" y="0"/><vector name="head" x="-6" y="-89"/><int name="delay" value="180"/></canvas><canvas name="14" width="123" height="111"><vector name="origin" x="84" y="111"/><vector name="lt" x="-80" y="-111"/><vector name="rb" x="43" y="0"/><vector name="head" x="-6" y="-89"/><int name="delay" value="180"/></canvas><canvas name="15" width="123" height="111"><vector name="origin" x="84" y="111"/><vector name="lt" x="-80" y="-111"/><vector name="rb" x="43" y="0"/><vector name="head" x="-7" y="-89"/><int name="delay" value="180"/></canvas><canvas name="16" width="123" height="110"><vector name="origin" x="84" y="110"/><vector name="lt" x="-80" y="-110"/><vector name="rb" x="43" y="0"/><vector name="head" x="-6" y="-88"/><int name="delay" value="180"/></canvas><canvas name="17" width="123" height="109"><vector name="origin" x="84" y="109"/><vector name="lt" x="-80" y="-109"/><vector name="rb" x="43" y="0"/><vector name="head" x="-7" y="-88"/><int name="delay" value="180"/></canvas></imgdir><imgdir name="skill1"><canvas name="0" width="123" height="109"><vector name="origin" x="84" y="109"/><vector name="lt" x="-80" y="-109"/><vector name="rb" x="43" y="0"/><vector name="head" x="-6" y="-88"/><int name="delay" value="120"/></canvas><canvas name="1" width="128" height="110"><vector name="origin" x="89" y="110"/><vector name="lt" x="-85" y="-110"/><vector name="rb" x="43" y="0"/><vector name="head" x="-7" y="-88"/><int name="delay" value="120"/></canvas><canvas name="2" width="153" height="168"><vector name="origin" x="112" y="166"/><vector name="lt" x="-108" y="-166"/><vector name="rb" x="45" y="2"/><vector name="head" x="-7" y="-89"/><int name="delay" value="120"/></canvas><canvas name="3" width="146" height="174"><vector name="origin" x="103" y="169"/><vector name="lt" x="-100" y="-169"/><vector name="rb" x="47" y="5"/><vector name="head" x="-7" y="-89"/><int name="delay" value="120"/></canvas><canvas name="4" width="136" height="173"><vector name="origin" x="92" y="168"/><vector name="lt" x="-88" y="-168"/><vector name="rb" x="48" y="5"/><vector name="head" x="-7" y="-89"/><int name="delay" value="120"/></canvas><canvas name="5" width="133" height="169"><vector name="origin" x="88" y="163"/><vector name="lt" x="-84" y="-163"/><vector name="rb" x="49" y="6"/><vector name="head" x="-7" y="-88"/><int name="delay" value="120"/></canvas><canvas name="6" width="128" height="162"><vector name="origin" x="82" y="155"/><vector name="lt" x="-78" y="-155"/><vector name="rb" x="50" y="7"/><vector name="head" x="-7" y="-87"/><int name="delay" value="120"/></canvas><canvas name="7" width="121" height="152"><vector name="origin" x="75" y="145"/><vector name="lt" x="-71" y="-145"/><vector name="rb" x="50" y="8"/><vector name="head" x="-7" y="-86"/><int name="delay" value="120"/></canvas><canvas name="8" width="112" height="142"><vector name="origin" x="66" y="134"/><vector name="lt" x="-62" y="-135"/><vector name="rb" x="50" y="8"/><vector name="head" x="-7" y="-87"/><int name="delay" value="120"/></canvas><canvas name="9" width="107" height="137"><vector name="origin" x="61" y="129"/><vector name="lt" x="-57" y="-129"/><vector name="rb" x="50" y="8"/><vector name="head" x="-7" y="-86"/><int name="delay" value="120"/></canvas><canvas name="10" width="107" height="137"><vector name="origin" x="61" y="129"/><vector name="lt" x="-57" y="-129"/><vector name="rb" x="50" y="8"/><vector name="head" x="-6" y="-87"/><int name="delay" value="120"/></canvas><canvas name="11" width="147" height="149"><vector name="origin" x="101" y="141"/><vector name="lt" x="-97" y="-142"/><vector name="rb" x="50" y="8"/><vector name="head" x="-7" y="-93"/><int name="delay" value="120"/></canvas><canvas name="12" width="152" height="149"><vector name="origin" x="106" y="141"/><vector name="lt" x="-102" y="-141"/><vector name="rb" x="50" y="8"/><vector name="head" x="-7" y="-86"/><int name="delay" value="120"/></canvas><canvas name="13" width="154" height="148"><vector name="origin" x="108" y="141"/><vector name="lt" x="-104" y="-141"/><vector name="rb" x="50" y="7"/><vector name="head" x="-7" y="-87"/><int name="delay" value="120"/></canvas><canvas name="14" width="149" height="151"><vector name="origin" x="105" y="145"/><vector name="lt" x="-101" y="-146"/><vector name="rb" x="48" y="6"/><vector name="head" x="-7" y="-90"/><int name="delay" value="120"/></canvas><canvas name="15" width="145" height="134"><vector name="origin" x="104" y="131"/><vector name="lt" x="-101" y="-131"/><vector name="rb" x="45" y="3"/><vector name="head" x="-7" y="-90"/><int name="delay" value="120"/></canvas><canvas name="16" width="144" height="114"><vector name="origin" x="105" y="114"/><vector name="lt" x="-102" y="-115"/><vector name="rb" x="43" y="0"/><vector name="head" x="-7" y="-90"/><int name="delay" value="120"/></canvas><canvas name="17" width="125" height="110"><vector name="origin" x="86" y="110"/><vector name="lt" x="-82" y="-110"/><vector name="rb" x="43" y="0"/><vector name="head" x="-7" y="-89"/><int name="delay" value="120"/></canvas></imgdir><imgdir name="hit1"><canvas name="0" width="149" height="123"><vector name="origin" x="90" y="122"/><vector name="lt" x="-86" y="-122"/><vector name="rb" x="63" y="1"/><vector name="head" x="6" y="-86"/><int name="delay" value="600"/></canvas></imgdir><imgdir name="die1"><canvas name="0" width="123" height="107"><vector name="origin" x="84" y="107"/><int name="delay" value="150"/></canvas><canvas name="1" width="149" height="123"><vector name="origin" x="90" y="122"/><int name="delay" value="150"/></canvas><canvas name="2" width="149" height="116"><vector name="origin" x="94" y="115"/><int name="delay" value="150"/></canvas><canvas name="3" width="148" height="111"><vector name="origin" x="96" y="110"/><int name="delay" value="150"/></canvas><canvas name="4" width="95" height="108"><vector name="origin" x="42" y="107"/><int name="delay" value="150"/></canvas><canvas name="5" width="97" height="109"><vector name="origin" x="35" y="107"/><int name="delay" value="150"/></canvas><canvas name="6" width="103" height="108"><vector name="origin" x="39" y="106"/><int name="delay" value="150"/></canvas><canvas name="7" width="110" height="101"><vector name="origin" x="42" y="98"/><int name="delay" value="150"/></canvas><canvas name="8" width="116" height="36"><vector name="origin" x="47" y="33"/><int name="delay" value="150"/></canvas><canvas name="9" width="118" height="33"><vector name="origin" x="46" y="32"/><int name="delay" value="150"/></canvas><canvas name="10" width="115" height="31"><vector name="origin" x="46" y="31"/><int name="delay" value="150"/></canvas></imgdir></imgdir>