<?xml version="1.0" encoding="UTF-8" standalone="yes"?><imgdir name="6110301.img"><imgdir name="info"><int name="bodyAttack" value="1"/><int name="level" value="68"/><int name="maxHP" value="13000"/><int name="maxMP" value="100"/><int name="speed" value="-20"/><int name="PADamage" value="210"/><int name="PDDamage" value="190"/><int name="MADamage" value="290"/><int name="MDDamage" value="270"/><int name="acc" value="130"/><int name="eva" value="26"/><int name="exp" value="265"/><int name="undead" value="1"/><int name="pushed" value="0"/><float name="fs" value="10.0"/><int name="summonType" value="1"/><int name="mobType" value="7"/></imgdir><imgdir name="move"><canvas name="0" width="64" height="101"><vector name="origin" x="30" y="109"/><vector name="lt" x="-31" y="-112"/><vector name="rb" x="33" y="-15"/><vector name="head" x="-2" y="-112"/><int name="delay" value="120"/></canvas><canvas name="1" width="65" height="101"><vector name="origin" x="31" y="108"/><vector name="lt" x="-32" y="-113"/><vector name="rb" x="33" y="-14"/><vector name="head" x="-3" y="-112"/><int name="delay" value="120"/></canvas><canvas name="2" width="66" height="101"><vector name="origin" x="31" y="106"/><vector name="lt" x="-33" y="-110"/><vector name="rb" x="34" y="-12"/><vector name="head" x="-3" y="-110"/><int name="delay" value="120"/></canvas><canvas name="3" width="66" height="100"><vector name="origin" x="30" y="105"/><vector name="lt" x="-31" y="-109"/><vector name="rb" x="34" y="-12"/><vector name="head" x="-3" y="-109"/><int name="delay" value="120"/></canvas><canvas name="4" width="65" height="100"><vector name="origin" x="29" y="105"/><vector name="lt" x="-30" y="-107"/><vector name="rb" x="35" y="-12"/><vector name="head" x="-3" y="-109"/><int name="delay" value="120"/></canvas><canvas name="5" width="64" height="100"><vector name="origin" x="28" y="106"/><vector name="lt" x="-29" y="-108"/><vector name="rb" x="34" y="-13"/><vector name="head" x="-3" y="-110"/><int name="delay" value="120"/></canvas><canvas name="6" width="67" height="100"><vector name="origin" x="28" y="108"/><int name="delay" value="120"/><vector name="lt" x="-29" y="-110"/><vector name="rb" x="38" y="-15"/><vector name="head" x="-3" y="-112"/></canvas><canvas name="7" width="66" height="101"><vector name="origin" x="29" y="109"/><int name="delay" value="120"/><vector name="lt" x="-31" y="-111"/><vector name="rb" x="36" y="-15"/><vector name="head" x="-5" y="-112"/></canvas></imgdir><imgdir name="stand"><canvas name="0" width="60" height="101"><vector name="origin" x="30" y="109"/><int name="delay" value="120"/><vector name="lt" x="-32" y="-113"/><vector name="rb" x="29" y="-15"/><vector name="head" x="-5" y="-113"/></canvas><canvas name="1" width="61" height="101"><vector name="origin" x="30" y="108"/><int name="delay" value="120"/><vector name="lt" x="-32" y="-111"/><vector name="rb" x="30" y="-14"/><vector name="head" x="-3" y="-112"/></canvas><canvas name="2" width="61" height="101"><vector name="origin" x="30" y="107"/><int name="delay" value="120"/><vector name="lt" x="-32" y="-108"/><vector name="rb" x="30" y="-13"/><vector name="head" x="-4" y="-110"/></canvas><canvas name="3" width="60" height="101"><vector name="origin" x="30" y="106"/><int name="delay" value="120"/><vector name="lt" x="-32" y="-108"/><vector name="rb" x="29" y="-12"/><vector name="head" x="-3" y="-109"/></canvas><canvas name="4" width="60" height="101"><vector name="origin" x="30" y="105"/><int name="delay" value="120"/><vector name="lt" x="-32" y="-107"/><vector name="rb" x="28" y="-11"/><vector name="head" x="-4" y="-109"/></canvas><canvas name="5" width="61" height="101"><vector name="origin" x="30" y="106"/><int name="delay" value="120"/><vector name="lt" x="-31" y="-108"/><vector name="rb" x="30" y="-12"/><vector name="head" x="-5" y="-109"/></canvas><canvas name="6" width="60" height="101"><vector name="origin" x="30" y="107"/><int name="delay" value="120"/><vector name="lt" x="-32" y="-109"/><vector name="rb" x="29" y="-13"/><vector name="head" x="-3" y="-111"/></canvas><canvas name="7" width="59" height="101"><vector name="origin" x="30" y="108"/><int name="delay" value="120"/><vector name="lt" x="-32" y="-110"/><vector name="rb" x="28" y="-14"/><vector name="head" x="-5" y="-110"/></canvas></imgdir><imgdir name="attack1"><imgdir name="info"><imgdir name="range"><vector name="sp" x="-19" y="-46"/><int name="r" value="150"/></imgdir><imgdir name="ball"><canvas name="0" width="21" height="25"><vector name="origin" x="11" y="16"/><int name="delay" value="90"/></canvas><canvas name="1" width="20" height="21"><vector name="origin" x="14" y="8"/><int name="delay" value="90"/></canvas><canvas name="2" width="21" height="21"><vector name="origin" x="11" y="4"/><int name="delay" value="90"/></canvas><canvas name="3" width="17" height="21"><vector name="origin" x="7" y="8"/><int name="delay" value="90"/></canvas></imgdir><imgdir name="hit"><canvas name="0" width="84" height="83"><vector name="origin" x="42" y="82"/><int name="delay" value="90"/></canvas><canvas name="1" width="64" height="72"><vector name="origin" x="33" y="74"/><int name="delay" value="90"/></canvas><canvas name="2" width="56" height="58"><vector name="origin" x="29" y="69"/><int name="delay" value="90"/></canvas><int name="attach" value="1"/></imgdir><int name="type" value="2"/><int name="attackAfter" value="600"/></imgdir><canvas name="0" width="67" height="102"><vector name="origin" x="30" y="113"/><vector name="lt" x="-27" y="-107"/><vector name="rb" x="35" y="-11"/><vector name="head" x="-2" y="-108"/><int name="delay" value="120"/></canvas><canvas name="1" width="63" height="102"><vector name="origin" x="31" y="112"/><vector name="lt" x="-28" y="-107"/><vector name="rb" x="32" y="-10"/><vector name="head" x="-3" y="-110"/><int name="delay" value="120"/></canvas><canvas name="2" width="62" height="102"><vector name="origin" x="31" y="111"/><vector name="lt" x="-29" y="-106"/><vector name="rb" x="32" y="-9"/><vector name="head" x="-2" y="-108"/><int name="delay" value="120"/></canvas><canvas name="3" width="67" height="102"><vector name="origin" x="34" y="109"/><vector name="lt" x="-31" y="-103"/><vector name="rb" x="32" y="-6"/><vector name="head" x="-2" y="-106"/><int name="delay" value="120"/></canvas><canvas name="4" width="60" height="102"><vector name="origin" x="30" y="108"/><vector name="lt" x="-28" y="-103"/><vector name="rb" x="30" y="-6"/><vector name="head" x="-2" y="-105"/><int name="delay" value="120"/></canvas><canvas name="5" width="62" height="102"><vector name="origin" x="30" y="110"/><vector name="lt" x="-29" y="-104"/><vector name="rb" x="32" y="-7"/><vector name="head" x="-5" y="-106"/><int name="delay" value="120"/></canvas><canvas name="6" width="62" height="102"><vector name="origin" x="30" y="111"/><vector name="lt" x="-29" y="-105"/><vector name="rb" x="33" y="-9"/><vector name="head" x="-2" y="-108"/><int name="delay" value="120"/></canvas><canvas name="7" width="59" height="102"><vector name="origin" x="30" y="112"/><vector name="lt" x="-28" y="-105"/><vector name="rb" x="31" y="-9"/><vector name="head" x="-2" y="-108"/><int name="delay" value="120"/></canvas><uol name="8" value="../stand/0"/><uol name="9" value="../stand/1"/><uol name="10" value="../stand/2"/><uol name="11" value="../stand/3"/><uol name="12" value="../stand/4"/><uol name="13" value="../stand/5"/><uol name="14" value="../stand/6"/><uol name="15" value="../stand/7"/><uol name="16" value="../stand/0"/><uol name="17" value="../stand/1"/><uol name="18" value="../stand/2"/><uol name="19" value="../stand/3"/><uol name="20" value="../stand/4"/><uol name="21" value="../stand/5"/><uol name="22" value="../stand/6"/><uol name="23" value="../stand/7"/></imgdir><imgdir name="hit1"><canvas name="0" width="94" height="118"><vector name="origin" x="43" y="129"/><int name="delay" value="600"/><vector name="lt" x="-28" y="-80"/><vector name="rb" x="47" y="0"/><vector name="head" x="3" y="-81"/></canvas></imgdir><imgdir name="die1"><canvas name="0" width="94" height="118"><vector name="origin" x="43" y="129"/><vector name="head" x="0" y="-81"/><int name="delay" value="90"/></canvas><canvas name="1" width="103" height="123"><vector name="origin" x="44" y="134"/><vector name="head" x="1" y="-84"/><int name="delay" value="90"/></canvas><canvas name="2" width="110" height="128"><vector name="origin" x="49" y="139"/><vector name="head" x="0" y="-86"/><int name="delay" value="90"/></canvas><canvas name="3" width="130" height="129"><vector name="origin" x="53" y="140"/><vector name="head" x="1" y="-90"/><int name="delay" value="90"/></canvas><canvas name="4" width="77" height="118"><vector name="origin" x="27" y="126"/><vector name="head" x="1" y="-85"/><int name="delay" value="90"/></canvas><canvas name="5" width="89" height="128"><vector name="origin" x="32" y="133"/><vector name="head" x="-1" y="-41"/><int name="delay" value="90"/></canvas><canvas name="6" width="98" height="139"><vector name="origin" x="36" y="138"/><vector name="head" x="-1" y="-41"/><int name="delay" value="90"/></canvas><canvas name="7" width="112" height="138"><vector name="origin" x="46" y="140"/><vector name="head" x="-1" y="-41"/><int name="delay" value="90"/></canvas><canvas name="8" width="129" height="143"><vector name="origin" x="54" y="144"/><vector name="head" x="-1" y="-41"/><int name="delay" value="90"/></canvas><canvas name="9" width="139" height="116"><vector name="origin" x="57" y="139"/><vector name="head" x="-1" y="-41"/><int name="delay" value="150"/><int name="a0" value="255"/><int name="a1" value="0"/></canvas></imgdir></imgdir>