<?xml version="1.0" encoding="UTF-8" standalone="yes"?><imgdir name="6110300.img"><imgdir name="info"><int name="bodyAttack" value="1"/><int name="level" value="65"/><int name="maxHP" value="11000"/><int name="maxMP" value="80"/><int name="speed" value="-20"/><int name="PADamage" value="182"/><int name="PDDamage" value="170"/><int name="MADamage" value="270"/><int name="MDDamage" value="245"/><int name="acc" value="110"/><int name="eva" value="24"/><int name="exp" value="255"/><int name="undead" value="0"/><int name="pushed" value="0"/><float name="fs" value="10.0"/><int name="summonType" value="1"/></imgdir><imgdir name="move"><canvas name="0" width="58" height="66"><vector name="origin" x="27" y="66"/><vector name="lt" x="-27" y="-66"/><vector name="rb" x="31" y="0"/><vector name="head" x="0" y="-67"/><int name="delay" value="150"/></canvas><canvas name="1" width="58" height="65"><vector name="origin" x="27" y="65"/><vector name="lt" x="-27" y="-65"/><vector name="rb" x="31" y="1"/><vector name="head" x="0" y="-66"/><int name="delay" value="150"/></canvas><canvas name="2" width="58" height="64"><vector name="origin" x="27" y="64"/><vector name="lt" x="-28" y="-64"/><vector name="rb" x="31" y="0"/><vector name="head" x="-1" y="-65"/><int name="delay" value="150"/></canvas><canvas name="3" width="58" height="82"><vector name="origin" x="27" y="84"/><vector name="lt" x="-27" y="-84"/><vector name="rb" x="31" y="-2"/><vector name="head" x="0" y="-84"/><int name="delay" value="150"/></canvas><canvas name="4" width="58" height="75"><vector name="origin" x="27" y="82"/><vector name="lt" x="-28" y="-82"/><vector name="rb" x="31" y="-7"/><vector name="head" x="-1" y="-82"/><int name="delay" value="150"/></canvas><canvas name="5" width="58" height="72"><vector name="origin" x="27" y="72"/><vector name="lt" x="-27" y="-37"/><vector name="rb" x="31" y="1"/><vector name="head" x="0" y="-71"/><int name="delay" value="150"/></canvas></imgdir><imgdir name="stand"><canvas name="0" width="53" height="55"><vector name="origin" x="27" y="55"/><int name="delay" value="150"/><vector name="lt" x="-26" y="-54"/><vector name="rb" x="27" y="0"/><vector name="head" x="0" y="-54"/></canvas><canvas name="1" width="53" height="56"><vector name="origin" x="26" y="56"/><int name="delay" value="150"/><vector name="lt" x="-25" y="-55"/><vector name="rb" x="27" y="1"/><vector name="head" x="0" y="-56"/></canvas><canvas name="2" width="54" height="56"><vector name="origin" x="28" y="56"/><int name="delay" value="150"/><vector name="lt" x="-28" y="-55"/><vector name="rb" x="27" y="0"/><vector name="head" x="0" y="-56"/></canvas><canvas name="3" width="53" height="55"><vector name="origin" x="27" y="55"/><int name="delay" value="150"/><vector name="lt" x="-26" y="-56"/><vector name="rb" x="25" y="0"/><vector name="head" x="0" y="-55"/></canvas><canvas name="4" width="54" height="58"><vector name="origin" x="26" y="58"/><int name="delay" value="150"/><vector name="lt" x="-26" y="-58"/><vector name="rb" x="28" y="0"/><vector name="head" x="0" y="-58"/></canvas><canvas name="5" width="55" height="57"><vector name="origin" x="29" y="57"/><int name="delay" value="150"/><vector name="lt" x="-29" y="-57"/><vector name="rb" x="27" y="0"/><vector name="head" x="0" y="-58"/></canvas><canvas name="6" width="53" height="55"><vector name="origin" x="27" y="55"/><int name="delay" value="150"/><vector name="lt" x="-26" y="-54"/><vector name="rb" x="27" y="0"/><vector name="head" x="0" y="-54"/></canvas><canvas name="7" width="53" height="55"><vector name="origin" x="27" y="55"/><int name="delay" value="150"/><vector name="lt" x="-26" y="-55"/><vector name="rb" x="27" y="0"/><vector name="head" x="0" y="-55"/></canvas></imgdir><imgdir name="hit1"><canvas name="0" width="83" height="78"><vector name="origin" x="31" y="80"/><int name="delay" value="600"/><vector name="lt" x="-28" y="-80"/><vector name="rb" x="47" y="0"/><vector name="head" x="3" y="-81"/></canvas></imgdir><imgdir name="die1"><canvas name="0" width="83" height="78"><vector name="origin" x="31" y="80"/><vector name="head" x="0" y="-81"/><int name="delay" value="150"/></canvas><canvas name="1" width="80" height="78"><vector name="origin" x="30" y="83"/><vector name="head" x="1" y="-84"/><int name="delay" value="150"/></canvas><canvas name="2" width="75" height="78"><vector name="origin" x="21" y="86"/><vector name="head" x="0" y="-86"/><int name="delay" value="150"/></canvas><canvas name="3" width="82" height="90"><vector name="origin" x="19" y="90"/><vector name="head" x="1" y="-90"/><int name="delay" value="150"/></canvas><canvas name="4" width="91" height="84"><vector name="origin" x="19" y="84"/><vector name="head" x="1" y="-85"/><int name="delay" value="150"/></canvas><canvas name="5" width="106" height="42"><vector name="origin" x="19" y="41"/><vector name="head" x="-1" y="-41"/><int name="delay" value="150"/></canvas><canvas name="6" width="107" height="7"><vector name="origin" x="18" y="6"/><vector name="head" x="-1" y="-9"/><int name="delay" value="210"/><int name="a0" value="255"/><int name="a1" value="0"/></canvas></imgdir></imgdir>