<?xml version="1.0" encoding="UTF-8" standalone="yes"?><imgdir name="6130100.img"><imgdir name="info"><int name="bodyAttack" value="1"/><int name="level" value="60"/><int name="maxHP" value="6000"/><int name="maxMP" value="120"/><int name="speed" value="0"/><int name="PADamage" value="200"/><int name="PDDamage" value="190"/><int name="MADamage" value="220"/><int name="MDDamage" value="220"/><int name="acc" value="150"/><int name="eva" value="22"/><int name="exp" value="220"/><int name="undead" value="0"/><int name="pushed" value="1000"/><string name="elemAttr" value="F2I3"/><float name="fs" value="10.0"/><int name="summonType" value="1"/><int name="mobType" value="1"/></imgdir><imgdir name="move"><canvas name="0" width="133" height="75"><vector name="origin" x="66" y="74"/><vector name="lt" x="-66" y="-69"/><vector name="rb" x="48" y="0"/><vector name="head" x="-40" y="-72"/><int name="delay" value="150"/></canvas><canvas name="1" width="127" height="82"><vector name="origin" x="70" y="81"/><vector name="lt" x="-70" y="-73"/><vector name="rb" x="51" y="0"/><vector name="head" x="-44" y="-75"/><int name="delay" value="150"/></canvas><canvas name="2" width="124" height="76"><vector name="origin" x="73" y="75"/><vector name="lt" x="-73" y="-69"/><vector name="rb" x="39" y="0"/><vector name="head" x="-49" y="-71"/><int name="delay" value="150"/></canvas><canvas name="3" width="126" height="82"><vector name="origin" x="75" y="81"/><vector name="lt" x="-75" y="-73"/><vector name="rb" x="37" y="0"/><vector name="head" x="-48" y="-76"/><int name="delay" value="150"/></canvas></imgdir><imgdir name="stand"><canvas name="0" width="129" height="83"><vector name="origin" x="64" y="82"/><vector name="lt" x="-64" y="-73"/><vector name="rb" x="48" y="0"/><vector name="head" x="-37" y="-76"/></canvas></imgdir><imgdir name="attack1"><imgdir name="info"><imgdir name="range"><vector name="sp" x="-72" y="-30"/><int name="r" value="270"/></imgdir><imgdir name="effect"><canvas name="0" width="110" height="117"><vector name="origin" x="101" y="143"/><int name="delay" value="100"/></canvas><canvas name="1" width="116" height="115"><vector name="origin" x="102" y="142"/><int name="delay" value="100"/></canvas><canvas name="2" width="110" height="111"><vector name="origin" x="101" y="139"/><int name="delay" value="100"/></canvas><canvas name="3" width="66" height="67"><vector name="origin" x="85" y="114"/><int name="delay" value="100"/></canvas><canvas name="4" width="53" height="58"><vector name="origin" x="78" y="107"/><int name="delay" value="100"/></canvas><canvas name="5" width="107" height="94"><vector name="origin" x="163" y="74"/><int name="delay" value="100"/></canvas><canvas name="6" width="104" height="93"><vector name="origin" x="162" y="73"/><int name="delay" value="100"/></canvas><canvas name="7" width="104" height="87"><vector name="origin" x="163" y="73"/><int name="delay" value="100"/></canvas><canvas name="8" width="75" height="69"><vector name="origin" x="133" y="64"/><int name="delay" value="100"/></canvas></imgdir><imgdir name="ball"><canvas name="0" width="50" height="27"><vector name="origin" x="25" y="13"/></canvas><canvas name="1" width="53" height="27"><vector name="origin" x="25" y="13"/></canvas></imgdir><imgdir name="hit"><canvas name="0" width="100" height="113"><vector name="origin" x="50" y="56"/></canvas><canvas name="1" width="100" height="104"><vector name="origin" x="50" y="58"/></canvas><canvas name="2" width="103" height="114"><vector name="origin" x="52" y="63"/></canvas><canvas name="3" width="106" height="90"><vector name="origin" x="53" y="45"/><int name="z" value="0"/></canvas></imgdir><int name="type" value="2"/><int name="conMP" value="2"/><int name="effectAfter" value="0"/><int name="attackAfter" value="500"/><int name="magic" value="1"/><string name="elemAttr" value="F"/></imgdir><canvas name="0" width="109" height="94"><vector name="origin" x="54" y="93"/><vector name="lt" x="-54" y="-93"/><vector name="rb" x="55" y="1"/><int name="delay" value="500"/><vector name="head" x="-20" y="-92"/></canvas><canvas name="1" width="175" height="82"><vector name="origin" x="109" y="75"/><vector name="lt" x="-109" y="-75"/><vector name="rb" x="66" y="-1"/><int name="delay" value="600"/><vector name="head" x="-49" y="-60"/></canvas></imgdir><imgdir name="hit1"><canvas name="0" width="124" height="97"><vector name="origin" x="62" y="96"/><vector name="lt" x="-62" y="-91"/><vector name="rb" x="48" y="0"/><int name="delay" value="600"/><vector name="head" x="-32" y="-92"/></canvas></imgdir><imgdir name="die1"><canvas name="0" width="155" height="81"><vector name="origin" x="77" y="80"/><vector name="head" x="-49" y="-34"/><int name="delay" value="150"/></canvas><canvas name="1" width="169" height="67"><vector name="origin" x="84" y="65"/><vector name="head" x="-55" y="-33"/><int name="delay" value="150"/></canvas><canvas name="2" width="199" height="69"><vector name="origin" x="103" y="65"/><vector name="head" x="-57" y="-32"/><int name="delay" value="150"/></canvas><canvas name="3" width="209" height="68"><vector name="origin" x="113" y="65"/><vector name="head" x="-57" y="-32"/><int name="delay" value="150"/></canvas><canvas name="4" width="221" height="67"><vector name="origin" x="113" y="65"/><vector name="head" x="-57" y="-32"/><int name="delay" value="150"/></canvas><canvas name="5" width="189" height="67"><vector name="origin" x="90" y="65"/><vector name="head" x="-57" y="-32"/><int name="delay" value="150"/></canvas><canvas name="6" width="183" height="67"><vector name="origin" x="90" y="65"/><vector name="head" x="-57" y="-32"/><int name="delay" value="150"/></canvas><canvas name="7" width="169" height="67"><vector name="origin" x="84" y="65"/><vector name="head" x="-57" y="-32"/><int name="delay" value="300"/><int name="a0" value="255"/><int name="a1" value="0"/></canvas></imgdir></imgdir>