<?xml version="1.0" encoding="UTF-8" standalone="yes"?><imgdir name="6130207.img"><imgdir name="info"><int name="bodyAttack" value="1"/><int name="level" value="62"/><int name="maxHP" value="7500"/><int name="maxMP" value="100"/><int name="speed" value="20"/><int name="PADamage" value="185"/><int name="PDDamage" value="170"/><int name="MADamage" value="200"/><int name="MDDamage" value="200"/><int name="acc" value="200"/><int name="eva" value="25"/><int name="exp" value="240"/><int name="undead" value="0"/><int name="pushed" value="700"/><float name="fs" value="10.0"/><int name="summonType" value="1"/><int name="mobType" value="0"/></imgdir><imgdir name="stand"><canvas name="0" width="73" height="64"><vector name="origin" x="42" y="64"/><vector name="lt" x="-43" y="-65"/><vector name="rb" x="31" y="0"/><vector name="head" x="-20" y="-51"/><int name="delay" value="150"/></canvas><canvas name="1" width="72" height="66"><vector name="origin" x="42" y="66"/><int name="delay" value="150"/><vector name="lt" x="-43" y="-67"/><vector name="rb" x="30" y="0"/><vector name="head" x="-20" y="-50"/></canvas><canvas name="2" width="72" height="64"><vector name="origin" x="42" y="64"/><int name="delay" value="150"/><vector name="lt" x="-43" y="-65"/><vector name="rb" x="30" y="0"/><vector name="head" x="-20" y="-49"/></canvas><canvas name="3" width="73" height="66"><vector name="origin" x="42" y="66"/><int name="delay" value="150"/><vector name="lt" x="-43" y="-66"/><vector name="rb" x="30" y="0"/><vector name="head" x="-20" y="-50"/></canvas></imgdir><imgdir name="move"><canvas name="0" width="70" height="63"><vector name="origin" x="45" y="63"/><vector name="lt" x="-46" y="-64"/><vector name="rb" x="25" y="0"/><vector name="head" x="-23" y="-47"/><int name="delay" value="110"/></canvas><canvas name="1" width="70" height="62"><vector name="origin" x="44" y="62"/><vector name="lt" x="-45" y="-63"/><vector name="rb" x="26" y="0"/><vector name="head" x="-22" y="-47"/><int name="delay" value="110"/></canvas><canvas name="2" width="69" height="61"><vector name="origin" x="42" y="61"/><vector name="lt" x="-43" y="-62"/><vector name="rb" x="27" y="0"/><vector name="head" x="-20" y="-47"/><int name="delay" value="110"/></canvas><canvas name="3" width="67" height="63"><vector name="origin" x="41" y="63"/><vector name="lt" x="-42" y="-64"/><vector name="rb" x="26" y="0"/><vector name="head" x="-19" y="-50"/><int name="delay" value="110"/></canvas><canvas name="4" width="70" height="64"><vector name="origin" x="43" y="64"/><vector name="lt" x="-44" y="-65"/><vector name="rb" x="27" y="0"/><vector name="head" x="-21" y="-50"/><int name="delay" value="110"/></canvas><canvas name="5" width="70" height="65"><vector name="origin" x="45" y="65"/><vector name="lt" x="-44" y="-65"/><vector name="rb" x="27" y="0"/><vector name="head" x="-21" y="-50"/><int name="delay" value="110"/></canvas></imgdir><imgdir name="attack1"><imgdir name="info"><imgdir name="range"><vector name="sp" x="-59" y="-30"/><int name="r" value="300"/></imgdir><imgdir name="ball"><canvas name="0" width="20" height="20"><vector name="origin" x="9" y="9"/><int name="delay" value="100"/></canvas><canvas name="1" width="20" height="20"><vector name="origin" x="9" y="9"/><int name="delay" value="100"/></canvas><canvas name="2" width="20" height="20"><vector name="origin" x="9" y="9"/><int name="delay" value="100"/></canvas><canvas name="3" width="20" height="20"><vector name="origin" x="9" y="9"/><int name="delay" value="100"/></canvas></imgdir><imgdir name="hit"><canvas name="0" width="67" height="71"><vector name="origin" x="37" y="63"/><int name="delay" value="130"/></canvas><canvas name="1" width="53" height="51"><vector name="origin" x="28" y="51"/><int name="a1" value="0"/><int name="a0" value="255"/><int name="delay" value="200"/></canvas><int name="attach" value="1"/></imgdir><int name="type" value="2"/><int name="conMP" value="1"/><int name="attackAfter" value="450"/><int name="PADamage" value="200"/></imgdir><canvas name="0" width="72" height="58"><vector name="origin" x="43" y="58"/><vector name="lt" x="-44" y="-59"/><vector name="rb" x="29" y="0"/><vector name="head" x="-21" y="-45"/><int name="delay" value="90"/></canvas><canvas name="1" width="72" height="57"><vector name="origin" x="43" y="57"/><vector name="lt" x="-44" y="-58"/><vector name="rb" x="29" y="0"/><vector name="head" x="-21" y="-44"/><int name="delay" value="90"/></canvas><canvas name="2" width="77" height="67"><vector name="origin" x="45" y="74"/><vector name="lt" x="-45" y="-74"/><vector name="rb" x="32" y="-7"/><vector name="head" x="-23" y="-53"/><int name="delay" value="90"/></canvas><canvas name="3" width="74" height="61"><vector name="origin" x="44" y="69"/><vector name="lt" x="-45" y="-70"/><vector name="rb" x="30" y="-8"/><vector name="head" x="-22" y="-50"/><int name="delay" value="90"/></canvas><canvas name="4" width="93" height="63"><vector name="origin" x="65" y="65"/><vector name="lt" x="-43" y="-62"/><vector name="rb" x="28" y="-2"/><vector name="head" x="-21" y="-47"/><int name="delay" value="90"/></canvas><canvas name="5" width="88" height="58"><vector name="origin" x="59" y="54"/><vector name="lt" x="-43" y="-54"/><vector name="rb" x="29" y="0"/><vector name="head" x="-21" y="-41"/><int name="delay" value="90"/></canvas><canvas name="6" width="78" height="63"><vector name="origin" x="49" y="63"/><vector name="lt" x="-45" y="-64"/><vector name="rb" x="29" y="0"/><vector name="head" x="-22" y="-47"/><int name="delay" value="90"/></canvas><canvas name="7" width="72" height="64"><vector name="origin" x="42" y="64"/><vector name="lt" x="-43" y="-65"/><vector name="rb" x="30" y="0"/><vector name="head" x="-20" y="-49"/><int name="delay" value="90"/></canvas><canvas name="8" width="72" height="65"><vector name="origin" x="42" y="65"/><vector name="lt" x="-42" y="-65"/><vector name="rb" x="30" y="0"/><vector name="head" x="-20" y="-49"/><int name="delay" value="90"/></canvas><uol name="9" value="../stand/0"/><uol name="10" value="../stand/1"/><uol name="11" value="../stand/2"/><uol name="12" value="../stand/3"/></imgdir><imgdir name="jump"><canvas name="0" width="74" height="69"><vector name="origin" x="42" y="80"/><vector name="lt" x="-43" y="-81"/><vector name="rb" x="32" y="-11"/><vector name="head" x="-20" y="-66"/></canvas></imgdir><imgdir name="hit1"><canvas name="0" width="81" height="73"><vector name="origin" x="27" y="79"/><vector name="lt" x="-24" y="-80"/><vector name="rb" x="53" y="-7"/><vector name="head" x="1" y="-59"/><int name="delay" value="600"/></canvas></imgdir><imgdir name="die1"><canvas name="0" width="81" height="73"><vector name="origin" x="27" y="79"/><vector name="head" x="0" y="-57"/><int name="delay" value="180"/></canvas><canvas name="1" width="72" height="60"><vector name="origin" x="25" y="66"/><vector name="head" x="-4" y="-50"/><int name="delay" value="180"/></canvas><canvas name="2" width="77" height="69"><vector name="origin" x="25" y="64"/><vector name="head" x="-4" y="-37"/><int name="delay" value="180"/></canvas><canvas name="3" width="85" height="57"><vector name="origin" x="25" y="52"/><vector name="head" x="-4" y="-37"/><int name="delay" value="180"/></canvas><canvas name="4" width="76" height="57"><vector name="origin" x="25" y="51"/><vector name="head" x="-4" y="-37"/><int name="delay" value="180"/></canvas><canvas name="5" width="77" height="58"><vector name="origin" x="25" y="52"/><vector name="head" x="-5" y="-37"/><int name="delay" value="180"/></canvas><canvas name="6" width="78" height="57"><vector name="origin" x="25" y="52"/><vector name="head" x="-4" y="-34"/><int name="delay" value="180"/></canvas><canvas name="7" width="67" height="12"><vector name="origin" x="15" y="12"/><vector name="head" x="6" y="-11"/><int name="a1" value="0"/><int name="a0" value="255"/><int name="delay" value="300"/></canvas></imgdir></imgdir>