<?xml version="1.0" encoding="UTF-8" standalone="yes"?><imgdir name="6230600.img"><imgdir name="info"><int name="bodyAttack" value="1"/><int name="level" value="64"/><int name="maxHP" value="7700"/><int name="maxMP" value="130"/><int name="speed" value="0"/><int name="PADamage" value="210"/><int name="PDDamage" value="200"/><int name="MADamage" value="230"/><int name="MDDamage" value="230"/><int name="acc" value="150"/><int name="eva" value="25"/><int name="exp" value="250"/><int name="undead" value="0"/><int name="pushed" value="1500"/><string name="elemAttr" value="I2F3"/><float name="fs" value="10.0"/><int name="summonType" value="1"/><int name="mobType" value="1"/></imgdir><imgdir name="move"><canvas name="0" width="133" height="76"><vector name="origin" x="66" y="75"/><vector name="lt" x="-66" y="-71"/><vector name="rb" x="50" y="0"/><vector name="head" x="-39" y="-64"/><int name="delay" value="150"/></canvas><canvas name="1" width="127" height="82"><vector name="origin" x="70" y="81"/><vector name="lt" x="-70" y="-73"/><vector name="rb" x="51" y="0"/><vector name="head" x="-43" y="-70"/><int name="delay" value="150"/></canvas><canvas name="2" width="124" height="78"><vector name="origin" x="73" y="77"/><vector name="lt" x="-73" y="-69"/><vector name="rb" x="39" y="0"/><vector name="head" x="-46" y="-67"/><int name="delay" value="150"/></canvas><canvas name="3" width="126" height="83"><vector name="origin" x="69" y="82"/><vector name="lt" x="-69" y="-77"/><vector name="rb" x="44" y="0"/><vector name="head" x="-41" y="-70"/><int name="delay" value="150"/></canvas></imgdir><imgdir name="stand"><canvas name="0" width="129" height="83"><vector name="origin" x="64" y="82"/><vector name="lt" x="-64" y="-79"/><vector name="rb" x="50" y="0"/><vector name="head" x="-37" y="-70"/><int name="delay" value="130"/></canvas><canvas name="1" width="158" height="83"><vector name="origin" x="93" y="82"/><vector name="lt" x="-64" y="-79"/><vector name="rb" x="50" y="0"/><vector name="head" x="-37" y="-70"/><int name="delay" value="130"/></canvas><canvas name="2" width="158" height="83"><vector name="origin" x="93" y="82"/><vector name="lt" x="-64" y="-79"/><vector name="rb" x="50" y="0"/><vector name="head" x="-37" y="-70"/><int name="delay" value="130"/></canvas><canvas name="3" width="161" height="83"><vector name="origin" x="96" y="82"/><vector name="lt" x="-64" y="-79"/><vector name="rb" x="50" y="0"/><vector name="head" x="-37" y="-70"/><int name="delay" value="130"/></canvas><canvas name="4" width="129" height="83"><vector name="origin" x="64" y="82"/><vector name="lt" x="-64" y="-79"/><vector name="rb" x="50" y="0"/><vector name="head" x="-37" y="-70"/><int name="delay" value="130"/></canvas></imgdir><imgdir name="attack1"><imgdir name="info"><imgdir name="range"><vector name="sp" x="-78" y="-19"/><int name="r" value="270"/></imgdir><imgdir name="ball"><canvas name="0" width="102" height="26"><vector name="origin" x="31" y="14"/></canvas><canvas name="1" width="98" height="25"><vector name="origin" x="31" y="14"/></canvas><canvas name="2" width="98" height="24"><vector name="origin" x="31" y="11"/></canvas></imgdir><imgdir name="hit"><canvas name="0" width="54" height="57"><vector name="origin" x="28" y="56"/></canvas><canvas name="1" width="73" height="72"><vector name="origin" x="41" y="61"/></canvas><canvas name="2" width="79" height="79"><vector name="origin" x="44" y="70"/></canvas><canvas name="3" width="80" height="83"><vector name="origin" x="49" y="74"/></canvas><canvas name="4" width="76" height="84"><vector name="origin" x="47" y="75"/></canvas><int name="attach" value="1"/></imgdir><int name="type" value="2"/><int name="conMP" value="2"/><int name="attackAfter" value="1210"/><int name="magic" value="1"/><string name="elemAttr" value="I"/></imgdir><canvas name="0" width="128" height="109"><vector name="origin" x="62" y="108"/><vector name="lt" x="-44" y="-96"/><vector name="rb" x="55" y="0"/><int name="delay" value="110"/><vector name="head" x="-20" y="-92"/></canvas><canvas name="1" width="127" height="109"><vector name="origin" x="61" y="108"/><vector name="lt" x="-43" y="-94"/><vector name="rb" x="51" y="0"/><int name="delay" value="110"/><vector name="head" x="-20" y="-92"/></canvas><canvas name="2" width="125" height="109"><vector name="origin" x="59" y="108"/><vector name="lt" x="-44" y="-94"/><vector name="rb" x="54" y="0"/><int name="delay" value="110"/><vector name="head" x="-20" y="-92"/></canvas><canvas name="3" width="124" height="109"><vector name="origin" x="58" y="108"/><vector name="lt" x="-49" y="-93"/><vector name="rb" x="55" y="1"/><int name="delay" value="110"/><vector name="head" x="-20" y="-92"/></canvas><canvas name="4" width="124" height="109"><vector name="origin" x="58" y="108"/><vector name="lt" x="-54" y="-93"/><vector name="rb" x="55" y="1"/><int name="delay" value="110"/><vector name="head" x="-20" y="-92"/></canvas><canvas name="5" width="124" height="114"><vector name="origin" x="58" y="113"/><vector name="lt" x="-50" y="-93"/><vector name="rb" x="56" y="0"/><int name="delay" value="110"/><vector name="head" x="-20" y="-92"/></canvas><canvas name="6" width="122" height="117"><vector name="origin" x="56" y="116"/><vector name="lt" x="-50" y="-92"/><vector name="rb" x="56" y="0"/><int name="delay" value="110"/><vector name="head" x="-20" y="-92"/></canvas><canvas name="7" width="120" height="116"><vector name="origin" x="54" y="115"/><vector name="lt" x="-50" y="-93"/><vector name="rb" x="54" y="0"/><int name="delay" value="110"/><vector name="head" x="-20" y="-92"/></canvas><canvas name="8" width="118" height="115"><vector name="origin" x="52" y="114"/><vector name="lt" x="-47" y="-94"/><vector name="rb" x="57" y="0"/><int name="delay" value="110"/><vector name="head" x="-20" y="-92"/></canvas><canvas name="9" width="188" height="88"><vector name="origin" x="111" y="75"/><vector name="lt" x="-100" y="-70"/><vector name="rb" x="58" y="0"/><int name="delay" value="110"/><vector name="head" x="-35" y="-62"/></canvas><canvas name="10" width="225" height="89"><vector name="origin" x="148" y="75"/><vector name="lt" x="-100" y="-70"/><vector name="rb" x="55" y="1"/><int name="delay" value="110"/><vector name="head" x="-35" y="-62"/></canvas><canvas name="11" width="226" height="90"><vector name="origin" x="149" y="75"/><vector name="lt" x="-100" y="-70"/><vector name="rb" x="55" y="1"/><int name="delay" value="110"/><vector name="head" x="-35" y="-62"/></canvas><canvas name="12" width="226" height="89"><vector name="origin" x="149" y="75"/><vector name="lt" x="-100" y="-70"/><vector name="rb" x="55" y="1"/><int name="delay" value="110"/><vector name="head" x="-35" y="-62"/></canvas><canvas name="13" width="226" height="82"><vector name="origin" x="149" y="75"/><vector name="lt" x="-100" y="-70"/><vector name="rb" x="55" y="1"/><int name="delay" value="110"/><vector name="head" x="-35" y="-62"/></canvas><uol name="14" value="../stand/0"/><uol name="15" value="../stand/1"/><uol name="16" value="../stand/2"/><uol name="17" value="../stand/3"/><uol name="18" value="../stand/4"/><uol name="19" value="../stand/0"/><uol name="20" value="../stand/1"/><uol name="21" value="../stand/2"/><uol name="22" value="../stand/3"/><uol name="23" value="../stand/4"/></imgdir><imgdir name="hit1"><canvas name="0" width="124" height="97"><vector name="origin" x="62" y="96"/><vector name="lt" x="-62" y="-91"/><vector name="rb" x="48" y="0"/><int name="delay" value="600"/><vector name="head" x="-33" y="-93"/></canvas></imgdir><imgdir name="die1"><canvas name="0" width="155" height="81"><vector name="origin" x="77" y="80"/><vector name="head" x="-38" y="-47"/><int name="delay" value="150"/></canvas><canvas name="1" width="169" height="69"><vector name="origin" x="104" y="65"/><vector name="head" x="-65" y="-33"/><int name="delay" value="150"/></canvas><canvas name="2" width="169" height="68"><vector name="origin" x="104" y="64"/><vector name="head" x="-64" y="-31"/><int name="delay" value="150"/></canvas><canvas name="3" width="169" height="68"><vector name="origin" x="104" y="63"/><vector name="head" x="-64" y="-31"/><int name="delay" value="150"/></canvas><canvas name="4" width="170" height="68"><vector name="origin" x="105" y="63"/><vector name="head" x="-64" y="-31"/><int name="delay" value="150"/></canvas><canvas name="5" width="169" height="67"><vector name="origin" x="104" y="63"/><vector name="head" x="-64" y="-31"/><int name="delay" value="150"/><int name="a0" value="255"/><int name="a1" value="0"/></canvas></imgdir></imgdir>