<?xml version="1.0" encoding="UTF-8" standalone="yes"?><imgdir name="7220003.img"><imgdir name="info"><int name="bodyAttack" value="1"/><int name="level" value="77"/><int name="maxHP" value="40000"/><int name="maxMP" value="700"/><int name="speed" value="0"/><int name="PADamage" value="340"/><int name="PDDamage" value="600"/><int name="MADamage" value="370"/><int name="MDDamage" value="440"/><int name="acc" value="160"/><int name="eva" value="28"/><int name="exp" value="0"/><int name="pushed" value="99999"/><int name="hpRecovery" value="30"/><int name="mpRecovery" value="2"/><string name="elemAttr" value="F2L3I3S1"/><int name="undead" value="0"/><float name="fs" value="10.0"/><int name="summonType" value="0"/><int name="noFlip" value="1"/><int name="publicReward" value="2"/><int name="hpTagColor" value="4"/><int name="hpTagBgcolor" value="3"/><int name="boss" value="1"/><imgdir name="skill"><imgdir name="0"><int name="skill" value="132"/><int name="action" value="1"/><int name="level" value="7"/><int name="effectAfter" value="0"/></imgdir></imgdir><imgdir name="revive"><int name="0" value="7220004"/></imgdir></imgdir><imgdir name="regen"><canvas name="0" width="437" height="502"><vector name="origin" x="232" y="478"/><int name="delay" value="300"/></canvas><canvas name="1" width="437" height="500"><vector name="origin" x="232" y="476"/><int name="delay" value="300"/></canvas><canvas name="2" width="435" height="498"><vector name="origin" x="230" y="474"/><int name="delay" value="300"/></canvas><canvas name="3" width="435" height="495"><vector name="origin" x="228" y="471"/><int name="delay" value="300"/></canvas><canvas name="4" width="441" height="499"><vector name="origin" x="225" y="474"/><int name="delay" value="300"/></canvas><canvas name="5" width="448" height="506"><vector name="origin" x="228" y="482"/><int name="z" value="0"/><int name="delay" value="300"/></canvas><canvas name="6" width="435" height="513"><vector name="origin" x="230" y="489"/><int name="z" value="0"/><int name="delay" value="300"/></canvas><canvas name="7" width="437" height="517"><vector name="origin" x="232" y="493"/><int name="z" value="0"/><int name="delay" value="300"/></canvas><canvas name="8" width="438" height="509"><vector name="origin" x="232" y="485"/><int name="z" value="0"/><int name="delay" value="120"/></canvas><canvas name="9" width="437" height="502"><vector name="origin" x="232" y="478"/><int name="z" value="0"/><int name="delay" value="120"/></canvas><canvas name="10" width="437" height="502"><vector name="origin" x="232" y="478"/><int name="z" value="0"/><int name="delay" value="120"/></canvas><canvas name="11" width="437" height="502"><vector name="origin" x="232" y="478"/><int name="z" value="0"/><int name="delay" value="120"/></canvas><canvas name="12" width="437" height="502"><vector name="origin" x="232" y="478"/><int name="z" value="0"/><int name="delay" value="120"/></canvas><canvas name="13" width="437" height="502"><vector name="origin" x="232" y="478"/><int name="z" value="0"/><int name="delay" value="120"/></canvas><canvas name="14" width="437" height="502"><vector name="origin" x="232" y="478"/><int name="z" value="0"/><int name="delay" value="120"/></canvas><canvas name="15" width="437" height="502"><vector name="origin" x="232" y="478"/><int name="z" value="0"/><int name="delay" value="120"/></canvas><canvas name="16" width="437" height="502"><vector name="origin" x="232" y="478"/><int name="z" value="0"/><int name="delay" value="120"/></canvas><canvas name="17" width="437" height="502"><vector name="origin" x="232" y="478"/><int name="z" value="0"/><int name="delay" value="120"/></canvas><canvas name="18" width="437" height="502"><vector name="origin" x="232" y="478"/><int name="z" value="0"/><int name="delay" value="120"/></canvas><canvas name="19" width="437" height="502"><vector name="origin" x="232" y="478"/><int name="z" value="0"/><int name="delay" value="120"/></canvas></imgdir><imgdir name="stand"><canvas name="0" width="437" height="502"><vector name="origin" x="232" y="478"/><vector name="lt" x="-232" y="-477"/><vector name="rb" x="203" y="23"/><vector name="head" x="-45" y="-412"/><int name="delay" value="300"/></canvas><canvas name="1" width="437" height="502"><vector name="origin" x="232" y="477"/><vector name="lt" x="-231" y="-477"/><vector name="rb" x="204" y="25"/><vector name="head" x="-46" y="-410"/><int name="delay" value="300"/></canvas><canvas name="2" width="437" height="504"><vector name="origin" x="232" y="478"/><vector name="lt" x="-229" y="-476"/><vector name="rb" x="202" y="25"/><vector name="head" x="-43" y="-405"/><int name="delay" value="300"/></canvas><canvas name="3" width="437" height="511"><vector name="origin" x="232" y="485"/><int name="z" value="0"/><int name="delay" value="300"/><vector name="lt" x="-231" y="-485"/><vector name="rb" x="205" y="26"/><vector name="head" x="-46" y="-405"/></canvas><canvas name="4" width="437" height="518"><vector name="origin" x="232" y="492"/><int name="z" value="0"/><int name="delay" value="300"/><vector name="lt" x="-231" y="-485"/><vector name="rb" x="205" y="26"/><vector name="head" x="-46" y="-405"/></canvas><canvas name="5" width="452" height="499"><vector name="origin" x="232" y="474"/><int name="z" value="0"/><int name="delay" value="300"/><vector name="lt" x="-231" y="-473"/><vector name="rb" x="218" y="23"/><vector name="head" x="-46" y="-409"/></canvas><canvas name="6" width="437" height="502"><vector name="origin" x="232" y="478"/><vector name="lt" x="-232" y="-478"/><vector name="rb" x="203" y="23"/><vector name="head" x="-47" y="-413"/><int name="delay" value="240"/></canvas><canvas name="7" width="437" height="502"><vector name="origin" x="232" y="481"/><vector name="lt" x="-232" y="-478"/><vector name="rb" x="203" y="23"/><vector name="head" x="-47" y="-413"/><int name="delay" value="240"/></canvas><canvas name="8" width="439" height="504"><vector name="origin" x="232" y="484"/><vector name="lt" x="-232" y="-478"/><vector name="rb" x="207" y="20"/><vector name="head" x="-47" y="-413"/><int name="delay" value="240"/></canvas><canvas name="9" width="448" height="506"><vector name="origin" x="232" y="487"/><vector name="lt" x="-231" y="-488"/><vector name="rb" x="216" y="20"/><vector name="head" x="-46" y="-421"/><int name="delay" value="240"/></canvas><canvas name="10" width="452" height="507"><vector name="origin" x="232" y="488"/><int name="z" value="0"/><int name="delay" value="240"/><vector name="lt" x="-231" y="-491"/><vector name="rb" x="220" y="17"/><vector name="head" x="-47" y="-425"/></canvas><canvas name="11" width="437" height="484"><vector name="origin" x="232" y="460"/><int name="z" value="0"/><int name="delay" value="240"/><vector name="lt" x="-228" y="-460"/><vector name="rb" x="206" y="23"/><vector name="head" x="-45" y="-404"/></canvas><canvas name="12" width="437" height="503"><vector name="origin" x="232" y="479"/><int name="z" value="0"/><int name="delay" value="240"/><vector name="lt" x="-232" y="-478"/><vector name="rb" x="203" y="23"/><vector name="head" x="-46" y="-404"/></canvas><canvas name="13" width="437" height="504"><vector name="origin" x="232" y="480"/><int name="z" value="0"/><int name="delay" value="240"/><vector name="lt" x="-232" y="-478"/><vector name="rb" x="203" y="23"/><vector name="head" x="-47" y="-413"/></canvas><canvas name="14" width="437" height="502"><vector name="origin" x="232" y="478"/><int name="z" value="0"/><int name="delay" value="240"/><vector name="lt" x="-232" y="-478"/><vector name="rb" x="203" y="23"/><vector name="head" x="-47" y="-413"/></canvas><canvas name="15" width="435" height="504"><vector name="origin" x="232" y="481"/><int name="z" value="0"/><int name="delay" value="240"/><vector name="lt" x="-232" y="-478"/><vector name="rb" x="203" y="23"/><vector name="head" x="-47" y="-413"/></canvas><canvas name="16" width="439" height="506"><vector name="origin" x="232" y="484"/><int name="z" value="0"/><int name="delay" value="240"/><vector name="lt" x="-232" y="-478"/><vector name="rb" x="203" y="23"/><vector name="head" x="-47" y="-413"/></canvas><canvas name="17" width="448" height="508"><vector name="origin" x="232" y="487"/><int name="z" value="0"/><int name="delay" value="240"/><vector name="lt" x="-232" y="-478"/><vector name="rb" x="217" y="23"/><vector name="head" x="-47" y="-413"/></canvas><canvas name="18" width="452" height="509"><vector name="origin" x="232" y="488"/><int name="z" value="0"/><int name="delay" value="240"/><vector name="lt" x="-232" y="-478"/><vector name="rb" x="203" y="23"/><vector name="head" x="-47" y="-413"/></canvas><canvas name="19" width="437" height="484"><vector name="origin" x="232" y="460"/><int name="z" value="0"/><int name="delay" value="240"/><vector name="lt" x="-233" y="-460"/><vector name="rb" x="203" y="23"/><vector name="head" x="-48" y="-400"/></canvas><canvas name="20" width="437" height="503"><vector name="origin" x="232" y="479"/><int name="z" value="0"/><int name="delay" value="240"/><vector name="lt" x="-232" y="-478"/><vector name="rb" x="203" y="23"/><vector name="head" x="-47" y="-403"/></canvas><canvas name="21" width="437" height="504"><vector name="origin" x="232" y="480"/><int name="z" value="0"/><int name="delay" value="240"/><vector name="lt" x="-232" y="-478"/><vector name="rb" x="203" y="23"/><vector name="head" x="-47" y="-413"/></canvas><canvas name="22" width="437" height="502"><vector name="origin" x="232" y="478"/><int name="z" value="0"/><int name="delay" value="240"/><vector name="lt" x="-232" y="-478"/><vector name="rb" x="203" y="23"/><vector name="head" x="-47" y="-413"/></canvas><canvas name="23" width="437" height="504"><vector name="origin" x="232" y="481"/><int name="z" value="0"/><int name="delay" value="240"/><vector name="lt" x="-232" y="-478"/><vector name="rb" x="203" y="23"/><vector name="head" x="-47" y="-413"/></canvas><canvas name="24" width="439" height="506"><vector name="origin" x="232" y="484"/><int name="z" value="0"/><int name="delay" value="240"/><vector name="lt" x="-232" y="-478"/><vector name="rb" x="203" y="23"/><vector name="head" x="-47" y="-413"/></canvas><canvas name="25" width="448" height="508"><vector name="origin" x="232" y="487"/><int name="z" value="0"/><int name="delay" value="240"/><vector name="lt" x="-232" y="-478"/><vector name="rb" x="203" y="23"/><vector name="head" x="-47" y="-413"/></canvas><canvas name="26" width="452" height="509"><vector name="origin" x="232" y="488"/><int name="z" value="0"/><int name="delay" value="240"/><vector name="lt" x="-232" y="-478"/><vector name="rb" x="203" y="23"/><vector name="head" x="-47" y="-413"/></canvas><canvas name="27" width="437" height="484"><vector name="origin" x="232" y="460"/><int name="z" value="0"/><int name="delay" value="240"/><vector name="lt" x="-231" y="-459"/><vector name="rb" x="203" y="23"/><vector name="head" x="-45" y="-402"/></canvas><canvas name="28" width="437" height="503"><vector name="origin" x="232" y="479"/><int name="z" value="0"/><int name="delay" value="240"/><vector name="lt" x="-232" y="-478"/><vector name="rb" x="203" y="23"/><vector name="head" x="-48" y="-405"/></canvas><canvas name="29" width="437" height="504"><vector name="origin" x="232" y="480"/><int name="z" value="0"/><int name="delay" value="240"/><vector name="lt" x="-232" y="-478"/><vector name="rb" x="203" y="23"/><vector name="head" x="-50" y="-406"/></canvas></imgdir><imgdir name="attack1"><imgdir name="info"><imgdir name="range"><vector name="lt" x="-800" y="-428"/><vector name="rb" x="57" y="14"/></imgdir><imgdir name="hit"><canvas name="0" width="50" height="50"><vector name="origin" x="-3" y="70"/><int name="delay" value="96"/></canvas><canvas name="1" width="75" height="73"><vector name="origin" x="16" y="82"/><int name="delay" value="96"/></canvas><canvas name="2" width="101" height="72"><vector name="origin" x="43" y="81"/><int name="delay" value="96"/></canvas><canvas name="3" width="75" height="73"><vector name="origin" x="62" y="71"/><int name="delay" value="96"/></canvas><canvas name="4" width="106" height="79"><vector name="origin" x="61" y="70"/><int name="z" value="0"/><int name="delay" value="96"/></canvas><canvas name="5" width="75" height="73"><vector name="origin" x="24" y="53"/><int name="z" value="0"/><int name="delay" value="96"/></canvas><canvas name="6" width="81" height="103"><vector name="origin" x="31" y="83"/><int name="z" value="0"/><int name="delay" value="96"/></canvas><canvas name="7" width="75" height="73"><vector name="origin" x="50" y="95"/><int name="z" value="0"/><int name="delay" value="96"/></canvas><canvas name="8" width="73" height="102"><vector name="origin" x="49" y="94"/><int name="z" value="0"/><int name="delay" value="96"/></canvas><canvas name="9" width="75" height="73"><vector name="origin" x="60" y="54"/><int name="z" value="0"/><int name="delay" value="96"/></canvas><canvas name="10" width="73" height="72"><vector name="origin" x="59" y="53"/><int name="z" value="0"/><int name="delay" value="96"/></canvas><int name="attach" value="1"/></imgdir><int name="type" value="0"/><int name="attackAfter" value="720"/><int name="PADamage" value="480"/><int name="delay" value="150"/></imgdir><canvas name="0" width="437" height="502"><vector name="origin" x="232" y="478"/><vector name="lt" x="-234" y="-477"/><vector name="rb" x="203" y="23"/><vector name="head" x="-53" y="-411"/><int name="delay" value="150"/></canvas><canvas name="1" width="449" height="502"><vector name="origin" x="245" y="478"/><vector name="lt" x="-241" y="-477"/><vector name="rb" x="203" y="23"/><vector name="head" x="-53" y="-411"/><int name="delay" value="150"/></canvas><canvas name="2" width="446" height="502"><vector name="origin" x="242" y="478"/><vector name="lt" x="-234" y="-477"/><vector name="rb" x="203" y="23"/><vector name="head" x="-53" y="-411"/><int name="delay" value="150"/></canvas><canvas name="3" width="528" height="502"><vector name="origin" x="324" y="478"/><vector name="lt" x="-322" y="-478"/><vector name="rb" x="203" y="23"/><vector name="head" x="-53" y="-411"/><int name="delay" value="150"/></canvas><canvas name="4" width="446" height="502"><vector name="origin" x="242" y="478"/><vector name="lt" x="-241" y="-477"/><vector name="rb" x="203" y="23"/><vector name="head" x="-53" y="-411"/><int name="delay" value="150"/></canvas><canvas name="5" width="528" height="502"><vector name="origin" x="324" y="478"/><vector name="lt" x="-322" y="-478"/><vector name="rb" x="203" y="23"/><vector name="head" x="-53" y="-411"/><int name="delay" value="150"/></canvas><canvas name="6" width="446" height="502"><vector name="origin" x="242" y="478"/><vector name="lt" x="-241" y="-477"/><vector name="rb" x="203" y="23"/><vector name="head" x="-53" y="-411"/><int name="delay" value="150"/></canvas><canvas name="7" width="528" height="502"><vector name="origin" x="324" y="478"/><vector name="lt" x="-321" y="-477"/><vector name="rb" x="203" y="23"/><vector name="head" x="-53" y="-411"/><int name="delay" value="150"/></canvas><canvas name="8" width="446" height="502"><vector name="origin" x="242" y="478"/><vector name="lt" x="-234" y="-477"/><vector name="rb" x="203" y="23"/><vector name="head" x="-53" y="-411"/><int name="delay" value="150"/></canvas><canvas name="9" width="528" height="502"><vector name="origin" x="324" y="478"/><int name="z" value="0"/><int name="delay" value="150"/><vector name="lt" x="-321" y="-478"/><vector name="rb" x="203" y="23"/><vector name="head" x="-53" y="-411"/></canvas><canvas name="10" width="446" height="502"><vector name="origin" x="242" y="478"/><int name="z" value="0"/><int name="delay" value="150"/><vector name="lt" x="-234" y="-477"/><vector name="rb" x="203" y="23"/><vector name="head" x="-53" y="-411"/></canvas><canvas name="11" width="528" height="502"><vector name="origin" x="324" y="478"/><int name="z" value="0"/><int name="delay" value="150"/><vector name="lt" x="-324" y="-478"/><vector name="rb" x="203" y="23"/><vector name="head" x="-53" y="-411"/></canvas><canvas name="12" width="539" height="502"><vector name="origin" x="335" y="478"/><int name="z" value="0"/><int name="delay" value="150"/><vector name="lt" x="-333" y="-478"/><vector name="rb" x="203" y="23"/><vector name="head" x="-53" y="-411"/></canvas><canvas name="13" width="446" height="502"><vector name="origin" x="242" y="478"/><int name="z" value="0"/><int name="delay" value="150"/><vector name="lt" x="-234" y="-477"/><vector name="rb" x="203" y="23"/><vector name="head" x="-53" y="-411"/></canvas><canvas name="14" width="460" height="502"><vector name="origin" x="256" y="478"/><int name="z" value="0"/><int name="delay" value="150"/><vector name="lt" x="-254" y="-477"/><vector name="rb" x="203" y="23"/><vector name="head" x="-53" y="-411"/></canvas><canvas name="15" width="463" height="502"><vector name="origin" x="259" y="478"/><int name="z" value="0"/><int name="delay" value="150"/><vector name="lt" x="-256" y="-477"/><vector name="rb" x="203" y="23"/><vector name="head" x="-53" y="-411"/></canvas><canvas name="16" width="461" height="502"><vector name="origin" x="257" y="478"/><int name="z" value="0"/><int name="delay" value="150"/><vector name="lt" x="-253" y="-477"/><vector name="rb" x="203" y="23"/><vector name="head" x="-53" y="-411"/></canvas><canvas name="17" width="461" height="502"><vector name="origin" x="257" y="478"/><int name="z" value="0"/><vector name="lt" x="-254" y="-477"/><vector name="rb" x="203" y="23"/><vector name="head" x="-53" y="-411"/><int name="delay" value="150"/></canvas></imgdir><imgdir name="attack2"><imgdir name="info"><imgdir name="range"><vector name="lt" x="-991" y="-386"/><vector name="rb" x="53" y="19"/></imgdir><imgdir name="hit"><canvas name="0" width="121" height="125"><vector name="origin" x="51" y="107"/><int name="delay" value="180"/></canvas><canvas name="1" width="144" height="142"><vector name="origin" x="59" y="110"/><int name="delay" value="180"/></canvas><canvas name="2" width="158" height="148"><vector name="origin" x="62" y="111"/><int name="delay" value="180"/></canvas><canvas name="3" width="143" height="138"><vector name="origin" x="50" y="113"/><int name="delay" value="180"/></canvas><canvas name="4" width="82" height="75"><vector name="origin" x="40" y="98"/><int name="z" value="0"/><int name="delay" value="180"/></canvas><int name="attach" value="1"/></imgdir><int name="type" value="0"/><int name="attackAfter" value="2200"/><int name="conMP" value="10"/><int name="magic" value="1"/><int name="MADamage" value="490"/></imgdir><canvas name="0" width="437" height="502"><vector name="origin" x="232" y="478"/><vector name="lt" x="-230" y="-479"/><vector name="rb" x="204" y="23"/><vector name="head" x="-48" y="-413"/><int name="delay" value="240"/></canvas><canvas name="1" width="429" height="504"><vector name="origin" x="234" y="481"/><vector name="lt" x="-230" y="-479"/><vector name="rb" x="193" y="23"/><vector name="head" x="-48" y="-413"/><int name="delay" value="120"/></canvas><canvas name="2" width="417" height="506"><vector name="origin" x="236" y="484"/><vector name="lt" x="-230" y="-479"/><vector name="rb" x="182" y="21"/><vector name="head" x="-48" y="-413"/><int name="delay" value="120"/></canvas><canvas name="3" width="400" height="508"><vector name="origin" x="238" y="487"/><vector name="lt" x="-239" y="-486"/><vector name="rb" x="161" y="21"/><vector name="head" x="-56" y="-420"/><int name="delay" value="120"/></canvas><canvas name="4" width="392" height="509"><vector name="origin" x="240" y="488"/><vector name="lt" x="-238" y="-488"/><vector name="rb" x="150" y="19"/><vector name="head" x="-60" y="-420"/><int name="delay" value="120"/></canvas><canvas name="5" width="399" height="497"><vector name="origin" x="242" y="460"/><vector name="lt" x="-239" y="-457"/><vector name="rb" x="157" y="37"/><vector name="head" x="-57" y="-402"/><int name="delay" value="120"/></canvas><canvas name="6" width="399" height="496"><vector name="origin" x="242" y="459"/><vector name="lt" x="-240" y="-458"/><vector name="rb" x="157" y="34"/><vector name="head" x="-58" y="-401"/><int name="delay" value="120"/></canvas><canvas name="7" width="399" height="508"><vector name="origin" x="242" y="471"/><vector name="lt" x="-238" y="-469"/><vector name="rb" x="156" y="34"/><vector name="head" x="-60" y="-406"/><int name="delay" value="120"/></canvas><canvas name="8" width="399" height="508"><vector name="origin" x="242" y="471"/><vector name="lt" x="-238" y="-472"/><vector name="rb" x="157" y="35"/><vector name="head" x="-61" y="-407"/><int name="delay" value="180"/></canvas><canvas name="9" width="399" height="508"><vector name="origin" x="242" y="471"/><int name="z" value="0"/><int name="delay" value="180"/><vector name="lt" x="-238" y="-470"/><vector name="rb" x="155" y="36"/><vector name="head" x="-60" y="-408"/></canvas><canvas name="10" width="399" height="508"><vector name="origin" x="242" y="471"/><int name="z" value="0"/><int name="delay" value="180"/><vector name="lt" x="-241" y="-470"/><vector name="rb" x="155" y="34"/><vector name="head" x="-61" y="-408"/></canvas><canvas name="11" width="399" height="508"><vector name="origin" x="242" y="471"/><int name="z" value="0"/><int name="delay" value="180"/><vector name="lt" x="-238" y="-470"/><vector name="rb" x="156" y="33"/><vector name="head" x="-58" y="-409"/></canvas><canvas name="12" width="399" height="508"><vector name="origin" x="242" y="471"/><int name="z" value="0"/><int name="delay" value="180"/><vector name="lt" x="-238" y="-470"/><vector name="rb" x="156" y="33"/><vector name="head" x="-58" y="-409"/></canvas><canvas name="13" width="399" height="508"><vector name="origin" x="242" y="471"/><int name="z" value="0"/><int name="delay" value="180"/><vector name="lt" x="-238" y="-470"/><vector name="rb" x="156" y="33"/><vector name="head" x="-58" y="-409"/></canvas><canvas name="14" width="610" height="540"><vector name="origin" x="453" y="471"/><int name="z" value="0"/><int name="delay" value="180"/><vector name="lt" x="-238" y="-470"/><vector name="rb" x="156" y="33"/><vector name="head" x="-58" y="-409"/></canvas><canvas name="15" width="692" height="540"><vector name="origin" x="535" y="471"/><int name="z" value="0"/><int name="delay" value="180"/><vector name="lt" x="-238" y="-470"/><vector name="rb" x="156" y="33"/><vector name="head" x="-58" y="-409"/></canvas><canvas name="16" width="1068" height="540"><vector name="origin" x="911" y="471"/><int name="z" value="0"/><int name="delay" value="180"/><vector name="lt" x="-238" y="-470"/><vector name="rb" x="156" y="33"/><vector name="head" x="-58" y="-409"/></canvas><canvas name="17" width="1136" height="508"><vector name="origin" x="979" y="471"/><int name="z" value="0"/><int name="delay" value="180"/><vector name="lt" x="-238" y="-470"/><vector name="rb" x="156" y="33"/><vector name="head" x="-58" y="-409"/></canvas><canvas name="18" width="1136" height="508"><vector name="origin" x="979" y="471"/><int name="z" value="0"/><int name="delay" value="180"/><vector name="lt" x="-238" y="-470"/><vector name="rb" x="156" y="33"/><vector name="head" x="-58" y="-409"/></canvas><canvas name="19" width="1136" height="508"><vector name="origin" x="979" y="471"/><int name="z" value="0"/><int name="delay" value="180"/><vector name="lt" x="-238" y="-470"/><vector name="rb" x="156" y="33"/><vector name="head" x="-58" y="-409"/></canvas><canvas name="20" width="1136" height="600"><vector name="origin" x="979" y="531"/><int name="z" value="0"/><int name="delay" value="180"/><vector name="lt" x="-238" y="-470"/><vector name="rb" x="156" y="33"/><vector name="head" x="-58" y="-409"/></canvas><canvas name="21" width="912" height="600"><vector name="origin" x="755" y="531"/><int name="z" value="0"/><int name="delay" value="180"/><vector name="lt" x="-238" y="-470"/><vector name="rb" x="156" y="33"/><vector name="head" x="-58" y="-409"/></canvas><canvas name="22" width="710" height="530"><vector name="origin" x="553" y="493"/><int name="z" value="0"/><int name="delay" value="180"/><vector name="lt" x="-238" y="-470"/><vector name="rb" x="156" y="33"/><vector name="head" x="-58" y="-409"/></canvas><canvas name="23" width="832" height="568"><vector name="origin" x="675" y="531"/><int name="z" value="0"/><int name="delay" value="180"/><vector name="lt" x="-238" y="-470"/><vector name="rb" x="156" y="33"/><vector name="head" x="-58" y="-409"/></canvas><canvas name="24" width="774" height="568"><vector name="origin" x="617" y="531"/><int name="z" value="0"/><int name="delay" value="180"/><vector name="lt" x="-238" y="-470"/><vector name="rb" x="156" y="33"/><vector name="head" x="-58" y="-409"/></canvas><canvas name="25" width="399" height="508"><vector name="origin" x="242" y="471"/><int name="z" value="0"/><int name="delay" value="180"/><vector name="lt" x="-238" y="-470"/><vector name="rb" x="156" y="33"/><vector name="head" x="-58" y="-409"/></canvas><canvas name="26" width="399" height="508"><vector name="origin" x="242" y="471"/><int name="z" value="0"/><int name="delay" value="0"/><vector name="lt" x="-238" y="-470"/><vector name="rb" x="156" y="33"/><vector name="head" x="-58" y="-409"/></canvas><canvas name="27" width="399" height="508"><vector name="origin" x="242" y="471"/><int name="z" value="0"/><int name="delay" value="0"/><vector name="lt" x="-241" y="-471"/><vector name="rb" x="156" y="33"/><vector name="head" x="-58" y="-409"/></canvas><canvas name="28" width="399" height="508"><vector name="origin" x="242" y="471"/><int name="z" value="0"/><int name="delay" value="0"/><vector name="lt" x="-241" y="-471"/><vector name="rb" x="156" y="33"/><vector name="head" x="-58" y="-409"/></canvas><canvas name="29" width="399" height="508"><vector name="origin" x="242" y="471"/><int name="z" value="0"/><int name="delay" value="0"/><vector name="lt" x="-241" y="-471"/><vector name="rb" x="156" y="33"/><vector name="head" x="-58" y="-409"/></canvas><canvas name="30" width="399" height="508"><vector name="origin" x="242" y="471"/><int name="z" value="0"/><int name="delay" value="0"/><vector name="lt" x="-241" y="-471"/><vector name="rb" x="156" y="33"/><vector name="head" x="-58" y="-409"/></canvas><canvas name="31" width="392" height="509"><vector name="origin" x="240" y="488"/><int name="z" value="0"/><int name="delay" value="120"/><vector name="lt" x="-240" y="-489"/><vector name="rb" x="150" y="18"/><vector name="head" x="-55" y="-424"/></canvas><canvas name="32" width="400" height="508"><vector name="origin" x="238" y="487"/><int name="z" value="0"/><int name="delay" value="120"/><vector name="lt" x="-238" y="-487"/><vector name="rb" x="162" y="21"/><vector name="head" x="-58" y="-417"/></canvas><canvas name="33" width="417" height="506"><vector name="origin" x="236" y="484"/><int name="z" value="0"/><int name="delay" value="120"/><vector name="lt" x="-236" y="-484"/><vector name="rb" x="179" y="21"/><vector name="head" x="-52" y="-420"/></canvas><canvas name="34" width="429" height="504"><vector name="origin" x="234" y="481"/><int name="z" value="0"/><int name="delay" value="120"/><vector name="lt" x="-234" y="-481"/><vector name="rb" x="193" y="22"/><vector name="head" x="-51" y="-414"/></canvas><canvas name="35" width="437" height="483"><vector name="origin" x="232" y="460"/><int name="z" value="0"/><int name="delay" value="120"/><vector name="lt" x="-231" y="-459"/><vector name="rb" x="200" y="21"/><vector name="head" x="-49" y="-402"/></canvas><canvas name="36" width="437" height="482"><vector name="origin" x="232" y="459"/><int name="z" value="0"/><int name="delay" value="120"/><vector name="lt" x="-232" y="-460"/><vector name="rb" x="202" y="23"/><vector name="head" x="-52" y="-403"/></canvas><canvas name="37" width="437" height="494"><vector name="origin" x="232" y="471"/><int name="z" value="0"/><int name="delay" value="120"/><vector name="lt" x="-231" y="-472"/><vector name="rb" x="202" y="23"/><vector name="head" x="-47" y="-409"/></canvas></imgdir><imgdir name="attack3"><imgdir name="info"><imgdir name="range"><vector name="lt" x="-625" y="-629"/><vector name="rb" x="65" y="13"/></imgdir><imgdir name="hit"><canvas name="0" width="32" height="126"><vector name="origin" x="17" y="541"/><int name="delay" value="120"/></canvas><canvas name="1" width="37" height="252"><vector name="origin" x="18" y="410"/><int name="delay" value="120"/></canvas><canvas name="2" width="152" height="287"><vector name="origin" x="74" y="231"/><int name="delay" value="120"/></canvas><canvas name="3" width="158" height="145"><vector name="origin" x="75" y="100"/><int name="delay" value="120"/></canvas><canvas name="4" width="137" height="135"><vector name="origin" x="64" y="96"/><int name="z" value="0"/><int name="delay" value="120"/></canvas><canvas name="5" width="127" height="135"><vector name="origin" x="56" y="91"/><int name="z" value="0"/><int name="delay" value="120"/></canvas><canvas name="6" width="124" height="119"><vector name="origin" x="59" y="82"/><int name="z" value="0"/><int name="delay" value="120"/></canvas><canvas name="7" width="123" height="106"><vector name="origin" x="57" y="76"/><int name="z" value="0"/><int name="delay" value="120"/></canvas><int name="attach" value="1"/></imgdir><int name="type" value="0"/><int name="attackAfter" value="2800"/><int name="conMP" value="10"/><string name="elemAttr" value="F"/><int name="PADamage" value="410"/><int name="knockback" value="1"/></imgdir><canvas name="0" width="437" height="502"><vector name="origin" x="232" y="478"/><vector name="lt" x="-232" y="-479"/><vector name="rb" x="203" y="22"/><vector name="head" x="-48" y="-409"/><int name="delay" value="240"/></canvas><canvas name="1" width="437" height="498"><vector name="origin" x="232" y="474"/><vector name="lt" x="-231" y="-475"/><vector name="rb" x="203" y="22"/><vector name="head" x="-53" y="-404"/><int name="delay" value="240"/></canvas><canvas name="2" width="437" height="505"><vector name="origin" x="232" y="481"/><vector name="lt" x="-232" y="-479"/><vector name="rb" x="203" y="22"/><vector name="head" x="-53" y="-399"/><int name="delay" value="240"/></canvas><canvas name="3" width="437" height="512"><vector name="origin" x="232" y="488"/><vector name="lt" x="-231" y="-488"/><vector name="rb" x="203" y="22"/><vector name="head" x="-48" y="-402"/><int name="delay" value="240"/></canvas><canvas name="4" width="437" height="491"><vector name="origin" x="232" y="467"/><vector name="lt" x="-231" y="-465"/><vector name="rb" x="203" y="22"/><vector name="head" x="-52" y="-403"/><int name="delay" value="120"/></canvas><canvas name="5" width="437" height="553"><vector name="origin" x="232" y="529"/><vector name="lt" x="-233" y="-529"/><vector name="rb" x="203" y="22"/><vector name="head" x="-53" y="-398"/><int name="delay" value="120"/></canvas><canvas name="6" width="437" height="584"><vector name="origin" x="232" y="560"/><vector name="lt" x="-230" y="-559"/><vector name="rb" x="203" y="22"/><vector name="head" x="-52" y="-400"/><int name="delay" value="120"/></canvas><canvas name="7" width="437" height="608"><vector name="origin" x="232" y="584"/><vector name="lt" x="-231" y="-581"/><vector name="rb" x="203" y="22"/><vector name="head" x="-51" y="-396"/><int name="delay" value="120"/></canvas><canvas name="8" width="437" height="584"><vector name="origin" x="232" y="560"/><vector name="lt" x="-232" y="-558"/><vector name="rb" x="203" y="22"/><vector name="head" x="-51" y="-396"/><int name="delay" value="120"/></canvas><canvas name="9" width="437" height="608"><vector name="origin" x="232" y="584"/><int name="z" value="0"/><int name="delay" value="120"/><vector name="lt" x="-229" y="-582"/><vector name="rb" x="231" y="20"/><vector name="head" x="43" y="-403"/></canvas><canvas name="10" width="437" height="592"><vector name="origin" x="232" y="568"/><int name="z" value="0"/><int name="delay" value="120"/><vector name="lt" x="-231" y="-566"/><vector name="rb" x="206" y="24"/><vector name="head" x="-46" y="-401"/></canvas><canvas name="11" width="437" height="612"><vector name="origin" x="232" y="588"/><int name="z" value="0"/><int name="delay" value="120"/><vector name="lt" x="-233" y="-588"/><vector name="rb" x="206" y="24"/><vector name="head" x="-46" y="-401"/></canvas><canvas name="12" width="437" height="590"><vector name="origin" x="232" y="566"/><int name="z" value="0"/><int name="delay" value="120"/><vector name="lt" x="-231" y="-566"/><vector name="rb" x="206" y="24"/><vector name="head" x="-46" y="-401"/></canvas><canvas name="13" width="437" height="612"><vector name="origin" x="232" y="588"/><int name="z" value="0"/><int name="delay" value="120"/><vector name="lt" x="-229" y="-588"/><vector name="rb" x="206" y="24"/><vector name="head" x="-46" y="-401"/></canvas><canvas name="14" width="759" height="616"><vector name="origin" x="554" y="592"/><int name="z" value="0"/><int name="delay" value="120"/><vector name="lt" x="-229" y="-588"/><vector name="rb" x="206" y="24"/><vector name="head" x="-46" y="-401"/></canvas><canvas name="15" width="759" height="616"><vector name="origin" x="554" y="592"/><int name="z" value="0"/><int name="delay" value="120"/><vector name="lt" x="-229" y="-588"/><vector name="rb" x="206" y="24"/><vector name="head" x="-46" y="-401"/></canvas><canvas name="16" width="815" height="616"><vector name="origin" x="610" y="592"/><int name="z" value="0"/><int name="delay" value="120"/><vector name="lt" x="-229" y="-588"/><vector name="rb" x="206" y="24"/><vector name="head" x="-46" y="-401"/></canvas><canvas name="17" width="816" height="608"><vector name="origin" x="611" y="584"/><int name="z" value="0"/><int name="delay" value="120"/><vector name="lt" x="-229" y="-588"/><vector name="rb" x="206" y="24"/><vector name="head" x="-46" y="-401"/></canvas><canvas name="18" width="805" height="647"><vector name="origin" x="600" y="623"/><int name="z" value="0"/><int name="delay" value="120"/><vector name="lt" x="-229" y="-588"/><vector name="rb" x="206" y="24"/><vector name="head" x="-47" y="-404"/></canvas><canvas name="19" width="797" height="647"><vector name="origin" x="592" y="623"/><int name="z" value="0"/><int name="delay" value="120"/><vector name="lt" x="-229" y="-588"/><vector name="rb" x="206" y="24"/><vector name="head" x="-52" y="-400"/></canvas><canvas name="20" width="800" height="590"><vector name="origin" x="595" y="566"/><int name="z" value="0"/><int name="delay" value="120"/><vector name="lt" x="-229" y="-588"/><vector name="rb" x="206" y="24"/><vector name="head" x="-52" y="-400"/></canvas><canvas name="21" width="798" height="612"><vector name="origin" x="593" y="588"/><int name="z" value="0"/><int name="delay" value="120"/><vector name="lt" x="-229" y="-588"/><vector name="rb" x="206" y="24"/><vector name="head" x="-52" y="-400"/></canvas><canvas name="22" width="736" height="516"><vector name="origin" x="531" y="492"/><int name="z" value="0"/><int name="delay" value="120"/><vector name="lt" x="-229" y="-588"/><vector name="rb" x="206" y="24"/><vector name="head" x="-52" y="-400"/></canvas><canvas name="23" width="739" height="483"><vector name="origin" x="534" y="459"/><int name="z" value="0"/><int name="delay" value="120"/><vector name="lt" x="-229" y="-588"/><vector name="rb" x="206" y="24"/><vector name="head" x="-52" y="-400"/></canvas><canvas name="24" width="737" height="497"><vector name="origin" x="532" y="473"/><int name="z" value="0"/><int name="delay" value="120"/><vector name="lt" x="-229" y="-588"/><vector name="rb" x="206" y="24"/><vector name="head" x="-52" y="-400"/></canvas><canvas name="25" width="665" height="498"><vector name="origin" x="460" y="474"/><int name="z" value="0"/><int name="delay" value="120"/><vector name="lt" x="-229" y="-588"/><vector name="rb" x="206" y="24"/><vector name="head" x="-52" y="-400"/></canvas><canvas name="26" width="437" height="505"><vector name="origin" x="232" y="481"/><int name="z" value="0"/><int name="delay" value="120"/><vector name="lt" x="-233" y="-482"/><vector name="rb" x="204" y="24"/><vector name="head" x="-52" y="-400"/></canvas><canvas name="27" width="437" height="512"><vector name="origin" x="232" y="488"/><int name="z" value="0"/><int name="delay" value="120"/><vector name="lt" x="-231" y="-486"/><vector name="rb" x="204" y="24"/><vector name="head" x="-52" y="-400"/></canvas></imgdir><imgdir name="skill1"><canvas name="0" width="437" height="502"><vector name="origin" x="232" y="478"/><int name="delay" value="300"/><vector name="lt" x="-232" y="-479"/><vector name="rb" x="203" y="22"/><vector name="head" x="-48" y="-409"/></canvas><canvas name="1" width="437" height="502"><vector name="origin" x="232" y="477"/><int name="delay" value="300"/><vector name="lt" x="-232" y="-479"/><vector name="rb" x="203" y="22"/><vector name="head" x="-49" y="-403"/></canvas><canvas name="2" width="437" height="504"><vector name="origin" x="232" y="478"/><int name="delay" value="300"/><vector name="lt" x="-232" y="-479"/><vector name="rb" x="203" y="22"/><vector name="head" x="-49" y="-403"/></canvas><canvas name="3" width="437" height="511"><vector name="origin" x="232" y="485"/><int name="delay" value="300"/><vector name="lt" x="-232" y="-479"/><vector name="rb" x="203" y="22"/><vector name="head" x="-49" y="-403"/></canvas><canvas name="4" width="437" height="511"><vector name="origin" x="232" y="485"/><int name="delay" value="300"/><vector name="lt" x="-232" y="-479"/><vector name="rb" x="203" y="22"/><vector name="head" x="-49" y="-403"/></canvas><canvas name="5" width="437" height="518"><vector name="origin" x="232" y="492"/><int name="z" value="0"/><int name="delay" value="300"/><vector name="lt" x="-232" y="-479"/><vector name="rb" x="203" y="22"/><vector name="head" x="-49" y="-403"/></canvas><canvas name="6" width="437" height="518"><vector name="origin" x="232" y="492"/><int name="z" value="0"/><int name="delay" value="300"/><vector name="lt" x="-232" y="-479"/><vector name="rb" x="203" y="22"/><vector name="head" x="-49" y="-403"/></canvas><canvas name="7" width="453" height="500"><vector name="origin" x="232" y="474"/><int name="z" value="0"/><int name="delay" value="300"/><vector name="lt" x="-232" y="-479"/><vector name="rb" x="203" y="22"/><vector name="head" x="-49" y="-403"/></canvas><canvas name="8" width="437" height="492"><vector name="origin" x="232" y="466"/><int name="z" value="0"/><int name="delay" value="300"/><vector name="lt" x="-232" y="-479"/><vector name="rb" x="203" y="22"/><vector name="head" x="-49" y="-403"/></canvas><canvas name="9" width="437" height="496"><vector name="origin" x="232" y="471"/><int name="z" value="0"/><int name="delay" value="300"/><vector name="lt" x="-232" y="-479"/><vector name="rb" x="203" y="22"/><vector name="head" x="-49" y="-403"/></canvas></imgdir><imgdir name="hit1"><canvas name="0" width="467" height="519"><vector name="origin" x="269" y="503"/><vector name="lt" x="-219" y="-502"/><vector name="rb" x="194" y="10"/><vector name="head" x="-28" y="-430"/><int name="delay" value="600"/></canvas></imgdir><imgdir name="die1"><canvas name="0" width="437" height="502"><vector name="origin" x="232" y="478"/><vector name="head" x="-46" y="-410"/><int name="delay" value="144"/></canvas><canvas name="1" width="467" height="519"><vector name="origin" x="269" y="503"/><vector name="head" x="-27" y="-438"/><int name="delay" value="144"/></canvas><canvas name="2" width="432" height="529"><vector name="origin" x="216" y="514"/><vector name="head" x="-13" y="-449"/><int name="delay" value="144"/></canvas><canvas name="3" width="452" height="486"><vector name="origin" x="247" y="462"/><vector name="head" x="-43" y="-406"/><int name="delay" value="144"/></canvas><canvas name="4" width="464" height="484"><vector name="origin" x="259" y="459"/><vector name="head" x="-44" y="-396"/><int name="delay" value="144"/></canvas><canvas name="5" width="437" height="506"><vector name="origin" x="232" y="483"/><int name="z" value="0"/><int name="delay" value="144"/><vector name="head" x="-48" y="-413"/></canvas><canvas name="6" width="441" height="500"><vector name="origin" x="236" y="476"/><int name="z" value="0"/><int name="delay" value="144"/><vector name="head" x="-46" y="-410"/></canvas><canvas name="7" width="448" height="502"><vector name="origin" x="243" y="478"/><int name="z" value="0"/><int name="delay" value="144"/><vector name="head" x="-46" y="-410"/></canvas><canvas name="8" width="467" height="502"><vector name="origin" x="262" y="478"/><int name="z" value="0"/><int name="delay" value="144"/><vector name="head" x="-46" y="-410"/></canvas><canvas name="9" width="381" height="502"><vector name="origin" x="176" y="478"/><int name="z" value="0"/><int name="delay" value="144"/><vector name="head" x="-46" y="-410"/></canvas><canvas name="10" width="381" height="502"><vector name="origin" x="176" y="478"/><int name="z" value="0"/><int name="delay" value="1000"/><vector name="head" x="-46" y="-410"/></canvas></imgdir></imgdir>