<?xml version="1.0" encoding="UTF-8" standalone="yes"?><imgdir name="7220005.img"><imgdir name="info"><int name="bodyAttack" value="1"/><int name="level" value="77"/><int name="maxHP" value="40000"/><int name="maxMP" value="700"/><int name="speed" value="-40"/><int name="PADamage" value="340"/><int name="PDDamage" value="600"/><int name="MADamage" value="370"/><int name="MDDamage" value="440"/><int name="acc" value="160"/><int name="eva" value="28"/><int name="exp" value="3000"/><int name="pushed" value="99999"/><int name="hpRecovery" value="30"/><int name="mpRecovery" value="2"/><string name="elemAttr" value="F2L3I3S1"/><int name="undead" value="0"/><float name="fs" value="10.0"/><int name="summonType" value="31"/><int name="publicReward" value="1"/><int name="hpTagColor" value="1"/><int name="hpTagBgcolor" value="5"/><int name="boss" value="1"/><imgdir name="skill"><imgdir name="0"><int name="skill" value="135"/><int name="action" value="1"/><int name="level" value="2"/><int name="effectAfter" value="0"/></imgdir></imgdir></imgdir><imgdir name="stand"><canvas name="0" width="381" height="502"><vector name="origin" x="176" y="478"/><vector name="lt" x="-177" y="-477"/><vector name="rb" x="203" y="23"/><vector name="head" x="-45" y="-412"/><int name="delay" value="300"/></canvas><canvas name="1" width="381" height="502"><vector name="origin" x="176" y="477"/><vector name="lt" x="-177" y="-477"/><vector name="rb" x="204" y="25"/><vector name="head" x="-46" y="-410"/><int name="delay" value="300"/></canvas><canvas name="2" width="381" height="504"><vector name="origin" x="176" y="478"/><vector name="lt" x="-176" y="-476"/><vector name="rb" x="202" y="25"/><vector name="head" x="-43" y="-405"/><int name="delay" value="300"/></canvas><canvas name="3" width="381" height="511"><vector name="origin" x="176" y="485"/><int name="z" value="0"/><int name="delay" value="300"/><vector name="lt" x="-177" y="-485"/><vector name="rb" x="205" y="26"/><vector name="head" x="-46" y="-405"/></canvas><canvas name="4" width="381" height="518"><vector name="origin" x="176" y="492"/><int name="z" value="0"/><int name="delay" value="300"/><vector name="lt" x="-176" y="-491"/><vector name="rb" x="205" y="26"/><vector name="head" x="-46" y="-405"/></canvas><canvas name="5" width="396" height="499"><vector name="origin" x="176" y="474"/><int name="z" value="0"/><int name="delay" value="300"/><vector name="lt" x="-177" y="-474"/><vector name="rb" x="218" y="23"/><vector name="head" x="-46" y="-409"/></canvas></imgdir><imgdir name="move"><canvas name="0" width="381" height="502"><vector name="origin" x="176" y="478"/><vector name="lt" x="-176" y="-478"/><vector name="rb" x="205" y="24"/><vector name="head" x="-46" y="-411"/><int name="delay" value="90"/></canvas><canvas name="1" width="379" height="502"><vector name="origin" x="174" y="481"/><vector name="lt" x="-176" y="-478"/><vector name="rb" x="205" y="24"/><vector name="head" x="-46" y="-411"/><int name="delay" value="90"/></canvas><canvas name="2" width="378" height="504"><vector name="origin" x="171" y="484"/><vector name="lt" x="-176" y="-478"/><vector name="rb" x="205" y="24"/><vector name="head" x="-46" y="-411"/><int name="delay" value="90"/></canvas><canvas name="3" width="384" height="506"><vector name="origin" x="168" y="487"/><vector name="lt" x="-176" y="-478"/><vector name="rb" x="205" y="24"/><vector name="head" x="-46" y="-411"/><int name="delay" value="90"/></canvas><canvas name="4" width="387" height="507"><vector name="origin" x="167" y="488"/><vector name="lt" x="-176" y="-478"/><vector name="rb" x="205" y="24"/><vector name="head" x="-46" y="-411"/><int name="delay" value="90"/></canvas><canvas name="5" width="381" height="484"><vector name="origin" x="176" y="460"/><vector name="lt" x="-176" y="-478"/><vector name="rb" x="205" y="24"/><vector name="head" x="-46" y="-411"/><int name="delay" value="90"/></canvas><canvas name="6" width="381" height="503"><vector name="origin" x="176" y="479"/><vector name="lt" x="-176" y="-478"/><vector name="rb" x="205" y="24"/><vector name="head" x="-46" y="-411"/><int name="delay" value="90"/></canvas><canvas name="7" width="381" height="504"><vector name="origin" x="176" y="480"/><vector name="lt" x="-176" y="-478"/><vector name="rb" x="205" y="24"/><vector name="head" x="-46" y="-411"/><int name="delay" value="90"/></canvas><canvas name="8" width="381" height="502"><vector name="origin" x="176" y="478"/><vector name="lt" x="-176" y="-478"/><vector name="rb" x="205" y="24"/><vector name="head" x="-46" y="-411"/><int name="delay" value="90"/></canvas><canvas name="9" width="379" height="504"><vector name="origin" x="176" y="481"/><vector name="lt" x="-176" y="-478"/><vector name="rb" x="205" y="24"/><vector name="head" x="-46" y="-411"/><int name="delay" value="90"/></canvas><canvas name="10" width="383" height="506"><vector name="origin" x="176" y="484"/><vector name="lt" x="-176" y="-478"/><vector name="rb" x="205" y="24"/><vector name="head" x="-46" y="-411"/><int name="delay" value="90"/></canvas><canvas name="11" width="392" height="508"><vector name="origin" x="176" y="487"/><vector name="lt" x="-176" y="-478"/><vector name="rb" x="205" y="24"/><vector name="head" x="-46" y="-411"/><int name="delay" value="90"/></canvas><canvas name="12" width="396" height="509"><vector name="origin" x="176" y="488"/><vector name="lt" x="-176" y="-478"/><vector name="rb" x="205" y="24"/><vector name="head" x="-46" y="-411"/><int name="delay" value="90"/></canvas><canvas name="13" width="381" height="484"><vector name="origin" x="176" y="460"/><vector name="lt" x="-176" y="-478"/><vector name="rb" x="205" y="24"/><vector name="head" x="-46" y="-411"/><int name="delay" value="90"/></canvas><canvas name="14" width="381" height="503"><vector name="origin" x="176" y="479"/><vector name="lt" x="-176" y="-478"/><vector name="rb" x="205" y="24"/><vector name="head" x="-46" y="-411"/><int name="delay" value="90"/></canvas><canvas name="15" width="381" height="504"><vector name="origin" x="176" y="480"/><vector name="lt" x="-176" y="-478"/><vector name="rb" x="205" y="24"/><vector name="head" x="-46" y="-411"/><int name="delay" value="90"/></canvas><canvas name="16" width="381" height="502"><vector name="origin" x="176" y="478"/><vector name="lt" x="-176" y="-478"/><vector name="rb" x="205" y="24"/><vector name="head" x="-46" y="-411"/><int name="delay" value="90"/></canvas><canvas name="17" width="381" height="504"><vector name="origin" x="176" y="481"/><vector name="lt" x="-176" y="-478"/><vector name="rb" x="205" y="24"/><vector name="head" x="-46" y="-411"/><int name="delay" value="90"/></canvas><canvas name="18" width="383" height="506"><vector name="origin" x="176" y="484"/><vector name="lt" x="-176" y="-478"/><vector name="rb" x="205" y="24"/><vector name="head" x="-46" y="-411"/><int name="delay" value="90"/></canvas><canvas name="19" width="392" height="508"><vector name="origin" x="176" y="487"/><vector name="lt" x="-176" y="-478"/><vector name="rb" x="205" y="24"/><vector name="head" x="-46" y="-411"/><int name="delay" value="90"/></canvas><canvas name="20" width="396" height="509"><vector name="origin" x="176" y="488"/><vector name="lt" x="-176" y="-478"/><vector name="rb" x="205" y="24"/><vector name="head" x="-46" y="-411"/><int name="delay" value="90"/></canvas><canvas name="21" width="381" height="484"><vector name="origin" x="176" y="460"/><vector name="lt" x="-176" y="-478"/><vector name="rb" x="205" y="24"/><vector name="head" x="-46" y="-411"/><int name="delay" value="90"/></canvas><canvas name="22" width="381" height="503"><vector name="origin" x="176" y="479"/><vector name="lt" x="-176" y="-478"/><vector name="rb" x="205" y="24"/><vector name="head" x="-46" y="-411"/><int name="delay" value="90"/></canvas><canvas name="23" width="381" height="504"><vector name="origin" x="176" y="480"/><vector name="lt" x="-176" y="-478"/><vector name="rb" x="205" y="24"/><vector name="head" x="-46" y="-411"/><int name="delay" value="90"/></canvas></imgdir><imgdir name="attack1"><imgdir name="info"><imgdir name="range"><int name="areaCount" value="9"/><int name="start" value="-4"/><int name="attackCount" value="3"/><vector name="lt" x="-481" y="-370"/><vector name="rb" x="-321" y="47"/></imgdir><imgdir name="hit"><canvas name="0" width="50" height="50"><vector name="origin" x="34" y="65"/><int name="delay" value="180"/></canvas><canvas name="1" width="75" height="73"><vector name="origin" x="40" y="77"/><int name="delay" value="180"/></canvas><canvas name="2" width="73" height="72"><vector name="origin" x="39" y="76"/><int name="delay" value="180"/></canvas><canvas name="3" width="143" height="138"><vector name="origin" x="50" y="113"/><int name="delay" value="180"/></canvas><int name="attach" value="1"/></imgdir><imgdir name="areaWarning"><canvas name="0" width="195" height="195"><vector name="origin" x="97" y="135"/><int name="z" value="0"/></canvas><canvas name="1" width="176" height="173"><vector name="origin" x="88" y="125"/><int name="z" value="0"/></canvas><canvas name="2" width="155" height="155"><vector name="origin" x="75" y="114"/><int name="z" value="0"/></canvas><canvas name="3" width="141" height="141"><vector name="origin" x="70" y="108"/><int name="z" value="0"/></canvas><canvas name="4" width="118" height="120"><vector name="origin" x="58" y="97"/><int name="z" value="0"/></canvas><canvas name="5" width="100" height="135"><vector name="origin" x="48" y="105"/><int name="z" value="0"/></canvas><canvas name="6" width="121" height="135"><vector name="origin" x="53" y="105"/><int name="z" value="0"/></canvas><canvas name="7" width="132" height="135"><vector name="origin" x="60" y="105"/><int name="z" value="0"/></canvas><canvas name="8" width="136" height="135"><vector name="origin" x="65" y="105"/><int name="z" value="0"/></canvas><canvas name="9" width="136" height="135"><vector name="origin" x="66" y="105"/><int name="z" value="0"/></canvas><canvas name="10" width="136" height="135"><vector name="origin" x="67" y="105"/><int name="z" value="0"/></canvas><canvas name="11" width="136" height="135"><vector name="origin" x="67" y="105"/><int name="z" value="0"/></canvas><canvas name="12" width="136" height="135"><vector name="origin" x="67" y="105"/><int name="z" value="0"/></canvas><canvas name="13" width="121" height="121"><vector name="origin" x="60" y="98"/><int name="z" value="0"/></canvas><canvas name="14" width="150" height="141"><vector name="origin" x="75" y="121"/><int name="z" value="0"/></canvas><canvas name="15" width="178" height="160"><vector name="origin" x="89" y="142"/><int name="z" value="0"/></canvas><canvas name="16" width="205" height="596"><vector name="origin" x="107" y="578"/><int name="z" value="0"/></canvas><canvas name="17" width="215" height="593"><vector name="origin" x="112" y="578"/><int name="z" value="0"/></canvas><canvas name="18" width="223" height="593"><vector name="origin" x="116" y="578"/><int name="z" value="0"/></canvas><canvas name="19" width="245" height="591"><vector name="origin" x="127" y="578"/><int name="z" value="0"/></canvas><canvas name="20" width="255" height="590"><vector name="origin" x="132" y="578"/><int name="z" value="0"/></canvas><canvas name="21" width="265" height="139"><vector name="origin" x="137" y="128"/><int name="z" value="0"/></canvas><canvas name="22" width="102" height="130"><vector name="origin" x="50" y="121"/><int name="z" value="0"/></canvas></imgdir><int name="type" value="3"/><int name="attackAfter" value="2200"/><int name="conMP" value="10"/><int name="magic" value="1"/><int name="MADamage" value="600"/></imgdir><canvas name="0" width="381" height="502"><vector name="origin" x="176" y="478"/><vector name="lt" x="-230" y="-479"/><vector name="rb" x="204" y="23"/><vector name="head" x="-48" y="-413"/><int name="delay" value="240"/></canvas><canvas name="1" width="381" height="507"><vector name="origin" x="176" y="484"/><vector name="lt" x="-230" y="-479"/><vector name="rb" x="193" y="23"/><vector name="head" x="-48" y="-413"/><int name="delay" value="120"/></canvas><canvas name="2" width="381" height="512"><vector name="origin" x="176" y="490"/><vector name="lt" x="-230" y="-479"/><vector name="rb" x="182" y="21"/><vector name="head" x="-48" y="-413"/><int name="delay" value="120"/></canvas><canvas name="3" width="381" height="517"><vector name="origin" x="176" y="496"/><vector name="lt" x="-239" y="-486"/><vector name="rb" x="161" y="21"/><vector name="head" x="-56" y="-420"/><int name="delay" value="120"/></canvas><canvas name="4" width="381" height="524"><vector name="origin" x="176" y="503"/><vector name="lt" x="-238" y="-488"/><vector name="rb" x="150" y="19"/><vector name="head" x="-60" y="-420"/><int name="delay" value="120"/></canvas><canvas name="5" width="381" height="518"><vector name="origin" x="176" y="497"/><vector name="lt" x="-239" y="-457"/><vector name="rb" x="157" y="37"/><vector name="head" x="-57" y="-402"/><int name="delay" value="120"/></canvas><canvas name="6" width="381" height="519"><vector name="origin" x="176" y="498"/><vector name="lt" x="-240" y="-458"/><vector name="rb" x="157" y="34"/><vector name="head" x="-58" y="-401"/><int name="delay" value="120"/></canvas><canvas name="7" width="381" height="519"><vector name="origin" x="176" y="498"/><vector name="lt" x="-238" y="-469"/><vector name="rb" x="156" y="34"/><vector name="head" x="-60" y="-406"/><int name="delay" value="120"/></canvas><canvas name="8" width="415" height="519"><vector name="origin" x="210" y="498"/><vector name="lt" x="-238" y="-472"/><vector name="rb" x="157" y="35"/><vector name="head" x="-61" y="-407"/><int name="delay" value="180"/></canvas><canvas name="9" width="419" height="519"><vector name="origin" x="213" y="498"/><int name="z" value="0"/><int name="delay" value="180"/><vector name="lt" x="-238" y="-470"/><vector name="rb" x="155" y="36"/><vector name="head" x="-60" y="-408"/></canvas><canvas name="10" width="414" height="519"><vector name="origin" x="208" y="498"/><int name="z" value="0"/><int name="delay" value="180"/><vector name="lt" x="-241" y="-470"/><vector name="rb" x="155" y="34"/><vector name="head" x="-61" y="-408"/></canvas><canvas name="11" width="404" height="519"><vector name="origin" x="198" y="498"/><int name="z" value="0"/><int name="delay" value="180"/><vector name="lt" x="-238" y="-470"/><vector name="rb" x="156" y="33"/><vector name="head" x="-58" y="-409"/></canvas><canvas name="12" width="390" height="519"><vector name="origin" x="184" y="498"/><int name="z" value="0"/><int name="delay" value="180"/><vector name="lt" x="-238" y="-470"/><vector name="rb" x="156" y="33"/><vector name="head" x="-58" y="-409"/></canvas><canvas name="13" width="382" height="519"><vector name="origin" x="175" y="498"/><int name="z" value="0"/><int name="delay" value="180"/><vector name="lt" x="-238" y="-470"/><vector name="rb" x="156" y="33"/><vector name="head" x="-58" y="-409"/></canvas><canvas name="14" width="382" height="519"><vector name="origin" x="175" y="498"/><int name="z" value="0"/><int name="delay" value="180"/><vector name="lt" x="-238" y="-470"/><vector name="rb" x="156" y="33"/><vector name="head" x="-58" y="-409"/></canvas><canvas name="15" width="382" height="519"><vector name="origin" x="175" y="498"/><int name="z" value="0"/><int name="delay" value="180"/><vector name="lt" x="-238" y="-470"/><vector name="rb" x="156" y="33"/><vector name="head" x="-58" y="-409"/></canvas><canvas name="16" width="382" height="519"><vector name="origin" x="175" y="498"/><int name="z" value="0"/><int name="delay" value="180"/><vector name="lt" x="-238" y="-470"/><vector name="rb" x="156" y="33"/><vector name="head" x="-58" y="-409"/></canvas><canvas name="17" width="382" height="519"><vector name="origin" x="175" y="498"/><int name="z" value="0"/><int name="delay" value="180"/><vector name="lt" x="-238" y="-470"/><vector name="rb" x="156" y="33"/><vector name="head" x="-58" y="-409"/></canvas><canvas name="18" width="382" height="519"><vector name="origin" x="175" y="498"/><int name="z" value="0"/><int name="delay" value="180"/><vector name="lt" x="-238" y="-470"/><vector name="rb" x="156" y="33"/><vector name="head" x="-58" y="-409"/></canvas><canvas name="19" width="471" height="526"><vector name="origin" x="260" y="507"/><int name="z" value="0"/><int name="delay" value="180"/><vector name="lt" x="-238" y="-470"/><vector name="rb" x="156" y="33"/><vector name="head" x="-58" y="-409"/></canvas><canvas name="20" width="506" height="543"><vector name="origin" x="291" y="525"/><int name="z" value="0"/><int name="delay" value="180"/><vector name="lt" x="-238" y="-470"/><vector name="rb" x="156" y="33"/><vector name="head" x="-58" y="-409"/></canvas><canvas name="21" width="536" height="527"><vector name="origin" x="320" y="508"/><int name="z" value="0"/><int name="delay" value="180"/><vector name="lt" x="-238" y="-470"/><vector name="rb" x="156" y="33"/><vector name="head" x="-58" y="-409"/></canvas><canvas name="22" width="453" height="486"><vector name="origin" x="248" y="462"/><int name="z" value="0"/><int name="delay" value="180"/><vector name="lt" x="-238" y="-470"/><vector name="rb" x="156" y="33"/><vector name="head" x="-58" y="-409"/></canvas><canvas name="23" width="445" height="484"><vector name="origin" x="240" y="459"/><int name="z" value="0"/><int name="delay" value="180"/><vector name="lt" x="-238" y="-470"/><vector name="rb" x="156" y="33"/><vector name="head" x="-58" y="-409"/></canvas><canvas name="24" width="381" height="506"><vector name="origin" x="176" y="483"/><int name="z" value="0"/><int name="delay" value="180"/><vector name="lt" x="-238" y="-470"/><vector name="rb" x="156" y="33"/><vector name="head" x="-58" y="-409"/></canvas><canvas name="25" width="381" height="500"><vector name="origin" x="176" y="476"/><int name="z" value="0"/><int name="delay" value="180"/><vector name="lt" x="-238" y="-470"/><vector name="rb" x="156" y="33"/><vector name="head" x="-58" y="-409"/></canvas><canvas name="26" width="381" height="502"><vector name="origin" x="176" y="478"/><int name="z" value="0"/><int name="delay" value="0"/><vector name="lt" x="-238" y="-470"/><vector name="rb" x="156" y="33"/><vector name="head" x="-58" y="-409"/></canvas></imgdir><imgdir name="attack2"><imgdir name="info"><imgdir name="range"><vector name="lt" x="-625" y="-629"/><vector name="rb" x="65" y="13"/></imgdir><imgdir name="hit"><canvas name="0" width="32" height="126"><vector name="origin" x="17" y="541"/><int name="delay" value="120"/></canvas><canvas name="1" width="37" height="252"><vector name="origin" x="18" y="410"/><int name="delay" value="120"/></canvas><canvas name="2" width="152" height="287"><vector name="origin" x="74" y="231"/><int name="delay" value="120"/></canvas><canvas name="3" width="158" height="145"><vector name="origin" x="75" y="100"/><int name="delay" value="120"/></canvas><canvas name="4" width="137" height="135"><vector name="origin" x="64" y="96"/><int name="z" value="0"/><int name="delay" value="120"/></canvas><canvas name="5" width="127" height="135"><vector name="origin" x="56" y="91"/><int name="z" value="0"/><int name="delay" value="120"/></canvas><canvas name="6" width="124" height="119"><vector name="origin" x="59" y="82"/><int name="z" value="0"/><int name="delay" value="120"/></canvas><canvas name="7" width="123" height="106"><vector name="origin" x="57" y="76"/><int name="z" value="0"/><int name="delay" value="120"/></canvas><int name="attach" value="1"/></imgdir><int name="type" value="0"/><int name="attackAfter" value="2800"/><int name="conMP" value="10"/><string name="elemAttr" value="F"/><int name="PADamage" value="400"/></imgdir><canvas name="0" width="381" height="502"><vector name="origin" x="176" y="478"/><vector name="lt" x="-232" y="-479"/><vector name="rb" x="203" y="22"/><vector name="head" x="-48" y="-409"/><int name="delay" value="240"/></canvas><canvas name="1" width="381" height="498"><vector name="origin" x="176" y="474"/><vector name="lt" x="-231" y="-475"/><vector name="rb" x="203" y="22"/><vector name="head" x="-53" y="-404"/><int name="delay" value="240"/></canvas><canvas name="2" width="381" height="505"><vector name="origin" x="176" y="481"/><vector name="lt" x="-232" y="-479"/><vector name="rb" x="203" y="22"/><vector name="head" x="-53" y="-399"/><int name="delay" value="240"/></canvas><canvas name="3" width="381" height="512"><vector name="origin" x="176" y="488"/><vector name="lt" x="-231" y="-488"/><vector name="rb" x="203" y="22"/><vector name="head" x="-48" y="-402"/><int name="delay" value="240"/></canvas><canvas name="4" width="381" height="491"><vector name="origin" x="176" y="467"/><vector name="lt" x="-231" y="-465"/><vector name="rb" x="203" y="22"/><vector name="head" x="-52" y="-403"/><int name="delay" value="120"/></canvas><canvas name="5" width="381" height="553"><vector name="origin" x="176" y="529"/><vector name="lt" x="-233" y="-529"/><vector name="rb" x="203" y="22"/><vector name="head" x="-53" y="-398"/><int name="delay" value="120"/></canvas><canvas name="6" width="381" height="584"><vector name="origin" x="176" y="560"/><vector name="lt" x="-230" y="-559"/><vector name="rb" x="203" y="22"/><vector name="head" x="-52" y="-400"/><int name="delay" value="120"/></canvas><canvas name="7" width="394" height="608"><vector name="origin" x="189" y="584"/><vector name="lt" x="-231" y="-581"/><vector name="rb" x="203" y="22"/><vector name="head" x="-51" y="-396"/><int name="delay" value="120"/></canvas><canvas name="8" width="381" height="584"><vector name="origin" x="176" y="560"/><vector name="lt" x="-232" y="-558"/><vector name="rb" x="203" y="22"/><vector name="head" x="-51" y="-396"/><int name="delay" value="120"/></canvas><canvas name="9" width="381" height="608"><vector name="origin" x="176" y="584"/><int name="z" value="0"/><int name="delay" value="120"/><vector name="lt" x="-229" y="-582"/><vector name="rb" x="231" y="20"/><vector name="head" x="43" y="-403"/></canvas><canvas name="10" width="381" height="592"><vector name="origin" x="176" y="568"/><int name="z" value="0"/><int name="delay" value="120"/><vector name="lt" x="-231" y="-566"/><vector name="rb" x="206" y="24"/><vector name="head" x="-46" y="-401"/></canvas><canvas name="11" width="381" height="612"><vector name="origin" x="176" y="588"/><int name="z" value="0"/><int name="delay" value="120"/><vector name="lt" x="-233" y="-588"/><vector name="rb" x="206" y="24"/><vector name="head" x="-46" y="-401"/></canvas><canvas name="12" width="381" height="590"><vector name="origin" x="176" y="566"/><int name="z" value="0"/><int name="delay" value="120"/><vector name="lt" x="-231" y="-566"/><vector name="rb" x="206" y="24"/><vector name="head" x="-46" y="-401"/></canvas><canvas name="13" width="381" height="612"><vector name="origin" x="176" y="588"/><int name="z" value="0"/><int name="delay" value="120"/><vector name="lt" x="-229" y="-588"/><vector name="rb" x="206" y="24"/><vector name="head" x="-46" y="-401"/></canvas><canvas name="14" width="759" height="616"><vector name="origin" x="554" y="592"/><int name="z" value="0"/><int name="delay" value="120"/><vector name="lt" x="-229" y="-588"/><vector name="rb" x="206" y="24"/><vector name="head" x="-46" y="-401"/></canvas><canvas name="15" width="759" height="616"><vector name="origin" x="554" y="592"/><int name="z" value="0"/><int name="delay" value="120"/><vector name="lt" x="-229" y="-588"/><vector name="rb" x="206" y="24"/><vector name="head" x="-46" y="-401"/></canvas><canvas name="16" width="815" height="616"><vector name="origin" x="610" y="592"/><int name="z" value="0"/><int name="delay" value="120"/><vector name="lt" x="-229" y="-588"/><vector name="rb" x="206" y="24"/><vector name="head" x="-46" y="-401"/></canvas><canvas name="17" width="816" height="608"><vector name="origin" x="611" y="584"/><int name="z" value="0"/><int name="delay" value="120"/><vector name="lt" x="-229" y="-588"/><vector name="rb" x="206" y="24"/><vector name="head" x="-46" y="-401"/></canvas><canvas name="18" width="805" height="647"><vector name="origin" x="600" y="623"/><int name="z" value="0"/><int name="delay" value="120"/><vector name="lt" x="-229" y="-588"/><vector name="rb" x="206" y="24"/><vector name="head" x="-47" y="-404"/></canvas><canvas name="19" width="797" height="647"><vector name="origin" x="592" y="623"/><int name="z" value="0"/><int name="delay" value="120"/><vector name="lt" x="-229" y="-588"/><vector name="rb" x="206" y="24"/><vector name="head" x="-52" y="-400"/></canvas><canvas name="20" width="800" height="590"><vector name="origin" x="595" y="566"/><int name="z" value="0"/><int name="delay" value="120"/><vector name="lt" x="-229" y="-588"/><vector name="rb" x="206" y="24"/><vector name="head" x="-52" y="-400"/></canvas><canvas name="21" width="798" height="612"><vector name="origin" x="593" y="588"/><int name="z" value="0"/><int name="delay" value="120"/><vector name="lt" x="-229" y="-588"/><vector name="rb" x="206" y="24"/><vector name="head" x="-52" y="-400"/></canvas><canvas name="22" width="736" height="516"><vector name="origin" x="531" y="492"/><int name="z" value="0"/><int name="delay" value="120"/><vector name="lt" x="-229" y="-588"/><vector name="rb" x="206" y="24"/><vector name="head" x="-52" y="-400"/></canvas><canvas name="23" width="739" height="483"><vector name="origin" x="534" y="459"/><int name="z" value="0"/><int name="delay" value="120"/><vector name="lt" x="-229" y="-588"/><vector name="rb" x="206" y="24"/><vector name="head" x="-52" y="-400"/></canvas><canvas name="24" width="737" height="497"><vector name="origin" x="532" y="473"/><int name="z" value="0"/><int name="delay" value="120"/><vector name="lt" x="-229" y="-588"/><vector name="rb" x="206" y="24"/><vector name="head" x="-52" y="-400"/></canvas><canvas name="25" width="665" height="498"><vector name="origin" x="460" y="474"/><int name="z" value="0"/><int name="delay" value="120"/><vector name="lt" x="-229" y="-588"/><vector name="rb" x="206" y="24"/><vector name="head" x="-52" y="-400"/></canvas><canvas name="26" width="381" height="505"><vector name="origin" x="176" y="481"/><int name="z" value="0"/><int name="delay" value="120"/><vector name="lt" x="-233" y="-482"/><vector name="rb" x="204" y="24"/><vector name="head" x="-52" y="-400"/></canvas><canvas name="27" width="381" height="512"><vector name="origin" x="176" y="488"/><int name="z" value="0"/><int name="delay" value="120"/><vector name="lt" x="-231" y="-486"/><vector name="rb" x="204" y="24"/><vector name="head" x="-52" y="-400"/></canvas></imgdir><imgdir name="skill1"><canvas name="0" width="381" height="502"><vector name="origin" x="176" y="478"/><int name="delay" value="300"/><vector name="lt" x="-177" y="-479"/><vector name="rb" x="203" y="22"/><vector name="head" x="-48" y="-409"/></canvas><canvas name="1" width="381" height="502"><vector name="origin" x="176" y="477"/><int name="delay" value="300"/><vector name="lt" x="-177" y="-479"/><vector name="rb" x="203" y="22"/><vector name="head" x="-48" y="-404"/></canvas><canvas name="2" width="381" height="504"><vector name="origin" x="176" y="478"/><int name="delay" value="300"/><vector name="lt" x="-177" y="-479"/><vector name="rb" x="203" y="22"/><vector name="head" x="-48" y="-403"/></canvas><canvas name="3" width="381" height="511"><vector name="origin" x="176" y="485"/><int name="delay" value="300"/><vector name="lt" x="-177" y="-479"/><vector name="rb" x="203" y="22"/><vector name="head" x="-48" y="-402"/></canvas><canvas name="4" width="402" height="511"><vector name="origin" x="197" y="485"/><int name="delay" value="300"/><vector name="lt" x="-177" y="-479"/><vector name="rb" x="203" y="22"/><vector name="head" x="-48" y="-402"/></canvas><canvas name="5" width="381" height="518"><vector name="origin" x="176" y="492"/><int name="z" value="0"/><int name="delay" value="300"/><vector name="lt" x="-177" y="-479"/><vector name="rb" x="203" y="22"/><vector name="head" x="-48" y="-402"/></canvas><canvas name="6" width="381" height="518"><vector name="origin" x="176" y="492"/><int name="z" value="0"/><int name="delay" value="300"/><vector name="lt" x="-177" y="-479"/><vector name="rb" x="203" y="22"/><vector name="head" x="-48" y="-402"/></canvas><canvas name="7" width="397" height="500"><vector name="origin" x="176" y="474"/><int name="z" value="0"/><int name="delay" value="300"/><vector name="lt" x="-177" y="-479"/><vector name="rb" x="203" y="22"/><vector name="head" x="-48" y="-402"/></canvas><canvas name="8" width="381" height="492"><vector name="origin" x="176" y="466"/><int name="z" value="0"/><int name="delay" value="300"/><vector name="lt" x="-177" y="-467"/><vector name="rb" x="203" y="22"/><vector name="head" x="-48" y="-402"/></canvas><canvas name="9" width="381" height="496"><vector name="origin" x="176" y="471"/><int name="z" value="0"/><int name="delay" value="300"/><vector name="lt" x="-177" y="-473"/><vector name="rb" x="203" y="22"/><vector name="head" x="-48" y="-402"/></canvas></imgdir><imgdir name="hit1"><canvas name="0" width="377" height="519"><vector name="origin" x="179" y="503"/><vector name="lt" x="-219" y="-502"/><vector name="rb" x="194" y="10"/><vector name="head" x="-28" y="-430"/><int name="delay" value="600"/></canvas></imgdir><imgdir name="die1"><canvas name="0" width="381" height="502"><vector name="origin" x="176" y="478"/><vector name="head" x="-46" y="-410"/><int name="delay" value="150"/></canvas><canvas name="1" width="377" height="519"><vector name="origin" x="179" y="503"/><vector name="head" x="-27" y="-438"/><int name="delay" value="150"/></canvas><canvas name="2" width="389" height="529"><vector name="origin" x="173" y="514"/><vector name="head" x="-13" y="-449"/><int name="delay" value="150"/></canvas><canvas name="3" width="405" height="527"><vector name="origin" x="185" y="509"/><vector name="head" x="-43" y="-406"/><int name="delay" value="150"/></canvas><canvas name="4" width="381" height="446"><vector name="origin" x="164" y="421"/><vector name="head" x="-44" y="-396"/><int name="delay" value="150"/></canvas><canvas name="5" width="381" height="467"><vector name="origin" x="164" y="446"/><int name="z" value="0"/><int name="delay" value="150"/><vector name="head" x="-48" y="-413"/></canvas><canvas name="6" width="386" height="454"><vector name="origin" x="169" y="430"/><int name="z" value="0"/><int name="delay" value="150"/><vector name="head" x="-46" y="-410"/></canvas><canvas name="7" width="405" height="456"><vector name="origin" x="188" y="433"/><int name="z" value="0"/><int name="delay" value="150"/><vector name="head" x="-46" y="-410"/></canvas><canvas name="8" width="381" height="456"><vector name="origin" x="164" y="433"/><int name="z" value="0"/><int name="delay" value="150"/><vector name="head" x="-46" y="-410"/></canvas><canvas name="9" width="417" height="456"><vector name="origin" x="200" y="433"/><int name="z" value="0"/><int name="delay" value="150"/><vector name="head" x="-46" y="-410"/></canvas><canvas name="10" width="407" height="456"><vector name="origin" x="190" y="433"/><int name="z" value="0"/><int name="delay" value="150"/><vector name="head" x="-48" y="-413"/></canvas><canvas name="11" width="408" height="456"><vector name="origin" x="191" y="433"/><int name="z" value="0"/><int name="delay" value="150"/><vector name="head" x="-48" y="-413"/></canvas><canvas name="12" width="381" height="456"><vector name="origin" x="164" y="433"/><int name="z" value="0"/><int name="delay" value="150"/><vector name="head" x="-48" y="-413"/></canvas><canvas name="13" width="421" height="456"><vector name="origin" x="204" y="433"/><int name="z" value="0"/><int name="delay" value="150"/><vector name="head" x="-48" y="-413"/></canvas><canvas name="14" width="409" height="456"><vector name="origin" x="192" y="433"/><int name="z" value="0"/><int name="delay" value="150"/><vector name="head" x="-48" y="-413"/></canvas><canvas name="15" width="408" height="456"><vector name="origin" x="191" y="433"/><int name="z" value="0"/><int name="delay" value="150"/><vector name="head" x="-48" y="-413"/></canvas><canvas name="16" width="489" height="456"><vector name="origin" x="272" y="433"/><int name="z" value="0"/><int name="delay" value="150"/><vector name="head" x="-48" y="-413"/></canvas><canvas name="17" width="554" height="456"><vector name="origin" x="270" y="433"/><int name="z" value="0"/><int name="delay" value="150"/><vector name="head" x="-48" y="-413"/></canvas><canvas name="18" width="550" height="466"><vector name="origin" x="267" y="443"/><int name="z" value="0"/><int name="delay" value="150"/><vector name="head" x="-48" y="-413"/></canvas><canvas name="19" width="547" height="474"><vector name="origin" x="265" y="451"/><int name="z" value="0"/><int name="delay" value="150"/><vector name="head" x="-48" y="-413"/></canvas><canvas name="20" width="535" height="537"><vector name="origin" x="255" y="513"/><int name="z" value="0"/><int name="delay" value="150"/><vector name="head" x="-48" y="-413"/></canvas><canvas name="21" width="535" height="538"><vector name="origin" x="263" y="512"/><int name="z" value="0"/><int name="delay" value="150"/><vector name="head" x="-48" y="-413"/></canvas><canvas name="22" width="549" height="539"><vector name="origin" x="272" y="511"/><int name="z" value="0"/><int name="delay" value="150"/><vector name="head" x="-48" y="-413"/></canvas><canvas name="23" width="554" height="539"><vector name="origin" x="270" y="510"/><int name="z" value="0"/><int name="delay" value="150"/><vector name="head" x="-48" y="-413"/></canvas><canvas name="24" width="550" height="539"><vector name="origin" x="267" y="506"/><int name="z" value="0"/><int name="delay" value="150"/><vector name="head" x="-48" y="-413"/></canvas><canvas name="25" width="547" height="543"><vector name="origin" x="265" y="508"/><int name="z" value="0"/><int name="delay" value="150"/><vector name="head" x="-48" y="-413"/></canvas><canvas name="26" width="527" height="551"><vector name="origin" x="254" y="511"/><int name="z" value="0"/><int name="delay" value="150"/><vector name="head" x="-48" y="-413"/></canvas><canvas name="27" width="541" height="552"><vector name="origin" x="250" y="505"/><int name="z" value="0"/><int name="delay" value="150"/><vector name="head" x="-48" y="-413"/></canvas><canvas name="28" width="537" height="452"><vector name="origin" x="237" y="438"/><int name="z" value="0"/><int name="delay" value="150"/><vector name="head" x="-48" y="-413"/></canvas><canvas name="29" width="914" height="422"><vector name="origin" x="426" y="459"/><int name="z" value="0"/><int name="delay" value="150"/><vector name="head" x="-48" y="-413"/></canvas><canvas name="30" width="1065" height="437"><vector name="origin" x="512" y="482"/><int name="z" value="0"/><int name="delay" value="150"/><vector name="head" x="-48" y="-413"/></canvas><canvas name="31" width="1041" height="433"><vector name="origin" x="506" y="477"/><int name="z" value="0"/><int name="delay" value="150"/><vector name="head" x="-48" y="-413"/></canvas><canvas name="32" width="469" height="115"><vector name="origin" x="220" y="221"/><int name="z" value="0"/><int name="delay" value="150"/><vector name="head" x="-48" y="-413"/></canvas></imgdir></imgdir>