<?xml version="1.0" encoding="UTF-8" standalone="yes"?><imgdir name="8090000.img"><imgdir name="info"><int name="boss" value="1"/><int name="bodyAttack" value="1"/><int name="level" value="80"/><int name="maxHP" value="175000"/><int name="maxMP" value="300"/><int name="speed" value="-50"/><int name="PADamage" value="350"/><int name="PDDamage" value="650"/><int name="MADamage" value="410"/><int name="MDDamage" value="450"/><int name="acc" value="140"/><int name="eva" value="120"/><int name="exp" value="850"/><int name="undead" value="0"/><int name="pushed" value="2800"/><float name="fs" value="10.0"/><int name="summonType" value="0"/><int name="removeAfter" value="1800"/><imgdir name="skill"><imgdir name="0"><int name="skill" value="129"/><int name="action" value="1"/><int name="level" value="10"/><int name="effectAfter" value="0"/></imgdir></imgdir><imgdir name="ban"><string name="banMsg" value="You will be relocated due to the diversionary strategy of Deet and Roi."/><imgdir name="banMap"><imgdir name="0"><int name="field" value="261000000"/><string name="portal" value="sp"/></imgdir></imgdir></imgdir><int name="mobType" value="8"/><int name="HPgaugeHide" value="1"/><int name="hpTagBgcolor" value="5"/><int name="hpTagColor" value="1"/></imgdir><imgdir name="move"><canvas name="0" width="103" height="145"><vector name="origin" x="55" y="146"/><vector name="lt" x="-55" y="-146"/><vector name="rb" x="48" y="-1"/><vector name="head" x="9" y="-134"/><int name="delay" value="120"/></canvas><canvas name="1" width="103" height="145"><vector name="origin" x="55" y="145"/><vector name="lt" x="-55" y="-145"/><vector name="rb" x="48" y="0"/><vector name="head" x="9" y="-133"/><int name="delay" value="120"/></canvas><canvas name="2" width="107" height="143"><vector name="origin" x="59" y="143"/><vector name="lt" x="-59" y="-143"/><vector name="rb" x="48" y="0"/><vector name="head" x="9" y="-131"/><int name="delay" value="120"/></canvas><canvas name="3" width="114" height="145"><vector name="origin" x="66" y="146"/><vector name="lt" x="-66" y="-146"/><vector name="rb" x="48" y="-1"/><vector name="head" x="9" y="-134"/><int name="delay" value="120"/></canvas><canvas name="4" width="115" height="144"><vector name="origin" x="67" y="144"/><vector name="lt" x="-67" y="-144"/><vector name="rb" x="48" y="0"/><vector name="head" x="9" y="-132"/><int name="delay" value="120"/></canvas><canvas name="5" width="110" height="143"><vector name="origin" x="62" y="143"/><vector name="lt" x="-62" y="-143"/><vector name="rb" x="48" y="0"/><vector name="head" x="9" y="-131"/><int name="delay" value="120"/></canvas></imgdir><imgdir name="stand"><canvas name="0" width="106" height="145"><vector name="origin" x="58" y="146"/><vector name="lt" x="-58" y="-146"/><vector name="rb" x="48" y="-1"/><vector name="head" x="9" y="-134"/><int name="delay" value="180"/></canvas><canvas name="1" width="107" height="144"><vector name="origin" x="59" y="145"/><vector name="lt" x="-59" y="-145"/><vector name="rb" x="48" y="-1"/><vector name="head" x="8" y="-133"/><int name="delay" value="180"/></canvas><canvas name="2" width="107" height="142"><vector name="origin" x="59" y="143"/><vector name="lt" x="-59" y="-143"/><vector name="rb" x="48" y="-1"/><vector name="head" x="9" y="-131"/><int name="delay" value="180"/></canvas><canvas name="3" width="107" height="142"><vector name="origin" x="59" y="143"/><vector name="lt" x="-59" y="-143"/><vector name="rb" x="48" y="-1"/><vector name="head" x="8" y="-131"/><int name="delay" value="180"/></canvas><canvas name="4" width="106" height="143"><vector name="origin" x="58" y="144"/><vector name="lt" x="-58" y="-144"/><vector name="rb" x="48" y="-1"/><vector name="head" x="9" y="-132"/><int name="delay" value="180"/></canvas><canvas name="5" width="106" height="145"><vector name="origin" x="58" y="146"/><vector name="lt" x="-58" y="-146"/><vector name="rb" x="48" y="-1"/><vector name="head" x="8" y="-134"/><int name="delay" value="180"/></canvas></imgdir><imgdir name="skill1"><canvas name="0" width="106" height="145"><vector name="origin" x="58" y="146"/><vector name="lt" x="-58" y="-146"/><vector name="rb" x="48" y="-1"/><vector name="head" x="9" y="-134"/><int name="delay" value="90"/></canvas><canvas name="1" width="106" height="151"><vector name="origin" x="57" y="152"/><vector name="lt" x="-57" y="-152"/><vector name="rb" x="49" y="-1"/><vector name="head" x="11" y="-135"/><int name="delay" value="90"/></canvas><canvas name="2" width="106" height="153"><vector name="origin" x="56" y="154"/><vector name="lt" x="-56" y="-154"/><vector name="rb" x="50" y="-1"/><vector name="head" x="12" y="-136"/><int name="delay" value="90"/></canvas><canvas name="3" width="106" height="154"><vector name="origin" x="55" y="155"/><vector name="lt" x="-55" y="-155"/><vector name="rb" x="51" y="-1"/><vector name="head" x="15" y="-137"/><int name="delay" value="90"/></canvas><canvas name="4" width="107" height="156"><vector name="origin" x="55" y="157"/><vector name="lt" x="-55" y="-157"/><vector name="rb" x="52" y="-1"/><vector name="head" x="17" y="-138"/><int name="delay" value="90"/></canvas><canvas name="5" width="107" height="157"><vector name="origin" x="54" y="158"/><vector name="lt" x="-54" y="-158"/><vector name="rb" x="53" y="-1"/><vector name="head" x="19" y="-140"/><int name="delay" value="90"/></canvas><canvas name="6" width="107" height="156"><vector name="origin" x="54" y="157"/><vector name="lt" x="-54" y="-157"/><vector name="rb" x="53" y="-1"/><vector name="head" x="19" y="-140"/><int name="delay" value="90"/></canvas><canvas name="7" width="107" height="156"><vector name="origin" x="54" y="157"/><vector name="lt" x="-58" y="-146"/><vector name="rb" x="48" y="-1"/><vector name="head" x="9" y="-134"/><int name="delay" value="90"/></canvas><canvas name="8" width="107" height="155"><vector name="origin" x="54" y="156"/><vector name="lt" x="-54" y="-156"/><vector name="rb" x="53" y="-1"/><vector name="head" x="19" y="-139"/><int name="delay" value="90"/></canvas><canvas name="9" width="107" height="150"><vector name="origin" x="54" y="151"/><vector name="lt" x="-54" y="-151"/><vector name="rb" x="53" y="-1"/><vector name="head" x="19" y="-139"/><int name="delay" value="90"/></canvas><canvas name="10" width="140" height="158"><vector name="origin" x="77" y="152"/><vector name="lt" x="-77" y="-152"/><vector name="rb" x="63" y="6"/><vector name="head" x="5" y="-132"/><int name="delay" value="90"/></canvas><canvas name="11" width="146" height="151"><vector name="origin" x="84" y="145"/><vector name="lt" x="-85" y="-145"/><vector name="rb" x="62" y="6"/><vector name="head" x="3" y="-126"/><int name="delay" value="90"/></canvas><canvas name="12" width="151" height="153"><vector name="origin" x="89" y="148"/><vector name="lt" x="-89" y="-148"/><vector name="rb" x="62" y="5"/><vector name="head" x="4" y="-129"/><int name="delay" value="90"/></canvas><canvas name="13" width="164" height="145"><vector name="origin" x="98" y="143"/><vector name="lt" x="-98" y="-143"/><vector name="rb" x="66" y="2"/><vector name="head" x="4" y="-127"/><int name="delay" value="90"/></canvas><canvas name="14" width="166" height="139"><vector name="origin" x="103" y="139"/><vector name="lt" x="-103" y="-139"/><vector name="rb" x="63" y="0"/><vector name="head" x="4" y="-127"/><int name="delay" value="90"/></canvas><canvas name="15" width="197" height="142"><vector name="origin" x="138" y="141"/><vector name="lt" x="-138" y="-141"/><vector name="rb" x="59" y="1"/><vector name="head" x="9" y="-134"/><int name="delay" value="90"/></canvas><canvas name="16" width="196" height="144"><vector name="origin" x="150" y="143"/><vector name="lt" x="-150" y="-143"/><vector name="rb" x="46" y="1"/><vector name="head" x="7" y="-131"/><int name="delay" value="90"/></canvas><canvas name="17" width="217" height="146"><vector name="origin" x="170" y="145"/><vector name="lt" x="-170" y="-145"/><vector name="rb" x="47" y="1"/><vector name="head" x="8" y="-133"/><int name="delay" value="90"/></canvas><canvas name="18" width="226" height="146"><vector name="origin" x="178" y="146"/><vector name="lt" x="-178" y="-146"/><vector name="rb" x="48" y="0"/><vector name="head" x="9" y="-134"/><int name="delay" value="90"/></canvas><canvas name="19" width="106" height="145"><vector name="origin" x="58" y="146"/><vector name="lt" x="-58" y="-146"/><vector name="rb" x="48" y="-1"/><vector name="head" x="9" y="-134"/><int name="delay" value="90"/></canvas><canvas name="20" width="106" height="145"><vector name="origin" x="58" y="146"/><vector name="lt" x="-58" y="-146"/><vector name="rb" x="48" y="-1"/><vector name="head" x="9" y="-134"/><int name="delay" value="90"/></canvas></imgdir><imgdir name="hit1"><canvas name="0" width="143" height="150"><vector name="origin" x="76" y="151"/><vector name="lt" x="-76" y="-151"/><vector name="rb" x="67" y="-1"/><vector name="head" x="21" y="-133"/><int name="delay" value="600"/></canvas></imgdir><imgdir name="die1"><canvas name="0" width="106" height="145"><vector name="origin" x="58" y="146"/><int name="delay" value="150"/></canvas><canvas name="1" width="143" height="150"><vector name="origin" x="66" y="151"/><int name="delay" value="150"/></canvas><canvas name="2" width="133" height="145"><vector name="origin" x="61" y="146"/><int name="delay" value="150"/></canvas><canvas name="3" width="127" height="142"><vector name="origin" x="58" y="143"/><int name="delay" value="150"/></canvas><canvas name="5" width="107" height="131"><vector name="origin" x="39" y="132"/><int name="delay" value="150"/></canvas><canvas name="6" width="107" height="131"><vector name="origin" x="39" y="131"/><int name="delay" value="150"/></canvas><canvas name="7" width="107" height="102"><vector name="origin" x="39" y="98"/><int name="delay" value="150"/></canvas><canvas name="8" width="108" height="101"><vector name="origin" x="39" y="97"/><int name="delay" value="150"/></canvas><canvas name="9" width="112" height="100"><vector name="origin" x="39" y="96"/><int name="delay" value="150"/></canvas><canvas name="10" width="113" height="98"><vector name="origin" x="39" y="95"/><int name="delay" value="150"/></canvas><canvas name="11" width="113" height="95"><vector name="origin" x="39" y="94"/><int name="delay" value="150"/></canvas><canvas name="12" width="107" height="94"><vector name="origin" x="39" y="94"/><int name="delay" value="150"/></canvas></imgdir></imgdir>