<?xml version="1.0" encoding="UTF-8" standalone="yes"?><imgdir name="8120103.img"><imgdir name="info"><int name="bodyAttack" value="1"/><int name="level" value="84"/><int name="maxHP" value="31000"/><int name="maxMP" value="170"/><int name="speed" value="-40"/><int name="PADamage" value="370"/><int name="PDDamage" value="700"/><int name="MADamage" value="415"/><int name="MDDamage" value="460"/><int name="acc" value="155"/><int name="eva" value="25"/><int name="exp" value="1440"/><int name="undead" value="0"/><int name="pushed" value="2480"/><float name="fs" value="10.0"/><int name="summonType" value="1"/><string name="elemAttr" value="S1H2"/><imgdir name="skill"><imgdir name="0"><int name="skill" value="123"/><int name="action" value="1"/><int name="level" value="20"/><int name="effectAfter" value="0"/></imgdir><imgdir name="1"><int name="skill" value="132"/><int name="action" value="2"/><int name="level" value="5"/><int name="effectAfter" value="0"/></imgdir></imgdir></imgdir><imgdir name="move"><canvas name="0" width="123" height="124"><vector name="origin" x="49" y="124"/><vector name="lt" x="-49" y="-124"/><vector name="rb" x="75" y="-1"/><vector name="head" x="0" y="-88"/><int name="delay" value="120"/></canvas><canvas name="1" width="124" height="126"><vector name="origin" x="50" y="126"/><vector name="lt" x="-49" y="-124"/><vector name="rb" x="75" y="-1"/><vector name="head" x="0" y="-88"/><int name="delay" value="120"/></canvas><canvas name="2" width="124" height="104"><vector name="origin" x="51" y="104"/><vector name="lt" x="-50" y="-105"/><vector name="rb" x="75" y="-1"/><vector name="head" x="0" y="-88"/><int name="delay" value="120"/></canvas><canvas name="3" width="131" height="113"><vector name="origin" x="50" y="113"/><int name="z" value="0"/><int name="delay" value="120"/><vector name="lt" x="-48" y="-113"/><vector name="rb" x="75" y="-1"/><vector name="head" x="0" y="-88"/></canvas><canvas name="4" width="139" height="117"><vector name="origin" x="49" y="117"/><int name="z" value="0"/><int name="delay" value="120"/><vector name="lt" x="-47" y="-117"/><vector name="rb" x="75" y="-1"/><vector name="head" x="0" y="-88"/></canvas><canvas name="5" width="116" height="112"><vector name="origin" x="48" y="112"/><int name="z" value="0"/><int name="delay" value="120"/><vector name="lt" x="-47" y="-112"/><vector name="rb" x="75" y="-1"/><vector name="head" x="0" y="-88"/></canvas><canvas name="6" width="142" height="121"><vector name="origin" x="47" y="121"/><int name="z" value="0"/><int name="delay" value="120"/><vector name="lt" x="-49" y="-124"/><vector name="rb" x="75" y="-1"/><vector name="head" x="0" y="-88"/></canvas><canvas name="7" width="146" height="125"><vector name="origin" x="48" y="125"/><int name="z" value="0"/><int name="delay" value="120"/><vector name="lt" x="-49" y="-124"/><vector name="rb" x="75" y="-1"/><vector name="head" x="0" y="-88"/></canvas></imgdir><imgdir name="stand"><canvas name="0" width="117" height="103"><vector name="origin" x="49" y="103"/><vector name="lt" x="-48" y="-103"/><vector name="rb" x="68" y="-2"/><vector name="head" x="-5" y="-88"/><int name="delay" value="120"/></canvas><canvas name="1" width="117" height="104"><vector name="origin" x="49" y="104"/><vector name="lt" x="-48" y="-103"/><vector name="rb" x="68" y="-2"/><vector name="head" x="-5" y="-88"/><int name="delay" value="120"/></canvas><canvas name="2" width="117" height="103"><vector name="origin" x="49" y="103"/><vector name="lt" x="-48" y="-103"/><vector name="rb" x="68" y="-2"/><vector name="head" x="-5" y="-88"/><int name="delay" value="120"/></canvas><canvas name="3" width="117" height="104"><vector name="origin" x="49" y="104"/><vector name="lt" x="-48" y="-103"/><vector name="rb" x="68" y="-2"/><vector name="head" x="-5" y="-88"/><int name="delay" value="120"/></canvas><canvas name="4" width="117" height="121"><vector name="origin" x="49" y="121"/><vector name="lt" x="-48" y="-103"/><vector name="rb" x="68" y="-2"/><vector name="head" x="-5" y="-88"/><int name="delay" value="120"/></canvas><canvas name="5" width="135" height="123"><vector name="origin" x="49" y="123"/><vector name="lt" x="-48" y="-103"/><vector name="rb" x="68" y="-2"/><vector name="head" x="-5" y="-88"/><int name="delay" value="120"/></canvas><canvas name="6" width="136" height="121"><vector name="origin" x="49" y="121"/><int name="z" value="0"/><int name="delay" value="120"/><vector name="lt" x="-48" y="-103"/><vector name="rb" x="68" y="-2"/><vector name="head" x="-5" y="-88"/></canvas><canvas name="7" width="139" height="119"><vector name="origin" x="49" y="119"/><int name="z" value="0"/><int name="delay" value="120"/><vector name="lt" x="-48" y="-103"/><vector name="rb" x="68" y="-2"/><vector name="head" x="-5" y="-88"/></canvas></imgdir><imgdir name="attack1"><imgdir name="info"><imgdir name="range"><vector name="lt" x="-145" y="-102"/><vector name="rb" x="35" y="7"/></imgdir><imgdir name="hit"><canvas name="0" width="106" height="124"><vector name="origin" x="49" y="110"/><int name="delay" value="120"/></canvas><canvas name="1" width="106" height="99"><vector name="origin" x="56" y="92"/><int name="delay" value="120"/></canvas><canvas name="2" width="104" height="101"><vector name="origin" x="56" y="89"/><int name="delay" value="120"/></canvas><canvas name="3" width="100" height="102"><vector name="origin" x="52" y="87"/><int name="delay" value="120"/></canvas><canvas name="4" width="96" height="96"><vector name="origin" x="49" y="84"/><int name="delay" value="120"/></canvas><canvas name="5" width="86" height="90"><vector name="origin" x="43" y="81"/><int name="z" value="0"/><int name="delay" value="120"/></canvas><canvas name="6" width="86" height="84"><vector name="origin" x="40" y="72"/><int name="z" value="0"/><int name="delay" value="120"/></canvas><int name="attach" value="1"/></imgdir><int name="type" value="0"/><int name="attackAfter" value="720"/><int name="disease" value="120"/><int name="level" value="15"/><int name="magic" value="1"/><int name="MADamage" value="415"/></imgdir><canvas name="0" width="117" height="103"><vector name="origin" x="49" y="103"/><vector name="lt" x="-49" y="-103"/><vector name="rb" x="68" y="-1"/><vector name="head" x="-8" y="-89"/><int name="delay" value="120"/></canvas><canvas name="1" width="117" height="104"><vector name="origin" x="48" y="104"/><vector name="lt" x="-49" y="-103"/><vector name="rb" x="68" y="-1"/><vector name="head" x="-8" y="-89"/><int name="delay" value="120"/></canvas><canvas name="2" width="117" height="103"><vector name="origin" x="47" y="103"/><vector name="lt" x="-49" y="-103"/><vector name="rb" x="68" y="-1"/><vector name="head" x="-8" y="-89"/><int name="delay" value="120"/></canvas><canvas name="3" width="117" height="104"><vector name="origin" x="46" y="104"/><vector name="lt" x="-49" y="-103"/><vector name="rb" x="68" y="-1"/><vector name="head" x="-8" y="-89"/><int name="delay" value="120"/></canvas><canvas name="4" width="117" height="103"><vector name="origin" x="45" y="103"/><vector name="lt" x="-49" y="-103"/><vector name="rb" x="68" y="-1"/><vector name="head" x="-8" y="-89"/><int name="delay" value="120"/></canvas><canvas name="5" width="117" height="105"><vector name="origin" x="43" y="105"/><vector name="lt" x="-49" y="-103"/><vector name="rb" x="68" y="-1"/><vector name="head" x="-8" y="-89"/><int name="delay" value="120"/></canvas><canvas name="6" width="166" height="129"><vector name="origin" x="99" y="103"/><vector name="lt" x="-98" y="-103"/><vector name="rb" x="68" y="-1"/><vector name="head" x="-8" y="-89"/><int name="delay" value="120"/></canvas><canvas name="7" width="171" height="127"><vector name="origin" x="104" y="104"/><int name="z" value="0"/><int name="delay" value="120"/><vector name="lt" x="-104" y="-103"/><vector name="rb" x="68" y="-1"/><vector name="head" x="-8" y="-89"/></canvas><canvas name="8" width="188" height="129"><vector name="origin" x="121" y="103"/><int name="z" value="0"/><int name="delay" value="120"/><vector name="lt" x="-120" y="-103"/><vector name="rb" x="68" y="-1"/><vector name="head" x="-8" y="-89"/></canvas><canvas name="9" width="195" height="127"><vector name="origin" x="128" y="104"/><int name="z" value="0"/><int name="delay" value="120"/><vector name="lt" x="-128" y="-104"/><vector name="rb" x="68" y="-1"/><vector name="head" x="-8" y="-89"/></canvas><canvas name="10" width="214" height="128"><vector name="origin" x="147" y="103"/><int name="z" value="0"/><int name="delay" value="120"/><vector name="lt" x="-145" y="-103"/><vector name="rb" x="68" y="-1"/><vector name="head" x="-8" y="-89"/></canvas><canvas name="11" width="222" height="127"><vector name="origin" x="155" y="104"/><int name="z" value="0"/><int name="delay" value="120"/><vector name="lt" x="-153" y="-104"/><vector name="rb" x="68" y="-1"/><vector name="head" x="-8" y="-89"/></canvas><canvas name="12" width="220" height="104"><vector name="origin" x="153" y="103"/><int name="z" value="0"/><int name="delay" value="120"/><vector name="lt" x="-153" y="-103"/><vector name="rb" x="68" y="-1"/><vector name="head" x="-8" y="-89"/></canvas><canvas name="13" width="222" height="104"><vector name="origin" x="154" y="104"/><int name="z" value="0"/><int name="delay" value="120"/><vector name="lt" x="-154" y="-104"/><vector name="rb" x="68" y="-1"/><vector name="head" x="-8" y="-89"/></canvas></imgdir><imgdir name="attack2"><imgdir name="info"><imgdir name="range"><vector name="lt" x="-378" y="-217"/><vector name="rb" x="35" y="7"/></imgdir><imgdir name="hit"><canvas name="0" width="86" height="45"><vector name="origin" x="17" y="47"/><int name="delay" value="84"/></canvas><canvas name="1" width="41" height="31"><vector name="origin" x="9" y="39"/><int name="delay" value="84"/></canvas><canvas name="2" width="90" height="56"><vector name="origin" x="16" y="63"/><int name="delay" value="84"/></canvas><canvas name="3" width="41" height="31"><vector name="origin" x="4" y="55"/><int name="delay" value="84"/></canvas><canvas name="4" width="86" height="64"><vector name="origin" x="31" y="70"/><int name="delay" value="84"/></canvas><canvas name="5" width="41" height="31"><vector name="origin" x="23" y="43"/><int name="delay" value="84"/></canvas><canvas name="6" width="93" height="59"><vector name="origin" x="29" y="58"/><int name="delay" value="84"/></canvas><canvas name="7" width="41" height="31"><vector name="origin" x="14" y="36"/><int name="delay" value="84"/></canvas><canvas name="8" width="60" height="47"><vector name="origin" x="20" y="51"/><int name="delay" value="84"/></canvas><int name="attach" value="1"/></imgdir><int name="type" value="0"/><int name="attackAfter" value="360"/><int name="PADamage" value="370"/></imgdir><canvas name="0" width="117" height="103"><vector name="origin" x="49" y="103"/><vector name="lt" x="-50" y="-103"/><vector name="rb" x="67" y="-1"/><vector name="head" x="-6" y="-89"/><int name="delay" value="120"/></canvas><canvas name="1" width="117" height="104"><vector name="origin" x="50" y="104"/><vector name="lt" x="-50" y="-103"/><vector name="rb" x="67" y="-1"/><vector name="head" x="-6" y="-89"/><int name="delay" value="120"/></canvas><canvas name="2" width="118" height="103"><vector name="origin" x="51" y="103"/><vector name="lt" x="-50" y="-103"/><vector name="rb" x="67" y="-1"/><vector name="head" x="-6" y="-89"/><int name="delay" value="120"/></canvas><canvas name="3" width="185" height="102"><vector name="origin" x="78" y="102"/><vector name="lt" x="-76" y="-102"/><vector name="rb" x="104" y="0"/><vector name="head" x="-6" y="-89"/><int name="delay" value="84"/></canvas><canvas name="4" width="189" height="104"><vector name="origin" x="78" y="103"/><vector name="lt" x="-78" y="-103"/><vector name="rb" x="109" y="-1"/><vector name="head" x="-6" y="-89"/><int name="delay" value="84"/></canvas><canvas name="5" width="173" height="102"><vector name="origin" x="64" y="102"/><vector name="lt" x="-66" y="-103"/><vector name="rb" x="108" y="0"/><vector name="head" x="-6" y="-89"/><int name="delay" value="84"/></canvas><canvas name="6" width="171" height="104"><vector name="origin" x="58" y="103"/><vector name="lt" x="-56" y="-102"/><vector name="rb" x="112" y="-2"/><vector name="head" x="-6" y="-89"/><int name="delay" value="84"/></canvas><canvas name="7" width="191" height="102"><vector name="origin" x="75" y="102"/><vector name="lt" x="-74" y="-103"/><vector name="rb" x="115" y="-1"/><vector name="head" x="-6" y="-89"/><int name="delay" value="84"/></canvas><canvas name="8" width="196" height="103"><vector name="origin" x="78" y="103"/><vector name="lt" x="-77" y="-103"/><vector name="rb" x="117" y="-2"/><vector name="head" x="-6" y="-89"/><int name="delay" value="84"/></canvas><canvas name="9" width="182" height="102"><vector name="origin" x="64" y="102"/><vector name="lt" x="-64" y="-103"/><vector name="rb" x="116" y="-2"/><vector name="head" x="-6" y="-89"/><int name="delay" value="84"/></canvas><canvas name="10" width="180" height="104"><vector name="origin" x="58" y="103"/><vector name="lt" x="-50" y="-103"/><vector name="rb" x="67" y="-1"/><vector name="head" x="-6" y="-89"/><int name="delay" value="84"/></canvas><canvas name="11" width="117" height="102"><vector name="origin" x="44" y="102"/><int name="z" value="0"/><int name="delay" value="84"/><vector name="lt" x="-45" y="-103"/><vector name="rb" x="67" y="-1"/><vector name="head" x="-6" y="-89"/></canvas></imgdir><imgdir name="skill1"><canvas name="0" width="117" height="103"><vector name="origin" x="49" y="103"/><vector name="lt" x="-49" y="-103"/><vector name="rb" x="68" y="-1"/><vector name="head" x="-8" y="-89"/><int name="delay" value="120"/></canvas><canvas name="1" width="117" height="104"><vector name="origin" x="48" y="104"/><vector name="lt" x="-49" y="-103"/><vector name="rb" x="68" y="-1"/><vector name="head" x="-8" y="-89"/><int name="delay" value="120"/></canvas><canvas name="2" width="117" height="103"><vector name="origin" x="47" y="103"/><vector name="lt" x="-49" y="-103"/><vector name="rb" x="68" y="-1"/><vector name="head" x="-8" y="-89"/><int name="delay" value="120"/></canvas><canvas name="3" width="117" height="104"><vector name="origin" x="46" y="104"/><vector name="lt" x="-49" y="-103"/><vector name="rb" x="68" y="-1"/><vector name="head" x="-8" y="-89"/><int name="delay" value="120"/></canvas><canvas name="4" width="117" height="103"><vector name="origin" x="45" y="103"/><vector name="lt" x="-49" y="-103"/><vector name="rb" x="68" y="-1"/><vector name="head" x="-8" y="-89"/><int name="delay" value="120"/></canvas><canvas name="5" width="117" height="105"><vector name="origin" x="43" y="105"/><vector name="lt" x="-49" y="-103"/><vector name="rb" x="68" y="-1"/><vector name="head" x="-8" y="-89"/><int name="delay" value="120"/></canvas><canvas name="6" width="166" height="129"><vector name="origin" x="99" y="103"/><vector name="lt" x="-98" y="-103"/><vector name="rb" x="68" y="-1"/><vector name="head" x="-8" y="-89"/><int name="delay" value="120"/></canvas><canvas name="7" width="171" height="127"><vector name="origin" x="104" y="104"/><int name="z" value="0"/><int name="delay" value="120"/><vector name="lt" x="-104" y="-103"/><vector name="rb" x="68" y="-1"/><vector name="head" x="-8" y="-89"/></canvas><canvas name="8" width="188" height="129"><vector name="origin" x="121" y="103"/><int name="z" value="0"/><int name="delay" value="120"/><vector name="lt" x="-120" y="-103"/><vector name="rb" x="68" y="-1"/><vector name="head" x="-8" y="-89"/></canvas><canvas name="9" width="195" height="127"><vector name="origin" x="128" y="104"/><int name="z" value="0"/><int name="delay" value="120"/><vector name="lt" x="-128" y="-104"/><vector name="rb" x="68" y="-1"/><vector name="head" x="-8" y="-89"/></canvas><canvas name="10" width="214" height="128"><vector name="origin" x="147" y="103"/><int name="z" value="0"/><int name="delay" value="120"/><vector name="lt" x="-145" y="-103"/><vector name="rb" x="68" y="-1"/><vector name="head" x="-8" y="-89"/></canvas><canvas name="11" width="222" height="127"><vector name="origin" x="155" y="104"/><int name="z" value="0"/><int name="delay" value="120"/><vector name="lt" x="-153" y="-104"/><vector name="rb" x="68" y="-1"/><vector name="head" x="-8" y="-89"/></canvas><canvas name="12" width="220" height="104"><vector name="origin" x="153" y="103"/><int name="z" value="0"/><int name="delay" value="120"/><vector name="lt" x="-153" y="-103"/><vector name="rb" x="68" y="-1"/><vector name="head" x="-8" y="-89"/></canvas><canvas name="13" width="222" height="104"><vector name="origin" x="154" y="104"/><int name="z" value="0"/><int name="delay" value="120"/><vector name="lt" x="-154" y="-104"/><vector name="rb" x="68" y="-1"/><vector name="head" x="-8" y="-89"/></canvas></imgdir><imgdir name="skill2"><canvas name="0" width="117" height="103"><vector name="origin" x="49" y="103"/><vector name="lt" x="-49" y="-103"/><vector name="rb" x="68" y="-1"/><vector name="head" x="-8" y="-89"/><int name="delay" value="120"/></canvas><canvas name="1" width="117" height="104"><vector name="origin" x="48" y="104"/><vector name="lt" x="-49" y="-103"/><vector name="rb" x="68" y="-1"/><vector name="head" x="-8" y="-89"/><int name="delay" value="120"/></canvas><canvas name="2" width="117" height="103"><vector name="origin" x="47" y="103"/><vector name="lt" x="-49" y="-103"/><vector name="rb" x="68" y="-1"/><vector name="head" x="-8" y="-89"/><int name="delay" value="120"/></canvas><canvas name="3" width="117" height="104"><vector name="origin" x="46" y="104"/><vector name="lt" x="-49" y="-103"/><vector name="rb" x="68" y="-1"/><vector name="head" x="-8" y="-89"/><int name="delay" value="120"/></canvas><canvas name="4" width="117" height="103"><vector name="origin" x="45" y="103"/><vector name="lt" x="-49" y="-103"/><vector name="rb" x="68" y="-1"/><vector name="head" x="-8" y="-89"/><int name="delay" value="120"/></canvas><canvas name="5" width="117" height="105"><vector name="origin" x="43" y="105"/><vector name="lt" x="-49" y="-103"/><vector name="rb" x="68" y="-1"/><vector name="head" x="-8" y="-89"/><int name="delay" value="120"/></canvas><canvas name="6" width="166" height="129"><vector name="origin" x="99" y="103"/><vector name="lt" x="-98" y="-103"/><vector name="rb" x="68" y="-1"/><vector name="head" x="-8" y="-89"/><int name="delay" value="120"/></canvas><canvas name="7" width="171" height="127"><vector name="origin" x="104" y="104"/><int name="z" value="0"/><int name="delay" value="120"/><vector name="lt" x="-104" y="-103"/><vector name="rb" x="68" y="-1"/><vector name="head" x="-8" y="-89"/></canvas><canvas name="8" width="188" height="129"><vector name="origin" x="121" y="103"/><int name="z" value="0"/><int name="delay" value="120"/><vector name="lt" x="-120" y="-103"/><vector name="rb" x="68" y="-1"/><vector name="head" x="-8" y="-89"/></canvas><canvas name="9" width="195" height="127"><vector name="origin" x="128" y="104"/><int name="z" value="0"/><int name="delay" value="120"/><vector name="lt" x="-128" y="-104"/><vector name="rb" x="68" y="-1"/><vector name="head" x="-8" y="-89"/></canvas><canvas name="10" width="214" height="128"><vector name="origin" x="147" y="103"/><int name="z" value="0"/><int name="delay" value="120"/><vector name="lt" x="-145" y="-103"/><vector name="rb" x="68" y="-1"/><vector name="head" x="-8" y="-89"/></canvas><canvas name="11" width="222" height="127"><vector name="origin" x="155" y="104"/><int name="z" value="0"/><int name="delay" value="120"/><vector name="lt" x="-153" y="-104"/><vector name="rb" x="68" y="-1"/><vector name="head" x="-8" y="-89"/></canvas><canvas name="12" width="220" height="104"><vector name="origin" x="153" y="103"/><int name="z" value="0"/><int name="delay" value="120"/><vector name="lt" x="-153" y="-103"/><vector name="rb" x="68" y="-1"/><vector name="head" x="-8" y="-89"/></canvas><canvas name="13" width="222" height="104"><vector name="origin" x="154" y="104"/><int name="z" value="0"/><int name="delay" value="120"/><vector name="lt" x="-154" y="-104"/><vector name="rb" x="68" y="-1"/><vector name="head" x="-8" y="-89"/></canvas></imgdir><imgdir name="hit1"><canvas name="0" width="142" height="121"><vector name="origin" x="54" y="124"/><vector name="lt" x="-18" y="-97"/><vector name="rb" x="54" y="-12"/><vector name="head" x="3" y="-99"/><int name="delay" value="600"/></canvas></imgdir><imgdir name="die1"><canvas name="0" width="117" height="103"><vector name="origin" x="49" y="103"/><vector name="head" x="-8" y="-85"/><int name="delay" value="150"/></canvas><canvas name="1" width="142" height="121"><vector name="origin" x="54" y="124"/><vector name="head" x="-2" y="-96"/><int name="delay" value="150"/></canvas><canvas name="2" width="154" height="133"><vector name="origin" x="58" y="133"/><vector name="head" x="-8" y="-85"/><int name="delay" value="150"/></canvas><canvas name="3" width="177" height="147"><vector name="origin" x="66" y="145"/><vector name="head" x="-7" y="-80"/><int name="delay" value="150"/></canvas><canvas name="4" width="201" height="163"><vector name="origin" x="84" y="161"/><vector name="head" x="-8" y="-74"/><int name="delay" value="150"/></canvas><canvas name="5" width="200" height="179"><vector name="origin" x="83" y="178"/><vector name="head" x="-11" y="-73"/><int name="delay" value="150"/></canvas><canvas name="6" width="201" height="178"><vector name="origin" x="83" y="178"/><vector name="head" x="-9" y="-73"/><int name="delay" value="150"/></canvas><canvas name="7" width="167" height="84"><vector name="origin" x="79" y="84"/><int name="z" value="0"/><int name="delay" value="150"/><vector name="head" x="-13" y="-72"/></canvas><canvas name="8" width="162" height="84"><vector name="origin" x="74" y="84"/><int name="z" value="0"/><int name="delay" value="150"/><vector name="head" x="-13" y="-72"/></canvas><canvas name="9" width="162" height="84"><vector name="origin" x="74" y="84"/><int name="z" value="0"/><int name="delay" value="150"/><vector name="head" x="-13" y="-72"/></canvas><canvas name="10" width="1" height="1"><vector name="origin" x="0" y="0"/><int name="delay" value="150"/><vector name="head" x="-13" y="-72"/></canvas></imgdir></imgdir>