<?xml version="1.0" encoding="UTF-8" standalone="yes"?><imgdir name="8120102.img"><imgdir name="info"><int name="bodyAttack" value="1"/><int name="level" value="82"/><int name="maxHP" value="29000"/><int name="maxMP" value="100"/><int name="speed" value="-20"/><int name="PADamage" value="360"/><int name="PDDamage" value="690"/><int name="MADamage" value="390"/><int name="MDDamage" value="455"/><int name="acc" value="146"/><int name="eva" value="22"/><int name="exp" value="1220"/><int name="undead" value="0"/><int name="pushed" value="2320"/><float name="fs" value="10.0"/><int name="summonType" value="1"/><string name="elemAttr" value="I2S1H2"/><int name="mobType" value="1"/></imgdir><imgdir name="move"><canvas name="0" width="172" height="90"><vector name="origin" x="75" y="88"/><vector name="lt" x="-76" y="-88"/><vector name="rb" x="96" y="3"/><vector name="head" x="0" y="-67"/><int name="delay" value="240"/></canvas><canvas name="1" width="177" height="91"><vector name="origin" x="76" y="89"/><vector name="lt" x="-76" y="-88"/><vector name="rb" x="96" y="3"/><vector name="head" x="0" y="-67"/><int name="delay" value="240"/></canvas><canvas name="2" width="180" height="90"><vector name="origin" x="75" y="88"/><vector name="lt" x="-76" y="-88"/><vector name="rb" x="96" y="3"/><vector name="head" x="0" y="-67"/><int name="delay" value="240"/></canvas><canvas name="3" width="179" height="91"><vector name="origin" x="76" y="89"/><int name="z" value="0"/><int name="delay" value="240"/><vector name="lt" x="-76" y="-88"/><vector name="rb" x="96" y="3"/><vector name="head" x="0" y="-67"/></canvas></imgdir><imgdir name="stand"><canvas name="0" width="185" height="91"><vector name="origin" x="77" y="89"/><vector name="lt" x="-76" y="-88"/><vector name="rb" x="96" y="3"/><vector name="head" x="0" y="-67"/><int name="delay" value="120"/></canvas><canvas name="1" width="194" height="94"><vector name="origin" x="77" y="92"/><vector name="lt" x="-76" y="-88"/><vector name="rb" x="96" y="3"/><vector name="head" x="0" y="-67"/><int name="delay" value="120"/></canvas><canvas name="2" width="218" height="100"><vector name="origin" x="77" y="98"/><vector name="lt" x="-76" y="-88"/><vector name="rb" x="96" y="3"/><vector name="head" x="0" y="-67"/><int name="delay" value="120"/></canvas><canvas name="3" width="219" height="101"><vector name="origin" x="77" y="99"/><vector name="lt" x="-76" y="-88"/><vector name="rb" x="96" y="3"/><vector name="head" x="0" y="-67"/><int name="delay" value="120"/></canvas><canvas name="4" width="221" height="102"><vector name="origin" x="77" y="100"/><vector name="lt" x="-76" y="-88"/><vector name="rb" x="96" y="3"/><vector name="head" x="0" y="-67"/><int name="delay" value="120"/></canvas><canvas name="5" width="223" height="96"><vector name="origin" x="77" y="94"/><vector name="lt" x="-76" y="-88"/><vector name="rb" x="96" y="3"/><vector name="head" x="0" y="-67"/><int name="delay" value="120"/></canvas><canvas name="6" width="166" height="92"><vector name="origin" x="77" y="90"/><int name="z" value="0"/><int name="delay" value="120"/><vector name="lt" x="-76" y="-88"/><vector name="rb" x="89" y="3"/><vector name="head" x="0" y="-67"/></canvas><canvas name="7" width="161" height="88"><vector name="origin" x="76" y="86"/><int name="z" value="0"/><int name="delay" value="120"/><vector name="lt" x="-76" y="-88"/><vector name="rb" x="84" y="2"/><vector name="head" x="0" y="-67"/></canvas><canvas name="8" width="161" height="89"><vector name="origin" x="76" y="87"/><int name="z" value="0"/><int name="delay" value="120"/><vector name="lt" x="-76" y="-88"/><vector name="rb" x="85" y="3"/><vector name="head" x="0" y="-67"/></canvas><canvas name="9" width="161" height="88"><vector name="origin" x="76" y="86"/><int name="z" value="0"/><int name="delay" value="120"/><vector name="lt" x="-76" y="-88"/><vector name="rb" x="86" y="3"/><vector name="head" x="0" y="-67"/></canvas></imgdir><imgdir name="attack1"><imgdir name="info"><imgdir name="range"><vector name="lt" x="-394" y="-176"/><vector name="rb" x="29" y="2"/></imgdir><imgdir name="hit"><canvas name="0" width="66" height="42"><vector name="origin" x="32" y="36"/><int name="delay" value="180"/></canvas><canvas name="1" width="79" height="87"><vector name="origin" x="43" y="80"/><int name="delay" value="180"/></canvas><canvas name="2" width="63" height="102"><vector name="origin" x="29" y="95"/><int name="delay" value="180"/></canvas><canvas name="3" width="80" height="95"><vector name="origin" x="39" y="91"/><int name="delay" value="180"/></canvas><canvas name="4" width="76" height="93"><vector name="origin" x="37" y="91"/><int name="delay" value="180"/></canvas><int name="attach" value="1"/></imgdir><int name="type" value="0"/><int name="attackAfter" value="1320"/><int name="PADamage" value="360"/></imgdir><canvas name="0" width="162" height="89"><vector name="origin" x="77" y="87"/><vector name="lt" x="-78" y="-88"/><vector name="rb" x="85" y="3"/><vector name="head" x="-3" y="-66"/><int name="delay" value="600"/></canvas><canvas name="1" width="162" height="89"><vector name="origin" x="77" y="87"/><vector name="lt" x="-78" y="-88"/><vector name="rb" x="85" y="3"/><vector name="head" x="-3" y="-66"/><int name="delay" value="240"/></canvas><canvas name="2" width="162" height="89"><vector name="origin" x="77" y="87"/><vector name="lt" x="-78" y="-88"/><vector name="rb" x="85" y="3"/><vector name="head" x="-3" y="-66"/><int name="delay" value="240"/></canvas><canvas name="3" width="161" height="89"><vector name="origin" x="76" y="87"/><vector name="lt" x="-78" y="-88"/><vector name="rb" x="85" y="3"/><vector name="head" x="-3" y="-66"/><int name="delay" value="240"/></canvas><canvas name="4" width="194" height="108"><vector name="origin" x="106" y="101"/><vector name="lt" x="-106" y="-101"/><vector name="rb" x="85" y="3"/><vector name="head" x="-3" y="-66"/><int name="delay" value="240"/></canvas><canvas name="5" width="247" height="94"><vector name="origin" x="147" y="92"/><vector name="lt" x="-147" y="-94"/><vector name="rb" x="85" y="3"/><vector name="head" x="-3" y="-66"/><int name="delay" value="240"/></canvas><canvas name="6" width="224" height="89"><vector name="origin" x="114" y="87"/><vector name="lt" x="-113" y="-87"/><vector name="rb" x="85" y="3"/><vector name="head" x="-3" y="-66"/><int name="delay" value="240"/></canvas></imgdir><imgdir name="attack2"><imgdir name="info"><imgdir name="range"><vector name="lt" x="-170" y="-80"/><vector name="rb" x="29" y="2"/></imgdir><imgdir name="hit"><canvas name="0" width="102" height="71"><vector name="origin" x="56" y="66"/><int name="delay" value="180"/></canvas><canvas name="1" width="104" height="126"><vector name="origin" x="60" y="120"/><int name="delay" value="180"/></canvas><canvas name="2" width="91" height="139"><vector name="origin" x="47" y="136"/><int name="delay" value="180"/></canvas><canvas name="3" width="97" height="117"><vector name="origin" x="46" y="113"/><int name="delay" value="180"/></canvas><canvas name="4" width="69" height="55"><vector name="origin" x="35" y="67"/><int name="delay" value="180"/></canvas><int name="attach" value="1"/></imgdir><int name="type" value="0"/><int name="attackAfter" value="1320"/><int name="disease" value="122"/><int name="level" value="12"/><int name="conMP" value="10"/><int name="magic" value="1"/><int name="MADamage" value="390"/></imgdir><canvas name="0" width="185" height="91"><vector name="origin" x="77" y="89"/><vector name="lt" x="-77" y="-89"/><vector name="rb" x="109" y="1"/><vector name="head" x="-4" y="-65"/><int name="delay" value="120"/></canvas><canvas name="1" width="194" height="94"><vector name="origin" x="79" y="92"/><vector name="lt" x="-77" y="-89"/><vector name="rb" x="109" y="1"/><vector name="head" x="-4" y="-65"/><int name="delay" value="120"/></canvas><canvas name="2" width="218" height="100"><vector name="origin" x="81" y="98"/><vector name="lt" x="-77" y="-89"/><vector name="rb" x="109" y="1"/><vector name="head" x="-4" y="-65"/><int name="delay" value="120"/></canvas><canvas name="3" width="229" height="101"><vector name="origin" x="91" y="99"/><vector name="lt" x="-91" y="-77"/><vector name="rb" x="109" y="1"/><vector name="head" x="-4" y="-65"/><int name="delay" value="120"/></canvas><canvas name="4" width="235" height="104"><vector name="origin" x="95" y="100"/><vector name="lt" x="-95" y="-79"/><vector name="rb" x="109" y="1"/><vector name="head" x="-4" y="-65"/><int name="delay" value="120"/></canvas><canvas name="5" width="223" height="96"><vector name="origin" x="81" y="94"/><vector name="lt" x="-77" y="-89"/><vector name="rb" x="109" y="1"/><vector name="head" x="-4" y="-65"/><int name="delay" value="120"/></canvas><canvas name="6" width="162" height="89"><vector name="origin" x="81" y="87"/><vector name="lt" x="-77" y="-89"/><vector name="rb" x="80" y="2"/><vector name="head" x="-4" y="-65"/><int name="delay" value="120"/></canvas><canvas name="7" width="162" height="88"><vector name="origin" x="81" y="86"/><vector name="lt" x="-77" y="-89"/><vector name="rb" x="81" y="2"/><vector name="head" x="-4" y="-65"/><int name="delay" value="120"/></canvas><canvas name="8" width="162" height="89"><vector name="origin" x="81" y="87"/><vector name="lt" x="-77" y="-89"/><vector name="rb" x="81" y="3"/><vector name="head" x="-4" y="-65"/><int name="delay" value="120"/></canvas><canvas name="9" width="185" height="91"><vector name="origin" x="81" y="89"/><vector name="lt" x="-80" y="-80"/><vector name="rb" x="104" y="1"/><vector name="head" x="-4" y="-65"/><int name="delay" value="120"/></canvas><canvas name="10" width="195" height="94"><vector name="origin" x="82" y="92"/><vector name="lt" x="-79" y="-80"/><vector name="rb" x="85" y="1"/><vector name="head" x="-4" y="-65"/><int name="delay" value="120"/></canvas><canvas name="11" width="226" height="101"><vector name="origin" x="93" y="98"/><int name="z" value="0"/><int name="delay" value="120"/><vector name="lt" x="-93" y="-82"/><vector name="rb" x="84" y="3"/><vector name="head" x="-4" y="-65"/></canvas><canvas name="12" width="231" height="101"><vector name="origin" x="96" y="99"/><int name="z" value="0"/><int name="delay" value="120"/><vector name="lt" x="-96" y="-80"/><vector name="rb" x="86" y="2"/><vector name="head" x="-4" y="-65"/></canvas><canvas name="13" width="234" height="102"><vector name="origin" x="98" y="100"/><int name="z" value="0"/><int name="delay" value="120"/><vector name="lt" x="-98" y="-79"/><vector name="rb" x="86" y="1"/><vector name="head" x="-4" y="-65"/></canvas><canvas name="14" width="245" height="95"><vector name="origin" x="103" y="93"/><int name="z" value="0"/><int name="delay" value="120"/><vector name="lt" x="-103" y="-80"/><vector name="rb" x="85" y="1"/><vector name="head" x="-4" y="-65"/></canvas><canvas name="15" width="192" height="96"><vector name="origin" x="107" y="94"/><int name="z" value="0"/><int name="delay" value="120"/><vector name="lt" x="-107" y="-80"/><vector name="rb" x="85" y="0"/><vector name="head" x="-4" y="-65"/></canvas><canvas name="16" width="191" height="89"><vector name="origin" x="110" y="87"/><int name="z" value="0"/><int name="delay" value="120"/><vector name="lt" x="-111" y="-78"/><vector name="rb" x="79" y="1"/><vector name="head" x="-4" y="-65"/></canvas><canvas name="17" width="198" height="90"><vector name="origin" x="117" y="86"/><int name="z" value="0"/><int name="delay" value="120"/><vector name="lt" x="-117" y="-77"/><vector name="rb" x="80" y="2"/><vector name="head" x="-4" y="-65"/></canvas><canvas name="18" width="207" height="91"><vector name="origin" x="126" y="87"/><int name="z" value="0"/><int name="delay" value="120"/><vector name="lt" x="-126" y="-74"/><vector name="rb" x="80" y="1"/><vector name="head" x="-4" y="-65"/></canvas><canvas name="19" width="219" height="90"><vector name="origin" x="138" y="88"/><int name="z" value="0"/><int name="delay" value="120"/><vector name="lt" x="-139" y="-72"/><vector name="rb" x="80" y="1"/><vector name="head" x="-4" y="-65"/></canvas><canvas name="20" width="246" height="94"><vector name="origin" x="142" y="92"/><int name="z" value="0"/><int name="delay" value="120"/><vector name="lt" x="-142" y="-77"/><vector name="rb" x="85" y="0"/><vector name="head" x="-4" y="-65"/></canvas><canvas name="21" width="256" height="95"><vector name="origin" x="143" y="93"/><int name="z" value="0"/><int name="delay" value="120"/><vector name="lt" x="-144" y="-71"/><vector name="rb" x="83" y="1"/><vector name="head" x="-4" y="-65"/></canvas><canvas name="22" width="239" height="100"><vector name="origin" x="106" y="98"/><int name="z" value="0"/><int name="delay" value="120"/><vector name="lt" x="-106" y="-77"/><vector name="rb" x="83" y="1"/><vector name="head" x="-4" y="-65"/></canvas><canvas name="23" width="254" height="101"><vector name="origin" x="119" y="99"/><int name="z" value="0"/><int name="delay" value="120"/><vector name="lt" x="-121" y="-74"/><vector name="rb" x="82" y="3"/><vector name="head" x="-4" y="-65"/></canvas><canvas name="24" width="259" height="102"><vector name="origin" x="123" y="100"/><int name="z" value="0"/><int name="delay" value="120"/><vector name="lt" x="-123" y="-73"/><vector name="rb" x="81" y="0"/><vector name="head" x="-4" y="-65"/></canvas><canvas name="25" width="254" height="93"><vector name="origin" x="121" y="91"/><int name="z" value="0"/><int name="delay" value="120"/><vector name="lt" x="-122" y="-76"/><vector name="rb" x="83" y="1"/><vector name="head" x="-4" y="-65"/></canvas><canvas name="26" width="161" height="88"><vector name="origin" x="80" y="86"/><int name="z" value="0"/><int name="delay" value="120"/><vector name="lt" x="-80" y="-84"/><vector name="rb" x="81" y="2"/><vector name="head" x="-4" y="-65"/></canvas><canvas name="27" width="167" height="88"><vector name="origin" x="86" y="86"/><int name="z" value="0"/><int name="delay" value="120"/><vector name="lt" x="-77" y="-89"/><vector name="rb" x="79" y="1"/><vector name="head" x="-4" y="-65"/></canvas><canvas name="28" width="176" height="89"><vector name="origin" x="95" y="87"/><int name="z" value="0"/><int name="delay" value="120"/><vector name="lt" x="-95" y="-79"/><vector name="rb" x="81" y="1"/><vector name="head" x="-4" y="-65"/></canvas><canvas name="29" width="184" height="88"><vector name="origin" x="101" y="86"/><int name="z" value="0"/><int name="delay" value="120"/><vector name="lt" x="-102" y="-78"/><vector name="rb" x="82" y="1"/><vector name="head" x="-4" y="-65"/></canvas><canvas name="30" width="189" height="89"><vector name="origin" x="104" y="87"/><int name="z" value="0"/><int name="delay" value="120"/><vector name="lt" x="-104" y="-82"/><vector name="rb" x="84" y="1"/><vector name="head" x="-4" y="-65"/></canvas><canvas name="31" width="188" height="88"><vector name="origin" x="103" y="86"/><int name="z" value="0"/><int name="delay" value="120"/><vector name="lt" x="-102" y="-85"/><vector name="rb" x="85" y="2"/><vector name="head" x="-4" y="-65"/></canvas></imgdir><imgdir name="hit1"><canvas name="0" width="194" height="98"><vector name="origin" x="72" y="96"/><vector name="lt" x="-62" y="-81"/><vector name="rb" x="75" y="-3"/><vector name="head" x="15" y="-73"/><int name="delay" value="600"/></canvas></imgdir><imgdir name="die1"><canvas name="0" width="162" height="89"><vector name="origin" x="77" y="87"/><vector name="head" x="-7" y="-65"/><int name="delay" value="150"/></canvas><canvas name="1" width="194" height="98"><vector name="origin" x="72" y="96"/><vector name="head" x="-7" y="-65"/><int name="delay" value="150"/></canvas><canvas name="2" width="198" height="105"><vector name="origin" x="72" y="103"/><vector name="head" x="-7" y="-65"/><int name="delay" value="150"/></canvas><canvas name="3" width="197" height="104"><vector name="origin" x="74" y="102"/><vector name="head" x="-7" y="-65"/><int name="delay" value="150"/></canvas><canvas name="4" width="213" height="90"><vector name="origin" x="87" y="88"/><vector name="head" x="-7" y="-65"/><int name="delay" value="150"/></canvas><canvas name="5" width="232" height="88"><vector name="origin" x="103" y="86"/><vector name="head" x="-7" y="-65"/><int name="delay" value="150"/></canvas><canvas name="6" width="242" height="88"><vector name="origin" x="113" y="86"/><vector name="head" x="-7" y="-65"/><int name="delay" value="150"/></canvas><canvas name="7" width="201" height="88"><vector name="origin" x="117" y="86"/><int name="z" value="0"/><int name="delay" value="150"/><vector name="head" x="-7" y="-65"/></canvas><canvas name="8" width="204" height="88"><vector name="origin" x="120" y="86"/><int name="z" value="0"/><int name="delay" value="150"/><vector name="head" x="-7" y="-65"/></canvas><canvas name="9" width="196" height="88"><vector name="origin" x="112" y="86"/><int name="z" value="0"/><int name="delay" value="150"/><vector name="head" x="-7" y="-65"/></canvas><canvas name="10" width="197" height="88"><vector name="origin" x="113" y="86"/><int name="z" value="0"/><int name="delay" value="150"/><vector name="head" x="-7" y="-65"/></canvas><canvas name="11" width="197" height="88"><vector name="origin" x="113" y="86"/><int name="z" value="0"/><int name="delay" value="150"/><vector name="head" x="-7" y="-65"/></canvas><canvas name="12" width="197" height="88"><vector name="origin" x="113" y="86"/><int name="z" value="0"/><int name="delay" value="150"/><vector name="head" x="-7" y="-65"/></canvas><canvas name="13" width="197" height="88"><vector name="origin" x="113" y="86"/><int name="z" value="0"/><int name="delay" value="150"/><vector name="head" x="-7" y="-65"/></canvas><canvas name="14" width="197" height="88"><vector name="origin" x="113" y="86"/><int name="z" value="0"/><int name="delay" value="150"/><vector name="head" x="-7" y="-65"/></canvas><canvas name="15" width="1" height="1"><vector name="origin" x="0" y="0"/><int name="delay" value="150"/><vector name="head" x="-7" y="-65"/></canvas></imgdir></imgdir>