<?xml version="1.0" encoding="UTF-8" standalone="yes"?><imgdir name="8130100.img"><imgdir name="info"><int name="bodyAttack" value="1"/><int name="level" value="80"/><int name="maxHP" value="50000"/><int name="maxMP" value="500"/><int name="speed" value="-20"/><int name="PADamage" value="450"/><int name="PDDamage" value="420"/><int name="MADamage" value="605"/><int name="MDDamage" value="450"/><int name="acc" value="150"/><int name="eva" value="30"/><int name="exp" value="2000"/><int name="undead" value="0"/><int name="pushed" value="3000"/><int name="hpRecovery" value="100"/><int name="mpRecovery" value="5"/><string name="elemAttr" value="S1H3"/><int name="boss" value="1"/><int name="summonType" value="0"/><int name="hpTagColor" value="1"/><int name="hpTagBgcolor" value="5"/><int name="HPgaugeHide" value="1"/><int name="mobType" value="6"/><int name="rareItemDropLevel" value="2"/></imgdir><imgdir name="move"><canvas name="0" width="171" height="162"><vector name="origin" x="85" y="162"/><vector name="lt" x="-66" y="-162"/><vector name="rb" x="39" y="0"/><int name="delay" value="180"/><vector name="head" x="-21" y="-117"/><imgdir name="rect"><imgdir name="0"><vector name="lt" x="38" y="-162"/><vector name="rb" x="86" y="-59"/></imgdir></imgdir></canvas><canvas name="1" width="158" height="156"><vector name="origin" x="90" y="156"/><vector name="lt" x="-68" y="-156"/><vector name="rb" x="39" y="0"/><int name="delay" value="180"/><vector name="head" x="-34" y="-113"/><imgdir name="rect"><imgdir name="0"><vector name="lt" x="38" y="-156"/><vector name="rb" x="68" y="-46"/></imgdir></imgdir></canvas><canvas name="2" width="177" height="166"><vector name="origin" x="95" y="166"/><vector name="lt" x="-80" y="-166"/><vector name="rb" x="20" y="0"/><int name="delay" value="180"/><vector name="head" x="-34" y="-116"/><imgdir name="rect"><imgdir name="0"><vector name="lt" x="19" y="-166"/><vector name="rb" x="82" y="-48"/></imgdir></imgdir></canvas><canvas name="3" width="169" height="158"><vector name="origin" x="99" y="158"/><vector name="lt" x="-76" y="-158"/><vector name="rb" x="38" y="0"/><int name="delay" value="180"/><vector name="head" x="-33" y="-114"/><imgdir name="rect"><imgdir name="0"><vector name="lt" x="37" y="-158"/><vector name="rb" x="70" y="-36"/></imgdir></imgdir></canvas><canvas name="4" width="177" height="170"><vector name="origin" x="95" y="170"/><vector name="lt" x="-80" y="-170"/><vector name="rb" x="37" y="0"/><int name="delay" value="180"/><vector name="head" x="-34" y="-120"/><imgdir name="rect"><imgdir name="0"><vector name="lt" x="36" y="-170"/><vector name="rb" x="82" y="-59"/></imgdir></imgdir></canvas></imgdir><imgdir name="stand"><canvas name="0" width="160" height="156"><vector name="origin" x="80" y="156"/><vector name="lt" x="-63" y="-156"/><vector name="rb" x="42" y="0"/><int name="delay" value="150"/><vector name="head" x="-18" y="-109"/><imgdir name="rect"><imgdir name="0"><vector name="lt" x="41" y="-156"/><vector name="rb" x="80" y="-38"/></imgdir></imgdir></canvas><canvas name="1" width="160" height="156"><vector name="origin" x="80" y="156"/><vector name="lt" x="-63" y="-156"/><vector name="rb" x="42" y="0"/><int name="delay" value="150"/><vector name="head" x="-18" y="-109"/><imgdir name="rect"><imgdir name="0"><vector name="lt" x="41" y="-156"/><vector name="rb" x="80" y="-38"/></imgdir></imgdir></canvas></imgdir><imgdir name="attack1"><imgdir name="info"><imgdir name="range"><vector name="sp" x="-28" y="-69"/><int name="r" value="250"/></imgdir><imgdir name="effect"><canvas name="0" width="25" height="28"><vector name="origin" x="14" y="105"/><int name="delay" value="75"/></canvas><canvas name="1" width="25" height="30"><vector name="origin" x="14" y="105"/><int name="delay" value="75"/></canvas><canvas name="2" width="104" height="100"><vector name="origin" x="52" y="150"/><int name="delay" value="75"/></canvas><canvas name="3" width="106" height="102"><vector name="origin" x="53" y="151"/><int name="delay" value="75"/></canvas><canvas name="4" width="114" height="111"><vector name="origin" x="58" y="155"/><int name="delay" value="75"/></canvas><canvas name="5" width="114" height="111"><vector name="origin" x="58" y="155"/><int name="delay" value="75"/></canvas><canvas name="6" width="114" height="111"><vector name="origin" x="58" y="155"/><int name="delay" value="75"/></canvas><canvas name="7" width="114" height="111"><vector name="origin" x="58" y="155"/><int name="delay" value="75"/></canvas></imgdir><imgdir name="hit"><canvas name="0" width="113" height="114"><vector name="origin" x="-79" y="193"/><int name="delay" value="60"/></canvas><canvas name="1" width="141" height="126"><vector name="origin" x="32" y="111"/><int name="delay" value="120"/></canvas><canvas name="2" width="140" height="133"><vector name="origin" x="32" y="111"/><int name="delay" value="120"/></canvas><canvas name="3" width="131" height="131"><vector name="origin" x="32" y="111"/><int name="delay" value="120"/></canvas><canvas name="4" width="59" height="123"><vector name="origin" x="32" y="111"/><int name="delay" value="120"/></canvas><canvas name="5" width="57" height="123"><vector name="origin" x="32" y="111"/><int name="delay" value="120"/></canvas><canvas name="6" width="44" height="121"><vector name="origin" x="32" y="111"/><int name="delay" value="120"/></canvas></imgdir><int name="type" value="1"/><int name="conMP" value="2"/><int name="effectAfter" value="700"/><int name="attackAfter" value="1300"/><int name="magic" value="1"/><string name="elemAttr" value="F"/></imgdir><canvas name="0" width="176" height="160"><vector name="origin" x="88" y="160"/><int name="delay" value="100"/><vector name="lt" x="-71" y="-160"/><vector name="rb" x="34" y="0"/><vector name="head" x="-26" y="-115"/><imgdir name="rect"><imgdir name="0"><vector name="lt" x="33" y="-160"/><vector name="rb" x="88" y="-57"/></imgdir></imgdir></canvas><canvas name="1" width="160" height="156"><vector name="origin" x="88" y="156"/><int name="delay" value="100"/><vector name="lt" x="-71" y="-156"/><vector name="rb" x="34" y="0"/><vector name="head" x="-26" y="-110"/><imgdir name="rect"><imgdir name="0"><vector name="lt" x="33" y="-156"/><vector name="rb" x="72" y="-38"/></imgdir></imgdir></canvas><canvas name="2" width="160" height="156"><vector name="origin" x="88" y="156"/><int name="delay" value="100"/><vector name="lt" x="-71" y="-156"/><vector name="rb" x="34" y="0"/><vector name="head" x="-27" y="-110"/><imgdir name="rect"><imgdir name="0"><vector name="lt" x="33" y="-156"/><vector name="rb" x="72" y="-38"/></imgdir></imgdir></canvas><uol name="3" value="1"/><uol name="4" value="2"/><uol name="5" value="1"/><uol name="6" value="2"/><canvas name="7" width="246" height="193"><vector name="origin" x="88" y="193"/><int name="delay" value="100"/><vector name="lt" x="-85" y="-193"/><vector name="rb" x="53" y="0"/><vector name="head" x="28" y="-142"/><imgdir name="rect"><imgdir name="0"><vector name="lt" x="52" y="-192"/><vector name="rb" x="158" y="-43"/></imgdir></imgdir></canvas><canvas name="8" width="243" height="193"><vector name="origin" x="85" y="193"/><int name="delay" value="500"/><vector name="lt" x="-85" y="-193"/><vector name="rb" x="53" y="0"/><vector name="head" x="28" y="-142"/><imgdir name="rect"><imgdir name="0"><vector name="lt" x="52" y="-192"/><vector name="rb" x="158" y="-43"/></imgdir></imgdir></canvas><canvas name="9" width="503" height="179"><vector name="origin" x="211" y="179"/><int name="delay" value="700"/><vector name="lt" x="-48" y="-178"/><vector name="rb" x="64" y="0"/><vector name="head" x="28" y="-142"/><imgdir name="rect"><imgdir name="0"><vector name="lt" x="-208" y="-178"/><vector name="rb" x="-47" y="-90"/></imgdir><imgdir name="1"><vector name="lt" x="63" y="-178"/><vector name="rb" x="288" y="-96"/></imgdir></imgdir></canvas><canvas name="10" width="246" height="193"><vector name="origin" x="88" y="193"/><int name="delay" value="150"/><vector name="lt" x="-71" y="-156"/><vector name="rb" x="72" y="0"/><vector name="head" x="-26" y="-110"/></canvas><canvas name="11" width="160" height="156"><vector name="origin" x="88" y="156"/><int name="delay" value="100"/><vector name="lt" x="-71" y="-156"/><vector name="rb" x="34" y="0"/><vector name="head" x="-26" y="-110"/><imgdir name="rect"><imgdir name="0"><vector name="lt" x="33" y="-156"/><vector name="rb" x="72" y="-38"/></imgdir></imgdir></canvas></imgdir><imgdir name="attack2"><imgdir name="info"><imgdir name="range"><vector name="sp" x="-28" y="-69"/><int name="r" value="250"/></imgdir><imgdir name="effect"><canvas name="0" width="47" height="74"><vector name="origin" x="-55" y="131"/></canvas><canvas name="1" width="47" height="69"><vector name="origin" x="-55" y="126"/></canvas><canvas name="2" width="47" height="69"><vector name="origin" x="-55" y="126"/></canvas><canvas name="3" width="158" height="89"><vector name="origin" x="122" y="125"/></canvas><canvas name="4" width="87" height="108"><vector name="origin" x="121" y="136"/></canvas><canvas name="5" width="96" height="115"><vector name="origin" x="126" y="140"/></canvas><canvas name="6" width="99" height="122"><vector name="origin" x="127" y="145"/></canvas></imgdir><imgdir name="ball"><canvas name="0" width="61" height="32"><vector name="origin" x="32" y="16"/></canvas><canvas name="1" width="68" height="33"><vector name="origin" x="32" y="18"/></canvas><canvas name="2" width="59" height="31"><vector name="origin" x="32" y="16"/></canvas></imgdir><imgdir name="hit"><canvas name="0" width="100" height="113"><vector name="origin" x="50" y="56"/></canvas><canvas name="1" width="100" height="104"><vector name="origin" x="50" y="58"/></canvas><canvas name="2" width="103" height="114"><vector name="origin" x="52" y="63"/></canvas><canvas name="3" width="106" height="90"><vector name="origin" x="53" y="45"/><int name="z" value="0"/></canvas></imgdir><int name="type" value="2"/><int name="conMP" value="2"/><int name="effectAfter" value="100"/><int name="attackAfter" value="400"/><int name="magic" value="1"/><string name="elemAttr" value="F"/></imgdir><canvas name="0" width="201" height="159"><vector name="origin" x="100" y="159"/><vector name="lt" x="-98" y="-159"/><vector name="rb" x="37" y="0"/><int name="delay" value="400"/><vector name="head" x="-29" y="-115"/><imgdir name="rect"><imgdir name="0"><vector name="lt" x="36" y="-159"/><vector name="rb" x="101" y="-35"/></imgdir></imgdir></canvas><canvas name="1" width="192" height="161"><vector name="origin" x="96" y="161"/><vector name="lt" x="-80" y="-138"/><vector name="rb" x="37" y="0"/><int name="delay" value="100"/><vector name="head" x="-35" y="-115"/><imgdir name="rect"><imgdir name="0"><vector name="lt" x="36" y="-161"/><vector name="rb" x="96" y="-68"/></imgdir></imgdir></canvas><canvas name="2" width="191" height="171"><vector name="origin" x="95" y="171"/><vector name="lt" x="-95" y="-157"/><vector name="rb" x="46" y="0"/><int name="delay" value="400"/><vector name="head" x="-46" y="-121"/><imgdir name="rect"><imgdir name="0"><vector name="lt" x="45" y="-171"/><vector name="rb" x="96" y="-82"/></imgdir></imgdir></canvas><canvas name="3" width="193" height="171"><vector name="origin" x="95" y="171"/><vector name="lt" x="-61" y="-159"/><vector name="rb" x="44" y="0"/><int name="delay" value="100"/><vector name="head" x="-13" y="-115"/><imgdir name="rect"><imgdir name="0"><vector name="lt" x="43" y="-160"/><vector name="rb" x="98" y="-57"/></imgdir></imgdir></canvas></imgdir><imgdir name="attack3"><imgdir name="info"><imgdir name="range"><vector name="lt" x="-330" y="-160"/><vector name="rb" x="105" y="0"/></imgdir><imgdir name="effect"><canvas name="0" width="243" height="112"><vector name="origin" x="138" y="139"/></canvas><canvas name="1" width="243" height="112"><vector name="origin" x="138" y="139"/></canvas><canvas name="2" width="243" height="111"><vector name="origin" x="138" y="139"/></canvas><canvas name="3" width="240" height="110"><vector name="origin" x="138" y="139"/></canvas></imgdir><imgdir name="hit"><canvas name="0" width="78" height="72"><vector name="origin" x="39" y="36"/><int name="z" value="0"/><int name="delay" value="120"/></canvas><canvas name="1" width="77" height="78"><vector name="origin" x="48" y="32"/><int name="z" value="0"/><int name="delay" value="90"/></canvas><canvas name="2" width="83" height="94"><vector name="origin" x="55" y="49"/><int name="z" value="0"/><int name="delay" value="120"/></canvas><canvas name="3" width="77" height="78"><vector name="origin" x="42" y="43"/><int name="z" value="0"/><int name="delay" value="90"/></canvas><canvas name="4" width="77" height="78"><vector name="origin" x="31" y="34"/><int name="z" value="0"/><int name="delay" value="150"/></canvas></imgdir><int name="type" value="0"/><int name="conMP" value="2"/><int name="effectAfter" value="500"/><int name="attackAfter" value="400"/><int name="magic" value="1"/></imgdir><canvas name="0" width="176" height="160"><vector name="origin" x="88" y="160"/><vector name="lt" x="-71" y="-160"/><vector name="rb" x="34" y="0"/><int name="delay" value="100"/><vector name="head" x="-25" y="-115"/><imgdir name="rect"><imgdir name="0"><vector name="lt" x="33" y="-160"/><vector name="rb" x="88" y="-57"/></imgdir></imgdir></canvas><canvas name="1" width="192" height="161"><vector name="origin" x="99" y="161"/><vector name="lt" x="-80" y="-138"/><vector name="rb" x="34" y="0"/><int name="delay" value="100"/><vector name="head" x="-35" y="-115"/><imgdir name="rect"><imgdir name="0"><vector name="lt" x="33" y="-161"/><vector name="rb" x="93" y="-68"/></imgdir></imgdir></canvas><canvas name="2" width="191" height="171"><vector name="origin" x="99" y="171"/><vector name="lt" x="-96" y="-157"/><vector name="rb" x="35" y="0"/><int name="delay" value="300"/><vector name="head" x="-50" y="-120"/><imgdir name="rect"><imgdir name="0"><vector name="lt" x="34" y="-171"/><vector name="rb" x="92" y="-82"/></imgdir></imgdir></canvas><canvas name="3" width="202" height="159"><vector name="origin" x="110" y="159"/><vector name="lt" x="-110" y="-159"/><vector name="rb" x="27" y="0"/><int name="delay" value="500"/><vector name="head" x="-31" y="-112"/><imgdir name="rect"><imgdir name="0"><vector name="lt" x="26" y="-159"/><vector name="rb" x="92" y="-24"/></imgdir></imgdir></canvas></imgdir><imgdir name="hit1"><canvas name="0" width="172" height="160"><vector name="origin" x="86" y="160"/><vector name="lt" x="-69" y="-160"/><vector name="rb" x="33" y="0"/><int name="delay" value="600"/><vector name="head" x="-34" y="-110"/><imgdir name="rect"><imgdir name="0"><vector name="lt" x="32" y="-160"/><vector name="rb" x="86" y="-61"/></imgdir></imgdir></canvas></imgdir><imgdir name="die1"><canvas name="0" width="153" height="158"><vector name="origin" x="76" y="158"/><vector name="head" x="-26" y="-109"/><int name="delay" value="200"/></canvas><canvas name="1" width="224" height="158"><vector name="origin" x="112" y="156"/><vector name="head" x="-26" y="-99"/><int name="delay" value="200"/></canvas><canvas name="2" width="240" height="120"><vector name="origin" x="120" y="116"/><vector name="head" x="-60" y="-35"/><int name="delay" value="300"/><int name="a0" value="255"/><int name="a1" value="0"/></canvas></imgdir></imgdir>