<?xml version="1.0" encoding="UTF-8" standalone="yes"?><imgdir name="8140600.img"><imgdir name="info"><int name="bodyAttack" value="1"/><int name="level" value="92"/><int name="maxHP" value="42500"/><int name="maxMP" value="190"/><int name="speed" value="-30"/><int name="PADamage" value="420"/><int name="PDDamage" value="840"/><int name="MADamage" value="460"/><int name="MDDamage" value="540"/><int name="acc" value="197"/><int name="eva" value="38"/><int name="exp" value="2000"/><int name="undead" value="1"/><int name="pushed" value="4200"/><string name="elemAttr" value="F2H3"/><float name="fs" value="10.0"/><int name="summonType" value="1"/><imgdir name="skill"><imgdir name="0"><int name="skill" value="140"/><int name="action" value="1"/><int name="level" value="3"/></imgdir><imgdir name="1"><int name="skill" value="141"/><int name="action" value="1"/><int name="level" value="3"/></imgdir></imgdir><int name="mobType" value="7"/></imgdir><imgdir name="stand"><canvas name="0" width="109" height="69"><vector name="origin" x="55" y="96"/><vector name="lt" x="-55" y="-94"/><vector name="rb" x="54" y="-27"/><vector name="head" x="-27" y="-79"/><int name="delay" value="125"/></canvas><canvas name="1" width="108" height="67"><vector name="origin" x="55" y="95"/><vector name="lt" x="-55" y="-89"/><vector name="rb" x="53" y="-28"/><vector name="head" x="-27" y="-78"/><int name="delay" value="125"/></canvas><canvas name="2" width="108" height="69"><vector name="origin" x="55" y="95"/><vector name="lt" x="-55" y="-91"/><vector name="rb" x="53" y="-26"/><vector name="head" x="-28" y="-77"/><int name="delay" value="125"/></canvas><canvas name="3" width="109" height="70"><vector name="origin" x="55" y="94"/><vector name="lt" x="-55" y="-90"/><vector name="rb" x="54" y="-24"/><vector name="head" x="-27" y="-76"/><int name="delay" value="125"/></canvas><canvas name="4" width="111" height="72"><vector name="origin" x="55" y="95"/><vector name="lt" x="-55" y="-90"/><vector name="rb" x="55" y="-23"/><vector name="head" x="-26" y="-77"/><int name="delay" value="125"/></canvas><canvas name="5" width="106" height="70"><vector name="origin" x="55" y="95"/><vector name="lt" x="-55" y="-93"/><vector name="rb" x="51" y="-25"/><vector name="head" x="-27" y="-77"/><int name="delay" value="125"/></canvas></imgdir><imgdir name="move"><canvas name="0" width="109" height="71"><vector name="origin" x="55" y="96"/><vector name="lt" x="-55" y="-93"/><vector name="rb" x="54" y="-25"/><vector name="head" x="-25" y="-79"/><int name="delay" value="90"/></canvas><canvas name="1" width="108" height="69"><vector name="origin" x="55" y="95"/><vector name="lt" x="-55" y="-93"/><vector name="rb" x="53" y="-26"/><vector name="head" x="-26" y="-78"/><int name="delay" value="90"/></canvas><canvas name="2" width="108" height="67"><vector name="origin" x="55" y="94"/><vector name="lt" x="-55" y="-91"/><vector name="rb" x="53" y="-27"/><vector name="head" x="-26" y="-76"/><int name="delay" value="90"/></canvas><canvas name="3" width="109" height="67"><vector name="origin" x="55" y="96"/><vector name="lt" x="-55" y="-91"/><vector name="rb" x="54" y="-29"/><vector name="head" x="-26" y="-78"/><int name="delay" value="90"/></canvas><canvas name="4" width="111" height="70"><vector name="origin" x="55" y="98"/><vector name="lt" x="-55" y="-94"/><vector name="rb" x="56" y="-28"/><vector name="head" x="-26" y="-80"/><int name="delay" value="90"/></canvas><canvas name="5" width="106" height="72"><vector name="origin" x="55" y="99"/><vector name="lt" x="-55" y="-96"/><vector name="rb" x="51" y="-27"/><vector name="head" x="-27" y="-81"/><int name="delay" value="90"/></canvas></imgdir><imgdir name="attack1"><imgdir name="info"><imgdir name="range"><vector name="lt" x="-274" y="-110"/><vector name="rb" x="60" y="4"/></imgdir><imgdir name="effect"><canvas name="0" width="82" height="79"><vector name="origin" x="285" y="30"/><int name="delay" value="60"/></canvas><canvas name="1" width="82" height="78"><vector name="origin" x="311" y="30"/><int name="delay" value="60"/></canvas><canvas name="2" width="82" height="77"><vector name="origin" x="331" y="30"/><int name="delay" value="60"/></canvas></imgdir><imgdir name="hit"><canvas name="0" width="99" height="107"><vector name="origin" x="50" y="53"/></canvas><canvas name="1" width="80" height="77"><vector name="origin" x="37" y="34"/></canvas></imgdir><int name="type" value="0"/><int name="conMP" value="2"/><int name="attackAfter" value="500"/><int name="effectAfter" value="500"/><int name="magic" value="1"/></imgdir><canvas name="0" width="109" height="71"><vector name="origin" x="55" y="96"/><vector name="lt" x="-55" y="-91"/><vector name="rb" x="54" y="-25"/><vector name="head" x="-28" y="-80"/><int name="delay" value="125"/></canvas><canvas name="1" width="101" height="74"><vector name="origin" x="43" y="104"/><vector name="lt" x="-44" y="-104"/><vector name="rb" x="58" y="-30"/><vector name="head" x="-13" y="-78"/><int name="delay" value="125"/></canvas><canvas name="2" width="282" height="72"><vector name="origin" x="224" y="96"/><vector name="lt" x="-70" y="-96"/><vector name="rb" x="58" y="-56"/><vector name="head" x="-197" y="-81"/><int name="delay" value="125"/></canvas><canvas name="3" width="285" height="72"><vector name="origin" x="225" y="96"/><vector name="head" x="-197" y="-80"/><vector name="lt" x="-89" y="-96"/><vector name="rb" x="60" y="-59"/><int name="delay" value="125"/></canvas><canvas name="4" width="271" height="80"><vector name="origin" x="223" y="104"/><vector name="lt" x="-75" y="-104"/><vector name="rb" x="48" y="-31"/><vector name="head" x="-192" y="-80"/><int name="delay" value="125"/></canvas><canvas name="5" width="234" height="81"><vector name="origin" x="188" y="104"/><vector name="lt" x="-16" y="-104"/><vector name="rb" x="45" y="-23"/><vector name="head" x="-161" y="-80"/><int name="delay" value="125"/></canvas><canvas name="6" width="224" height="80"><vector name="origin" x="166" y="104"/><vector name="lt" x="-44" y="-97"/><vector name="rb" x="58" y="-24"/><vector name="head" x="-19" y="-78"/><int name="delay" value="125"/></canvas><canvas name="7" width="195" height="73"><vector name="origin" x="144" y="97"/><vector name="lt" x="-48" y="-97"/><vector name="rb" x="51" y="-24"/><vector name="head" x="-22" y="-78"/><int name="delay" value="125"/></canvas><uol name="8" value="../stand/0"/><uol name="9" value="../stand/1"/><uol name="10" value="../stand/2"/><uol name="11" value="../stand/3"/><uol name="12" value="../stand/4"/><uol name="13" value="../stand/5"/><uol name="14" value="../stand/0"/><uol name="15" value="../stand/1"/><uol name="16" value="../stand/2"/><uol name="17" value="../stand/3"/><uol name="18" value="../stand/4"/><uol name="19" value="../stand/5"/></imgdir><imgdir name="skill1"><canvas name="0" width="109" height="69"><vector name="origin" x="55" y="96"/><vector name="lt" x="-55" y="-91"/><vector name="rb" x="54" y="-27"/><vector name="head" x="-27" y="-79"/><int name="delay" value="110"/></canvas><canvas name="1" width="108" height="67"><vector name="origin" x="55" y="95"/><vector name="lt" x="-55" y="-91"/><vector name="rb" x="53" y="-28"/><vector name="head" x="-26" y="-78"/><int name="delay" value="110"/></canvas><canvas name="2" width="108" height="67"><vector name="origin" x="55" y="95"/><vector name="lt" x="-55" y="-92"/><vector name="rb" x="53" y="-27"/><vector name="head" x="-28" y="-77"/><int name="delay" value="110"/></canvas><canvas name="3" width="109" height="65"><vector name="origin" x="55" y="94"/><vector name="head" x="-27" y="-76"/><vector name="lt" x="-55" y="-92"/><vector name="rb" x="54" y="-29"/><int name="delay" value="110"/></canvas><canvas name="4" width="177" height="132"><vector name="origin" x="121" y="118"/><vector name="lt" x="-55" y="-91"/><vector name="rb" x="56" y="-32"/><vector name="head" x="-28" y="-76"/><int name="delay" value="110"/></canvas><canvas name="5" width="191" height="147"><vector name="origin" x="137" y="130"/><vector name="lt" x="-54" y="-99"/><vector name="rb" x="53" y="-17"/><vector name="head" x="-27" y="-83"/><int name="delay" value="110"/></canvas><canvas name="6" width="192" height="146"><vector name="origin" x="138" y="128"/><vector name="lt" x="-55" y="-102"/><vector name="rb" x="54" y="-19"/><vector name="head" x="-28" y="-83"/><int name="delay" value="110"/></canvas><canvas name="7" width="181" height="141"><vector name="origin" x="127" y="127"/><vector name="lt" x="-55" y="-95"/><vector name="rb" x="52" y="-18"/><vector name="head" x="-27" y="-82"/><int name="delay" value="110"/></canvas><canvas name="8" width="183" height="142"><vector name="origin" x="129" y="126"/><vector name="head" x="-27" y="-81"/><vector name="lt" x="-55" y="-92"/><vector name="rb" x="52" y="-18"/><int name="delay" value="110"/></canvas><canvas name="9" width="181" height="138"><vector name="origin" x="127" y="125"/><vector name="head" x="-27" y="-80"/><vector name="lt" x="-57" y="-90"/><vector name="rb" x="54" y="-17"/><int name="delay" value="110"/></canvas></imgdir><imgdir name="hit1"><canvas name="0" width="122" height="92"><vector name="origin" x="59" y="121"/><vector name="lt" x="-56" y="-115"/><vector name="rb" x="59" y="-29"/><vector name="head" x="-29" y="-99"/><int name="delay" value="600"/></canvas></imgdir><imgdir name="die1"><canvas name="0" width="130" height="69"><vector name="origin" x="55" y="96"/><vector name="head" x="-26" y="-79"/><int name="delay" value="100"/></canvas><canvas name="1" width="130" height="97"><vector name="origin" x="55" y="96"/><vector name="head" x="-26" y="-79"/><int name="delay" value="100"/></canvas><canvas name="2" width="130" height="97"><vector name="origin" x="55" y="96"/><vector name="head" x="-26" y="-79"/><int name="delay" value="100"/></canvas><canvas name="3" width="130" height="97"><vector name="origin" x="55" y="96"/><vector name="head" x="-26" y="-79"/><int name="delay" value="100"/></canvas><canvas name="4" width="130" height="102"><vector name="origin" x="55" y="96"/><vector name="head" x="-26" y="-29"/><int name="delay" value="100"/></canvas><canvas name="5" width="130" height="98"><vector name="origin" x="55" y="96"/><vector name="head" x="-27" y="-31"/><int name="delay" value="100"/></canvas><canvas name="6" width="130" height="102"><vector name="origin" x="55" y="96"/><vector name="head" x="-26" y="-29"/><int name="delay" value="100"/></canvas><canvas name="7" width="130" height="90"><vector name="origin" x="55" y="84"/><vector name="head" x="-26" y="-29"/><int name="delay" value="100"/></canvas><canvas name="8" width="130" height="77"><vector name="origin" x="55" y="71"/><vector name="head" x="-28" y="-28"/><int name="delay" value="300"/><int name="a0" value="255"/><int name="a1" value="0"/></canvas></imgdir></imgdir>