<?xml version="1.0" encoding="UTF-8" standalone="yes"?><imgdir name="8140500.img"><imgdir name="info"><int name="bodyAttack" value="1"/><int name="level" value="90"/><int name="maxHP" value="45000"/><int name="maxMP" value="190"/><int name="speed" value="-20"/><int name="PADamage" value="425"/><int name="PDDamage" value="835"/><int name="MADamage" value="465"/><int name="MDDamage" value="505"/><int name="acc" value="195"/><int name="eva" value="38"/><int name="exp" value="1800"/><int name="undead" value="0"/><int name="pushed" value="5000"/><string name="elemAttr" value="F2I3"/><float name="fs" value="10.0"/><int name="summonType" value="1"/><int name="mobType" value="0"/></imgdir><imgdir name="move"><canvas name="0" width="106" height="79"><vector name="origin" x="55" y="79"/><vector name="lt" x="-55" y="-79"/><vector name="rb" x="51" y="0"/><vector name="head" x="-28" y="-60"/><int name="delay" value="100"/></canvas><canvas name="1" width="110" height="78"><vector name="origin" x="55" y="78"/><vector name="lt" x="-55" y="-78"/><vector name="rb" x="55" y="0"/><vector name="head" x="-28" y="-60"/><int name="delay" value="100"/></canvas><canvas name="2" width="111" height="77"><vector name="origin" x="55" y="77"/><vector name="lt" x="-55" y="-77"/><vector name="rb" x="56" y="0"/><vector name="head" x="-28" y="-60"/><int name="delay" value="100"/></canvas><canvas name="3" width="113" height="76"><vector name="origin" x="55" y="76"/><vector name="lt" x="-55" y="-76"/><vector name="rb" x="56" y="0"/><vector name="head" x="-28" y="-60"/><int name="delay" value="100"/></canvas><canvas name="4" width="102" height="73"><vector name="origin" x="55" y="73"/><vector name="lt" x="-55" y="-73"/><vector name="rb" x="47" y="0"/><vector name="head" x="-28" y="-60"/><int name="delay" value="100"/></canvas><canvas name="5" width="98" height="76"><vector name="origin" x="55" y="76"/><vector name="lt" x="-55" y="-76"/><vector name="rb" x="43" y="0"/><vector name="head" x="-28" y="-60"/><int name="delay" value="100"/></canvas><canvas name="6" width="101" height="79"><vector name="origin" x="55" y="79"/><vector name="lt" x="-55" y="-79"/><vector name="rb" x="46" y="0"/><vector name="head" x="-28" y="-60"/><int name="delay" value="100"/></canvas><canvas name="7" width="105" height="78"><vector name="origin" x="55" y="78"/><vector name="lt" x="-55" y="-78"/><vector name="rb" x="50" y="0"/><vector name="head" x="-28" y="-60"/><int name="delay" value="100"/></canvas></imgdir><imgdir name="stand"><canvas name="0" width="104" height="79"><vector name="origin" x="52" y="79"/><vector name="lt" x="-52" y="-79"/><vector name="rb" x="52" y="0"/><vector name="head" x="-24" y="-60"/><int name="delay" value="100"/></canvas><canvas name="1" width="109" height="79"><vector name="origin" x="52" y="79"/><vector name="lt" x="-52" y="-79"/><vector name="rb" x="52" y="0"/><vector name="head" x="-24" y="-60"/><int name="delay" value="100"/></canvas><canvas name="2" width="104" height="78"><vector name="origin" x="52" y="78"/><vector name="lt" x="-52" y="-78"/><vector name="rb" x="52" y="0"/><vector name="head" x="-24" y="-60"/><int name="delay" value="100"/></canvas><canvas name="3" width="102" height="77"><vector name="origin" x="52" y="77"/><vector name="lt" x="-52" y="-77"/><vector name="rb" x="50" y="0"/><vector name="head" x="-24" y="-60"/><int name="delay" value="100"/></canvas></imgdir><imgdir name="attack1"><imgdir name="info"><imgdir name="range"><vector name="sp" x="-26" y="-40"/><int name="r" value="300"/></imgdir><imgdir name="ball"><canvas name="0" width="78" height="31"><vector name="origin" x="17" y="15"/><int name="delay" value="150"/></canvas><canvas name="1" width="73" height="32"><vector name="origin" x="17" y="16"/><int name="delay" value="150"/></canvas></imgdir><imgdir name="hit"><canvas name="0" width="118" height="90"><vector name="origin" x="41" y="62"/><int name="delay" value="100"/></canvas><canvas name="1" width="92" height="140"><vector name="origin" x="43" y="82"/><int name="delay" value="100"/></canvas><canvas name="2" width="97" height="81"><vector name="origin" x="46" y="48"/><int name="delay" value="300"/><int name="a0" value="255"/><int name="a1" value="0"/></canvas></imgdir><int name="type" value="2"/><int name="conMP" value="3"/><int name="attackAfter" value="665"/><int name="bulletSpeed" value="200"/><string name="elemAttr" value="F"/><int name="magic" value="1"/></imgdir><canvas name="0" width="105" height="75"><vector name="origin" x="54" y="75"/><vector name="lt" x="-54" y="-75"/><vector name="rb" x="51" y="0"/><vector name="head" x="-26" y="-59"/><int name="delay" value="100"/></canvas><canvas name="1" width="142" height="123"><vector name="origin" x="91" y="123"/><vector name="lt" x="-57" y="-83"/><vector name="rb" x="51" y="0"/><vector name="head" x="-31" y="-74"/><int name="delay" value="100"/></canvas><canvas name="2" width="145" height="125"><vector name="origin" x="94" y="125"/><vector name="lt" x="-59" y="-82"/><vector name="rb" x="51" y="0"/><vector name="head" x="-31" y="-74"/><int name="delay" value="100"/></canvas><canvas name="3" width="145" height="124"><vector name="origin" x="94" y="124"/><vector name="lt" x="-61" y="-86"/><vector name="rb" x="51" y="0"/><vector name="head" x="-36" y="-76"/><int name="delay" value="100"/></canvas><canvas name="4" width="129" height="102"><vector name="origin" x="78" y="102"/><vector name="lt" x="-65" y="-84"/><vector name="rb" x="51" y="0"/><vector name="head" x="-40" y="-74"/><int name="delay" value="100"/></canvas><canvas name="5" width="147" height="79"><vector name="origin" x="83" y="77"/><vector name="lt" x="-61" y="-72"/><vector name="rb" x="51" y="0"/><vector name="head" x="-43" y="-55"/><int name="delay" value="100"/></canvas><canvas name="6" width="166" height="75"><vector name="origin" x="98" y="72"/><vector name="lt" x="-53" y="-71"/><vector name="rb" x="56" y="0"/><vector name="head" x="-31" y="-55"/><int name="delay" value="100"/></canvas><canvas name="7" width="156" height="76"><vector name="origin" x="86" y="73"/><vector name="lt" x="-49" y="-73"/><vector name="rb" x="65" y="0"/><vector name="head" x="-24" y="-59"/><int name="delay" value="100"/></canvas><canvas name="8" width="159" height="77"><vector name="origin" x="86" y="74"/><vector name="lt" x="-39" y="-74"/><vector name="rb" x="73" y="0"/><vector name="head" x="-17" y="-59"/><int name="delay" value="100"/></canvas><canvas name="9" width="171" height="77"><vector name="origin" x="94" y="73"/><vector name="lt" x="-41" y="-73"/><vector name="rb" x="77" y="0"/><vector name="head" x="-13" y="-59"/><int name="delay" value="100"/></canvas><canvas name="10" width="168" height="86"><vector name="origin" x="88" y="80"/><vector name="lt" x="-37" y="-74"/><vector name="rb" x="80" y="0"/><vector name="head" x="-11" y="-59"/><int name="delay" value="100"/></canvas><canvas name="11" width="110" height="80"><vector name="origin" x="26" y="77"/><vector name="lt" x="-26" y="-77"/><vector name="rb" x="84" y="0"/><vector name="head" x="1" y="-62"/><int name="delay" value="100"/></canvas><canvas name="12" width="98" height="76"><vector name="origin" x="23" y="76"/><vector name="lt" x="-23" y="-76"/><vector name="rb" x="75" y="0"/><vector name="head" x="3" y="-57"/><int name="delay" value="80"/></canvas><canvas name="13" width="105" height="78"><vector name="origin" x="29" y="78"/><vector name="lt" x="-29" y="-78"/><vector name="rb" x="68" y="0"/><vector name="head" x="-3" y="-60"/><int name="delay" value="80"/></canvas><canvas name="14" width="110" height="78"><vector name="origin" x="43" y="78"/><vector name="lt" x="-43" y="-78"/><vector name="rb" x="67" y="0"/><vector name="head" x="-17" y="-55"/><int name="delay" value="80"/></canvas><canvas name="15" width="98" height="76"><vector name="origin" x="46" y="76"/><vector name="lt" x="-46" y="-76"/><vector name="rb" x="52" y="0"/><vector name="head" x="-20" y="-57"/><int name="delay" value="80"/></canvas></imgdir><imgdir name="hit1"><canvas name="0" width="112" height="79"><vector name="origin" x="47" y="79"/><vector name="lt" x="-47" y="-79"/><vector name="rb" x="54" y="0"/><vector name="head" x="-21" y="-63"/><int name="delay" value="600"/></canvas></imgdir><imgdir name="die1"><canvas name="0" width="106" height="79"><vector name="origin" x="52" y="78"/><vector name="head" x="-24" y="-60"/><int name="delay" value="120"/></canvas><canvas name="1" width="112" height="74"><vector name="origin" x="52" y="73"/><vector name="head" x="-24" y="-54"/><int name="delay" value="120"/></canvas><canvas name="2" width="126" height="69"><vector name="origin" x="52" y="68"/><vector name="head" x="-24" y="-49"/><int name="delay" value="120"/></canvas><canvas name="3" width="121" height="67"><vector name="origin" x="56" y="66"/><vector name="head" x="-24" y="-44"/><int name="delay" value="120"/></canvas><canvas name="4" width="121" height="67"><vector name="origin" x="56" y="65"/><vector name="head" x="-24" y="-40"/><int name="delay" value="300"/><int name="a0" value="255"/><int name="a1" value="0"/></canvas></imgdir></imgdir>