<?xml version="1.0" encoding="UTF-8" standalone="yes"?><imgdir name="8140511.img"><imgdir name="info"><int name="bodyAttack" value="1"/><int name="level" value="91"/><int name="maxHP" value="43000"/><int name="maxMP" value="170"/><int name="speed" value="30"/><int name="PADamage" value="430"/><int name="PDDamage" value="650"/><int name="MADamage" value="460"/><int name="MDDamage" value="670"/><int name="acc" value="190"/><int name="eva" value="37"/><int name="exp" value="2280"/><int name="undead" value="0"/><int name="pushed" value="3280"/><string name="elemAttr" value="S2H2"/><float name="fs" value="10.0"/><int name="summonType" value="1"/></imgdir><imgdir name="regen"><canvas name="0" width="145" height="182"><vector name="origin" x="-2" y="249"/><int name="delay" value="180"/></canvas><canvas name="1" width="149" height="178"><vector name="origin" x="24" y="177"/><int name="delay" value="180"/></canvas><canvas name="2" width="246" height="161"><vector name="origin" x="91" y="132"/><int name="delay" value="180"/></canvas><canvas name="3" width="247" height="161"><vector name="origin" x="92" y="118"/><int name="delay" value="180"/></canvas><canvas name="4" width="249" height="187"><vector name="origin" x="93" y="143"/><int name="z" value="0"/><int name="delay" value="180"/></canvas><canvas name="5" width="251" height="192"><vector name="origin" x="94" y="149"/><int name="z" value="0"/><int name="delay" value="180"/></canvas><canvas name="6" width="271" height="202"><vector name="origin" x="114" y="160"/><int name="z" value="0"/><int name="delay" value="180"/></canvas><canvas name="7" width="330" height="196"><vector name="origin" x="139" y="167"/><int name="z" value="0"/><int name="delay" value="180"/></canvas><canvas name="8" width="129" height="159"><vector name="origin" x="77" y="147"/><int name="z" value="0"/><int name="delay" value="180"/></canvas><canvas name="9" width="125" height="164"><vector name="origin" x="65" y="163"/><int name="z" value="0"/><int name="delay" value="180"/></canvas></imgdir><imgdir name="stand"><canvas name="0" width="125" height="164"><vector name="origin" x="65" y="163"/><vector name="lt" x="-65" y="-160"/><vector name="rb" x="60" y="0"/><vector name="head" x="-20" y="-122"/><int name="delay" value="240"/></canvas><canvas name="1" width="125" height="163"><vector name="origin" x="65" y="162"/><vector name="lt" x="-65" y="-160"/><vector name="rb" x="60" y="1"/><vector name="head" x="-20" y="-122"/><int name="delay" value="240"/></canvas><canvas name="2" width="125" height="164"><vector name="origin" x="65" y="161"/><vector name="lt" x="-65" y="-161"/><vector name="rb" x="60" y="0"/><vector name="head" x="-20" y="-122"/><int name="delay" value="240"/></canvas><canvas name="3" width="125" height="165"><vector name="origin" x="65" y="160"/><int name="z" value="0"/><int name="delay" value="240"/><vector name="lt" x="-65" y="-160"/><vector name="rb" x="60" y="0"/><vector name="head" x="-20" y="-122"/></canvas><canvas name="4" width="125" height="164"><vector name="origin" x="65" y="161"/><int name="z" value="0"/><int name="delay" value="240"/><vector name="lt" x="-65" y="-160"/><vector name="rb" x="60" y="0"/><vector name="head" x="-20" y="-122"/></canvas><canvas name="5" width="125" height="163"><vector name="origin" x="65" y="162"/><int name="z" value="0"/><vector name="lt" x="-65" y="-160"/><vector name="rb" x="60" y="0"/><vector name="head" x="-20" y="-122"/><int name="delay" value="240"/></canvas></imgdir><imgdir name="move"><canvas name="0" width="125" height="166"><vector name="origin" x="65" y="165"/><vector name="lt" x="-65" y="-165"/><vector name="rb" x="50" y="-1"/><vector name="head" x="-24" y="-126"/><int name="delay" value="240"/></canvas><canvas name="1" width="125" height="167"><vector name="origin" x="65" y="166"/><vector name="lt" x="-56" y="-161"/><vector name="rb" x="46" y="-1"/><vector name="head" x="-24" y="-126"/><int name="delay" value="240"/></canvas><canvas name="2" width="125" height="164"><vector name="origin" x="66" y="163"/><vector name="lt" x="-56" y="-161"/><vector name="rb" x="46" y="-1"/><vector name="head" x="-24" y="-126"/><int name="delay" value="240"/></canvas><canvas name="3" width="125" height="164"><vector name="origin" x="68" y="161"/><vector name="lt" x="-56" y="-161"/><vector name="rb" x="46" y="-1"/><vector name="head" x="-24" y="-126"/><int name="delay" value="240"/></canvas><canvas name="4" width="125" height="164"><vector name="origin" x="66" y="163"/><int name="z" value="0"/><int name="delay" value="240"/><vector name="lt" x="-56" y="-161"/><vector name="rb" x="46" y="-1"/><vector name="head" x="-24" y="-126"/></canvas><canvas name="5" width="125" height="168"><vector name="origin" x="66" y="167"/><int name="z" value="0"/><int name="delay" value="240"/><vector name="lt" x="-56" y="-161"/><vector name="rb" x="46" y="-1"/><vector name="head" x="-24" y="-126"/></canvas><canvas name="6" width="125" height="169"><vector name="origin" x="66" y="168"/><int name="z" value="0"/><vector name="lt" x="-56" y="-161"/><vector name="rb" x="46" y="-1"/><vector name="head" x="-24" y="-126"/><int name="delay" value="240"/></canvas><canvas name="7" width="125" height="164"><vector name="origin" x="67" y="163"/><int name="z" value="0"/><vector name="lt" x="-56" y="-161"/><vector name="rb" x="46" y="-1"/><vector name="head" x="-24" y="-126"/><int name="delay" value="240"/></canvas><canvas name="8" width="125" height="163"><vector name="origin" x="69" y="161"/><int name="z" value="0"/><vector name="lt" x="-56" y="-161"/><vector name="rb" x="46" y="-1"/><vector name="head" x="-24" y="-126"/><int name="delay" value="240"/></canvas><canvas name="9" width="125" height="164"><vector name="origin" x="67" y="163"/><int name="z" value="0"/><vector name="lt" x="-56" y="-161"/><vector name="rb" x="46" y="-1"/><vector name="head" x="-24" y="-126"/><int name="delay" value="240"/></canvas><canvas name="10" width="125" height="165"><vector name="origin" x="66" y="164"/><int name="z" value="0"/><vector name="lt" x="-56" y="-161"/><vector name="rb" x="46" y="-1"/><vector name="head" x="-24" y="-126"/><int name="delay" value="240"/></canvas></imgdir><imgdir name="attack1"><imgdir name="info"><imgdir name="range"><vector name="lt" x="-294" y="-177"/><vector name="rb" x="68" y="0"/></imgdir><imgdir name="hit"><canvas name="0" width="23" height="22"><vector name="origin" x="13" y="66"/><int name="z" value="0"/><int name="delay" value="120"/></canvas><canvas name="1" width="56" height="68"><vector name="origin" x="13" y="67"/><int name="z" value="0"/><int name="delay" value="120"/></canvas><canvas name="2" width="116" height="63"><vector name="origin" x="57" y="61"/><int name="z" value="0"/><int name="delay" value="120"/></canvas><canvas name="3" width="116" height="45"><vector name="origin" x="52" y="49"/><int name="z" value="0"/><int name="delay" value="120"/></canvas><canvas name="4" width="105" height="12"><vector name="origin" x="52" y="33"/><int name="z" value="0"/><int name="delay" value="120"/></canvas><int name="attach" value="1"/></imgdir><int name="type" value="0"/><int name="conMP" value="2"/><int name="attackAfter" value="1320"/><int name="PADamage" value="470"/></imgdir><canvas name="0" width="130" height="162"><vector name="origin" x="75" y="161"/><vector name="lt" x="-60" y="-156"/><vector name="rb" x="41" y="-1"/><vector name="head" x="-21" y="-122"/><int name="delay" value="120"/></canvas><canvas name="1" width="130" height="161"><vector name="origin" x="76" y="160"/><vector name="lt" x="-60" y="-156"/><vector name="rb" x="41" y="-1"/><vector name="head" x="-21" y="-122"/><int name="delay" value="120"/></canvas><canvas name="2" width="147" height="168"><vector name="origin" x="100" y="167"/><vector name="lt" x="-70" y="-164"/><vector name="rb" x="32" y="1"/><vector name="head" x="-33" y="-128"/><int name="delay" value="120"/></canvas><canvas name="3" width="177" height="172"><vector name="origin" x="121" y="171"/><vector name="lt" x="-72" y="-161"/><vector name="rb" x="38" y="0"/><vector name="head" x="-32" y="-130"/><int name="delay" value="120"/></canvas><canvas name="4" width="173" height="171"><vector name="origin" x="118" y="170"/><vector name="lt" x="-71" y="-163"/><vector name="rb" x="33" y="-1"/><vector name="head" x="-29" y="-134"/><int name="delay" value="120"/></canvas><canvas name="5" width="162" height="150"><vector name="origin" x="88" y="149"/><vector name="lt" x="-51" y="-143"/><vector name="rb" x="68" y="1"/><vector name="head" x="-10" y="-115"/><int name="delay" value="120"/></canvas><canvas name="6" width="172" height="146"><vector name="origin" x="80" y="145"/><vector name="lt" x="-49" y="-139"/><vector name="rb" x="72" y="-3"/><vector name="head" x="-8" y="-110"/><int name="delay" value="120"/></canvas><canvas name="7" width="181" height="145"><vector name="origin" x="86" y="144"/><vector name="lt" x="-49" y="-135"/><vector name="rb" x="70" y="-2"/><vector name="head" x="-10" y="-110"/><int name="delay" value="120"/></canvas><canvas name="8" width="190" height="144"><vector name="origin" x="93" y="143"/><vector name="lt" x="-45" y="-136"/><vector name="rb" x="72" y="-2"/><vector name="head" x="-9" y="-110"/><int name="delay" value="120"/></canvas><canvas name="9" width="193" height="144"><vector name="origin" x="96" y="143"/><vector name="lt" x="-47" y="-135"/><vector name="rb" x="74" y="-1"/><vector name="head" x="-4" y="-111"/><int name="delay" value="120"/></canvas><canvas name="10" width="194" height="144"><vector name="origin" x="97" y="143"/><vector name="lt" x="-45" y="-136"/><vector name="rb" x="73" y="0"/><vector name="head" x="-9" y="-110"/><int name="delay" value="120"/></canvas><canvas name="11" width="229" height="144"><vector name="origin" x="133" y="143"/><int name="z" value="0"/><int name="delay" value="120"/><vector name="lt" x="-42" y="-136"/><vector name="rb" x="71" y="-2"/><vector name="head" x="-8" y="-109"/></canvas><canvas name="12" width="190" height="145"><vector name="origin" x="93" y="143"/><int name="z" value="0"/><int name="delay" value="120"/><vector name="lt" x="-46" y="-135"/><vector name="rb" x="72" y="-2"/><vector name="head" x="4" y="-112"/></canvas><canvas name="13" width="231" height="144"><vector name="origin" x="135" y="143"/><int name="z" value="0"/><int name="delay" value="120"/><vector name="lt" x="-80" y="-123"/><vector name="rb" x="74" y="-4"/><vector name="head" x="-6" y="-109"/></canvas><canvas name="14" width="190" height="144"><vector name="origin" x="93" y="143"/><int name="z" value="0"/><int name="delay" value="120"/><vector name="lt" x="-49" y="-134"/><vector name="rb" x="71" y="-5"/><vector name="head" x="-6" y="-110"/></canvas><canvas name="15" width="229" height="144"><vector name="origin" x="133" y="143"/><int name="z" value="0"/><int name="delay" value="120"/><vector name="lt" x="-63" y="-123"/><vector name="rb" x="74" y="-1"/><vector name="head" x="-6" y="-110"/></canvas><canvas name="16" width="190" height="145"><vector name="origin" x="93" y="143"/><int name="z" value="0"/><int name="delay" value="120"/><vector name="lt" x="-56" y="-128"/><vector name="rb" x="73" y="-2"/><vector name="head" x="-5" y="-110"/></canvas><canvas name="17" width="231" height="144"><vector name="origin" x="135" y="143"/><int name="z" value="0"/><int name="delay" value="120"/><vector name="lt" x="-62" y="-125"/><vector name="rb" x="76" y="-3"/><vector name="head" x="-4" y="-110"/></canvas><canvas name="18" width="190" height="144"><vector name="origin" x="93" y="143"/><int name="z" value="0"/><int name="delay" value="120"/><vector name="lt" x="-56" y="-127"/><vector name="rb" x="75" y="-1"/><vector name="head" x="-7" y="-110"/></canvas><canvas name="19" width="229" height="144"><vector name="origin" x="133" y="143"/><int name="z" value="0"/><int name="delay" value="120"/><vector name="lt" x="-61" y="-129"/><vector name="rb" x="75" y="-1"/><vector name="head" x="-7" y="-110"/></canvas><canvas name="20" width="187" height="145"><vector name="origin" x="90" y="143"/><int name="z" value="0"/><int name="delay" value="120"/><vector name="lt" x="-59" y="-127"/><vector name="rb" x="80" y="-5"/><vector name="head" x="-7" y="-110"/></canvas><canvas name="21" width="177" height="145"><vector name="origin" x="82" y="144"/><int name="z" value="0"/><int name="delay" value="120"/><vector name="lt" x="-57" y="-129"/><vector name="rb" x="79" y="-1"/><vector name="head" x="-8" y="-113"/></canvas><canvas name="22" width="165" height="150"><vector name="origin" x="92" y="149"/><int name="z" value="0"/><int name="delay" value="120"/><vector name="lt" x="-53" y="-141"/><vector name="rb" x="72" y="-2"/><vector name="head" x="-13" y="-117"/></canvas><canvas name="23" width="146" height="160"><vector name="origin" x="85" y="159"/><int name="z" value="0"/><int name="delay" value="120"/><vector name="lt" x="-58" y="-152"/><vector name="rb" x="54" y="-3"/><vector name="head" x="-21" y="-122"/></canvas></imgdir><imgdir name="attack2"><imgdir name="info"><imgdir name="range"><vector name="lt" x="-472" y="-193"/><vector name="rb" x="55" y="3"/></imgdir><imgdir name="hit"><canvas name="0" width="70" height="65"><vector name="origin" x="35" y="32"/><int name="z" value="0"/><int name="delay" value="120"/></canvas><canvas name="1" width="129" height="85"><vector name="origin" x="64" y="42"/><int name="z" value="0"/><int name="delay" value="120"/></canvas><canvas name="2" width="146" height="85"><vector name="origin" x="73" y="42"/><int name="z" value="0"/><int name="delay" value="120"/></canvas><canvas name="3" width="149" height="89"><vector name="origin" x="74" y="44"/><int name="z" value="0"/><int name="delay" value="120"/></canvas><int name="attach" value="1"/></imgdir><int name="type" value="0"/><int name="attackAfter" value="640"/><int name="PADamage" value="400"/><int name="knockback" value="1"/></imgdir><canvas name="0" width="125" height="164"><vector name="origin" x="65" y="163"/><vector name="lt" x="-62" y="-157"/><vector name="rb" x="44" y="-3"/><vector name="head" x="-27" y="-124"/><int name="delay" value="180"/></canvas><canvas name="1" width="129" height="159"><vector name="origin" x="77" y="147"/><vector name="lt" x="-57" y="-145"/><vector name="rb" x="44" y="-3"/><vector name="head" x="-23" y="-117"/><int name="delay" value="180"/></canvas><canvas name="2" width="145" height="156"><vector name="origin" x="97" y="130"/><vector name="lt" x="-69" y="-126"/><vector name="rb" x="39" y="-1"/><vector name="head" x="-34" y="-95"/><int name="delay" value="180"/></canvas><canvas name="3" width="153" height="156"><vector name="origin" x="98" y="128"/><vector name="lt" x="-68" y="-122"/><vector name="rb" x="35" y="3"/><vector name="head" x="-28" y="-92"/><int name="delay" value="180"/></canvas><canvas name="4" width="159" height="156"><vector name="origin" x="98" y="128"/><vector name="lt" x="-65" y="-124"/><vector name="rb" x="48" y="-2"/><vector name="head" x="-34" y="-92"/><int name="delay" value="180"/></canvas><canvas name="5" width="247" height="179"><vector name="origin" x="130" y="151"/><vector name="lt" x="-98" y="-144"/><vector name="rb" x="32" y="-2"/><vector name="head" x="-39" y="-107"/><int name="delay" value="90"/></canvas><canvas name="6" width="284" height="152"><vector name="origin" x="169" y="151"/><vector name="lt" x="-137" y="-143"/><vector name="rb" x="44" y="-3"/><vector name="head" x="-77" y="-110"/><int name="delay" value="90"/></canvas><canvas name="7" width="546" height="152"><vector name="origin" x="431" y="151"/><vector name="lt" x="-401" y="-148"/><vector name="rb" x="-244" y="-5"/><vector name="head" x="-344" y="-113"/><int name="delay" value="90"/></canvas><canvas name="8" width="612" height="197"><vector name="origin" x="495" y="168"/><vector name="lt" x="-430" y="-163"/><vector name="rb" x="-270" y="-4"/><vector name="head" x="-359" y="-122"/><int name="delay" value="60"/></canvas><canvas name="9" width="281" height="194"><vector name="origin" x="521" y="193"/><vector name="lt" x="-424" y="-180"/><vector name="rb" x="-287" y="-6"/><vector name="head" x="-371" y="-122"/><int name="delay" value="60"/></canvas><canvas name="10" width="268" height="196"><vector name="origin" x="509" y="195"/><vector name="lt" x="-408" y="-181"/><vector name="rb" x="-287" y="-2"/><vector name="head" x="-371" y="-125"/><int name="delay" value="60"/></canvas><canvas name="11" width="265" height="187"><vector name="origin" x="508" y="186"/><vector name="lt" x="-405" y="-183"/><vector name="rb" x="-283" y="0"/><vector name="head" x="-370" y="-122"/><int name="delay" value="60"/></canvas><canvas name="12" width="186" height="166"><vector name="origin" x="441" y="165"/><int name="z" value="0"/><int name="delay" value="90"/><vector name="lt" x="-430" y="-164"/><vector name="rb" x="-284" y="-1"/><vector name="head" x="-369" y="-129"/></canvas><canvas name="13" width="163" height="151"><vector name="origin" x="445" y="150"/><int name="z" value="0"/><int name="delay" value="90"/><vector name="lt" x="-423" y="-151"/><vector name="rb" x="-287" y="-2"/><vector name="head" x="-368" y="-116"/></canvas><canvas name="14" width="195" height="151"><vector name="origin" x="445" y="150"/><int name="z" value="0"/><vector name="lt" x="-410" y="-145"/><vector name="rb" x="-256" y="-3"/><vector name="head" x="-373" y="-119"/><int name="delay" value="90"/></canvas><canvas name="15" width="430" height="149"><vector name="origin" x="438" y="148"/><int name="z" value="0"/><vector name="lt" x="-149" y="-145"/><vector name="rb" x="-14" y="-3"/><vector name="head" x="-116" y="-114"/><int name="delay" value="90"/></canvas><canvas name="16" width="475" height="150"><vector name="origin" x="438" y="148"/><int name="z" value="0"/><vector name="lt" x="-62" y="-157"/><vector name="rb" x="44" y="-3"/><vector name="head" x="-47" y="-110"/><int name="delay" value="90"/></canvas><canvas name="17" width="497" height="150"><vector name="origin" x="440" y="148"/><int name="z" value="0"/><vector name="lt" x="-70" y="-146"/><vector name="rb" x="51" y="0"/><vector name="head" x="-33" y="-115"/><int name="delay" value="90"/></canvas><canvas name="18" width="225" height="152"><vector name="origin" x="155" y="149"/><int name="z" value="0"/><vector name="lt" x="-56" y="-147"/><vector name="rb" x="63" y="3"/><vector name="head" x="-17" y="-120"/><int name="delay" value="90"/></canvas><canvas name="19" width="146" height="160"><vector name="origin" x="85" y="159"/><int name="z" value="0"/><vector name="lt" x="-58" y="-153"/><vector name="rb" x="56" y="-1"/><vector name="head" x="-19" y="-116"/><int name="delay" value="120"/></canvas></imgdir><imgdir name="attack3"><imgdir name="info"><imgdir name="range"><vector name="lt" x="-232" y="-192"/><vector name="rb" x="49" y="-1"/></imgdir><imgdir name="hit"><canvas name="0" width="71" height="67"><vector name="origin" x="78" y="48"/><int name="delay" value="120"/></canvas><canvas name="1" width="71" height="65"><vector name="origin" x="77" y="49"/><int name="delay" value="120"/></canvas><canvas name="2" width="71" height="63"><vector name="origin" x="76" y="48"/><int name="delay" value="120"/></canvas><canvas name="3" width="51" height="48"><vector name="origin" x="63" y="43"/><int name="delay" value="120"/></canvas><canvas name="4" width="24" height="29"><vector name="origin" x="53" y="36"/><int name="delay" value="120"/></canvas><canvas name="5" width="25" height="31"><vector name="origin" x="54" y="36"/><int name="delay" value="120"/></canvas><canvas name="6" width="26" height="35"><vector name="origin" x="56" y="38"/><int name="delay" value="120"/></canvas></imgdir><int name="type" value="0"/><int name="conMP" value="2"/><int name="attackAfter" value="1440"/><int name="magic" value="1"/></imgdir><canvas name="0" width="130" height="162"><vector name="origin" x="75" y="164"/><int name="z" value="0"/><vector name="lt" x="-62" y="-158"/><vector name="rb" x="45" y="-4"/><vector name="head" x="-23" y="-120"/><int name="delay" value="120"/></canvas><canvas name="1" width="130" height="161"><vector name="origin" x="76" y="160"/><int name="z" value="0"/><int name="delay" value="120"/><vector name="lt" x="-62" y="-158"/><vector name="rb" x="45" y="-4"/><vector name="head" x="-23" y="-120"/></canvas><canvas name="2" width="147" height="174"><vector name="origin" x="100" y="173"/><int name="z" value="0"/><int name="delay" value="120"/><vector name="lt" x="-69" y="-164"/><vector name="rb" x="31" y="-9"/><vector name="head" x="-33" y="-128"/></canvas><canvas name="3" width="177" height="185"><vector name="origin" x="121" y="184"/><int name="z" value="0"/><int name="delay" value="120"/><vector name="lt" x="-81" y="-169"/><vector name="rb" x="45" y="-4"/><vector name="head" x="-39" y="-130"/></canvas><canvas name="4" width="173" height="190"><vector name="origin" x="118" y="189"/><int name="z" value="0"/><int name="delay" value="120"/><vector name="lt" x="-77" y="-165"/><vector name="rb" x="45" y="-14"/><vector name="head" x="-35" y="-132"/></canvas><canvas name="5" width="162" height="175"><vector name="origin" x="88" y="174"/><int name="z" value="0"/><int name="delay" value="120"/><vector name="lt" x="-69" y="-152"/><vector name="rb" x="71" y="-1"/><vector name="head" x="-14" y="-114"/></canvas><canvas name="6" width="163" height="160"><vector name="origin" x="87" y="159"/><int name="z" value="0"/><int name="delay" value="120"/><vector name="lt" x="-79" y="-137"/><vector name="rb" x="70" y="0"/><vector name="head" x="-14" y="-110"/></canvas><canvas name="7" width="166" height="153"><vector name="origin" x="89" y="152"/><int name="z" value="0"/><int name="delay" value="120"/><vector name="lt" x="-79" y="-123"/><vector name="rb" x="72" y="-1"/><vector name="head" x="-13" y="-110"/></canvas><canvas name="8" width="160" height="134"><vector name="origin" x="82" y="133"/><int name="z" value="0"/><int name="delay" value="120"/><vector name="lt" x="-71" y="-112"/><vector name="rb" x="70" y="-2"/><vector name="head" x="-10" y="-109"/></canvas><canvas name="9" width="160" height="130"><vector name="origin" x="82" y="129"/><int name="z" value="0"/><int name="delay" value="120"/><vector name="lt" x="-63" y="-115"/><vector name="rb" x="73" y="-1"/><vector name="head" x="-9" y="-110"/></canvas><canvas name="10" width="160" height="133"><vector name="origin" x="82" y="132"/><int name="z" value="0"/><int name="delay" value="120"/><vector name="lt" x="-65" y="-119"/><vector name="rb" x="73" y="-2"/><vector name="head" x="-4" y="-111"/></canvas><canvas name="11" width="202" height="141"><vector name="origin" x="82" y="140"/><int name="z" value="0"/><int name="delay" value="120"/><vector name="lt" x="-67" y="-125"/><vector name="rb" x="76" y="-6"/><vector name="head" x="-7" y="-110"/></canvas><canvas name="12" width="246" height="149"><vector name="origin" x="128" y="148"/><int name="z" value="0"/><int name="delay" value="120"/><vector name="lt" x="-95" y="-120"/><vector name="rb" x="77" y="-2"/><vector name="head" x="-4" y="-111"/></canvas><canvas name="13" width="273" height="160"><vector name="origin" x="155" y="159"/><int name="z" value="0"/><int name="delay" value="120"/><vector name="lt" x="-64" y="-116"/><vector name="rb" x="71" y="-1"/><vector name="head" x="-12" y="-109"/></canvas><canvas name="14" width="262" height="168"><vector name="origin" x="142" y="167"/><int name="z" value="0"/><int name="delay" value="120"/><vector name="lt" x="-61" y="-116"/><vector name="rb" x="75" y="-3"/><vector name="head" x="-6" y="-113"/></canvas><canvas name="15" width="237" height="173"><vector name="origin" x="147" y="172"/><int name="z" value="0"/><int name="delay" value="120"/><vector name="lt" x="-60" y="-117"/><vector name="rb" x="75" y="-2"/><vector name="head" x="-12" y="-110"/></canvas><canvas name="16" width="222" height="140"><vector name="origin" x="148" y="139"/><int name="z" value="0"/><int name="delay" value="120"/><vector name="lt" x="-57" y="-133"/><vector name="rb" x="70" y="0"/><vector name="head" x="-9" y="-115"/></canvas><canvas name="17" width="145" height="160"><vector name="origin" x="83" y="159"/><int name="z" value="0"/><int name="delay" value="120"/><vector name="lt" x="-56" y="-153"/><vector name="rb" x="56" y="-2"/><vector name="head" x="-12" y="-121"/></canvas></imgdir><imgdir name="hit1"><canvas name="0" width="189" height="178"><vector name="origin" x="112" y="175"/><vector name="lt" x="-58" y="-175"/><vector name="rb" x="41" y="-1"/><vector name="head" x="-34" y="-136"/><int name="delay" value="600"/><int name="z" value="0"/></canvas></imgdir><imgdir name="die1"><canvas name="0" width="189" height="178"><vector name="origin" x="112" y="175"/><vector name="head" x="-17" y="-128"/><int name="delay" value="120"/></canvas><canvas name="1" width="161" height="157"><vector name="origin" x="96" y="130"/><vector name="head" x="-27" y="-93"/><int name="delay" value="120"/></canvas><canvas name="2" width="170" height="157"><vector name="origin" x="97" y="118"/><vector name="head" x="-33" y="-79"/><int name="delay" value="120"/></canvas><canvas name="3" width="177" height="159"><vector name="origin" x="99" y="118"/><vector name="head" x="-34" y="-77"/><int name="delay" value="120"/></canvas><canvas name="4" width="181" height="161"><vector name="origin" x="100" y="118"/><vector name="head" x="-32" y="-75"/><int name="delay" value="120"/></canvas><canvas name="5" width="189" height="179"><vector name="origin" x="104" y="136"/><vector name="head" x="-33" y="-75"/><int name="delay" value="120"/></canvas><canvas name="6" width="167" height="184"><vector name="origin" x="88" y="141"/><vector name="head" x="-31" y="-76"/><int name="delay" value="120"/></canvas><canvas name="7" width="229" height="171"><vector name="origin" x="123" y="144"/><int name="delay" value="120"/><vector name="head" x="-32" y="-87"/></canvas><canvas name="8" width="255" height="149"><vector name="origin" x="139" y="142"/><int name="z" value="0"/><int name="delay" value="120"/><vector name="head" x="-31" y="-102"/></canvas><canvas name="9" width="256" height="162"><vector name="origin" x="136" y="160"/><int name="z" value="0"/><int name="delay" value="120"/><vector name="head" x="-20" y="-88"/></canvas><canvas name="10" width="286" height="161"><vector name="origin" x="148" y="160"/><int name="z" value="0"/><int name="delay" value="120"/><vector name="head" x="-23" y="-89"/></canvas><canvas name="11" width="301" height="161"><vector name="origin" x="155" y="160"/><int name="z" value="0"/><int name="delay" value="120"/><vector name="head" x="-13" y="-104"/></canvas><canvas name="12" width="182" height="174"><vector name="origin" x="90" y="172"/><int name="z" value="0"/><int name="delay" value="120"/><vector name="head" x="-9" y="-104"/></canvas><canvas name="13" width="195" height="182"><vector name="origin" x="101" y="178"/><int name="z" value="0"/><int name="delay" value="120"/><vector name="head" x="-10" y="-98"/></canvas><canvas name="14" width="201" height="192"><vector name="origin" x="103" y="188"/><int name="z" value="0"/><int name="delay" value="120"/><vector name="head" x="-3" y="-101"/></canvas><canvas name="15" width="190" height="193"><vector name="origin" x="100" y="190"/><int name="z" value="0"/><int name="delay" value="120"/><vector name="head" x="-1" y="-97"/></canvas><canvas name="16" width="174" height="200"><vector name="origin" x="96" y="199"/><int name="z" value="0"/><int name="delay" value="120"/><vector name="head" x="-1" y="-94"/></canvas><canvas name="17" width="161" height="208"><vector name="origin" x="90" y="207"/><int name="z" value="0"/><int name="delay" value="120"/><vector name="head" x="-1" y="-97"/></canvas><canvas name="18" width="152" height="210"><vector name="origin" x="89" y="209"/><int name="z" value="0"/><int name="delay" value="120"/><vector name="head" x="-4" y="-63"/></canvas><canvas name="19" width="100" height="114"><vector name="origin" x="57" y="211"/><int name="z" value="0"/><int name="delay" value="120"/><vector name="head" x="-3" y="-97"/></canvas></imgdir></imgdir>