<?xml version="1.0" encoding="UTF-8" standalone="yes"?><imgdir name="8140111.img"><imgdir name="info"><int name="bodyAttack" value="1"/><int name="level" value="88"/><int name="maxHP" value="37000"/><int name="maxMP" value="200"/><int name="speed" value="-30"/><int name="PADamage" value="395"/><int name="PDDamage" value="850"/><int name="MADamage" value="0"/><int name="MDDamage" value="480"/><int name="acc" value="170"/><int name="eva" value="28"/><int name="exp" value="1620"/><int name="undead" value="0"/><int name="pushed" value="3700"/><int name="hpRecovery" value="200"/><int name="mpRecovery" value="10"/><string name="elemAttr" value="H2S2"/><float name="fs" value="10.0"/><int name="summonType" value="1"/><int name="chaseSpeed" value="10"/><imgdir name="skill"><imgdir name="0"><int name="skill" value="101"/><int name="action" value="1"/><int name="level" value="2"/><int name="effectAfter" value="0"/></imgdir><imgdir name="1"><int name="skill" value="102"/><int name="action" value="1"/><int name="level" value="2"/><int name="effectAfter" value="0"/></imgdir></imgdir><int name="mobType" value="0"/></imgdir><imgdir name="move"><canvas name="0" width="90" height="64"><vector name="origin" x="49" y="64"/><vector name="lt" x="-50" y="-65"/><vector name="rb" x="32" y="0"/><vector name="head" x="-24" y="-35"/><int name="delay" value="200"/></canvas><canvas name="1" width="91" height="65"><vector name="origin" x="49" y="65"/><vector name="lt" x="-50" y="-66"/><vector name="rb" x="32" y="0"/><vector name="head" x="-24" y="-34"/><int name="delay" value="200"/></canvas><canvas name="2" width="92" height="64"><vector name="origin" x="49" y="64"/><vector name="lt" x="-50" y="-65"/><vector name="rb" x="32" y="0"/><vector name="head" x="-24" y="-35"/><int name="delay" value="200"/></canvas><canvas name="3" width="93" height="65"><vector name="origin" x="49" y="65"/><vector name="lt" x="-50" y="-66"/><vector name="rb" x="32" y="0"/><vector name="head" x="-24" y="-34"/><int name="delay" value="200"/></canvas></imgdir><imgdir name="stand"><canvas name="0" width="97" height="71"><vector name="origin" x="56" y="66"/><vector name="lt" x="-49" y="-66"/><vector name="rb" x="32" y="0"/><vector name="head" x="-24" y="-35"/><int name="delay" value="200"/></canvas><canvas name="1" width="91" height="66"><vector name="origin" x="49" y="66"/><vector name="lt" x="-49" y="-66"/><vector name="rb" x="32" y="0"/><vector name="head" x="-24" y="-35"/><int name="delay" value="200"/></canvas><canvas name="2" width="98" height="71"><vector name="origin" x="55" y="66"/><vector name="lt" x="-49" y="-66"/><vector name="rb" x="32" y="0"/><vector name="head" x="-24" y="-35"/><int name="delay" value="200"/></canvas><canvas name="3" width="100" height="70"><vector name="origin" x="56" y="66"/><vector name="lt" x="-49" y="-66"/><vector name="rb" x="32" y="0"/><vector name="head" x="-24" y="-35"/><int name="delay" value="200"/></canvas></imgdir><imgdir name="chase"><canvas name="0" width="88" height="62"><vector name="origin" x="49" y="60"/><vector name="lt" x="-50" y="-60"/><vector name="rb" x="39" y="0"/><vector name="head" x="-25" y="-30"/><int name="delay" value="150"/></canvas><canvas name="1" width="105" height="65"><vector name="origin" x="66" y="70"/><vector name="lt" x="-51" y="-70"/><vector name="rb" x="31" y="-5"/><vector name="head" x="-27" y="-44"/><int name="delay" value="150"/></canvas><canvas name="2" width="102" height="65"><vector name="origin" x="67" y="69"/><vector name="lt" x="-51" y="-69"/><vector name="rb" x="29" y="-4"/><vector name="head" x="-27" y="-38"/><int name="delay" value="150"/></canvas><canvas name="3" width="101" height="70"><vector name="origin" x="66" y="72"/><vector name="lt" x="-49" y="-72"/><vector name="rb" x="32" y="-2"/><vector name="head" x="-25" y="-34"/><int name="delay" value="150"/></canvas></imgdir><imgdir name="attack1"><imgdir name="info"><imgdir name="range"><vector name="lt" x="-160" y="-90"/><vector name="rb" x="30" y="0"/></imgdir><imgdir name="hit"><canvas name="0" width="83" height="91"><vector name="origin" x="45" y="91"/><int name="z" value="0"/><int name="delay" value="120"/></canvas><canvas name="1" width="110" height="113"><vector name="origin" x="61" y="106"/><int name="z" value="0"/><int name="delay" value="120"/></canvas><int name="attach" value="1"/></imgdir><int name="type" value="0"/><int name="attackAfter" value="700"/><int name="PADamage" value="415"/></imgdir><canvas name="0" width="91" height="68"><vector name="origin" x="49" y="63"/><vector name="lt" x="-49" y="-58"/><vector name="rb" x="31" y="0"/><vector name="head" x="-25" y="-30"/><int name="delay" value="100"/></canvas><canvas name="1" width="101" height="79"><vector name="origin" x="52" y="67"/><vector name="lt" x="-49" y="-58"/><vector name="rb" x="32" y="0"/><vector name="head" x="-24" y="-28"/><int name="delay" value="100"/></canvas><canvas name="2" width="105" height="81"><vector name="origin" x="53" y="67"/><vector name="lt" x="-48" y="-58"/><vector name="rb" x="32" y="0"/><vector name="head" x="-23" y="-27"/><int name="delay" value="100"/></canvas><canvas name="3" width="105" height="83"><vector name="origin" x="53" y="68"/><vector name="lt" x="-48" y="-58"/><vector name="rb" x="32" y="0"/><vector name="head" x="-23" y="-27"/><int name="delay" value="100"/></canvas><canvas name="4" width="105" height="83"><vector name="origin" x="53" y="68"/><vector name="lt" x="-47" y="-58"/><vector name="rb" x="32" y="0"/><vector name="head" x="-23" y="-27"/><int name="delay" value="100"/></canvas><canvas name="5" width="107" height="83"><vector name="origin" x="54" y="68"/><vector name="lt" x="-48" y="-53"/><vector name="rb" x="32" y="0"/><vector name="head" x="-23" y="-27"/><int name="delay" value="100"/></canvas><canvas name="6" width="107" height="85"><vector name="origin" x="54" y="69"/><vector name="lt" x="-47" y="-54"/><vector name="rb" x="32" y="0"/><vector name="head" x="-23" y="-27"/><int name="delay" value="100"/></canvas><canvas name="7" width="174" height="86"><vector name="origin" x="126" y="76"/><vector name="lt" x="-54" y="-59"/><vector name="rb" x="28" y="0"/><vector name="head" x="-30" y="-38"/><int name="delay" value="100"/></canvas><canvas name="8" width="178" height="85"><vector name="origin" x="131" y="74"/><vector name="lt" x="-54" y="-57"/><vector name="rb" x="27" y="0"/><vector name="head" x="-31" y="-38"/><int name="delay" value="100"/></canvas><canvas name="9" width="186" height="84"><vector name="origin" x="140" y="74"/><vector name="lt" x="-54" y="-57"/><vector name="rb" x="27" y="0"/><vector name="head" x="-30" y="-38"/><int name="delay" value="100"/></canvas><canvas name="10" width="189" height="82"><vector name="origin" x="143" y="73"/><vector name="lt" x="-52" y="-55"/><vector name="rb" x="29" y="0"/><vector name="head" x="-29" y="-38"/><int name="delay" value="100"/></canvas><canvas name="11" width="188" height="80"><vector name="origin" x="143" y="72"/><vector name="lt" x="-52" y="-55"/><vector name="rb" x="28" y="0"/><vector name="head" x="-29" y="-38"/><int name="delay" value="100"/></canvas><canvas name="12" width="100" height="77"><vector name="origin" x="56" y="70"/><vector name="lt" x="-52" y="-56"/><vector name="rb" x="29" y="0"/><vector name="head" x="-29" y="-38"/><int name="delay" value="100"/></canvas><uol name="13" value="../skill1/0"/><uol name="14" value="../skill1/1"/><uol name="15" value="../skill1/2"/><uol name="16" value="../skill1/3"/><uol name="17" value="../skill1/4"/><uol name="18" value="../skill1/3"/><uol name="19" value="../skill1/2"/><uol name="20" value="../skill1/1"/><uol name="21" value="../skill1/0"/></imgdir><imgdir name="attack2"><imgdir name="info"><imgdir name="range"><vector name="lt" x="-250" y="-100"/><vector name="rb" x="249" y="30"/></imgdir><imgdir name="effect"><imgdir name="0"><canvas name="0" width="69" height="98"><vector name="origin" x="-27" y="134"/><int name="delay" value="100"/></canvas><canvas name="1" width="72" height="100"><vector name="origin" x="-25" y="132"/><int name="delay" value="100"/></canvas><canvas name="2" width="111" height="144"><vector name="origin" x="8" y="132"/><int name="delay" value="100"/></canvas><canvas name="3" width="105" height="133"><vector name="origin" x="13" y="123"/><int name="delay" value="100"/></canvas><canvas name="4" width="82" height="116"><vector name="origin" x="13" y="111"/><int name="delay" value="100"/></canvas><canvas name="5" width="56" height="69"><vector name="origin" x="11" y="69"/><int name="delay" value="100"/></canvas></imgdir><imgdir name="1"><canvas name="0" width="54" height="76"><vector name="origin" x="-27" y="120"/><int name="delay" value="100"/></canvas><canvas name="1" width="57" height="79"><vector name="origin" x="-25" y="120"/><int name="delay" value="100"/></canvas><canvas name="2" width="86" height="116"><vector name="origin" x="5" y="109"/><int name="delay" value="100"/></canvas><canvas name="3" width="63" height="79"><vector name="origin" x="8" y="77"/><int name="delay" value="100"/></canvas><canvas name="4" width="48" height="62"><vector name="origin" x="6" y="59"/><int name="delay" value="100"/></canvas><canvas name="5" width="27" height="27"><vector name="origin" x="0" y="27"/><int name="delay" value="100"/></canvas></imgdir><imgdir name="2"><canvas name="0" width="43" height="60"><vector name="origin" x="-27" y="98"/><int name="delay" value="100"/></canvas><canvas name="1" width="44" height="60"><vector name="origin" x="-26" y="96"/><int name="delay" value="100"/></canvas><canvas name="2" width="57" height="75"><vector name="origin" x="5" y="66"/><int name="delay" value="100"/></canvas><canvas name="3" width="50" height="69"><vector name="origin" x="6" y="60"/><int name="delay" value="100"/></canvas><canvas name="4" width="42" height="56"><vector name="origin" x="5" y="50"/><int name="delay" value="100"/></canvas><canvas name="5" width="20" height="19"><vector name="origin" x="2" y="18"/><int name="delay" value="100"/></canvas></imgdir><int name="x" value="105"/><int name="y" value="130"/><int name="fall" value="400"/><int name="start" value="150"/><int name="interval" value="90"/><int name="count" value="5"/><int name="duration" value="600"/><int name="effectType" value="2"/><int name="delay" value="1000"/><vector name="lt" x="-250" y="-80"/><vector name="rb" x="250" y="50"/></imgdir><imgdir name="hit"><canvas name="0" width="99" height="107"><vector name="origin" x="50" y="91"/><int name="z" value="0"/><int name="delay" value="120"/></canvas><canvas name="1" width="80" height="77"><vector name="origin" x="38" y="73"/><int name="z" value="0"/><int name="delay" value="120"/></canvas><int name="attach" value="1"/></imgdir><int name="type" value="0"/><int name="attackAfter" value="1300"/><int name="PADamage" value="410"/></imgdir><canvas name="0" width="99" height="75"><vector name="origin" x="53" y="67"/><vector name="lt" x="-50" y="-60"/><vector name="rb" x="31" y="0"/><vector name="head" x="-25" y="-30"/><int name="delay" value="100"/></canvas><canvas name="1" width="155" height="109"><vector name="origin" x="105" y="96"/><vector name="lt" x="-49" y="-60"/><vector name="rb" x="31" y="0"/><vector name="head" x="-24" y="-28"/><int name="delay" value="100"/></canvas><canvas name="2" width="152" height="111"><vector name="origin" x="100" y="96"/><vector name="lt" x="-49" y="-60"/><vector name="rb" x="31" y="0"/><vector name="head" x="-23" y="-27"/><int name="delay" value="100"/></canvas><canvas name="3" width="144" height="113"><vector name="origin" x="92" y="98"/><vector name="lt" x="-49" y="-60"/><vector name="rb" x="31" y="0"/><vector name="head" x="-23" y="-27"/><int name="delay" value="100"/></canvas><canvas name="4" width="138" height="112"><vector name="origin" x="85" y="97"/><vector name="lt" x="-48" y="-60"/><vector name="rb" x="32" y="0"/><vector name="head" x="-23" y="-27"/><int name="delay" value="100"/></canvas><canvas name="5" width="138" height="113"><vector name="origin" x="85" y="97"/><vector name="lt" x="-48" y="-57"/><vector name="rb" x="32" y="0"/><vector name="head" x="-23" y="-27"/><int name="delay" value="100"/></canvas><canvas name="6" width="155" height="107"><vector name="origin" x="105" y="100"/><vector name="lt" x="-50" y="-66"/><vector name="rb" x="29" y="-5"/><vector name="head" x="-27" y="-43"/><int name="delay" value="100"/></canvas><canvas name="7" width="163" height="107"><vector name="origin" x="114" y="100"/><vector name="lt" x="-52" y="-64"/><vector name="rb" x="29" y="-6"/><vector name="head" x="-28" y="-44"/><int name="delay" value="100"/></canvas><canvas name="8" width="168" height="116"><vector name="origin" x="121" y="104"/><vector name="lt" x="-52" y="-63"/><vector name="rb" x="29" y="-5"/><vector name="head" x="-28" y="-43"/><int name="delay" value="100"/></canvas><canvas name="9" width="171" height="122"><vector name="origin" x="124" y="107"/><vector name="lt" x="-52" y="-62"/><vector name="rb" x="29" y="-4"/><vector name="head" x="-28" y="-42"/><int name="delay" value="100"/></canvas><uol name="10" value="../skill1/0"/><uol name="11" value="../skill1/1"/><uol name="12" value="../skill1/2"/><uol name="13" value="../skill1/3"/><uol name="14" value="../skill1/4"/><uol name="15" value="../skill1/3"/><uol name="16" value="../skill1/2"/><uol name="17" value="../skill1/1"/><uol name="18" value="../skill1/0"/></imgdir><imgdir name="skill1"><canvas name="0" width="98" height="75"><vector name="origin" x="52" y="67"/><vector name="lt" x="-49" y="-52"/><vector name="rb" x="29" y="0"/><vector name="head" x="-25" y="-30"/><int name="delay" value="100"/></canvas><canvas name="1" width="103" height="81"><vector name="origin" x="53" y="68"/><vector name="lt" x="-48" y="-53"/><vector name="rb" x="32" y="0"/><vector name="head" x="-24" y="-28"/><int name="delay" value="100"/></canvas><canvas name="2" width="105" height="83"><vector name="origin" x="53" y="68"/><vector name="lt" x="-47" y="-52"/><vector name="rb" x="33" y="0"/><vector name="head" x="-23" y="-27"/><int name="delay" value="100"/></canvas><canvas name="3" width="107" height="83"><vector name="origin" x="54" y="68"/><vector name="lt" x="-42" y="-50"/><vector name="rb" x="36" y="0"/><vector name="head" x="-20" y="-27"/><int name="delay" value="100"/></canvas><canvas name="4" width="107" height="85"><vector name="origin" x="54" y="69"/><vector name="lt" x="-47" y="-51"/><vector name="rb" x="33" y="0"/><vector name="head" x="-23" y="-27"/><int name="delay" value="100"/></canvas><canvas name="5" width="108" height="86"><vector name="origin" x="57" y="79"/><vector name="lt" x="-48" y="-62"/><vector name="rb" x="31" y="-5"/><vector name="head" x="-26" y="-43"/><int name="delay" value="100"/></canvas><canvas name="6" width="106" height="84"><vector name="origin" x="57" y="79"/><vector name="lt" x="-50" y="-60"/><vector name="rb" x="31" y="-6"/><vector name="head" x="-27" y="-43"/><int name="delay" value="100"/></canvas><canvas name="7" width="106" height="84"><vector name="origin" x="57" y="78"/><vector name="lt" x="-50" y="-61"/><vector name="rb" x="30" y="-4"/><vector name="head" x="-27" y="-42"/><int name="delay" value="100"/></canvas></imgdir><imgdir name="hit1"><canvas name="0" width="102" height="68"><vector name="origin" x="41" y="62"/><vector name="lt" x="-38" y="-62"/><vector name="rb" x="43" y="0"/><vector name="head" x="-13" y="-30"/><int name="delay" value="600"/></canvas></imgdir><imgdir name="die1"><canvas name="0" width="69" height="55"><vector name="origin" x="31" y="56"/><vector name="head" x="-8" y="-43"/><int name="delay" value="130"/></canvas><canvas name="1" width="75" height="55"><vector name="origin" x="32" y="55"/><vector name="head" x="-6" y="-42"/><int name="delay" value="103"/></canvas><canvas name="2" width="81" height="59"><vector name="origin" x="33" y="54"/><vector name="head" x="-4" y="-41"/><int name="delay" value="130"/></canvas><canvas name="3" width="91" height="66"><vector name="origin" x="38" y="53"/><vector name="head" x="-2" y="-39"/><int name="delay" value="130"/></canvas><canvas name="4" width="103" height="71"><vector name="origin" x="43" y="52"/><vector name="head" x="0" y="-38"/><int name="delay" value="130"/></canvas><canvas name="5" width="60" height="55"><vector name="origin" x="20" y="51"/><vector name="head" x="2" y="-37"/><int name="delay" value="130"/></canvas><canvas name="6" width="60" height="55"><vector name="origin" x="18" y="50"/><vector name="head" x="3" y="-36"/><int name="delay" value="300"/><int name="a0" value="255"/><int name="a1" value="0"/></canvas></imgdir></imgdir>