<?xml version="1.0" encoding="UTF-8" standalone="yes"?><imgdir name="8141300.img"><imgdir name="info"><int name="bodyAttack" value="1"/><int name="level" value="94"/><int name="maxHP" value="46000"/><int name="maxMP" value="190"/><int name="speed" value="-70"/><int name="PADamage" value="430"/><int name="PDDamage" value="830"/><int name="MADamage" value="485"/><int name="MDDamage" value="525"/><int name="acc" value="200"/><int name="eva" value="37"/><int name="exp" value="2200"/><int name="undead" value="0"/><int name="pushed" value="4200"/><float name="fs" value="10.0"/><int name="summonType" value="1"/><string name="elemAttr" value="S2F2"/><imgdir name="skill"><imgdir name="0"><int name="skill" value="131"/><int name="action" value="1"/><int name="level" value="3"/><int name="effectAfter" value="750"/></imgdir></imgdir><int name="mobType" value="3"/></imgdir><imgdir name="stand"><canvas name="0" width="103" height="75"><vector name="origin" x="49" y="75"/><vector name="lt" x="-31" y="-66"/><vector name="rb" x="50" y="0"/><vector name="head" x="4" y="-67"/><int name="delay" value="100"/></canvas><canvas name="1" width="102" height="76"><vector name="origin" x="48" y="76"/><vector name="lt" x="-31" y="-68"/><vector name="rb" x="50" y="0"/><vector name="head" x="4" y="-68"/><int name="delay" value="200"/></canvas><canvas name="2" width="101" height="77"><vector name="origin" x="47" y="77"/><vector name="lt" x="-31" y="-67"/><vector name="rb" x="50" y="0"/><vector name="head" x="4" y="-69"/><int name="delay" value="200"/></canvas><canvas name="3" width="97" height="78"><vector name="origin" x="43" y="78"/><vector name="lt" x="-31" y="-67"/><vector name="rb" x="50" y="0"/><vector name="head" x="4" y="-70"/><int name="delay" value="200"/></canvas><uol name="4" value="2"/><canvas name="5" width="102" height="76"><vector name="origin" x="48" y="76"/><vector name="lt" x="-31" y="-66"/><vector name="rb" x="50" y="0"/><vector name="head" x="4" y="-68"/><int name="delay" value="200"/></canvas><uol name="6" value="2"/><uol name="7" value="3"/><uol name="10" value="2"/><uol name="11" value="5"/></imgdir><imgdir name="move"><canvas name="0" width="107" height="75"><vector name="origin" x="53" y="75"/><vector name="lt" x="-37" y="-64"/><vector name="rb" x="48" y="1"/><vector name="head" x="4" y="-67"/><int name="delay" value="200"/></canvas><canvas name="1" width="102" height="76"><vector name="origin" x="48" y="76"/><vector name="lt" x="-37" y="-67"/><vector name="rb" x="48" y="1"/><vector name="head" x="4" y="-68"/><int name="delay" value="200"/></canvas><canvas name="2" width="93" height="77"><vector name="origin" x="39" y="77"/><vector name="lt" x="-33" y="-68"/><vector name="rb" x="48" y="1"/><vector name="head" x="4" y="-67"/><int name="delay" value="200"/></canvas><canvas name="3" width="91" height="78"><vector name="origin" x="37" y="78"/><vector name="lt" x="-32" y="-68"/><vector name="rb" x="48" y="-7"/><vector name="head" x="4" y="-67"/><int name="delay" value="200"/></canvas><canvas name="4" width="90" height="77"><vector name="origin" x="36" y="77"/><vector name="lt" x="-37" y="-64"/><vector name="rb" x="48" y="1"/><vector name="head" x="4" y="-67"/><int name="delay" value="200"/></canvas><canvas name="5" width="92" height="75"><vector name="origin" x="38" y="75"/><vector name="lt" x="-37" y="-64"/><vector name="rb" x="48" y="-3"/><vector name="head" x="4" y="-67"/><int name="delay" value="200"/></canvas><canvas name="6" width="105" height="75"><vector name="origin" x="51" y="74"/><vector name="lt" x="-38" y="-62"/><vector name="rb" x="49" y="-2"/><vector name="head" x="4" y="-66"/><int name="delay" value="200"/></canvas></imgdir><imgdir name="skill1"><canvas name="0" width="102" height="76"><vector name="origin" x="48" y="76"/><vector name="lt" x="-37" y="-64"/><vector name="rb" x="48" y="1"/><vector name="head" x="4" y="-68"/><int name="delay" value="150"/></canvas><canvas name="1" width="105" height="77"><vector name="origin" x="45" y="77"/><vector name="lt" x="-31" y="-65"/><vector name="rb" x="54" y="-6"/><vector name="head" x="9" y="-69"/><int name="delay" value="150"/></canvas><canvas name="2" width="108" height="78"><vector name="origin" x="44" y="78"/><vector name="lt" x="-23" y="-70"/><vector name="rb" x="58" y="-4"/><vector name="head" x="13" y="-70"/><int name="delay" value="150"/></canvas><canvas name="3" width="108" height="78"><vector name="origin" x="43" y="78"/><vector name="lt" x="-18" y="-69"/><vector name="rb" x="58" y="-5"/><vector name="head" x="15" y="-70"/><int name="delay" value="150"/></canvas><canvas name="4" width="121" height="85"><vector name="origin" x="87" y="77"/><vector name="lt" x="-42" y="-69"/><vector name="rb" x="28" y="0"/><vector name="head" x="-16" y="-69"/><int name="delay" value="150"/></canvas><canvas name="5" width="129" height="83"><vector name="origin" x="98" y="76"/><vector name="lt" x="-49" y="-65"/><vector name="rb" x="26" y="0"/><vector name="head" x="-19" y="-68"/><int name="delay" value="150"/></canvas><canvas name="6" width="126" height="86"><vector name="origin" x="92" y="74"/><vector name="lt" x="-49" y="-64"/><vector name="rb" x="29" y="0"/><vector name="head" x="-16" y="-65"/><int name="delay" value="150"/></canvas></imgdir><imgdir name="attack1"><imgdir name="info"><imgdir name="range"><vector name="sp" x="-40" y="-54"/><int name="r" value="300"/></imgdir><imgdir name="hit"><canvas name="0" width="90" height="76"><vector name="origin" x="58" y="82"/><int name="delay" value="100"/></canvas><canvas name="1" width="35" height="42"><vector name="origin" x="28" y="61"/><int name="delay" value="100"/></canvas><canvas name="2" width="35" height="47"><vector name="origin" x="28" y="62"/><int name="delay" value="100"/></canvas><canvas name="3" width="35" height="51"><vector name="origin" x="28" y="60"/><int name="delay" value="100"/></canvas><canvas name="4" width="35" height="55"><vector name="origin" x="28" y="57"/><int name="delay" value="100"/></canvas><canvas name="5" width="35" height="59"><vector name="origin" x="28" y="53"/><int name="delay" value="100"/></canvas><int name="attach" value="1"/></imgdir><int name="type" value="1"/><int name="attackAfter" value="950"/><int name="PADamage" value="145"/></imgdir><canvas name="0" width="102" height="76"><vector name="origin" x="48" y="76"/><vector name="lt" x="-38" y="-64"/><vector name="rb" x="48" y="1"/><vector name="head" x="4" y="-68"/><int name="delay" value="300"/></canvas><canvas name="1" width="105" height="77"><vector name="origin" x="45" y="77"/><vector name="lt" x="-31" y="-64"/><vector name="rb" x="52" y="0"/><vector name="head" x="10" y="-69"/><int name="delay" value="150"/></canvas><canvas name="2" width="108" height="78"><vector name="origin" x="44" y="78"/><vector name="lt" x="-26" y="-68"/><vector name="rb" x="58" y="-12"/><vector name="head" x="14" y="-70"/><int name="delay" value="150"/></canvas><canvas name="3" width="108" height="78"><vector name="origin" x="43" y="78"/><vector name="lt" x="-18" y="-68"/><vector name="rb" x="57" y="-10"/><vector name="head" x="15" y="-70"/><int name="delay" value="200"/></canvas><canvas name="4" width="140" height="77"><vector name="origin" x="106" y="77"/><vector name="lt" x="-52" y="-68"/><vector name="rb" x="28" y="0"/><vector name="head" x="-16" y="-69"/><int name="delay" value="150"/></canvas><canvas name="5" width="101" height="76"><vector name="origin" x="70" y="76"/><vector name="lt" x="-52" y="-68"/><vector name="rb" x="28" y="0"/><vector name="head" x="-19" y="-68"/><int name="delay" value="150"/></canvas><canvas name="6" width="96" height="74"><vector name="origin" x="62" y="74"/><vector name="lt" x="-47" y="-64"/><vector name="rb" x="29" y="-3"/><vector name="head" x="-16" y="-66"/><int name="delay" value="150"/></canvas></imgdir><imgdir name="hit1"><canvas name="0" width="119" height="89"><vector name="origin" x="52" y="89"/><vector name="lt" x="-32" y="-72"/><vector name="rb" x="28" y="0"/><vector name="head" x="7" y="-74"/><int name="delay" value="600"/></canvas></imgdir><imgdir name="die1"><canvas name="0" width="109" height="82"><vector name="origin" x="52" y="82"/><vector name="head" x="7" y="-74"/><int name="delay" value="150"/></canvas><canvas name="1" width="100" height="80"><vector name="origin" x="47" y="78"/><vector name="head" x="3" y="-70"/><int name="delay" value="150"/></canvas><canvas name="2" width="95" height="70"><vector name="origin" x="46" y="71"/><vector name="head" x="-1" y="-63"/><int name="delay" value="150"/></canvas><canvas name="3" width="102" height="68"><vector name="origin" x="53" y="69"/><vector name="head" x="-1" y="-61"/><int name="delay" value="150"/></canvas><canvas name="4" width="103" height="67"><vector name="origin" x="54" y="68"/><vector name="head" x="-1" y="-60"/><int name="delay" value="150"/></canvas><canvas name="5" width="105" height="66"><vector name="origin" x="56" y="67"/><vector name="head" x="-1" y="-59"/><int name="delay" value="300"/><int name="a0" value="255"/><int name="a1" value="0"/></canvas></imgdir></imgdir>