<?xml version="1.0" encoding="UTF-8" standalone="yes"?><imgdir name="8144007.img"><imgdir name="info"><imgdir name="attack"><imgdir name="0"><int name="action" value="1"/><int name="attackRatio" value="100"/><int name="type" value="0"/></imgdir></imgdir><int name="bodyAttack" value="1"/><int name="maxHP" value="13500000"/><int name="maxMP" value="4000"/><int name="speed" value="-10"/><int name="PDRate" value="10"/><int name="MDRate" value="10"/><int name="pushed" value="2000"/><float name="fs" value="10.0"/><int name="summonType" value="1"/><int name="category" value="6"/><string name="mobType" value="1N"/><int name="level" value="200"/><int name="eva" value="55"/><int name="acc" value="280"/><int name="MADamage" value="1115"/><int name="MDDamage" value="900"/><int name="PADamage" value="1050"/><int name="PDDamage" value="700"/><int name="exp" value="250000"/></imgdir><imgdir name="stand"><canvas name="0" width="80" height="87"><vector name="origin" x="39" y="87"/><vector name="head" x="-4" y="-60"/><vector name="lt" x="-39" y="-87"/><vector name="rb" x="41" y="0"/></canvas><canvas name="1" width="80" height="87"><vector name="origin" x="39" y="87"/><vector name="head" x="-4" y="-60"/><vector name="lt" x="-39" y="-87"/><vector name="rb" x="41" y="0"/></canvas><canvas name="2" width="80" height="87"><vector name="origin" x="39" y="87"/><vector name="head" x="-4" y="-60"/><vector name="lt" x="-39" y="-87"/><vector name="rb" x="41" y="0"/></canvas><canvas name="3" width="80" height="87"><vector name="origin" x="39" y="87"/><vector name="head" x="-4" y="-60"/><vector name="lt" x="-39" y="-87"/><vector name="rb" x="41" y="0"/></canvas><canvas name="4" width="80" height="88"><vector name="origin" x="39" y="88"/><vector name="head" x="-4" y="-60"/><vector name="lt" x="-39" y="-88"/><vector name="rb" x="41" y="0"/></canvas><canvas name="5" width="80" height="87"><vector name="origin" x="39" y="87"/><vector name="head" x="-4" y="-60"/><vector name="lt" x="-39" y="-87"/><vector name="rb" x="41" y="0"/></canvas><canvas name="6" width="80" height="88"><vector name="origin" x="39" y="88"/><vector name="head" x="-4" y="-60"/><vector name="lt" x="-39" y="-88"/><vector name="rb" x="41" y="0"/></canvas><canvas name="7" width="80" height="87"><vector name="origin" x="39" y="87"/><vector name="head" x="-4" y="-60"/><vector name="lt" x="-39" y="-87"/><vector name="rb" x="41" y="0"/></canvas><canvas name="8" width="80" height="88"><vector name="origin" x="39" y="88"/><vector name="head" x="-4" y="-60"/><vector name="lt" x="-39" y="-88"/><vector name="rb" x="41" y="0"/></canvas><canvas name="9" width="80" height="87"><vector name="origin" x="39" y="87"/><vector name="head" x="-4" y="-60"/><vector name="lt" x="-39" y="-87"/><vector name="rb" x="41" y="0"/></canvas><canvas name="10" width="80" height="88"><vector name="origin" x="39" y="88"/><vector name="head" x="-4" y="-60"/><vector name="lt" x="-39" y="-88"/><vector name="rb" x="41" y="0"/></canvas></imgdir><imgdir name="move"><canvas name="0" width="80" height="87"><vector name="origin" x="44" y="87"/><vector name="head" x="-4" y="-60"/><vector name="lt" x="-44" y="-87"/><vector name="rb" x="36" y="0"/><int name="delay" value="120"/></canvas><canvas name="1" width="80" height="88"><vector name="origin" x="44" y="88"/><vector name="head" x="-4" y="-60"/><vector name="lt" x="-44" y="-88"/><vector name="rb" x="36" y="0"/><int name="delay" value="120"/></canvas><canvas name="2" width="80" height="87"><vector name="origin" x="43" y="87"/><vector name="head" x="-4" y="-60"/><vector name="lt" x="-43" y="-87"/><vector name="rb" x="37" y="0"/><int name="delay" value="120"/></canvas><canvas name="3" width="80" height="86"><vector name="origin" x="43" y="86"/><vector name="head" x="-4" y="-60"/><vector name="lt" x="-43" y="-86"/><vector name="rb" x="37" y="0"/><int name="delay" value="120"/></canvas><canvas name="4" width="80" height="87"><vector name="origin" x="43" y="87"/><vector name="head" x="-4" y="-60"/><vector name="lt" x="-43" y="-87"/><vector name="rb" x="37" y="0"/><int name="delay" value="120"/></canvas><canvas name="5" width="80" height="88"><vector name="origin" x="43" y="88"/><vector name="head" x="-4" y="-60"/><vector name="lt" x="-43" y="-88"/><vector name="rb" x="37" y="0"/><int name="delay" value="120"/></canvas><canvas name="6" width="80" height="87"><vector name="origin" x="43" y="87"/><vector name="head" x="-4" y="-60"/><vector name="lt" x="-43" y="-87"/><vector name="rb" x="37" y="0"/><int name="delay" value="120"/></canvas><canvas name="7" width="80" height="86"><vector name="origin" x="43" y="86"/><vector name="head" x="-4" y="-60"/><vector name="lt" x="-43" y="-86"/><vector name="rb" x="37" y="0"/><int name="delay" value="120"/></canvas></imgdir><imgdir name="attack1"><canvas name="0" width="80" height="87"><vector name="origin" x="39" y="87"/><vector name="head" x="-4" y="-60"/><vector name="lt" x="-39" y="-87"/><vector name="rb" x="41" y="0"/><int name="delay" value="60"/></canvas><canvas name="1" width="80" height="90"><vector name="origin" x="35" y="90"/><vector name="head" x="-4" y="-60"/><vector name="lt" x="-35" y="-90"/><vector name="rb" x="45" y="0"/><int name="delay" value="60"/></canvas><canvas name="2" width="75" height="89"><vector name="origin" x="46" y="89"/><vector name="head" x="-4" y="-60"/><vector name="lt" x="-46" y="-89"/><vector name="rb" x="29" y="0"/><int name="delay" value="60"/></canvas><canvas name="3" width="98" height="100"><vector name="origin" x="62" y="95"/><vector name="head" x="-4" y="-60"/><vector name="lt" x="-62" y="-95"/><vector name="rb" x="36" y="5"/><int name="delay" value="60"/></canvas><canvas name="4" width="94" height="101"><vector name="origin" x="52" y="95"/><vector name="head" x="-4" y="-60"/><vector name="lt" x="-52" y="-95"/><vector name="rb" x="42" y="6"/><int name="delay" value="60"/></canvas><canvas name="5" width="89" height="99"><vector name="origin" x="48" y="94"/><vector name="head" x="-4" y="-60"/><vector name="lt" x="-48" y="-94"/><vector name="rb" x="41" y="5"/><int name="delay" value="60"/></canvas><canvas name="6" width="75" height="89"><vector name="origin" x="40" y="89"/><vector name="head" x="-4" y="-60"/><vector name="lt" x="-40" y="-89"/><vector name="rb" x="35" y="0"/><int name="delay" value="60"/></canvas><imgdir name="info"><imgdir name="hit"><canvas name="0" width="80" height="27"><vector name="origin" x="173" y="33"/><vector name="head" x="-4" y="-60"/><vector name="lt" x="-173" y="-33"/><vector name="rb" x="-93" y="-6"/></canvas><canvas name="1" width="95" height="95"><vector name="origin" x="226" y="68"/><vector name="head" x="-4" y="-60"/><vector name="lt" x="-226" y="-68"/><vector name="rb" x="-131" y="27"/></canvas><canvas name="2" width="94" height="93"><vector name="origin" x="227" y="67"/><vector name="head" x="-4" y="-60"/><vector name="lt" x="-227" y="-67"/><vector name="rb" x="-133" y="26"/></canvas><canvas name="3" width="47" height="47"><vector name="origin" x="199" y="47"/><vector name="head" x="-4" y="-60"/><vector name="lt" x="-199" y="-47"/><vector name="rb" x="-152" y="0"/></canvas></imgdir><imgdir name="range"><vector name="lt" x="-250" y="-97"/><vector name="rb" x="-20" y="5"/></imgdir><int name="attackAfter" value="300"/></imgdir></imgdir><imgdir name="hit1"><canvas name="0" width="83" height="95"><vector name="origin" x="35" y="95"/><vector name="head" x="-4" y="-60"/><vector name="lt" x="-35" y="-95"/><vector name="rb" x="48" y="0"/><int name="delay" value="500"/></canvas></imgdir><imgdir name="die1"><canvas name="0" width="80" height="87"><vector name="origin" x="39" y="87"/><vector name="head" x="-4" y="-60"/><int name="delay" value="120"/></canvas><canvas name="1" width="83" height="95"><vector name="origin" x="35" y="95"/><vector name="head" x="-4" y="-60"/><int name="delay" value="120"/></canvas><canvas name="2" width="83" height="87"><vector name="origin" x="31" y="87"/><vector name="head" x="-4" y="-60"/><int name="delay" value="120"/></canvas><canvas name="3" width="82" height="84"><vector name="origin" x="28" y="84"/><vector name="head" x="-4" y="-60"/><int name="delay" value="120"/></canvas><canvas name="4" width="82" height="78"><vector name="origin" x="25" y="79"/><vector name="head" x="-4" y="-60"/><int name="delay" value="120"/></canvas><canvas name="5" width="96" height="66"><vector name="origin" x="27" y="64"/><vector name="head" x="-4" y="-60"/><int name="delay" value="120"/></canvas><canvas name="6" width="100" height="64"><vector name="origin" x="31" y="63"/><vector name="head" x="-4" y="-60"/><int name="delay" value="120"/></canvas><canvas name="7" width="106" height="12"><vector name="origin" x="34" y="14"/><vector name="head" x="-4" y="-60"/><int name="delay" value="120"/></canvas></imgdir></imgdir>