<?xml version="1.0" encoding="UTF-8" standalone="yes"?><imgdir name="8144008.img"><imgdir name="info"><imgdir name="attack"><imgdir name="0"><int name="action" value="1"/><int name="attackRatio" value="100"/><int name="type" value="0"/></imgdir></imgdir><imgdir name="skill"><imgdir name="0"><int name="skill" value="100"/><int name="action" value="1"/><int name="level" value="27"/></imgdir></imgdir><int name="bodyAttack" value="1"/><int name="maxHP" value="14000000"/><int name="maxMP" value="4000"/><int name="speed" value="-10"/><int name="PDRate" value="10"/><int name="MDRate" value="10"/><int name="pushed" value="2000"/><float name="fs" value="10.0"/><int name="summonType" value="1"/><int name="category" value="6"/><string name="mobType" value="1N"/><int name="level" value="200"/><int name="eva" value="55"/><int name="acc" value="280"/><int name="MADamage" value="1115"/><int name="MDDamage" value="900"/><int name="PADamage" value="1050"/><int name="PDDamage" value="700"/><int name="exp" value="250000"/></imgdir><imgdir name="stand"><canvas name="0" width="164" height="136"><vector name="origin" x="79" y="136"/><vector name="head" x="-42" y="-91"/><vector name="lt" x="-79" y="-136"/><vector name="rb" x="85" y="0"/><int name="delay" value="150"/></canvas><canvas name="1" width="164" height="137"><vector name="origin" x="79" y="137"/><vector name="head" x="-42" y="-91"/><vector name="lt" x="-79" y="-137"/><vector name="rb" x="85" y="0"/><int name="delay" value="150"/></canvas><canvas name="2" width="164" height="138"><vector name="origin" x="79" y="138"/><vector name="head" x="-42" y="-91"/><vector name="lt" x="-79" y="-138"/><vector name="rb" x="85" y="0"/><int name="delay" value="150"/></canvas><canvas name="3" width="164" height="139"><vector name="origin" x="79" y="139"/><vector name="head" x="-42" y="-91"/><vector name="lt" x="-79" y="-139"/><vector name="rb" x="85" y="0"/><int name="delay" value="150"/></canvas><canvas name="4" width="164" height="138"><vector name="origin" x="79" y="138"/><vector name="head" x="-42" y="-91"/><vector name="lt" x="-79" y="-138"/><vector name="rb" x="85" y="0"/><int name="delay" value="150"/></canvas><canvas name="5" width="164" height="137"><vector name="origin" x="79" y="137"/><vector name="head" x="-42" y="-91"/><vector name="lt" x="-79" y="-137"/><vector name="rb" x="85" y="0"/><int name="delay" value="150"/></canvas></imgdir><imgdir name="move"><canvas name="0" width="164" height="137"><vector name="origin" x="79" y="136"/><vector name="head" x="-42" y="-91"/><vector name="lt" x="-79" y="-136"/><vector name="rb" x="85" y="1"/><int name="delay" value="90"/></canvas><canvas name="1" width="164" height="138"><vector name="origin" x="79" y="137"/><vector name="head" x="-42" y="-91"/><vector name="lt" x="-79" y="-137"/><vector name="rb" x="85" y="1"/><int name="delay" value="90"/></canvas><canvas name="2" width="164" height="139"><vector name="origin" x="79" y="138"/><vector name="head" x="-42" y="-91"/><vector name="lt" x="-79" y="-138"/><vector name="rb" x="85" y="1"/><int name="delay" value="90"/></canvas><canvas name="3" width="164" height="140"><vector name="origin" x="79" y="139"/><vector name="head" x="-42" y="-91"/><vector name="lt" x="-79" y="-139"/><vector name="rb" x="85" y="1"/><int name="delay" value="90"/></canvas><canvas name="4" width="164" height="137"><vector name="origin" x="79" y="136"/><vector name="head" x="-42" y="-91"/><vector name="lt" x="-79" y="-136"/><vector name="rb" x="85" y="1"/><int name="delay" value="90"/></canvas><canvas name="5" width="164" height="138"><vector name="origin" x="79" y="137"/><vector name="head" x="-42" y="-91"/><vector name="lt" x="-79" y="-137"/><vector name="rb" x="85" y="1"/><int name="delay" value="90"/></canvas><canvas name="6" width="164" height="139"><vector name="origin" x="79" y="138"/><vector name="head" x="-42" y="-91"/><vector name="lt" x="-79" y="-138"/><vector name="rb" x="85" y="1"/><int name="delay" value="90"/></canvas><canvas name="7" width="164" height="140"><vector name="origin" x="79" y="139"/><vector name="head" x="-42" y="-91"/><vector name="lt" x="-79" y="-139"/><vector name="rb" x="85" y="1"/><int name="delay" value="90"/></canvas></imgdir><imgdir name="attack1"><imgdir name="info"><imgdir name="hit"><canvas name="0" width="180" height="154"><vector name="origin" x="94" y="76"/><vector name="head" x="-42" y="-91"/><vector name="lt" x="-256" y="-118"/><vector name="rb" x="-76" y="36"/><int name="delay" value="90"/></canvas><canvas name="1" width="156" height="154"><vector name="origin" x="74" y="76"/><vector name="head" x="-42" y="-91"/><vector name="lt" x="-236" y="-118"/><vector name="rb" x="-80" y="36"/><int name="delay" value="90"/></canvas><canvas name="2" width="156" height="154"><vector name="origin" x="74" y="76"/><vector name="head" x="-42" y="-91"/><vector name="lt" x="-236" y="-118"/><vector name="rb" x="-80" y="36"/><int name="delay" value="90"/></canvas><canvas name="3" width="156" height="154"><vector name="origin" x="74" y="76"/><vector name="head" x="-42" y="-91"/><vector name="lt" x="-236" y="-118"/><vector name="rb" x="-80" y="36"/><int name="delay" value="90"/></canvas><canvas name="4" width="77" height="63"><vector name="origin" x="16" y="11"/><vector name="head" x="-42" y="-91"/><vector name="lt" x="-178" y="-53"/><vector name="rb" x="-101" y="10"/><int name="delay" value="90"/></canvas></imgdir><imgdir name="range"><vector name="lt" x="-120" y="-96"/><vector name="rb" x="-20" y="5"/></imgdir><int name="attackAfter" value="720"/></imgdir><canvas name="0" width="164" height="136"><vector name="origin" x="79" y="136"/><int name="z" value="0"/><vector name="head" x="-42" y="-91"/><vector name="lt" x="-79" y="-136"/><vector name="rb" x="85" y="1"/><int name="delay" value="90"/></canvas><canvas name="1" width="170" height="140"><vector name="origin" x="79" y="139"/><int name="z" value="0"/><vector name="head" x="-42" y="-91"/><vector name="lt" x="-79" y="-136"/><vector name="rb" x="85" y="1"/><int name="delay" value="90"/></canvas><canvas name="2" width="286" height="163"><vector name="origin" x="133" y="158"/><int name="z" value="0"/><vector name="head" x="-42" y="-91"/><vector name="lt" x="-79" y="-136"/><vector name="rb" x="85" y="1"/><int name="delay" value="90"/></canvas><canvas name="3" width="267" height="155"><vector name="origin" x="125" y="149"/><int name="z" value="0"/><vector name="head" x="-42" y="-91"/><vector name="lt" x="-79" y="-136"/><vector name="rb" x="85" y="1"/><int name="delay" value="90"/></canvas><canvas name="4" width="249" height="157"><vector name="origin" x="117" y="150"/><int name="z" value="0"/><vector name="head" x="-42" y="-91"/><vector name="lt" x="-79" y="-136"/><vector name="rb" x="85" y="1"/><int name="delay" value="90"/></canvas><canvas name="5" width="236" height="160"><vector name="origin" x="110" y="152"/><int name="z" value="0"/><vector name="head" x="-42" y="-91"/><vector name="lt" x="-79" y="-136"/><vector name="rb" x="85" y="1"/><int name="delay" value="90"/></canvas><canvas name="6" width="218" height="160"><vector name="origin" x="104" y="152"/><int name="z" value="0"/><vector name="head" x="-42" y="-91"/><vector name="lt" x="-79" y="-136"/><vector name="rb" x="85" y="1"/><int name="delay" value="90"/></canvas><canvas name="7" width="229" height="195"><vector name="origin" x="157" y="152"/><int name="z" value="0"/><vector name="head" x="-42" y="-91"/><vector name="lt" x="-79" y="-136"/><vector name="rb" x="85" y="1"/><int name="delay" value="90"/></canvas><canvas name="8" width="251" height="196"><vector name="origin" x="182" y="148"/><int name="z" value="0"/><vector name="head" x="-42" y="-91"/><vector name="lt" x="-79" y="-136"/><vector name="rb" x="85" y="1"/><int name="delay" value="90"/></canvas><canvas name="9" width="251" height="172"><vector name="origin" x="185" y="138"/><int name="z" value="0"/><vector name="head" x="-42" y="-91"/><vector name="lt" x="-79" y="-136"/><vector name="rb" x="85" y="1"/><int name="delay" value="90"/></canvas><canvas name="10" width="243" height="159"><vector name="origin" x="180" y="136"/><int name="z" value="0"/><vector name="head" x="-42" y="-91"/><vector name="lt" x="-79" y="-136"/><vector name="rb" x="85" y="1"/><int name="delay" value="90"/></canvas><canvas name="11" width="238" height="150"><vector name="origin" x="177" y="132"/><int name="z" value="0"/><vector name="head" x="-42" y="-91"/><vector name="lt" x="-79" y="-136"/><vector name="rb" x="85" y="1"/><int name="delay" value="90"/></canvas><canvas name="12" width="187" height="136"><vector name="origin" x="103" y="136"/><int name="z" value="0"/><vector name="head" x="-42" y="-91"/><vector name="lt" x="-79" y="-136"/><vector name="rb" x="85" y="1"/><int name="delay" value="90"/></canvas></imgdir><imgdir name="hit1"><canvas name="0" width="183" height="152"><vector name="origin" x="84" y="152"/><vector name="head" x="-42" y="-91"/><vector name="lt" x="-84" y="-152"/><vector name="rb" x="99" y="0"/><int name="delay" value="500"/></canvas></imgdir><imgdir name="die1"><canvas name="0" width="164" height="136"><vector name="origin" x="79" y="136"/><vector name="head" x="-42" y="-91"/><int name="delay" value="120"/></canvas><canvas name="1" width="183" height="139"><vector name="origin" x="84" y="139"/><vector name="head" x="-42" y="-91"/><int name="delay" value="120"/></canvas><canvas name="2" width="186" height="138"><vector name="origin" x="82" y="138"/><vector name="head" x="-42" y="-91"/><int name="delay" value="120"/></canvas><canvas name="3" width="186" height="131"><vector name="origin" x="75" y="130"/><vector name="head" x="-42" y="-91"/><int name="delay" value="120"/></canvas><canvas name="4" width="186" height="130"><vector name="origin" x="75" y="129"/><vector name="head" x="-42" y="-91"/><int name="delay" value="120"/></canvas><canvas name="5" width="186" height="129"><vector name="origin" x="75" y="128"/><vector name="head" x="-42" y="-91"/><int name="delay" value="120"/></canvas><canvas name="6" width="186" height="127"><vector name="origin" x="75" y="127"/><vector name="head" x="-42" y="-91"/><int name="delay" value="120"/></canvas><canvas name="7" width="122" height="35"><vector name="origin" x="46" y="36"/><vector name="head" x="-42" y="-91"/><int name="delay" value="120"/></canvas><canvas name="8" width="119" height="22"><vector name="origin" x="49" y="38"/><vector name="head" x="-42" y="-91"/><int name="delay" value="120"/></canvas></imgdir><imgdir name="skill1"><canvas name="0" width="164" height="136"><vector name="origin" x="79" y="136"/><vector name="head" x="-42" y="-91"/><vector name="lt" x="-79" y="-136"/><vector name="rb" x="85" y="0"/><int name="delay" value="90"/></canvas><canvas name="1" width="162" height="135"><vector name="origin" x="78" y="135"/><vector name="head" x="-42" y="-91"/><vector name="lt" x="-78" y="-135"/><vector name="rb" x="84" y="0"/><int name="delay" value="90"/></canvas><canvas name="2" width="162" height="134"><vector name="origin" x="78" y="134"/><vector name="head" x="-42" y="-91"/><vector name="lt" x="-78" y="-134"/><vector name="rb" x="84" y="0"/><int name="delay" value="90"/></canvas><canvas name="3" width="166" height="217"><vector name="origin" x="80" y="217"/><vector name="head" x="-42" y="-91"/><vector name="lt" x="-80" y="-217"/><vector name="rb" x="86" y="0"/><int name="delay" value="90"/></canvas><canvas name="4" width="166" height="221"><vector name="origin" x="80" y="221"/><vector name="head" x="-42" y="-91"/><vector name="lt" x="-80" y="-221"/><vector name="rb" x="86" y="0"/><int name="delay" value="90"/></canvas><canvas name="5" width="166" height="272"><vector name="origin" x="80" y="272"/><vector name="head" x="-42" y="-91"/><vector name="lt" x="-80" y="-272"/><vector name="rb" x="86" y="0"/><int name="delay" value="90"/></canvas><canvas name="6" width="168" height="274"><vector name="origin" x="81" y="274"/><vector name="head" x="-42" y="-91"/><vector name="lt" x="-81" y="-274"/><vector name="rb" x="87" y="0"/><int name="delay" value="90"/></canvas><canvas name="7" width="168" height="272"><vector name="origin" x="81" y="272"/><vector name="head" x="-42" y="-91"/><vector name="lt" x="-81" y="-272"/><vector name="rb" x="87" y="0"/><int name="delay" value="90"/></canvas><canvas name="8" width="168" height="269"><vector name="origin" x="81" y="269"/><vector name="head" x="-42" y="-91"/><vector name="lt" x="-81" y="-269"/><vector name="rb" x="87" y="0"/><int name="delay" value="90"/></canvas><canvas name="9" width="168" height="263"><vector name="origin" x="81" y="263"/><vector name="head" x="-42" y="-91"/><vector name="lt" x="-81" y="-263"/><vector name="rb" x="87" y="0"/><int name="delay" value="90"/></canvas><canvas name="10" width="181" height="251"><vector name="origin" x="94" y="251"/><vector name="head" x="-42" y="-91"/><vector name="lt" x="-94" y="-251"/><vector name="rb" x="87" y="0"/><int name="delay" value="90"/></canvas><canvas name="11" width="209" height="282"><vector name="origin" x="107" y="281"/><vector name="head" x="-42" y="-91"/><vector name="lt" x="-107" y="-281"/><vector name="rb" x="102" y="1"/><int name="delay" value="90"/></canvas><canvas name="12" width="214" height="281"><vector name="origin" x="108" y="280"/><vector name="head" x="-42" y="-91"/><vector name="lt" x="-108" y="-280"/><vector name="rb" x="106" y="1"/><int name="delay" value="90"/></canvas><canvas name="13" width="216" height="277"><vector name="origin" x="105" y="276"/><vector name="head" x="-42" y="-91"/><vector name="lt" x="-105" y="-276"/><vector name="rb" x="111" y="1"/><int name="delay" value="90"/></canvas><canvas name="14" width="221" height="268"><vector name="origin" x="105" y="267"/><vector name="head" x="-42" y="-91"/><vector name="lt" x="-105" y="-267"/><vector name="rb" x="116" y="1"/><int name="delay" value="90"/></canvas><canvas name="15" width="200" height="259"><vector name="origin" x="88" y="259"/><vector name="head" x="-42" y="-91"/><vector name="lt" x="-88" y="-259"/><vector name="rb" x="112" y="0"/><int name="delay" value="90"/></canvas><canvas name="16" width="184" height="258"><vector name="origin" x="82" y="258"/><vector name="head" x="-42" y="-91"/><vector name="lt" x="-82" y="-258"/><vector name="rb" x="102" y="0"/><int name="delay" value="90"/></canvas><canvas name="17" width="177" height="217"><vector name="origin" x="86" y="217"/><vector name="head" x="-42" y="-91"/><vector name="lt" x="-86" y="-217"/><vector name="rb" x="91" y="0"/><int name="delay" value="90"/></canvas><canvas name="18" width="170" height="196"><vector name="origin" x="82" y="196"/><vector name="head" x="-42" y="-91"/><vector name="lt" x="-82" y="-196"/><vector name="rb" x="88" y="0"/><int name="delay" value="90"/></canvas><canvas name="19" width="167" height="144"><vector name="origin" x="77" y="144"/><vector name="head" x="-42" y="-91"/><vector name="lt" x="-77" y="-144"/><vector name="rb" x="90" y="0"/><int name="delay" value="90"/></canvas></imgdir></imgdir>