<?xml version="1.0" encoding="UTF-8" standalone="yes"?><imgdir name="8144005.img"><imgdir name="info"><imgdir name="attack"><imgdir name="0"><int name="action" value="1"/><int name="attackRatio" value="100"/><int name="type" value="0"/></imgdir></imgdir><int name="bodyAttack" value="1"/><int name="maxHP" value="12500000"/><int name="maxMP" value="4000"/><int name="speed" value="-10"/><int name="PDRate" value="10"/><int name="MDRate" value="10"/><int name="pushed" value="1800"/><float name="fs" value="10.0"/><int name="summonType" value="1"/><int name="category" value="6"/><string name="mobType" value="1N"/><int name="level" value="200"/><int name="eva" value="55"/><int name="acc" value="280"/><int name="MADamage" value="1115"/><int name="MDDamage" value="900"/><int name="PADamage" value="1050"/><int name="PDDamage" value="700"/><int name="exp" value="250000"/></imgdir><imgdir name="stand"><canvas name="0" width="121" height="141"><vector name="origin" x="58" y="141"/><vector name="lt" x="-59" y="-141"/><vector name="rb" x="63" y="0"/><vector name="head" x="4" y="-59"/><int name="delay" value="240"/></canvas><canvas name="1" width="121" height="140"><vector name="origin" x="58" y="140"/><vector name="lt" x="-58" y="-140"/><vector name="rb" x="63" y="1"/><vector name="head" x="5" y="-58"/><int name="delay" value="120"/></canvas><canvas name="2" width="121" height="140"><vector name="origin" x="58" y="139"/><vector name="lt" x="-58" y="-139"/><vector name="rb" x="62" y="1"/><vector name="head" x="5" y="-57"/><int name="delay" value="120"/></canvas><canvas name="3" width="121" height="140"><vector name="origin" x="58" y="139"/><vector name="lt" x="-58" y="-139"/><vector name="rb" x="63" y="1"/><vector name="head" x="5" y="-57"/><int name="delay" value="180"/></canvas><canvas name="4" width="121" height="140"><vector name="origin" x="58" y="140"/><vector name="lt" x="-58" y="-141"/><vector name="rb" x="63" y="0"/><vector name="head" x="5" y="-58"/><int name="delay" value="120"/></canvas></imgdir><imgdir name="move"><canvas name="0" width="121" height="140"><vector name="origin" x="58" y="140"/><vector name="lt" x="-58" y="-140"/><vector name="rb" x="63" y="0"/><vector name="head" x="6" y="-59"/><int name="delay" value="150"/></canvas><canvas name="1" width="121" height="140"><vector name="origin" x="58" y="140"/><vector name="lt" x="-58" y="-140"/><vector name="rb" x="63" y="0"/><vector name="head" x="5" y="-58"/><int name="delay" value="150"/></canvas><canvas name="2" width="117" height="142"><vector name="origin" x="57" y="141"/><vector name="lt" x="-57" y="-141"/><vector name="rb" x="60" y="1"/><vector name="head" x="3" y="-58"/><int name="delay" value="150"/></canvas><canvas name="3" width="116" height="143"><vector name="origin" x="56" y="141"/><vector name="lt" x="-56" y="-141"/><vector name="rb" x="60" y="2"/><vector name="head" x="3" y="-58"/><int name="delay" value="150"/></canvas><canvas name="4" width="121" height="140"><vector name="origin" x="58" y="140"/><vector name="lt" x="-59" y="-140"/><vector name="rb" x="63" y="0"/><vector name="head" x="5" y="-58"/><int name="delay" value="150"/></canvas></imgdir><imgdir name="attack1"><imgdir name="info"><imgdir name="range"><vector name="lt" x="-137" y="-147"/><vector name="rb" x="81" y="16"/></imgdir><imgdir name="hit"><canvas name="0" width="52" height="43"><vector name="origin" x="26" y="20"/><int name="z" value="0"/><string name="delay" value="80"/></canvas><canvas name="1" width="84" height="29"><vector name="origin" x="45" y="9"/><int name="z" value="0"/><string name="delay" value="80"/></canvas><canvas name="2" width="112" height="21"><vector name="origin" x="57" y="3"/><int name="z" value="0"/><string name="delay" value="80"/></canvas></imgdir><int name="attackAfter" value="660"/></imgdir><canvas name="0" width="121" height="141"><vector name="origin" x="58" y="141"/><vector name="lt" x="-58" y="-141"/><vector name="rb" x="63" y="0"/><vector name="head" x="5" y="-60"/><int name="delay" value="240"/></canvas><canvas name="1" width="123" height="140"><vector name="origin" x="60" y="140"/><vector name="lt" x="-61" y="-140"/><vector name="rb" x="63" y="0"/><vector name="head" x="7" y="-60"/><int name="delay" value="60"/></canvas><canvas name="2" width="109" height="141"><vector name="origin" x="45" y="144"/><vector name="lt" x="-45" y="-144"/><vector name="rb" x="64" y="-3"/><vector name="head" x="11" y="-63"/><int name="delay" value="120"/></canvas><canvas name="3" width="91" height="141"><vector name="origin" x="24" y="147"/><vector name="lt" x="-24" y="-147"/><vector name="rb" x="67" y="-6"/><vector name="head" x="14" y="-66"/><int name="delay" value="240"/></canvas><canvas name="4" width="161" height="155"><vector name="origin" x="97" y="146"/><vector name="lt" x="-97" y="-147"/><vector name="rb" x="64" y="0"/><vector name="head" x="-2" y="-61"/><int name="delay" value="180"/></canvas><canvas name="5" width="194" height="148"><vector name="origin" x="115" y="140"/><vector name="lt" x="-116" y="-140"/><vector name="rb" x="79" y="0"/><vector name="head" x="-9" y="-53"/><int name="delay" value="120"/></canvas><canvas name="6" width="213" height="178"><vector name="origin" x="136" y="138"/><vector name="lt" x="-136" y="-138"/><vector name="rb" x="77" y="1"/><vector name="head" x="-16" y="-42"/><int name="delay" value="120"/></canvas><canvas name="7" width="170" height="158"><vector name="origin" x="92" y="140"/><vector name="lt" x="-92" y="-141"/><vector name="rb" x="78" y="1"/><vector name="head" x="-12" y="-45"/><int name="delay" value="120"/></canvas><canvas name="8" width="121" height="141"><vector name="origin" x="58" y="141"/><vector name="lt" x="-58" y="-141"/><vector name="rb" x="63" y="0"/><vector name="head" x="2" y="-60"/><int name="delay" value="240"/></canvas><uol name="9" value="../stand/0"/><uol name="10" value="../stand/1"/><uol name="11" value="../stand/2"/><uol name="12" value="../stand/3"/><uol name="13" value="../stand/4"/></imgdir><imgdir name="hit1"><canvas name="0" width="131" height="150"><vector name="origin" x="64" y="146"/><vector name="lt" x="-64" y="-146"/><vector name="rb" x="67" y="4"/><vector name="head" x="10" y="-62"/><int name="delay" value="600"/></canvas></imgdir><imgdir name="die1"><canvas name="0" width="131" height="150"><vector name="origin" x="64" y="146"/><vector name="head" x="9" y="-63"/><int name="delay" value="120"/></canvas><canvas name="1" width="123" height="139"><vector name="origin" x="48" y="143"/><vector name="head" x="22" y="-63"/><int name="delay" value="120"/></canvas><canvas name="2" width="115" height="139"><vector name="origin" x="38" y="142"/><vector name="head" x="24" y="-60"/><int name="delay" value="120"/></canvas><canvas name="3" width="110" height="145"><vector name="origin" x="32" y="141"/><vector name="head" x="24" y="-60"/><int name="delay" value="120"/></canvas><canvas name="4" width="140" height="121"><vector name="origin" x="32" y="117"/><vector name="head" x="45" y="-40"/><int name="delay" value="120"/></canvas><canvas name="5" width="142" height="103"><vector name="origin" x="32" y="100"/><vector name="head" x="52" y="-30"/><int name="delay" value="120"/></canvas><canvas name="6" width="126" height="104"><vector name="origin" x="15" y="102"/><vector name="head" x="54" y="-32"/><int name="delay" value="120"/></canvas><canvas name="7" width="114" height="102"><vector name="origin" x="14" y="100"/><vector name="head" x="53" y="-31"/><int name="delay" value="120"/></canvas><canvas name="8" width="81" height="102"><vector name="origin" x="-19" y="100"/><vector name="head" x="54" y="-31"/><int name="delay" value="120"/></canvas><canvas name="9" width="81" height="102"><vector name="origin" x="-19" y="100"/><vector name="head" x="54" y="-31"/><int name="delay" value="120"/><int name="a0" value="255"/><int name="a1" value="0"/></canvas></imgdir></imgdir>