<?xml version="1.0" encoding="UTF-8" standalone="yes"?><imgdir name="8144006.img"><imgdir name="info"><imgdir name="attack"><imgdir name="0"><int name="action" value="1"/><int name="attackRatio" value="100"/><int name="type" value="0"/></imgdir></imgdir><int name="bodyAttack" value="1"/><int name="maxHP" value="13000000"/><int name="maxMP" value="4000"/><int name="speed" value="-10"/><int name="PDRate" value="10"/><int name="MDRate" value="10"/><int name="pushed" value="1800"/><float name="fs" value="10.0"/><int name="summonType" value="1"/><int name="category" value="6"/><string name="mobType" value="1N"/><int name="level" value="200"/><int name="eva" value="55"/><int name="acc" value="280"/><int name="MADamage" value="1115"/><int name="MDDamage" value="900"/><int name="PADamage" value="1050"/><int name="PDDamage" value="700"/><int name="exp" value="250000"/></imgdir><imgdir name="stand"><canvas name="0" width="77" height="86"><vector name="origin" x="31" y="86"/><vector name="lt" x="-31" y="-86"/><vector name="rb" x="46" y="0"/><vector name="head" x="1" y="-40"/><int name="delay" value="600"/></canvas><canvas name="1" width="77" height="86"><vector name="origin" x="31" y="86"/><vector name="lt" x="-31" y="-86"/><vector name="rb" x="46" y="0"/><vector name="head" x="1" y="-40"/><int name="delay" value="120"/></canvas><canvas name="2" width="77" height="86"><vector name="origin" x="31" y="86"/><vector name="lt" x="-31" y="-86"/><vector name="rb" x="46" y="0"/><vector name="head" x="1" y="-40"/><int name="delay" value="120"/></canvas><uol name="3" value="0"/><canvas name="4" width="77" height="87"><vector name="origin" x="31" y="87"/><vector name="lt" x="-31" y="-87"/><vector name="rb" x="46" y="0"/><vector name="head" x="1" y="-41"/><int name="delay" value="60"/></canvas><canvas name="5" width="77" height="86"><vector name="origin" x="31" y="86"/><vector name="lt" x="-31" y="-86"/><vector name="rb" x="46" y="0"/><vector name="head" x="1" y="-40"/><int name="delay" value="60"/></canvas><uol name="6" value="4"/><uol name="7" value="5"/><uol name="8" value="4"/><uol name="9" value="5"/><uol name="10" value="4"/></imgdir><imgdir name="move"><canvas name="0" width="77" height="86"><vector name="origin" x="36" y="86"/><vector name="lt" x="-36" y="-86"/><vector name="rb" x="41" y="0"/><vector name="head" x="-5" y="-40"/><int name="delay" value="150"/></canvas><canvas name="1" width="77" height="87"><vector name="origin" x="36" y="87"/><vector name="lt" x="-36" y="-87"/><vector name="rb" x="41" y="0"/><vector name="head" x="-5" y="-41"/><int name="delay" value="150"/></canvas><canvas name="2" width="77" height="86"><vector name="origin" x="35" y="86"/><vector name="lt" x="-35" y="-86"/><vector name="rb" x="42" y="0"/><vector name="head" x="-4" y="-40"/><int name="delay" value="150"/></canvas><canvas name="3" width="77" height="85"><vector name="origin" x="35" y="85"/><vector name="lt" x="-35" y="-85"/><vector name="rb" x="42" y="0"/><vector name="head" x="-4" y="-39"/><int name="delay" value="150"/></canvas><canvas name="4" width="77" height="86"><vector name="origin" x="35" y="86"/><vector name="lt" x="-35" y="-86"/><vector name="rb" x="42" y="0"/><vector name="head" x="-4" y="-40"/><int name="delay" value="150"/></canvas><canvas name="5" width="77" height="87"><vector name="origin" x="35" y="87"/><vector name="lt" x="-35" y="-87"/><vector name="rb" x="42" y="0"/><vector name="head" x="-4" y="-41"/><int name="delay" value="150"/></canvas><canvas name="6" width="77" height="86"><vector name="origin" x="35" y="86"/><vector name="lt" x="-35" y="-86"/><vector name="rb" x="42" y="0"/><vector name="head" x="-4" y="-40"/><int name="delay" value="150"/></canvas><canvas name="7" width="77" height="85"><vector name="origin" x="35" y="85"/><vector name="lt" x="-35" y="-86"/><vector name="rb" x="42" y="0"/><vector name="head" x="-4" y="-40"/><int name="delay" value="150"/></canvas></imgdir><imgdir name="attack1"><imgdir name="info"><imgdir name="range"><vector name="lt" x="-250" y="-97"/><vector name="rb" x="-20" y="5"/></imgdir><imgdir name="hit"><canvas name="0" width="68" height="21"><vector name="origin" x="-21" y="11"/><int name="delay" value="60"/></canvas><canvas name="1" width="83" height="69"><vector name="origin" x="29" y="45"/><int name="delay" value="60"/></canvas><canvas name="2" width="57" height="51"><vector name="origin" x="20" y="30"/><int name="delay" value="60"/></canvas><canvas name="3" width="19" height="24"><vector name="origin" x="-14" y="10"/><int name="delay" value="60"/></canvas></imgdir><int name="attackAfter" value="300"/></imgdir><canvas name="0" width="77" height="86"><vector name="origin" x="31" y="86"/><vector name="lt" x="-31" y="-86"/><vector name="rb" x="46" y="0"/><vector name="head" x="1" y="-40"/><int name="delay" value="240"/></canvas><canvas name="1" width="77" height="91"><vector name="origin" x="27" y="91"/><vector name="lt" x="-27" y="-91"/><vector name="rb" x="50" y="0"/><vector name="head" x="4" y="-44"/><int name="delay" value="240"/></canvas><canvas name="2" width="70" height="88"><vector name="origin" x="36" y="88"/><vector name="lt" x="-36" y="-88"/><vector name="rb" x="34" y="0"/><vector name="head" x="-15" y="-42"/><int name="delay" value="240"/></canvas><canvas name="3" width="90" height="95"><vector name="origin" x="53" y="92"/><vector name="lt" x="-53" y="-92"/><vector name="rb" x="37" y="3"/><vector name="head" x="-11" y="-43"/><int name="delay" value="60"/></canvas><canvas name="4" width="85" height="96"><vector name="origin" x="42" y="92"/><vector name="lt" x="-42" y="-92"/><vector name="rb" x="43" y="4"/><vector name="head" x="-9" y="-42"/><int name="delay" value="60"/></canvas><canvas name="5" width="82" height="94"><vector name="origin" x="39" y="91"/><vector name="lt" x="-39" y="-91"/><vector name="rb" x="43" y="3"/><vector name="head" x="-8" y="-42"/><int name="delay" value="60"/></canvas><canvas name="6" width="71" height="88"><vector name="origin" x="31" y="88"/><vector name="lt" x="-31" y="-88"/><vector name="rb" x="40" y="0"/><vector name="head" x="-8" y="-42"/><int name="delay" value="60"/></canvas><uol name="7" value="../stand/0"/><uol name="8" value="../stand/2"/><uol name="9" value="../stand/1"/><uol name="10" value="../stand/2"/><uol name="11" value="../stand/0"/><uol name="12" value="../stand/2"/><uol name="13" value="../stand/1"/><uol name="14" value="../stand/2"/><uol name="15" value="../stand/0"/></imgdir><imgdir name="hit1"><canvas name="0" width="81" height="95"><vector name="origin" x="28" y="95"/><vector name="lt" x="-28" y="-95"/><vector name="rb" x="53" y="0"/><vector name="head" x="2" y="-44"/><int name="delay" value="600"/></canvas></imgdir><imgdir name="die1"><canvas name="0" width="81" height="95"><vector name="origin" x="28" y="95"/><vector name="head" x="5" y="-44"/><int name="delay" value="120"/></canvas><canvas name="1" width="81" height="90"><vector name="origin" x="22" y="90"/><vector name="head" x="9" y="-42"/><int name="delay" value="120"/></canvas><canvas name="2" width="80" height="86"><vector name="origin" x="19" y="86"/><vector name="head" x="12" y="-39"/><int name="delay" value="120"/></canvas><canvas name="3" width="80" height="80"><vector name="origin" x="16" y="81"/><vector name="head" x="15" y="-34"/><int name="delay" value="120"/></canvas><canvas name="4" width="96" height="64"><vector name="origin" x="20" y="62"/><vector name="head" x="20" y="-20"/><int name="delay" value="120"/></canvas><canvas name="5" width="100" height="76"><vector name="origin" x="24" y="61"/><vector name="head" x="20" y="-19"/><int name="delay" value="120"/></canvas><canvas name="6" width="106" height="12"><vector name="origin" x="27" y="14"/><vector name="head" x="34" y="-8"/><int name="delay" value="120"/><int name="a0" value="255"/><int name="a1" value="0"/></canvas></imgdir></imgdir>