<?xml version="1.0" encoding="UTF-8" standalone="yes"?><imgdir name="8170000.img"><imgdir name="info"><int name="bodyAttack" value="1"/><int name="level" value="108"/><int name="maxHP" value="70000"/><int name="maxMP" value="300"/><int name="speed" value="-50"/><int name="PADamage" value="510"/><int name="PDDamage" value="850"/><int name="MADamage" value="620"/><int name="MDDamage" value="680"/><int name="acc" value="210"/><int name="eva" value="38"/><int name="exp" value="4100"/><int name="undead" value="1"/><int name="pushed" value="5500"/><float name="fs" value="10.0"/><int name="summonType" value="1"/><string name="elemAttr" value="H3I2"/><int name="firstAttack" value="1"/><imgdir name="skill"><imgdir name="0"><int name="skill" value="125"/><int name="action" value="1"/><int name="level" value="1"/><int name="effectAfter" value="0"/></imgdir><imgdir name="1"><int name="skill" value="124"/><int name="action" value="2"/><int name="level" value="1"/><int name="effectAfter" value="0"/></imgdir><imgdir name="2"><int name="skill" value="120"/><int name="action" value="3"/><int name="level" value="1"/><int name="effectAfter" value="0"/></imgdir><imgdir name="3"><int name="skill" value="121"/><int name="action" value="4"/><int name="level" value="1"/><int name="effectAfter" value="0"/></imgdir></imgdir><int name="mobType" value="6"/></imgdir><imgdir name="move"><canvas name="0" width="195" height="221"><vector name="origin" x="89" y="221"/><vector name="lt" x="-74" y="-207"/><vector name="rb" x="92" y="-16"/><vector name="head" x="-5" y="-182"/><int name="delay" value="100"/></canvas><canvas name="1" width="203" height="223"><vector name="origin" x="93" y="220"/><vector name="lt" x="-74" y="-207"/><vector name="rb" x="96" y="-16"/><vector name="head" x="-5" y="-181"/><int name="delay" value="100"/></canvas><canvas name="2" width="203" height="225"><vector name="origin" x="93" y="219"/><vector name="lt" x="-74" y="-207"/><vector name="rb" x="96" y="-16"/><vector name="head" x="-5" y="-180"/><int name="delay" value="100"/></canvas><canvas name="3" width="203" height="227"><vector name="origin" x="93" y="220"/><vector name="lt" x="-76" y="-207"/><vector name="rb" x="95" y="-16"/><vector name="head" x="-5" y="-181"/><int name="delay" value="100"/></canvas><canvas name="4" width="195" height="224"><vector name="origin" x="89" y="220"/><vector name="lt" x="-75" y="-207"/><vector name="rb" x="93" y="-16"/><vector name="head" x="-5" y="-181"/><int name="delay" value="100"/></canvas><canvas name="5" width="183" height="223"><vector name="origin" x="83" y="221"/><vector name="lt" x="-65" y="-207"/><vector name="rb" x="86" y="-16"/><vector name="head" x="-5" y="-182"/><int name="delay" value="100"/></canvas></imgdir><imgdir name="stand"><canvas name="0" width="195" height="221"><vector name="origin" x="89" y="221"/><vector name="lt" x="-75" y="-209"/><vector name="rb" x="92" y="-14"/><vector name="head" x="-5" y="-182"/><int name="delay" value="120"/></canvas><canvas name="1" width="203" height="221"><vector name="origin" x="93" y="220"/><vector name="lt" x="-77" y="-208"/><vector name="rb" x="96" y="-15"/><vector name="head" x="-5" y="-181"/><int name="delay" value="120"/></canvas><canvas name="2" width="203" height="221"><vector name="origin" x="93" y="219"/><vector name="lt" x="-78" y="-208"/><vector name="rb" x="96" y="-15"/><vector name="head" x="-5" y="-180"/><int name="delay" value="120"/></canvas><canvas name="3" width="203" height="221"><vector name="origin" x="93" y="220"/><vector name="lt" x="-78" y="-208"/><vector name="rb" x="95" y="-15"/><vector name="head" x="-5" y="-182"/><int name="delay" value="120"/></canvas><canvas name="4" width="195" height="221"><vector name="origin" x="89" y="221"/><vector name="lt" x="-75" y="-209"/><vector name="rb" x="92" y="-14"/><vector name="head" x="-5" y="-183"/><int name="delay" value="120"/></canvas><canvas name="5" width="203" height="221"><vector name="origin" x="93" y="220"/><vector name="lt" x="-77" y="-208"/><vector name="rb" x="96" y="-15"/><vector name="head" x="-5" y="-181"/><int name="delay" value="150"/></canvas><canvas name="6" width="203" height="221"><vector name="origin" x="93" y="219"/><vector name="lt" x="-78" y="-208"/><vector name="rb" x="96" y="-15"/><vector name="head" x="-5" y="-180"/><int name="delay" value="150"/></canvas><canvas name="7" width="203" height="221"><vector name="origin" x="93" y="220"/><vector name="lt" x="-78" y="-208"/><vector name="rb" x="95" y="-15"/><vector name="head" x="-5" y="-182"/><int name="delay" value="150"/></canvas><canvas name="8" width="195" height="221"><vector name="origin" x="89" y="221"/><vector name="lt" x="-75" y="-209"/><vector name="rb" x="92" y="-14"/><vector name="head" x="-5" y="-183"/><int name="delay" value="200"/></canvas></imgdir><imgdir name="attack1"><imgdir name="info"><imgdir name="range"><vector name="lt" x="-33" y="-109"/><vector name="rb" x="44" y="4"/><int name="start" value="-5"/><int name="areaCount" value="9"/><int name="attackCount" value="5"/></imgdir><imgdir name="areaWarning"><canvas name="0" width="71" height="61"><vector name="origin" x="32" y="51"/><int name="delay" value="120"/></canvas><canvas name="1" width="79" height="84"><vector name="origin" x="38" y="74"/><int name="delay" value="120"/></canvas><canvas name="2" width="80" height="123"><vector name="origin" x="38" y="114"/><int name="delay" value="120"/></canvas><canvas name="3" width="77" height="121"><vector name="origin" x="34" y="114"/><int name="delay" value="120"/></canvas><canvas name="4" width="79" height="113"><vector name="origin" x="36" y="105"/><int name="delay" value="120"/></canvas><canvas name="5" width="75" height="109"><vector name="origin" x="34" y="101"/><int name="delay" value="120"/><int name="a0" value="255"/><int name="a1" value="0"/></canvas></imgdir><imgdir name="effect"><canvas name="0" width="146" height="151"><vector name="origin" x="80" y="212"/><int name="delay" value="120"/></canvas><canvas name="1" width="202" height="187"><vector name="origin" x="93" y="212"/><int name="delay" value="120"/></canvas><canvas name="2" width="227" height="183"><vector name="origin" x="108" y="212"/><int name="delay" value="120"/></canvas><canvas name="3" width="272" height="188"><vector name="origin" x="129" y="212"/><int name="delay" value="120"/></canvas><canvas name="4" width="276" height="189"><vector name="origin" x="131" y="212"/><int name="delay" value="120"/></canvas><canvas name="5" width="227" height="183"><vector name="origin" x="108" y="212"/><int name="delay" value="120"/></canvas></imgdir><imgdir name="hit"><canvas name="0" width="79" height="78"><vector name="origin" x="34" y="45"/><int name="delay" value="300"/><int name="a0" value="255"/><int name="a1" value="0"/></canvas></imgdir><int name="type" value="3"/><int name="conMP" value="2"/><int name="attackAfter" value="1080"/><int name="effectAfter" value="720"/><string name="elemAttr" value="I"/><int name="magic" value="1"/></imgdir><uol name="0" value="../stand/0"/><uol name="1" value="../stand/1"/><uol name="2" value="../stand/2"/><uol name="3" value="../stand/3"/><uol name="4" value="../stand/4"/><uol name="5" value="../stand/5"/><canvas name="6" width="189" height="223"><vector name="origin" x="87" y="221"/><vector name="lt" x="-71" y="-207"/><vector name="rb" x="90" y="-16"/><vector name="head" x="-5" y="-182"/><int name="delay" value="120"/></canvas><canvas name="7" width="223" height="229"><vector name="origin" x="104" y="224"/><vector name="lt" x="-89" y="-210"/><vector name="rb" x="105" y="-15"/><vector name="head" x="-5" y="-185"/><int name="delay" value="120"/></canvas><canvas name="8" width="251" height="235"><vector name="origin" x="118" y="227"/><vector name="lt" x="-102" y="-212"/><vector name="rb" x="119" y="-8"/><vector name="head" x="-5" y="-188"/><int name="delay" value="120"/></canvas><canvas name="9" width="277" height="239"><vector name="origin" x="131" y="230"/><vector name="lt" x="-116" y="-216"/><vector name="rb" x="133" y="-15"/><vector name="head" x="-5" y="-191"/><int name="delay" value="120"/></canvas><canvas name="10" width="281" height="236"><vector name="origin" x="133" y="229"/><vector name="lt" x="-112" y="-217"/><vector name="rb" x="133" y="-16"/><vector name="head" x="-5" y="-190"/><int name="delay" value="120"/></canvas><canvas name="11" width="251" height="231"><vector name="origin" x="118" y="226"/><vector name="lt" x="-108" y="-216"/><vector name="rb" x="121" y="-16"/><vector name="head" x="-5" y="-187"/><int name="delay" value="120"/></canvas><uol name="12" value="../stand/0"/><uol name="13" value="../stand/1"/><uol name="14" value="../stand/2"/><uol name="15" value="../stand/3"/><uol name="16" value="../stand/4"/><uol name="17" value="../stand/5"/><uol name="18" value="../stand/6"/><uol name="19" value="../stand/7"/><uol name="20" value="../stand/8"/></imgdir><imgdir name="skill1"><canvas name="0" width="207" height="223"><vector name="origin" x="98" y="221"/><vector name="lt" x="-67" y="-207"/><vector name="rb" x="90" y="-16"/><vector name="head" x="-5" y="-182"/><int name="delay" value="150"/></canvas><canvas name="1" width="233" height="229"><vector name="origin" x="113" y="225"/><vector name="lt" x="-89" y="-210"/><vector name="rb" x="105" y="-15"/><vector name="head" x="-6" y="-187"/><int name="delay" value="150"/></canvas><canvas name="2" width="256" height="235"><vector name="origin" x="124" y="228"/><vector name="lt" x="-102" y="-212"/><vector name="rb" x="119" y="-8"/><vector name="head" x="-6" y="-189"/><int name="delay" value="150"/></canvas><canvas name="3" width="287" height="239"><vector name="origin" x="138" y="231"/><vector name="lt" x="-116" y="-216"/><vector name="rb" x="133" y="-15"/><vector name="head" x="-5" y="-192"/><int name="delay" value="150"/></canvas><canvas name="4" width="289" height="236"><vector name="origin" x="139" y="230"/><vector name="lt" x="-112" y="-217"/><vector name="rb" x="133" y="-16"/><vector name="head" x="-5" y="-191"/><int name="delay" value="150"/></canvas><canvas name="5" width="256" height="231"><vector name="origin" x="122" y="227"/><vector name="lt" x="-108" y="-216"/><vector name="rb" x="121" y="-16"/><vector name="head" x="-5" y="-187"/><int name="delay" value="150"/></canvas></imgdir><imgdir name="skill2"><canvas name="0" width="196" height="223"><vector name="origin" x="92" y="221"/><vector name="lt" x="-71" y="-207"/><vector name="rb" x="90" y="-16"/><vector name="head" x="-5" y="-182"/><int name="delay" value="150"/></canvas><canvas name="1" width="224" height="229"><vector name="origin" x="106" y="225"/><vector name="lt" x="-89" y="-210"/><vector name="rb" x="105" y="-15"/><vector name="head" x="-5" y="-186"/><int name="delay" value="150"/></canvas><canvas name="2" width="251" height="235"><vector name="origin" x="119" y="228"/><vector name="lt" x="-102" y="-212"/><vector name="rb" x="119" y="-8"/><vector name="head" x="-5" y="-189"/><int name="delay" value="150"/></canvas><canvas name="3" width="277" height="239"><vector name="origin" x="132" y="231"/><vector name="lt" x="-116" y="-216"/><vector name="rb" x="133" y="-15"/><vector name="head" x="-5" y="-191"/><int name="delay" value="150"/></canvas><canvas name="4" width="281" height="236"><vector name="origin" x="134" y="230"/><vector name="lt" x="-112" y="-217"/><vector name="rb" x="133" y="-16"/><vector name="head" x="-5" y="-190"/><int name="delay" value="150"/></canvas><canvas name="5" width="251" height="231"><vector name="origin" x="119" y="227"/><vector name="lt" x="-108" y="-216"/><vector name="rb" x="121" y="-16"/><vector name="head" x="-5" y="-188"/><int name="delay" value="150"/></canvas></imgdir><imgdir name="skill3"><canvas name="0" width="189" height="223"><vector name="origin" x="87" y="221"/><vector name="lt" x="-71" y="-207"/><vector name="rb" x="90" y="-16"/><vector name="head" x="-5" y="-182"/><int name="delay" value="150"/></canvas><canvas name="1" width="223" height="229"><vector name="origin" x="105" y="225"/><vector name="lt" x="-89" y="-210"/><vector name="rb" x="105" y="-15"/><vector name="head" x="-4" y="-186"/><int name="delay" value="150"/></canvas><canvas name="2" width="251" height="235"><vector name="origin" x="119" y="228"/><vector name="lt" x="-102" y="-212"/><vector name="rb" x="119" y="-8"/><vector name="head" x="-5" y="-189"/><int name="delay" value="150"/></canvas><canvas name="3" width="277" height="239"><vector name="origin" x="132" y="231"/><vector name="lt" x="-116" y="-216"/><vector name="rb" x="133" y="-15"/><vector name="head" x="-5" y="-192"/><int name="delay" value="150"/></canvas><canvas name="4" width="281" height="236"><vector name="origin" x="134" y="230"/><vector name="lt" x="-112" y="-217"/><vector name="rb" x="133" y="-16"/><vector name="head" x="-5" y="-190"/><int name="delay" value="150"/></canvas><canvas name="5" width="251" height="231"><vector name="origin" x="119" y="227"/><vector name="lt" x="-108" y="-216"/><vector name="rb" x="121" y="-16"/><vector name="head" x="-5" y="-187"/><int name="delay" value="150"/></canvas></imgdir><imgdir name="skill4"><canvas name="0" width="196" height="223"><vector name="origin" x="92" y="221"/><vector name="lt" x="-71" y="-207"/><vector name="rb" x="90" y="-16"/><vector name="head" x="-5" y="-182"/><int name="delay" value="150"/></canvas><canvas name="1" width="223" height="229"><vector name="origin" x="105" y="225"/><vector name="lt" x="-89" y="-210"/><vector name="rb" x="105" y="-15"/><vector name="head" x="-5" y="-185"/><int name="delay" value="150"/></canvas><canvas name="2" width="251" height="235"><vector name="origin" x="119" y="228"/><vector name="lt" x="-102" y="-212"/><vector name="rb" x="119" y="-8"/><vector name="head" x="-5" y="-188"/><int name="delay" value="150"/></canvas><canvas name="3" width="277" height="239"><vector name="origin" x="132" y="231"/><vector name="lt" x="-116" y="-216"/><vector name="rb" x="133" y="-15"/><vector name="head" x="-5" y="-191"/><int name="delay" value="150"/></canvas><canvas name="4" width="281" height="236"><vector name="origin" x="134" y="230"/><vector name="lt" x="-112" y="-217"/><vector name="rb" x="133" y="-16"/><vector name="head" x="-5" y="-190"/><int name="delay" value="150"/></canvas><canvas name="5" width="251" height="231"><vector name="origin" x="119" y="227"/><vector name="lt" x="-108" y="-216"/><vector name="rb" x="121" y="-16"/><vector name="head" x="-5" y="-187"/><int name="delay" value="150"/></canvas></imgdir><imgdir name="hit1"><canvas name="0" width="271" height="233"><vector name="origin" x="122" y="227"/><vector name="lt" x="-72" y="-219"/><vector name="rb" x="62" y="-7"/><vector name="head" x="-5" y="-188"/><int name="delay" value="600"/><imgdir name="rect"><imgdir name="0"><vector name="lt" x="-114" y="-165"/><vector name="rb" x="139" y="-112"/></imgdir></imgdir></canvas></imgdir><imgdir name="die1"><canvas name="0" width="276" height="241"><vector name="origin" x="123" y="234"/><vector name="head" x="-3" y="-188"/><int name="delay" value="100"/></canvas><canvas name="1" width="279" height="240"><vector name="origin" x="125" y="234"/><vector name="head" x="-3" y="-188"/><int name="delay" value="100"/></canvas><canvas name="2" width="275" height="245"><vector name="origin" x="121" y="241"/><vector name="head" x="-3" y="-188"/><int name="delay" value="100"/></canvas><canvas name="3" width="173" height="205"><vector name="origin" x="84" y="252"/><vector name="head" x="-3" y="-188"/><int name="delay" value="100"/></canvas><canvas name="4" width="169" height="215"><vector name="origin" x="82" y="264"/><vector name="head" x="-3" y="-188"/><int name="delay" value="100"/></canvas><canvas name="5" width="169" height="215"><vector name="origin" x="82" y="264"/><vector name="head" x="-3" y="-188"/><int name="delay" value="300"/><int name="a0" value="255"/><int name="a1" value="0"/></canvas></imgdir></imgdir>