<?xml version="1.0" encoding="UTF-8" standalone="yes"?><imgdir name="8180000.img"><imgdir name="info"><int name="bodyAttack" value="1"/><int name="level" value="105"/><int name="maxHP" value="3700000"/><int name="maxMP" value="1500"/><int name="speed" value="-20"/><int name="PADamage" value="550"/><int name="PDDamage" value="900"/><int name="MADamage" value="680"/><int name="MDDamage" value="850"/><int name="acc" value="200"/><int name="eva" value="39"/><int name="exp" value="13500"/><int name="undead" value="0"/><int name="pushed" value="5000"/><int name="hpRecovery" value="300"/><int name="mpRecovery" value="20"/><string name="elemAttr" value="F2I3"/><float name="fs" value="10.0"/><int name="summonType" value="1"/><int name="boss" value="1"/><int name="firstAttack" value="1"/><int name="publicReward" value="1"/><int name="hpTagColor" value="1"/><int name="hpTagBgcolor" value="5"/><int name="HPgaugeHide" value="1"/><int name="rareItemDropLevel" value="2"/><imgdir name="default"><canvas name="0" width="167" height="211"><vector name="origin" x="83" y="105"/><int name="z" value="0"/></canvas></imgdir></imgdir><imgdir name="move"><canvas name="0" width="205" height="246"><vector name="origin" x="109" y="258"/><vector name="lt" x="-109" y="-230"/><vector name="rb" x="64" y="-12"/><vector name="head" x="-74" y="-244"/><int name="delay" value="130"/></canvas><canvas name="1" width="204" height="246"><vector name="origin" x="109" y="259"/><vector name="lt" x="-109" y="-235"/><vector name="rb" x="64" y="-13"/><vector name="head" x="-74" y="-245"/><int name="delay" value="130"/></canvas><canvas name="2" width="204" height="248"><vector name="origin" x="109" y="263"/><vector name="lt" x="-109" y="-237"/><vector name="rb" x="64" y="-15"/><vector name="head" x="-74" y="-249"/><int name="delay" value="130"/></canvas><canvas name="3" width="205" height="248"><vector name="origin" x="109" y="265"/><vector name="lt" x="-109" y="-238"/><vector name="rb" x="64" y="-17"/><vector name="head" x="-74" y="-251"/><int name="delay" value="130"/></canvas><canvas name="4" width="207" height="247"><vector name="origin" x="109" y="263"/><vector name="lt" x="-109" y="-235"/><vector name="rb" x="64" y="-16"/><vector name="head" x="-74" y="-249"/><int name="delay" value="130"/></canvas><canvas name="5" width="207" height="247"><vector name="origin" x="109" y="261"/><vector name="lt" x="-109" y="-233"/><vector name="rb" x="64" y="-14"/><vector name="head" x="-74" y="-247"/><int name="delay" value="130"/></canvas></imgdir><imgdir name="stand"><canvas name="0" width="193" height="244"><vector name="origin" x="97" y="256"/><vector name="lt" x="-98" y="-230"/><vector name="rb" x="61" y="-12"/><vector name="head" x="-62" y="-242"/><int name="delay" value="130"/></canvas><canvas name="1" width="195" height="246"><vector name="origin" x="97" y="257"/><vector name="lt" x="-98" y="-229"/><vector name="rb" x="61" y="-11"/><vector name="head" x="-62" y="-243"/><int name="delay" value="130"/></canvas><canvas name="2" width="196" height="247"><vector name="origin" x="97" y="256"/><vector name="lt" x="-97" y="-227"/><vector name="rb" x="61" y="-9"/><vector name="head" x="-62" y="-242"/><int name="delay" value="130"/></canvas><canvas name="3" width="196" height="247"><vector name="origin" x="97" y="254"/><vector name="lt" x="-97" y="-224"/><vector name="rb" x="62" y="-7"/><vector name="head" x="-62" y="-240"/><int name="delay" value="130"/></canvas><canvas name="4" width="195" height="247"><vector name="origin" x="97" y="253"/><vector name="lt" x="-97" y="-223"/><vector name="rb" x="62" y="-6"/><vector name="head" x="-62" y="-239"/><int name="delay" value="130"/></canvas><canvas name="5" width="213" height="247"><vector name="origin" x="117" y="252"/><vector name="lt" x="-98" y="-225"/><vector name="rb" x="62" y="-5"/><vector name="head" x="-62" y="-238"/><int name="delay" value="130"/></canvas><canvas name="6" width="212" height="247"><vector name="origin" x="117" y="253"/><vector name="lt" x="-98" y="-227"/><vector name="rb" x="61" y="-6"/><vector name="head" x="-62" y="-239"/><int name="delay" value="130"/></canvas><canvas name="7" width="217" height="246"><vector name="origin" x="122" y="255"/><vector name="lt" x="-98" y="-230"/><vector name="rb" x="62" y="-9"/><vector name="head" x="-62" y="-241"/><int name="delay" value="130"/></canvas></imgdir><imgdir name="attack1"><imgdir name="info"><imgdir name="range"><vector name="lt" x="-300" y="-200"/><vector name="rb" x="30" y="10"/></imgdir><imgdir name="hit"><canvas name="0" width="61" height="48"><vector name="origin" x="30" y="38"/><int name="z" value="0"/><int name="delay" value="130"/></canvas><canvas name="1" width="81" height="80"><vector name="origin" x="29" y="70"/><int name="z" value="0"/><int name="delay" value="130"/></canvas><canvas name="2" width="91" height="82"><vector name="origin" x="49" y="72"/><int name="z" value="0"/><int name="delay" value="130"/></canvas><canvas name="3" width="90" height="84"><vector name="origin" x="49" y="74"/><int name="z" value="0"/><int name="delay" value="130"/></canvas><canvas name="4" width="92" height="92"><vector name="origin" x="50" y="86"/><int name="z" value="0"/><int name="delay" value="130"/></canvas><canvas name="5" width="92" height="86"><vector name="origin" x="49" y="87"/><int name="z" value="0"/><int name="delay" value="130"/></canvas><canvas name="6" width="53" height="76"><vector name="origin" x="50" y="86"/><int name="z" value="0"/><int name="delay" value="130"/></canvas><int name="attach" value="1"/></imgdir><int name="type" value="0"/><int name="conMP" value="1"/><int name="attackAfter" value="1750"/><int name="deadlyAttack" value="1"/><int name="magic" value="1"/><string name="elemAttr" value="F"/></imgdir><canvas name="0" width="191" height="262"><vector name="origin" x="91" y="274"/><vector name="lt" x="-91" y="-240"/><vector name="rb" x="65" y="-12"/><vector name="head" x="-60" y="-260"/><int name="delay" value="130"/></canvas><canvas name="1" width="184" height="287"><vector name="origin" x="77" y="299"/><vector name="lt" x="-77" y="-256"/><vector name="rb" x="72" y="-12"/><vector name="head" x="-27" y="-285"/><int name="delay" value="130"/></canvas><canvas name="2" width="221" height="346"><vector name="origin" x="105" y="358"/><vector name="lt" x="-71" y="-288"/><vector name="rb" x="76" y="-12"/><vector name="head" x="-24" y="-285"/><int name="delay" value="130"/></canvas><canvas name="3" width="216" height="342"><vector name="origin" x="103" y="354"/><vector name="lt" x="-71" y="-298"/><vector name="rb" x="78" y="-12"/><vector name="head" x="-15" y="-290"/><int name="delay" value="130"/></canvas><canvas name="4" width="213" height="338"><vector name="origin" x="99" y="350"/><vector name="lt" x="-70" y="-298"/><vector name="rb" x="79" y="-12"/><vector name="head" x="-11" y="-290"/><int name="delay" value="130"/></canvas><canvas name="5" width="204" height="330"><vector name="origin" x="89" y="342"/><vector name="lt" x="-69" y="-298"/><vector name="rb" x="80" y="-12"/><vector name="head" x="-9" y="-290"/><int name="delay" value="130"/></canvas><canvas name="6" width="192" height="326"><vector name="origin" x="76" y="338"/><vector name="lt" x="-68" y="-298"/><vector name="rb" x="81" y="-12"/><vector name="head" x="-8" y="-291"/><int name="delay" value="130"/></canvas><canvas name="7" width="191" height="327"><vector name="origin" x="74" y="339"/><vector name="lt" x="-67" y="-298"/><vector name="rb" x="82" y="-12"/><vector name="head" x="-7" y="-293"/><int name="delay" value="130"/></canvas><canvas name="8" width="187" height="327"><vector name="origin" x="70" y="339"/><vector name="lt" x="-67" y="-299"/><vector name="rb" x="82" y="-12"/><vector name="head" x="-7" y="-294"/><int name="delay" value="130"/></canvas><canvas name="9" width="186" height="330"><vector name="origin" x="69" y="342"/><vector name="lt" x="-67" y="-299"/><vector name="rb" x="82" y="-12"/><vector name="head" x="-7" y="-294"/><int name="delay" value="130"/></canvas><canvas name="10" width="205" height="296"><vector name="origin" x="94" y="308"/><vector name="lt" x="-73" y="-290"/><vector name="rb" x="76" y="-12"/><vector name="head" x="-13" y="-288"/><int name="delay" value="130"/></canvas><canvas name="11" width="227" height="229"><vector name="origin" x="135" y="241"/><vector name="lt" x="-129" y="-216"/><vector name="rb" x="57" y="-12"/><vector name="head" x="-95" y="-227"/><int name="delay" value="130"/></canvas><canvas name="12" width="246" height="232"><vector name="origin" x="155" y="241"/><vector name="lt" x="-128" y="-218"/><vector name="rb" x="56" y="-12"/><vector name="head" x="-96" y="-227"/><int name="delay" value="130"/></canvas><canvas name="13" width="271" height="236"><vector name="origin" x="181" y="241"/><vector name="lt" x="-129" y="-218"/><vector name="rb" x="55" y="-12"/><vector name="head" x="-97" y="-227"/><int name="delay" value="130"/></canvas><canvas name="14" width="287" height="241"><vector name="origin" x="198" y="241"/><vector name="lt" x="-130" y="-218"/><vector name="rb" x="54" y="-12"/><vector name="head" x="-98" y="-227"/><int name="delay" value="130"/></canvas><canvas name="15" width="293" height="238"><vector name="origin" x="205" y="241"/><vector name="lt" x="-131" y="-218"/><vector name="rb" x="53" y="-12"/><vector name="head" x="-99" y="-227"/><int name="delay" value="130"/></canvas><canvas name="16" width="271" height="236"><vector name="origin" x="182" y="241"/><vector name="lt" x="-130" y="-218"/><vector name="rb" x="54" y="-12"/><vector name="head" x="-98" y="-227"/><int name="delay" value="130"/></canvas><canvas name="17" width="287" height="241"><vector name="origin" x="197" y="241"/><vector name="lt" x="-129" y="-218"/><vector name="rb" x="55" y="-12"/><vector name="head" x="-97" y="-227"/><int name="delay" value="130"/></canvas><canvas name="18" width="293" height="238"><vector name="origin" x="202" y="241"/><vector name="lt" x="-128" y="-218"/><vector name="rb" x="56" y="-12"/><vector name="head" x="-96" y="-227"/><int name="delay" value="130"/></canvas><canvas name="19" width="246" height="232"><vector name="origin" x="154" y="241"/><vector name="lt" x="-127" y="-218"/><vector name="rb" x="57" y="-12"/><vector name="head" x="-95" y="-227"/><int name="delay" value="130"/></canvas><canvas name="20" width="208" height="237"><vector name="origin" x="114" y="249"/><vector name="lt" x="-114" y="-221"/><vector name="rb" x="59" y="-12"/><vector name="head" x="-78" y="-235"/><int name="delay" value="130"/></canvas><uol name="21" value="../stand/0"/><uol name="22" value="../stand/1"/><uol name="23" value="../stand/2"/><uol name="24" value="../stand/3"/><uol name="25" value="../stand/4"/><uol name="26" value="../stand/5"/><uol name="27" value="../stand/6"/><uol name="28" value="../stand/7"/></imgdir><imgdir name="attack2"><imgdir name="info"><imgdir name="range"><vector name="lt" x="-400" y="-200"/><vector name="rb" x="30" y="25"/></imgdir><imgdir name="hit"><canvas name="0" width="42" height="49"><vector name="origin" x="42" y="81"/><int name="z" value="0"/><int name="delay" value="130"/></canvas><canvas name="1" width="80" height="63"><vector name="origin" x="55" y="84"/><int name="z" value="0"/><int name="delay" value="130"/></canvas><canvas name="2" width="67" height="71"><vector name="origin" x="35" y="75"/><int name="z" value="0"/><int name="delay" value="130"/></canvas><canvas name="3" width="59" height="59"><vector name="origin" x="46" y="57"/><int name="z" value="0"/><int name="delay" value="130"/></canvas><int name="attach" value="1"/></imgdir><int name="type" value="0"/><int name="conMP" value="1"/><int name="attackAfter" value="1040"/><int name="magic" value="1"/><int name="disease" value="123"/><int name="level" value="7"/></imgdir><canvas name="0" width="193" height="244"><vector name="origin" x="97" y="256"/><vector name="lt" x="-94" y="-230"/><vector name="rb" x="61" y="-12"/><vector name="head" x="-62" y="-242"/><int name="delay" value="130"/></canvas><canvas name="1" width="202" height="252"><vector name="origin" x="99" y="258"/><vector name="lt" x="-94" y="-229"/><vector name="rb" x="61" y="-11"/><vector name="head" x="-61" y="-240"/><int name="delay" value="130"/></canvas><canvas name="2" width="208" height="255"><vector name="origin" x="101" y="258"/><vector name="lt" x="-94" y="-228"/><vector name="rb" x="61" y="-10"/><vector name="head" x="-60" y="-238"/><int name="delay" value="130"/></canvas><canvas name="3" width="208" height="256"><vector name="origin" x="101" y="259"/><vector name="lt" x="-94" y="-229"/><vector name="rb" x="61" y="-11"/><vector name="head" x="-59" y="-238"/><int name="delay" value="130"/></canvas><canvas name="4" width="207" height="258"><vector name="origin" x="102" y="261"/><vector name="lt" x="-94" y="-230"/><vector name="rb" x="61" y="-12"/><vector name="head" x="-59" y="-239"/><int name="delay" value="130"/></canvas><canvas name="5" width="207" height="259"><vector name="origin" x="102" y="263"/><vector name="lt" x="-94" y="-231"/><vector name="rb" x="61" y="-13"/><vector name="head" x="-59" y="-240"/><int name="delay" value="130"/></canvas><canvas name="6" width="208" height="259"><vector name="origin" x="102" y="262"/><vector name="lt" x="-94" y="-230"/><vector name="rb" x="61" y="-12"/><vector name="head" x="-59" y="-239"/><int name="delay" value="130"/></canvas><canvas name="7" width="210" height="259"><vector name="origin" x="102" y="261"/><vector name="lt" x="-94" y="-229"/><vector name="rb" x="61" y="-11"/><vector name="head" x="-59" y="-238"/><int name="delay" value="130"/></canvas><canvas name="8" width="211" height="259"><vector name="origin" x="102" y="260"/><vector name="lt" x="-94" y="-228"/><vector name="rb" x="61" y="-10"/><vector name="head" x="-59" y="-237"/><int name="delay" value="130"/></canvas><canvas name="9" width="219" height="259"><vector name="origin" x="111" y="261"/><vector name="lt" x="-94" y="-229"/><vector name="rb" x="61" y="-11"/><vector name="head" x="-59" y="-238"/><int name="delay" value="130"/></canvas><canvas name="10" width="236" height="259"><vector name="origin" x="130" y="262"/><vector name="lt" x="-94" y="-230"/><vector name="rb" x="61" y="-12"/><vector name="head" x="-59" y="-239"/><int name="delay" value="130"/></canvas><canvas name="11" width="260" height="259"><vector name="origin" x="155" y="263"/><vector name="lt" x="-94" y="-231"/><vector name="rb" x="61" y="-13"/><vector name="head" x="-59" y="-240"/><int name="delay" value="130"/></canvas><canvas name="12" width="264" height="259"><vector name="origin" x="158" y="262"/><vector name="lt" x="-94" y="-230"/><vector name="rb" x="61" y="-12"/><vector name="head" x="-59" y="-239"/><int name="delay" value="130"/></canvas><canvas name="13" width="266" height="259"><vector name="origin" x="158" y="261"/><vector name="lt" x="-94" y="-229"/><vector name="rb" x="61" y="-11"/><vector name="head" x="-59" y="-238"/><int name="delay" value="130"/></canvas><canvas name="14" width="267" height="258"><vector name="origin" x="159" y="259"/><vector name="lt" x="-94" y="-228"/><vector name="rb" x="61" y="-10"/><vector name="head" x="-59" y="-237"/><int name="delay" value="130"/></canvas><canvas name="15" width="208" height="256"><vector name="origin" x="101" y="259"/><vector name="lt" x="-94" y="-229"/><vector name="rb" x="61" y="-11"/><vector name="head" x="-59" y="-238"/><int name="delay" value="130"/></canvas><canvas name="16" width="205" height="255"><vector name="origin" x="101" y="260"/><vector name="lt" x="-94" y="-230"/><vector name="rb" x="61" y="-12"/><vector name="head" x="-60" y="-240"/><int name="delay" value="130"/></canvas><canvas name="17" width="199" height="252"><vector name="origin" x="99" y="260"/><vector name="lt" x="-94" y="-231"/><vector name="rb" x="61" y="-13"/><vector name="head" x="-61" y="-242"/><int name="delay" value="130"/></canvas><uol name="18" value="../stand/0"/><uol name="19" value="../stand/1"/><uol name="20" value="../stand/2"/><uol name="21" value="../stand/3"/><uol name="22" value="../stand/4"/><uol name="23" value="../stand/5"/><uol name="24" value="../stand/6"/><uol name="25" value="../stand/7"/></imgdir><imgdir name="attack3"><imgdir name="info"><imgdir name="range"><vector name="lt" x="-350" y="-200"/><vector name="rb" x="350" y="30"/></imgdir><imgdir name="hit"><canvas name="0" width="104" height="83"><vector name="origin" x="57" y="89"/><int name="z" value="0"/><int name="delay" value="130"/></canvas><canvas name="1" width="122" height="85"><vector name="origin" x="66" y="105"/><int name="z" value="0"/><int name="delay" value="130"/></canvas><int name="attach" value="1"/></imgdir><int name="type" value="0"/><int name="conMP" value="1"/><int name="attackAfter" value="650"/><int name="magic" value="1"/><int name="disease" value="127"/><int name="level" value="6"/></imgdir><canvas name="0" width="193" height="244"><vector name="origin" x="97" y="256"/><vector name="lt" x="-94" y="-230"/><vector name="rb" x="61" y="-12"/><vector name="head" x="-62" y="-242"/><int name="delay" value="130"/></canvas><canvas name="1" width="273" height="281"><vector name="origin" x="162" y="281"/><vector name="lt" x="-94" y="-236"/><vector name="rb" x="61" y="-11"/><vector name="head" x="-60" y="-259"/><int name="delay" value="130"/></canvas><canvas name="2" width="289" height="315"><vector name="origin" x="169" y="310"/><vector name="lt" x="-89" y="-254"/><vector name="rb" x="61" y="-10"/><vector name="head" x="-38" y="-283"/><int name="delay" value="130"/></canvas><canvas name="3" width="295" height="319"><vector name="origin" x="173" y="313"/><vector name="lt" x="-87" y="-255"/><vector name="rb" x="61" y="-11"/><vector name="head" x="-38" y="-284"/><int name="delay" value="130"/></canvas><canvas name="4" width="298" height="322"><vector name="origin" x="175" y="316"/><vector name="lt" x="-87" y="-257"/><vector name="rb" x="61" y="-12"/><vector name="head" x="-38" y="-285"/><int name="delay" value="130"/></canvas><canvas name="5" width="302" height="324"><vector name="origin" x="178" y="318"/><vector name="lt" x="-87" y="-258"/><vector name="rb" x="61" y="-13"/><vector name="head" x="-38" y="-286"/><int name="delay" value="130"/></canvas><canvas name="6" width="303" height="324"><vector name="origin" x="179" y="317"/><vector name="lt" x="-87" y="-257"/><vector name="rb" x="61" y="-12"/><vector name="head" x="-38" y="-285"/><int name="delay" value="130"/></canvas><canvas name="7" width="303" height="324"><vector name="origin" x="179" y="316"/><vector name="lt" x="-87" y="-256"/><vector name="rb" x="61" y="-11"/><vector name="head" x="-38" y="-284"/><int name="delay" value="130"/></canvas><canvas name="8" width="301" height="322"><vector name="origin" x="179" y="314"/><vector name="lt" x="-87" y="-255"/><vector name="rb" x="61" y="-10"/><vector name="head" x="-38" y="-283"/><int name="delay" value="130"/></canvas><canvas name="9" width="298" height="319"><vector name="origin" x="178" y="313"/><vector name="lt" x="-87" y="-256"/><vector name="rb" x="61" y="-11"/><vector name="head" x="-38" y="-284"/><int name="delay" value="130"/></canvas><canvas name="10" width="295" height="315"><vector name="origin" x="183" y="312"/><vector name="lt" x="-87" y="-257"/><vector name="rb" x="61" y="-12"/><vector name="head" x="-38" y="-285"/><int name="delay" value="130"/></canvas><canvas name="11" width="278" height="281"><vector name="origin" x="172" y="283"/><vector name="lt" x="-93" y="-233"/><vector name="rb" x="61" y="-13"/><vector name="head" x="-61" y="-261"/><int name="delay" value="130"/></canvas><uol name="12" value="../stand/0"/><uol name="13" value="../stand/1"/><uol name="14" value="../stand/2"/><uol name="15" value="../stand/3"/><uol name="16" value="../stand/4"/><uol name="17" value="../stand/5"/><uol name="18" value="../stand/6"/><uol name="19" value="../stand/7"/></imgdir><imgdir name="hit1"><canvas name="0" width="185" height="287"><vector name="origin" x="84" y="306"/><vector name="lt" x="-84" y="-263"/><vector name="rb" x="66" y="-19"/><vector name="head" x="-33" y="-292"/><int name="delay" value="600"/></canvas></imgdir><imgdir name="die1"><canvas name="0" width="185" height="287"><vector name="origin" x="84" y="306"/><vector name="head" x="-33" y="-292"/><int name="delay" value="110"/></canvas><canvas name="1" width="191" height="287"><vector name="origin" x="88" y="307"/><vector name="head" x="-31" y="-293"/><int name="delay" value="110"/></canvas><canvas name="2" width="193" height="287"><vector name="origin" x="89" y="308"/><vector name="head" x="-30" y="-294"/><int name="delay" value="110"/></canvas><canvas name="3" width="191" height="262"><vector name="origin" x="86" y="284"/><vector name="head" x="-51" y="-267"/><int name="delay" value="110"/></canvas><canvas name="4" width="205" height="227"><vector name="origin" x="100" y="223"/><vector name="head" x="-53" y="-209"/><int name="delay" value="110"/></canvas><canvas name="5" width="210" height="228"><vector name="origin" x="105" y="224"/><vector name="head" x="-53" y="-210"/><int name="delay" value="110"/></canvas><canvas name="6" width="209" height="228"><vector name="origin" x="104" y="223"/><vector name="head" x="-53" y="-209"/><int name="delay" value="110"/></canvas><canvas name="7" width="210" height="228"><vector name="origin" x="105" y="223"/><vector name="head" x="-53" y="-209"/><int name="delay" value="110"/></canvas><canvas name="8" width="209" height="150"><vector name="origin" x="104" y="150"/><vector name="head" x="-53" y="-206"/><int name="delay" value="110"/></canvas><canvas name="9" width="209" height="137"><vector name="origin" x="109" y="146"/><vector name="head" x="-53" y="-201"/><int name="delay" value="110"/></canvas><canvas name="10" width="31" height="32"><vector name="origin" x="-16" y="141"/><vector name="head" x="-53" y="-196"/><int name="delay" value="300"/><int name="a0" value="255"/><int name="a1" value="0"/></canvas></imgdir></imgdir>