<?xml version="1.0" encoding="UTF-8" standalone="yes"?><imgdir name="8210007.img"><imgdir name="info"><int name="firstAttack" value="1"/><int name="level" value="70"/><int name="bodyAttack" value="1"/><int name="maxHP" value="29600"/><int name="maxMP" value="3000"/><int name="speed" value="-30"/><int name="PADamage" value="610"/><int name="PDDamage" value="640"/><int name="PDRate" value="20"/><int name="MADamage" value="570"/><int name="MDDamage" value="460"/><int name="MDRate" value="20"/><int name="acc" value="123"/><int name="eva" value="29"/><int name="pushed" value="1500"/><float name="fs" value="10.0"/><int name="exp" value="820"/><int name="summonType" value="1"/><int name="category" value="1"/><string name="mobType" value="5N"/></imgdir><imgdir name="stand"><canvas name="0" width="161" height="115"><vector name="origin" x="98" y="115"/><vector name="head" x="-26" y="-88"/><vector name="lt" x="-57" y="-112"/><vector name="rb" x="57" y="3"/><int name="delay" value="150"/></canvas><canvas name="1" width="159" height="114"><vector name="origin" x="97" y="114"/><vector name="head" x="-26" y="-88"/><vector name="lt" x="-57" y="-112"/><vector name="rb" x="57" y="3"/><int name="delay" value="150"/></canvas><canvas name="2" width="157" height="113"><vector name="origin" x="96" y="113"/><vector name="head" x="-26" y="-88"/><vector name="lt" x="-57" y="-112"/><vector name="rb" x="57" y="3"/><int name="delay" value="150"/></canvas><canvas name="3" width="155" height="114"><vector name="origin" x="95" y="114"/><vector name="head" x="-26" y="-88"/><vector name="lt" x="-57" y="-112"/><vector name="rb" x="57" y="3"/><int name="delay" value="150"/></canvas><canvas name="4" width="157" height="115"><vector name="origin" x="96" y="115"/><vector name="head" x="-26" y="-88"/><vector name="lt" x="-57" y="-112"/><vector name="rb" x="57" y="3"/><int name="delay" value="150"/></canvas><canvas name="5" width="159" height="116"><vector name="origin" x="97" y="116"/><vector name="head" x="-26" y="-88"/><vector name="lt" x="-57" y="-112"/><vector name="rb" x="57" y="3"/><int name="delay" value="150"/></canvas></imgdir><imgdir name="move"><canvas name="0" width="159" height="116"><vector name="origin" x="97" y="116"/><vector name="head" x="-26" y="-88"/><vector name="lt" x="-57" y="-112"/><vector name="rb" x="62" y="0"/><int name="delay" value="150"/></canvas><canvas name="1" width="161" height="115"><vector name="origin" x="98" y="115"/><vector name="head" x="-26" y="-88"/><vector name="lt" x="-57" y="-112"/><vector name="rb" x="57" y="3"/><int name="delay" value="180"/></canvas><canvas name="2" width="159" height="114"><vector name="origin" x="97" y="114"/><vector name="head" x="-26" y="-88"/><vector name="lt" x="-57" y="-112"/><vector name="rb" x="57" y="3"/><int name="delay" value="180"/></canvas><canvas name="3" width="155" height="116"><vector name="origin" x="95" y="116"/><vector name="head" x="-26" y="-88"/><vector name="lt" x="-57" y="-112"/><vector name="rb" x="57" y="3"/><int name="delay" value="180"/></canvas><canvas name="4" width="159" height="117"><vector name="origin" x="97" y="117"/><vector name="head" x="-26" y="-88"/><vector name="lt" x="-57" y="-112"/><vector name="rb" x="57" y="3"/><int name="delay" value="180"/></canvas><canvas name="5" width="161" height="115"><vector name="origin" x="98" y="115"/><vector name="head" x="-26" y="-88"/><vector name="lt" x="-57" y="-112"/><vector name="rb" x="57" y="3"/><int name="delay" value="180"/></canvas><canvas name="6" width="159" height="114"><vector name="origin" x="97" y="114"/><vector name="head" x="-26" y="-88"/><vector name="lt" x="-57" y="-112"/><vector name="rb" x="57" y="3"/><int name="delay" value="180"/></canvas><canvas name="7" width="155" height="116"><vector name="origin" x="95" y="116"/><vector name="head" x="-26" y="-88"/><vector name="lt" x="-57" y="-112"/><vector name="rb" x="57" y="3"/><int name="delay" value="180"/></canvas><canvas name="8" width="159" height="117"><vector name="origin" x="97" y="117"/><vector name="head" x="-26" y="-88"/><vector name="lt" x="-57" y="-112"/><vector name="rb" x="57" y="3"/><int name="delay" value="180"/></canvas></imgdir><imgdir name="attack1"><imgdir name="info"><imgdir name="ball"><canvas name="0" width="102" height="101"><vector name="origin" x="40" y="49"/><int name="delay" value="60"/></canvas><canvas name="1" width="98" height="102"><vector name="origin" x="52" y="55"/><int name="delay" value="60"/></canvas><canvas name="2" width="101" height="105"><vector name="origin" x="46" y="58"/><int name="delay" value="60"/></canvas><canvas name="3" width="90" height="105"><vector name="origin" x="41" y="56"/><int name="delay" value="60"/></canvas><canvas name="4" width="101" height="101"><vector name="origin" x="51" y="55"/><int name="delay" value="60"/></canvas><canvas name="5" width="98" height="102"><vector name="origin" x="50" y="55"/><int name="delay" value="60"/></canvas></imgdir><imgdir name="hit"><canvas name="0" width="98" height="86"><vector name="origin" x="47" y="45"/><int name="delay" value="120"/></canvas><canvas name="1" width="140" height="122"><vector name="origin" x="71" y="60"/><int name="delay" value="120"/></canvas><canvas name="2" width="138" height="112"><vector name="origin" x="68" y="55"/><int name="delay" value="120"/></canvas><canvas name="3" width="153" height="124"><vector name="origin" x="75" y="61"/><int name="delay" value="120"/></canvas><canvas name="4" width="158" height="129"><vector name="origin" x="76" y="63"/><int name="delay" value="120"/></canvas><canvas name="5" width="162" height="135"><vector name="origin" x="77" y="66"/><int name="delay" value="120"/></canvas></imgdir><int name="attach" value="1"/><int name="attackAfter" value="960"/><imgdir name="range"><int name="r" value="300"/><vector name="sp" x="-79" y="-55"/></imgdir><int name="type" value="2"/></imgdir><canvas name="0" width="160" height="114"><vector name="origin" x="97" y="114"/><vector name="head" x="-26" y="-88"/><vector name="lt" x="-57" y="-112"/><vector name="rb" x="57" y="3"/><int name="delay" value="120"/></canvas><canvas name="1" width="157" height="113"><vector name="origin" x="96" y="113"/><vector name="head" x="-26" y="-88"/><vector name="lt" x="-57" y="-112"/><vector name="rb" x="57" y="3"/><int name="delay" value="120"/></canvas><canvas name="2" width="155" height="112"><vector name="origin" x="95" y="112"/><vector name="head" x="-26" y="-88"/><vector name="lt" x="-57" y="-112"/><vector name="rb" x="57" y="3"/><int name="delay" value="120"/></canvas><canvas name="3" width="165" height="118"><vector name="origin" x="97" y="121"/><vector name="head" x="-26" y="-88"/><vector name="lt" x="-57" y="-112"/><vector name="rb" x="57" y="3"/><int name="delay" value="120"/></canvas><canvas name="4" width="211" height="178"><vector name="origin" x="129" y="183"/><vector name="head" x="-26" y="-88"/><vector name="lt" x="-57" y="-112"/><vector name="rb" x="57" y="3"/><int name="delay" value="90"/></canvas><canvas name="5" width="205" height="175"><vector name="origin" x="114" y="182"/><vector name="head" x="-26" y="-88"/><vector name="lt" x="-57" y="-112"/><vector name="rb" x="57" y="3"/><int name="delay" value="90"/></canvas><canvas name="6" width="192" height="169"><vector name="origin" x="97" y="179"/><vector name="head" x="-26" y="-88"/><vector name="lt" x="-57" y="-112"/><vector name="rb" x="57" y="3"/><int name="delay" value="90"/></canvas><canvas name="7" width="180" height="177"><vector name="origin" x="82" y="189"/><vector name="head" x="-26" y="-88"/><vector name="lt" x="-57" y="-112"/><vector name="rb" x="57" y="3"/><int name="delay" value="90"/></canvas><canvas name="8" width="182" height="181"><vector name="origin" x="83" y="194"/><vector name="head" x="-26" y="-88"/><vector name="lt" x="-57" y="-112"/><vector name="rb" x="57" y="3"/><int name="delay" value="90"/></canvas><canvas name="9" width="188" height="175"><vector name="origin" x="118" y="183"/><vector name="head" x="-26" y="-88"/><vector name="lt" x="-57" y="-112"/><vector name="rb" x="57" y="3"/><int name="delay" value="90"/><vector name="sp" x="-79" y="-55"/></canvas><canvas name="10" width="176" height="142"><vector name="origin" x="114" y="147"/><vector name="head" x="-26" y="-88"/><vector name="lt" x="-57" y="-112"/><vector name="rb" x="57" y="3"/><int name="delay" value="90"/></canvas><canvas name="11" width="137" height="131"><vector name="origin" x="78" y="123"/><vector name="head" x="-26" y="-88"/><vector name="lt" x="-57" y="-112"/><vector name="rb" x="57" y="3"/><int name="delay" value="120"/></canvas><canvas name="12" width="120" height="121"><vector name="origin" x="64" y="115"/><vector name="head" x="-26" y="-88"/><vector name="lt" x="-57" y="-112"/><vector name="rb" x="57" y="3"/><int name="delay" value="120"/></canvas><canvas name="13" width="111" height="113"><vector name="origin" x="58" y="113"/><vector name="head" x="-26" y="-88"/><vector name="lt" x="-57" y="-112"/><vector name="rb" x="57" y="3"/><int name="delay" value="120"/></canvas><canvas name="14" width="117" height="114"><vector name="origin" x="57" y="114"/><vector name="head" x="-26" y="-88"/><vector name="lt" x="-57" y="-112"/><vector name="rb" x="57" y="3"/><int name="delay" value="120"/></canvas><canvas name="15" width="117" height="115"><vector name="origin" x="55" y="115"/><vector name="head" x="-26" y="-88"/><vector name="lt" x="-57" y="-112"/><vector name="rb" x="57" y="3"/><int name="delay" value="120"/></canvas><canvas name="16" width="161" height="115"><vector name="origin" x="98" y="115"/><vector name="head" x="-26" y="-88"/><vector name="lt" x="-57" y="-112"/><vector name="rb" x="57" y="3"/><int name="delay" value="120"/></canvas><uol name="17" value="../stand/0"/><uol name="18" value="../stand/1"/><uol name="19" value="../stand/2"/><uol name="20" value="../stand/3"/><uol name="21" value="../stand/4"/><uol name="22" value="../stand/5"/></imgdir><imgdir name="hit1"><canvas name="0" width="204" height="132"><vector name="origin" x="94" y="143"/><vector name="head" x="-26" y="-88"/><vector name="lt" x="-94" y="-143"/><vector name="rb" x="110" y="-11"/><int name="delay" value="600"/></canvas></imgdir><imgdir name="die1"><canvas name="0" width="204" height="132"><vector name="origin" x="94" y="143"/><vector name="head" x="-26" y="-88"/></canvas><canvas name="1" width="202" height="120"><vector name="origin" x="79" y="133"/><vector name="head" x="-26" y="-88"/></canvas><canvas name="2" width="215" height="134"><vector name="origin" x="85" y="142"/><vector name="head" x="-26" y="-88"/></canvas><canvas name="3" width="215" height="150"><vector name="origin" x="79" y="144"/><vector name="head" x="-26" y="-88"/></canvas><canvas name="4" width="222" height="135"><vector name="origin" x="78" y="128"/><vector name="head" x="-26" y="-88"/></canvas><canvas name="5" width="222" height="117"><vector name="origin" x="73" y="112"/><vector name="head" x="-26" y="-88"/></canvas><canvas name="6" width="218" height="109"><vector name="origin" x="72" y="104"/><vector name="head" x="-26" y="-88"/></canvas><canvas name="7" width="75" height="58"><vector name="origin" x="83" y="55"/><vector name="head" x="-26" y="-88"/></canvas><canvas name="8" width="67" height="59"><vector name="origin" x="76" y="56"/><vector name="head" x="-26" y="-88"/></canvas><canvas name="9" width="71" height="58"><vector name="origin" x="76" y="56"/><vector name="head" x="-26" y="-88"/></canvas></imgdir></imgdir>