<?xml version="1.0" encoding="UTF-8" standalone="yes"?><imgdir name="8210005.img"><imgdir name="info"><int name="firstAttack" value="1"/><int name="partyBonusMob" value="1"/><int name="level" value="127"/><int name="bodyAttack" value="1"/><int name="maxHP" value="1150000"/><int name="maxMP" value="400"/><int name="speed" value="-50"/><int name="PADamage" value="650"/><int name="PDDamage" value="1000"/><int name="PDRate" value="25"/><int name="MADamage" value="750"/><int name="MDDamage" value="750"/><int name="MDRate" value="25"/><int name="acc" value="423"/><int name="eva" value="44"/><int name="pushed" value="3800"/><float name="fs" value="10.0"/><int name="boss" value="0"/><int name="exp" value="47916"/><int name="category" value="8"/><int name="hpRecovery" value="100000"/><string name="mobType" value="7H"/></imgdir><imgdir name="stand"><canvas name="0" width="153" height="145"><vector name="origin" x="87" y="145"/><vector name="head" x="-32" y="-124"/><vector name="lt" x="-73" y="-129"/><vector name="rb" x="66" y="0"/><int name="delay" value="150"/></canvas><canvas name="1" width="155" height="144"><vector name="origin" x="88" y="144"/><vector name="head" x="-32" y="-124"/><vector name="lt" x="-73" y="-129"/><vector name="rb" x="66" y="0"/><int name="delay" value="150"/></canvas><canvas name="2" width="157" height="143"><vector name="origin" x="89" y="143"/><vector name="head" x="-32" y="-124"/><vector name="lt" x="-73" y="-129"/><vector name="rb" x="66" y="0"/><int name="delay" value="150"/></canvas><canvas name="3" width="155" height="144"><vector name="origin" x="88" y="144"/><vector name="head" x="-32" y="-124"/><vector name="lt" x="-73" y="-129"/><vector name="rb" x="66" y="0"/><int name="delay" value="150"/></canvas><canvas name="4" width="153" height="145"><vector name="origin" x="87" y="145"/><vector name="head" x="-32" y="-124"/><vector name="lt" x="-73" y="-129"/><vector name="rb" x="66" y="0"/><int name="delay" value="150"/></canvas><canvas name="5" width="151" height="146"><vector name="origin" x="86" y="146"/><vector name="head" x="-32" y="-124"/><vector name="lt" x="-73" y="-129"/><vector name="rb" x="66" y="0"/><int name="delay" value="150"/></canvas></imgdir><imgdir name="move"><canvas name="0" width="140" height="147"><vector name="origin" x="77" y="147"/><vector name="head" x="-32" y="-121"/><vector name="lt" x="-61" y="-133"/><vector name="rb" x="63" y="0"/><int name="delay" value="210"/></canvas><canvas name="1" width="135" height="144"><vector name="origin" x="74" y="144"/><vector name="head" x="-32" y="-124"/><vector name="lt" x="-61" y="-133"/><vector name="rb" x="63" y="0"/><int name="delay" value="210"/></canvas><canvas name="2" width="137" height="141"><vector name="origin" x="75" y="141"/><vector name="head" x="-31" y="-120"/><vector name="lt" x="-61" y="-133"/><vector name="rb" x="63" y="0"/><int name="delay" value="210"/></canvas><canvas name="3" width="138" height="140"><vector name="origin" x="73" y="140"/><vector name="head" x="-32" y="-124"/><vector name="lt" x="-61" y="-133"/><vector name="rb" x="63" y="0"/><int name="delay" value="210"/></canvas><canvas name="4" width="139" height="145"><vector name="origin" x="72" y="145"/><vector name="head" x="-31" y="-121"/><vector name="lt" x="-61" y="-133"/><vector name="rb" x="63" y="0"/><int name="delay" value="210"/></canvas><canvas name="5" width="141" height="147"><vector name="origin" x="73" y="147"/><vector name="head" x="-32" y="-122"/><vector name="lt" x="-61" y="-133"/><vector name="rb" x="63" y="0"/><int name="delay" value="210"/></canvas><canvas name="6" width="152" height="147"><vector name="origin" x="83" y="147"/><vector name="head" x="-32" y="-124"/><vector name="lt" x="-61" y="-133"/><vector name="rb" x="63" y="0"/><int name="delay" value="210"/></canvas><canvas name="7" width="157" height="144"><vector name="origin" x="87" y="144"/><vector name="head" x="-32" y="-124"/><vector name="lt" x="-61" y="-133"/><vector name="rb" x="63" y="0"/><int name="delay" value="210"/></canvas><canvas name="8" width="155" height="141"><vector name="origin" x="84" y="141"/><vector name="head" x="-32" y="-124"/><vector name="lt" x="-61" y="-133"/><vector name="rb" x="63" y="0"/><int name="delay" value="210"/></canvas><canvas name="9" width="155" height="140"><vector name="origin" x="82" y="140"/><vector name="head" x="-32" y="-124"/><vector name="lt" x="-61" y="-133"/><vector name="rb" x="63" y="0"/><int name="delay" value="210"/></canvas><canvas name="10" width="154" height="145"><vector name="origin" x="80" y="145"/><vector name="head" x="-32" y="-124"/><vector name="lt" x="-61" y="-133"/><vector name="rb" x="63" y="0"/><int name="delay" value="210"/></canvas><canvas name="11" width="151" height="147"><vector name="origin" x="78" y="147"/><vector name="head" x="-32" y="-124"/><vector name="lt" x="-61" y="-133"/><vector name="rb" x="63" y="0"/><int name="delay" value="210"/></canvas></imgdir><imgdir name="attack1"><imgdir name="info"><imgdir name="range"><vector name="lt" x="-195" y="-197"/><vector name="rb" x="69" y="3"/></imgdir><imgdir name="hit"><canvas name="0" width="142" height="129"><vector name="origin" x="74" y="76"/></canvas><canvas name="1" width="135" height="128"><vector name="origin" x="71" y="77"/></canvas><canvas name="2" width="148" height="123"><vector name="origin" x="77" y="69"/></canvas><canvas name="3" width="161" height="128"><vector name="origin" x="82" y="71"/></canvas><canvas name="4" width="163" height="131"><vector name="origin" x="82" y="73"/></canvas></imgdir><int name="type" value="0"/><int name="attackAfter" value="1620"/><int name="jumpAttack" value="1"/><int name="tremble" value="1"/><int name="knockback" value="1"/><int name="PADamage" value="650"/></imgdir><canvas name="0" width="153" height="145"><vector name="origin" x="87" y="145"/><vector name="head" x="-32" y="-124"/><vector name="lt" x="-75" y="-128"/><vector name="rb" x="66" y="0"/><int name="delay" value="180"/></canvas><canvas name="1" width="157" height="130"><vector name="origin" x="89" y="130"/><vector name="head" x="-32" y="-108"/><vector name="lt" x="-75" y="-128"/><vector name="rb" x="66" y="0"/><int name="delay" value="180"/></canvas><canvas name="2" width="200" height="183"><vector name="origin" x="116" y="183"/><vector name="head" x="-33" y="-108"/><vector name="lt" x="-75" y="-128"/><vector name="rb" x="66" y="0"/><int name="delay" value="180"/></canvas><canvas name="3" width="183" height="175"><vector name="origin" x="109" y="175"/><vector name="head" x="-32" y="-124"/><vector name="lt" x="-89" y="-128"/><vector name="rb" x="66" y="0"/><int name="delay" value="180"/></canvas><canvas name="4" width="171" height="182"><vector name="origin" x="97" y="182"/><vector name="head" x="-26" y="-133"/><vector name="lt" x="-81" y="-144"/><vector name="rb" x="77" y="0"/><int name="delay" value="180"/></canvas><canvas name="5" width="164" height="183"><vector name="origin" x="88" y="183"/><vector name="head" x="-25" y="-137"/><vector name="lt" x="-81" y="-144"/><vector name="rb" x="77" y="0"/><int name="delay" value="180"/></canvas><canvas name="6" width="164" height="184"><vector name="origin" x="87" y="184"/><vector name="head" x="-24" y="-137"/><vector name="lt" x="-81" y="-144"/><vector name="rb" x="77" y="0"/><int name="delay" value="180"/></canvas><canvas name="7" width="164" height="185"><vector name="origin" x="87" y="185"/><vector name="head" x="-24" y="-137"/><vector name="lt" x="-81" y="-144"/><vector name="rb" x="77" y="0"/><int name="delay" value="180"/></canvas><canvas name="8" width="164" height="185"><vector name="origin" x="87" y="185"/><vector name="head" x="-25" y="-137"/><vector name="lt" x="-81" y="-144"/><vector name="rb" x="77" y="0"/><int name="delay" value="180"/></canvas><canvas name="9" width="212" height="168"><vector name="origin" x="154" y="163"/><vector name="head" x="-36" y="-100"/><vector name="lt" x="-80" y="-113"/><vector name="rb" x="57" y="0"/><int name="delay" value="120"/></canvas><canvas name="10" width="230" height="189"><vector name="origin" x="172" y="184"/><vector name="head" x="-36" y="-100"/><vector name="lt" x="-80" y="-113"/><vector name="rb" x="57" y="0"/><int name="delay" value="120"/></canvas><canvas name="11" width="253" height="201"><vector name="origin" x="188" y="196"/><vector name="head" x="-36" y="-101"/><vector name="lt" x="-80" y="-113"/><vector name="rb" x="57" y="0"/><int name="delay" value="120"/></canvas><canvas name="12" width="265" height="182"><vector name="origin" x="194" y="177"/><vector name="head" x="-36" y="-108"/><vector name="lt" x="-80" y="-113"/><vector name="rb" x="57" y="0"/><int name="delay" value="120"/></canvas><canvas name="13" width="231" height="178"><vector name="origin" x="167" y="174"/><vector name="head" x="-32" y="-118"/><vector name="lt" x="-76" y="-130"/><vector name="rb" x="63" y="0"/><int name="delay" value="120"/></canvas><canvas name="14" width="235" height="162"><vector name="origin" x="170" y="158"/><vector name="head" x="-32" y="-120"/><vector name="lt" x="-76" y="-130"/><vector name="rb" x="63" y="0"/><int name="delay" value="120"/></canvas><canvas name="15" width="209" height="156"><vector name="origin" x="143" y="152"/><vector name="head" x="-32" y="-121"/><vector name="lt" x="-76" y="-130"/><vector name="rb" x="63" y="0"/><int name="delay" value="180"/></canvas><uol name="16" value="../stand/0"/><uol name="17" value="../stand/1"/><uol name="18" value="../stand/2"/><uol name="19" value="../stand/3"/><uol name="20" value="../stand/4"/><uol name="21" value="../stand/5"/></imgdir><imgdir name="hit1"><canvas name="0" width="179" height="147"><vector name="origin" x="86" y="147"/><vector name="head" x="-32" y="-124"/><vector name="lt" x="-71" y="-131"/><vector name="rb" x="93" y="-1"/></canvas></imgdir><imgdir name="die1"><canvas name="0" width="153" height="145"><vector name="origin" x="87" y="145"/><vector name="head" x="-32" y="-124"/><int name="delay" value="180"/></canvas><canvas name="1" width="183" height="147"><vector name="origin" x="39" y="147"/><vector name="head" x="-32" y="-124"/><int name="delay" value="180"/></canvas><canvas name="2" width="213" height="147"><vector name="origin" x="49" y="147"/><vector name="head" x="-32" y="-124"/><int name="delay" value="180"/></canvas><canvas name="3" width="232" height="147"><vector name="origin" x="61" y="147"/><vector name="head" x="-32" y="-124"/><int name="delay" value="180"/></canvas><canvas name="4" width="249" height="145"><vector name="origin" x="74" y="135"/><vector name="head" x="-32" y="-124"/><int name="delay" value="180"/></canvas><canvas name="5" width="209" height="144"><vector name="origin" x="28" y="134"/><vector name="head" x="-32" y="-124"/><int name="delay" value="180"/></canvas><canvas name="6" width="209" height="149"><vector name="origin" x="27" y="136"/><vector name="head" x="-32" y="-124"/><int name="delay" value="180"/></canvas><canvas name="7" width="209" height="139"><vector name="origin" x="32" y="134"/><vector name="head" x="-32" y="-124"/><int name="delay" value="180"/></canvas></imgdir></imgdir>