<?xml version="1.0" encoding="UTF-8" standalone="yes"?><imgdir name="8210014.img"><imgdir name="info"><string name="removeAfter" value="15"/><int name="level" value="125"/><int name="bodyAttack" value="1"/><int name="maxHP" value="1"/><int name="maxMP" value="100"/><int name="speed" value="-40"/><int name="PADamage" value="3000"/><int name="PDDamage" value="1000"/><int name="PDRate" value="25"/><int name="MADamage" value="3168"/><int name="MDDamage" value="1100"/><int name="MDRate" value="25"/><int name="acc" value="423"/><int name="eva" value="60"/><int name="pushed" value="999999"/><float name="fs" value="10.0"/><int name="boss" value="1"/><int name="summonType" value="1"/><int name="category" value="8"/><string name="mobType" value="7N"/></imgdir><imgdir name="stand"><canvas name="0" width="4" height="4"><vector name="origin" x="36" y="53"/><int name="delay" value="90"/><vector name="head" x="1" y="-1500"/></canvas></imgdir><imgdir name="die1"><canvas name="0" width="4" height="4"><vector name="origin" x="36" y="53"/><int name="delay" value="90"/><vector name="head" x="1" y="-1500"/></canvas></imgdir></imgdir>