<?xml version="1.0" encoding="UTF-8" standalone="yes"?><imgdir name="8220018.img"><imgdir name="info"><string name="elemAttr" value="H3D2"/><imgdir name="skill"><imgdir name="0"><int name="skill" value="112"/><int name="action" value="1"/><int name="level" value="4"/><int name="effectAfter" value="0"/></imgdir></imgdir><int name="bodyAttack" value="1"/><int name="maxMP" value="4000"/><int name="speed" value="-20"/><int name="PDRate" value="20"/><int name="MDRate" value="20"/><int name="pushed" value="2000"/><float name="fs" value="10.0"/><int name="summonType" value="1"/><int name="category" value="7"/><int name="undead" value="1"/><string name="mobType" value="2N"/><int name="acc" value="270"/><int name="eva" value="55"/><int name="exp" value="383333"/><int name="level" value="186"/><int name="MADamage" value="975"/><int name="maxHP" value="11500000"/><int name="PADamage" value="920"/><int name="boss" value="0"/></imgdir><imgdir name="stand"><canvas name="0" width="95" height="112"><vector name="origin" x="42" y="112"/><vector name="lt" x="-40" y="-110"/><vector name="rb" x="50" y="0"/><vector name="head" x="8" y="-109"/><int name="delay" value="170"/></canvas><canvas name="1" width="95" height="111"><vector name="origin" x="42" y="111"/><vector name="lt" x="-40" y="-110"/><vector name="rb" x="50" y="0"/><vector name="head" x="8" y="-108"/><int name="delay" value="170"/></canvas><canvas name="2" width="95" height="113"><vector name="origin" x="42" y="113"/><vector name="lt" x="-40" y="-110"/><vector name="rb" x="50" y="0"/><vector name="head" x="8" y="-110"/><int name="delay" value="170"/></canvas><canvas name="3" width="99" height="116"><vector name="origin" x="42" y="116"/><vector name="lt" x="-40" y="-110"/><vector name="rb" x="50" y="0"/><vector name="head" x="8" y="-113"/><int name="delay" value="170"/></canvas><canvas name="4" width="95" height="117"><vector name="origin" x="42" y="117"/><vector name="lt" x="-40" y="-110"/><vector name="rb" x="50" y="0"/><vector name="head" x="8" y="-114"/><int name="delay" value="170"/></canvas><canvas name="5" width="95" height="115"><vector name="origin" x="42" y="115"/><vector name="lt" x="-40" y="-110"/><vector name="rb" x="50" y="0"/><vector name="head" x="8" y="-112"/><int name="delay" value="170"/></canvas></imgdir><imgdir name="move"><canvas name="0" width="95" height="117"><vector name="origin" x="46" y="116"/><vector name="lt" x="-40" y="-110"/><vector name="rb" x="50" y="0"/><vector name="head" x="4" y="-113"/><int name="delay" value="170"/></canvas><canvas name="1" width="94" height="117"><vector name="origin" x="45" y="115"/><vector name="lt" x="-40" y="-110"/><vector name="rb" x="50" y="0"/><vector name="head" x="5" y="-112"/><int name="delay" value="170"/></canvas><canvas name="2" width="95" height="118"><vector name="origin" x="46" y="116"/><vector name="lt" x="-40" y="-110"/><vector name="rb" x="50" y="0"/><vector name="head" x="4" y="-113"/><int name="delay" value="170"/></canvas><canvas name="3" width="96" height="117"><vector name="origin" x="47" y="115"/><vector name="lt" x="-40" y="-110"/><vector name="rb" x="50" y="0"/><vector name="head" x="3" y="-112"/><int name="delay" value="170"/></canvas></imgdir><imgdir name="attack1"><imgdir name="info"><imgdir name="range"><vector name="lt" x="-280" y="-80"/><vector name="rb" x="-50" y="0"/></imgdir><imgdir name="hit"><canvas name="0" width="134" height="97"><vector name="origin" x="67" y="109"/><int name="delay" value="120"/></canvas><canvas name="1" width="136" height="94"><vector name="origin" x="66" y="106"/><int name="delay" value="120"/></canvas><canvas name="2" width="121" height="91"><vector name="origin" x="64" y="104"/><int name="delay" value="120"/></canvas><canvas name="3" width="103" height="79"><vector name="origin" x="60" y="94"/><int name="delay" value="120"/></canvas><canvas name="4" width="80" height="61"><vector name="origin" x="47" y="83"/><int name="delay" value="120"/></canvas><int name="attach" value="1"/></imgdir><int name="attackAfter" value="720"/><int name="type" value="0"/></imgdir><canvas name="0" width="95" height="112"><vector name="origin" x="42" y="112"/><vector name="lt" x="-40" y="-110"/><vector name="rb" x="50" y="0"/><vector name="head" x="8" y="-109"/><int name="delay" value="120"/></canvas><canvas name="1" width="224" height="175"><vector name="origin" x="164" y="152"/><vector name="lt" x="-40" y="-110"/><vector name="rb" x="50" y="0"/><vector name="head" x="9" y="-114"/><int name="delay" value="120"/></canvas><canvas name="2" width="213" height="164"><vector name="origin" x="152" y="146"/><vector name="lt" x="-40" y="-110"/><vector name="rb" x="50" y="0"/><vector name="head" x="9" y="-115"/><int name="delay" value="120"/></canvas><canvas name="3" width="193" height="210"><vector name="origin" x="132" y="154"/><vector name="lt" x="-40" y="-110"/><vector name="rb" x="50" y="0"/><vector name="head" x="10" y="-115"/><int name="delay" value="120"/></canvas><canvas name="4" width="180" height="218"><vector name="origin" x="119" y="158"/><vector name="lt" x="-40" y="-110"/><vector name="rb" x="50" y="0"/><vector name="head" x="10" y="-117"/><int name="delay" value="120"/></canvas><canvas name="5" width="335" height="218"><vector name="origin" x="268" y="158"/><vector name="lt" x="-40" y="-110"/><vector name="rb" x="50" y="0"/><vector name="head" x="-26" y="-113"/><int name="delay" value="120"/></canvas><canvas name="6" width="337" height="218"><vector name="origin" x="270" y="158"/><vector name="lt" x="-40" y="-110"/><vector name="rb" x="50" y="0"/><vector name="head" x="-27" y="-113"/><int name="delay" value="120"/></canvas><canvas name="7" width="335" height="216"><vector name="origin" x="269" y="157"/><vector name="lt" x="-40" y="-110"/><vector name="rb" x="50" y="0"/><vector name="head" x="-26" y="-113"/><int name="delay" value="120"/></canvas><canvas name="8" width="332" height="215"><vector name="origin" x="268" y="157"/><vector name="lt" x="-40" y="-110"/><vector name="rb" x="50" y="0"/><vector name="head" x="-27" y="-113"/><int name="delay" value="120"/></canvas><canvas name="9" width="233" height="212"><vector name="origin" x="172" y="155"/><vector name="lt" x="-40" y="-110"/><vector name="rb" x="50" y="0"/><vector name="head" x="-26" y="-113"/><int name="delay" value="120"/></canvas><canvas name="10" width="228" height="207"><vector name="origin" x="176" y="153"/><vector name="lt" x="-40" y="-110"/><vector name="rb" x="50" y="0"/><vector name="head" x="10" y="-118"/><int name="delay" value="120"/></canvas><canvas name="11" width="94" height="117"><vector name="origin" x="41" y="117"/><vector name="lt" x="-40" y="-110"/><vector name="rb" x="50" y="0"/><vector name="head" x="9" y="-114"/><int name="delay" value="120"/></canvas><canvas name="12" width="94" height="116"><vector name="origin" x="41" y="116"/><vector name="lt" x="-40" y="-110"/><vector name="rb" x="50" y="0"/><vector name="head" x="9" y="-113"/><int name="delay" value="120"/></canvas><uol name="13" value="../stand/0"/><uol name="14" value="../stand/1"/><uol name="15" value="../stand/2"/><uol name="16" value="../stand/3"/><uol name="17" value="../stand/4"/><uol name="18" value="../stand/5"/></imgdir><imgdir name="skill1"><canvas name="0" width="95" height="112"><vector name="origin" x="42" y="112"/><vector name="lt" x="-40" y="-110"/><vector name="rb" x="50" y="0"/><vector name="head" x="8" y="-109"/><int name="delay" value="120"/></canvas><canvas name="1" width="95" height="112"><vector name="origin" x="42" y="112"/><vector name="lt" x="-40" y="-110"/><vector name="rb" x="50" y="0"/><vector name="head" x="8" y="-109"/><int name="delay" value="120"/></canvas><canvas name="2" width="134" height="141"><vector name="origin" x="64" y="129"/><vector name="lt" x="-40" y="-110"/><vector name="rb" x="50" y="0"/><vector name="head" x="9" y="-114"/><int name="delay" value="120"/></canvas><canvas name="3" width="134" height="145"><vector name="origin" x="64" y="131"/><vector name="lt" x="-40" y="-110"/><vector name="rb" x="50" y="0"/><vector name="head" x="9" y="-115"/><int name="delay" value="120"/></canvas><canvas name="4" width="211" height="200"><vector name="origin" x="101" y="165"/><vector name="lt" x="-40" y="-110"/><vector name="rb" x="50" y="0"/><vector name="head" x="9" y="-117"/><int name="delay" value="120"/></canvas><canvas name="5" width="214" height="219"><vector name="origin" x="101" y="192"/><vector name="lt" x="-40" y="-110"/><vector name="rb" x="50" y="0"/><vector name="head" x="10" y="-118"/><int name="delay" value="120"/></canvas><canvas name="6" width="219" height="217"><vector name="origin" x="101" y="188"/><vector name="lt" x="-40" y="-110"/><vector name="rb" x="50" y="0"/><vector name="head" x="10" y="-117"/><int name="delay" value="120"/></canvas><canvas name="7" width="154" height="194"><vector name="origin" x="73" y="182"/><vector name="lt" x="-40" y="-110"/><vector name="rb" x="50" y="0"/><vector name="head" x="10" y="-118"/><int name="delay" value="120"/></canvas><canvas name="8" width="136" height="141"><vector name="origin" x="64" y="131"/><vector name="lt" x="-40" y="-110"/><vector name="rb" x="50" y="0"/><vector name="head" x="10" y="-117"/><int name="delay" value="120"/></canvas><canvas name="9" width="110" height="137"><vector name="origin" x="51" y="130"/><vector name="lt" x="-40" y="-110"/><vector name="rb" x="50" y="0"/><vector name="head" x="10" y="-115"/><int name="delay" value="120"/></canvas><canvas name="10" width="108" height="135"><vector name="origin" x="50" y="129"/><vector name="lt" x="-40" y="-110"/><vector name="rb" x="50" y="0"/><vector name="head" x="9" y="-114"/><int name="delay" value="120"/></canvas><canvas name="11" width="104" height="131"><vector name="origin" x="48" y="127"/><vector name="lt" x="-40" y="-110"/><vector name="rb" x="50" y="0"/><vector name="head" x="9" y="-114"/><int name="delay" value="120"/></canvas></imgdir><imgdir name="hit1"><canvas name="0" width="122" height="135"><vector name="origin" x="64" y="133"/><vector name="lt" x="-40" y="-110"/><vector name="rb" x="50" y="0"/><vector name="head" x="6" y="-123"/><int name="delay" value="600"/></canvas></imgdir><imgdir name="die1"><canvas name="0" width="107" height="127"><vector name="origin" x="51" y="125"/><vector name="head" x="8" y="-121"/><int name="delay" value="120"/></canvas><canvas name="1" width="107" height="126"><vector name="origin" x="51" y="124"/><vector name="head" x="8" y="-120"/><int name="delay" value="120"/></canvas><canvas name="2" width="107" height="106"><vector name="origin" x="51" y="104"/><vector name="head" x="8" y="-101"/><int name="delay" value="120"/></canvas><canvas name="3" width="111" height="84"><vector name="origin" x="55" y="82"/><vector name="head" x="10" y="-61"/><int name="delay" value="120"/></canvas><canvas name="4" width="115" height="84"><vector name="origin" x="59" y="82"/><vector name="head" x="10" y="-62"/><int name="delay" value="120"/></canvas><canvas name="5" width="120" height="59"><vector name="origin" x="61" y="58"/><vector name="head" x="10" y="-54"/><int name="delay" value="120"/></canvas><canvas name="6" width="125" height="57"><vector name="origin" x="64" y="57"/><int name="delay" value="120"/></canvas><canvas name="7" width="127" height="29"><vector name="origin" x="63" y="31"/><int name="delay" value="120"/></canvas><canvas name="8" width="126" height="21"><vector name="origin" x="65" y="32"/><int name="delay" value="300"/><int name="a0" value="255"/><int name="a1" value="0"/></canvas></imgdir></imgdir>