<?xml version="1.0" encoding="UTF-8" standalone="yes"?><imgdir name="8220019.img"><imgdir name="info"><int name="chaseSpeed" value="10"/><string name="elemAttr" value="H3D2"/><int name="bodyAttack" value="1"/><int name="maxMP" value="4000"/><int name="speed" value="-20"/><int name="PDDamage" value="800"/><int name="PDRate" value="20"/><int name="MDDamage" value="495"/><int name="MDRate" value="20"/><int name="pushed" value="1800"/><float name="fs" value="10.0"/><int name="summonType" value="1"/><int name="category" value="5"/><int name="undead" value="1"/><string name="mobType" value="2N"/><int name="acc" value="270"/><int name="eva" value="55"/><int name="exp" value="350000"/><int name="level" value="182"/><int name="MADamage" value="925"/><int name="maxHP" value="10500000"/><int name="PADamage" value="910"/><int name="boss" value="0"/></imgdir><imgdir name="stand"><canvas name="0" width="133" height="118"><vector name="origin" x="98" y="118"/><vector name="lt" x="-60" y="-110"/><vector name="rb" x="30" y="0"/><vector name="head" x="-24" y="-103"/><int name="delay" value="180"/></canvas><canvas name="1" width="134" height="117"><vector name="origin" x="98" y="117"/><vector name="lt" x="-60" y="-110"/><vector name="rb" x="30" y="0"/><vector name="head" x="-24" y="-102"/><int name="delay" value="180"/></canvas><canvas name="2" width="133" height="116"><vector name="origin" x="98" y="116"/><vector name="lt" x="-60" y="-110"/><vector name="rb" x="30" y="0"/><vector name="head" x="-24" y="-101"/><int name="delay" value="180"/></canvas><canvas name="3" width="137" height="117"><vector name="origin" x="98" y="117"/><vector name="lt" x="-60" y="-110"/><vector name="rb" x="30" y="0"/><vector name="head" x="-24" y="-102"/><int name="delay" value="180"/></canvas></imgdir><imgdir name="move"><canvas name="0" width="133" height="116"><vector name="origin" x="98" y="116"/><vector name="lt" x="-60" y="-110"/><vector name="rb" x="30" y="0"/><vector name="head" x="-24" y="-101"/><int name="delay" value="120"/></canvas><canvas name="1" width="134" height="117"><vector name="origin" x="98" y="117"/><vector name="lt" x="-60" y="-110"/><vector name="rb" x="30" y="0"/><vector name="head" x="-24" y="-102"/><int name="delay" value="120"/></canvas><canvas name="2" width="133" height="116"><vector name="origin" x="98" y="116"/><vector name="lt" x="-60" y="-110"/><vector name="rb" x="30" y="0"/><vector name="head" x="-24" y="-101"/><int name="delay" value="120"/></canvas><canvas name="3" width="137" height="117"><vector name="origin" x="98" y="117"/><vector name="lt" x="-60" y="-110"/><vector name="rb" x="30" y="0"/><vector name="head" x="-24" y="-102"/><int name="delay" value="120"/></canvas></imgdir><imgdir name="chase"><canvas name="0" width="133" height="120"><vector name="origin" x="91" y="120"/><vector name="lt" x="-60" y="-110"/><vector name="rb" x="30" y="0"/><vector name="head" x="-16" y="-105"/><int name="delay" value="90"/></canvas><canvas name="1" width="137" height="117"><vector name="origin" x="91" y="117"/><vector name="lt" x="-60" y="-110"/><vector name="rb" x="30" y="0"/><vector name="head" x="-17" y="-102"/><int name="delay" value="90"/></canvas><canvas name="2" width="137" height="115"><vector name="origin" x="91" y="115"/><vector name="lt" x="-60" y="-110"/><vector name="rb" x="30" y="0"/><vector name="head" x="-18" y="-100"/><int name="delay" value="90"/></canvas><canvas name="3" width="137" height="119"><vector name="origin" x="89" y="119"/><vector name="lt" x="-60" y="-110"/><vector name="rb" x="30" y="0"/><vector name="head" x="-15" y="-104"/><int name="delay" value="90"/></canvas></imgdir><imgdir name="attack1"><imgdir name="info"><imgdir name="range"><vector name="lt" x="-270" y="-120"/><vector name="rb" x="80" y="10"/></imgdir><imgdir name="hit"><canvas name="0" width="118" height="111"><vector name="origin" x="55" y="87"/></canvas><canvas name="1" width="112" height="84"><vector name="origin" x="55" y="73"/></canvas><canvas name="2" width="113" height="82"><vector name="origin" x="58" y="69"/></canvas><canvas name="3" width="117" height="95"><vector name="origin" x="55" y="75"/></canvas><canvas name="4" width="119" height="104"><vector name="origin" x="57" y="78"/></canvas><int name="pos" value="3"/></imgdir><int name="attackAfter" value="1080"/><int name="type" value="0"/><int name="jumpAttack" value="1"/></imgdir><canvas name="0" width="133" height="118"><vector name="origin" x="98" y="118"/><vector name="lt" x="-60" y="-110"/><vector name="rb" x="30" y="0"/><vector name="head" x="-24" y="-103"/><int name="delay" value="120"/></canvas><canvas name="1" width="195" height="175"><vector name="origin" x="108" y="150"/><vector name="lt" x="-60" y="-110"/><vector name="rb" x="30" y="0"/><vector name="head" x="-20" y="-105"/><int name="delay" value="120"/></canvas><canvas name="2" width="185" height="163"><vector name="origin" x="98" y="144"/><vector name="lt" x="-60" y="-110"/><vector name="rb" x="30" y="0"/><vector name="head" x="-17" y="-110"/><int name="delay" value="120"/></canvas><canvas name="3" width="166" height="148"><vector name="origin" x="92" y="135"/><vector name="lt" x="-60" y="-110"/><vector name="rb" x="30" y="0"/><vector name="head" x="-16" y="-111"/><int name="delay" value="120"/></canvas><canvas name="4" width="150" height="140"><vector name="origin" x="93" y="133"/><vector name="lt" x="-60" y="-110"/><vector name="rb" x="30" y="0"/><vector name="head" x="-15" y="-112"/><int name="delay" value="120"/></canvas><canvas name="5" width="141" height="143"><vector name="origin" x="93" y="135"/><vector name="lt" x="-60" y="-110"/><vector name="rb" x="30" y="0"/><vector name="head" x="-14" y="-113"/><int name="delay" value="120"/></canvas><canvas name="6" width="141" height="143"><vector name="origin" x="92" y="135"/><vector name="lt" x="-60" y="-110"/><vector name="rb" x="30" y="0"/><vector name="head" x="-13" y="-113"/><int name="delay" value="120"/></canvas><canvas name="7" width="141" height="144"><vector name="origin" x="91" y="136"/><vector name="lt" x="-60" y="-110"/><vector name="rb" x="30" y="0"/><vector name="head" x="-12" y="-114"/><int name="delay" value="120"/></canvas><canvas name="8" width="195" height="128"><vector name="origin" x="105" y="120"/><vector name="lt" x="-60" y="-110"/><vector name="rb" x="30" y="0"/><vector name="head" x="-24" y="-98"/><int name="delay" value="120"/></canvas><canvas name="9" width="195" height="131"><vector name="origin" x="105" y="123"/><vector name="lt" x="-60" y="-110"/><vector name="rb" x="30" y="0"/><vector name="head" x="-24" y="-101"/><int name="delay" value="120"/></canvas><canvas name="10" width="196" height="130"><vector name="origin" x="106" y="123"/><vector name="lt" x="-60" y="-110"/><vector name="rb" x="30" y="0"/><vector name="head" x="-24" y="-102"/><int name="delay" value="120"/></canvas><canvas name="11" width="182" height="126"><vector name="origin" x="102" y="121"/><vector name="lt" x="-60" y="-110"/><vector name="rb" x="30" y="0"/><vector name="head" x="-24" y="-102"/><int name="delay" value="120"/></canvas><canvas name="12" width="178" height="118"><vector name="origin" x="98" y="117"/><vector name="lt" x="-60" y="-110"/><vector name="rb" x="30" y="0"/><vector name="head" x="-24" y="-102"/><int name="delay" value="120"/></canvas><uol name="13" value="../stand/0"/><uol name="14" value="../stand/1"/><uol name="15" value="../stand/2"/><uol name="16" value="../stand/3"/></imgdir><imgdir name="attack2"><imgdir name="info"><imgdir name="range"><vector name="sp" x="-27" y="-64"/><int name="r" value="270"/></imgdir><imgdir name="ball"><canvas name="0" width="171" height="37"><vector name="origin" x="67" y="20"/></canvas><canvas name="1" width="180" height="37"><vector name="origin" x="67" y="20"/></canvas></imgdir><imgdir name="hit"><canvas name="0" width="87" height="116"><vector name="origin" x="47" y="96"/><int name="delay" value="150"/></canvas><canvas name="1" width="88" height="116"><vector name="origin" x="47" y="96"/><int name="delay" value="150"/></canvas><canvas name="2" width="81" height="80"><vector name="origin" x="47" y="78"/><int name="delay" value="150"/></canvas><canvas name="3" width="81" height="80"><vector name="origin" x="47" y="78"/><int name="delay" value="150"/></canvas><canvas name="4" width="86" height="91"><vector name="origin" x="53" y="84"/><int name="delay" value="300"/><int name="a0" value="255"/><int name="a1" value="0"/></canvas></imgdir><int name="attackAfter" value="960"/><int name="type" value="2"/><int name="magic" value="1"/></imgdir><canvas name="0" width="133" height="118"><vector name="origin" x="98" y="118"/><vector name="lt" x="-60" y="-110"/><vector name="rb" x="30" y="0"/><vector name="head" x="-24" y="-103"/><int name="delay" value="120"/></canvas><canvas name="1" width="228" height="170"><vector name="origin" x="137" y="165"/><vector name="lt" x="-60" y="-110"/><vector name="rb" x="30" y="0"/><vector name="head" x="-18" y="-105"/><int name="delay" value="120"/></canvas><canvas name="2" width="223" height="172"><vector name="origin" x="132" y="165"/><vector name="lt" x="-60" y="-110"/><vector name="rb" x="30" y="0"/><vector name="head" x="-13" y="-109"/><int name="delay" value="120"/></canvas><canvas name="3" width="216" height="173"><vector name="origin" x="125" y="165"/><vector name="lt" x="-60" y="-110"/><vector name="rb" x="30" y="0"/><vector name="head" x="-10" y="-110"/><int name="delay" value="120"/></canvas><canvas name="4" width="209" height="170"><vector name="origin" x="121" y="162"/><vector name="lt" x="-60" y="-110"/><vector name="rb" x="30" y="0"/><vector name="head" x="-8" y="-111"/><int name="delay" value="120"/></canvas><canvas name="5" width="200" height="155"><vector name="origin" x="118" y="147"/><vector name="lt" x="-60" y="-110"/><vector name="rb" x="30" y="0"/><vector name="head" x="-8" y="-111"/><int name="delay" value="120"/></canvas><canvas name="6" width="124" height="141"><vector name="origin" x="57" y="133"/><vector name="lt" x="-60" y="-110"/><vector name="rb" x="30" y="0"/><vector name="head" x="-8" y="-111"/><int name="delay" value="120"/></canvas><canvas name="7" width="154" height="130"><vector name="origin" x="100" y="123"/><vector name="lt" x="-60" y="-110"/><vector name="rb" x="30" y="0"/><vector name="head" x="-25" y="-102"/><int name="delay" value="120"/></canvas><canvas name="8" width="140" height="129"><vector name="origin" x="100" y="121"/><vector name="lt" x="-60" y="-110"/><vector name="rb" x="30" y="0"/><vector name="head" x="-25" y="-102"/><int name="delay" value="120"/></canvas><canvas name="9" width="135" height="117"><vector name="origin" x="99" y="117"/><vector name="lt" x="-60" y="-110"/><vector name="rb" x="30" y="0"/><vector name="head" x="-24" y="-102"/><int name="delay" value="120"/></canvas><canvas name="10" width="134" height="117"><vector name="origin" x="98" y="117"/><vector name="lt" x="-60" y="-110"/><vector name="rb" x="30" y="0"/><vector name="head" x="-24" y="-102"/><int name="delay" value="120"/></canvas><uol name="11" value="../stand/0"/><uol name="12" value="../stand/1"/><uol name="13" value="../stand/2"/><uol name="14" value="../stand/3"/></imgdir><imgdir name="hit1"><canvas name="0" width="134" height="124"><vector name="origin" x="91" y="124"/><vector name="lt" x="-40" y="-126"/><vector name="rb" x="32" y="0"/><vector name="head" x="-16" y="-109"/><int name="delay" value="600"/></canvas></imgdir><imgdir name="die1"><canvas name="0" width="133" height="118"><vector name="origin" x="98" y="118"/><vector name="head" x="-24" y="-103"/><int name="delay" value="180"/></canvas><canvas name="1" width="134" height="124"><vector name="origin" x="91" y="124"/><vector name="head" x="-16" y="-109"/><int name="delay" value="180"/></canvas><canvas name="2" width="127" height="124"><vector name="origin" x="91" y="124"/><vector name="head" x="-18" y="-109"/><int name="delay" value="180"/></canvas><canvas name="3" width="131" height="117"><vector name="origin" x="96" y="117"/><vector name="head" x="-24" y="-102"/><int name="delay" value="180"/></canvas><canvas name="4" width="161" height="106"><vector name="origin" x="99" y="105"/><vector name="head" x="-31" y="-90"/><int name="delay" value="180"/></canvas><canvas name="5" width="170" height="102"><vector name="origin" x="100" y="101"/><int name="z" value="0"/><vector name="head" x="-32" y="-86"/><int name="delay" value="180"/></canvas><canvas name="6" width="175" height="98"><vector name="origin" x="100" y="98"/><int name="z" value="0"/><vector name="head" x="-32" y="-83"/><int name="delay" value="300"/><int name="a0" value="255"/><int name="a1" value="0"/></canvas></imgdir></imgdir>