<?xml version="1.0" encoding="UTF-8" standalone="yes"?><imgdir name="8220006.img"><imgdir name="info"><int name="bodyAttack" value="1"/><int name="level" value="141"/><int name="maxHP" value="9300000"/><int name="maxMP" value="3000"/><int name="speed" value="-50"/><int name="PADamage" value="675"/><int name="PDDamage" value="1100"/><int name="MADamage" value="755"/><int name="MDDamage" value="1170"/><int name="acc" value="239"/><int name="eva" value="49"/><int name="exp" value="32865"/><int name="undead" value="0"/><int name="pushed" value="15000"/><int name="hpRecovery" value="10000"/><int name="mpRecovery" value="300"/><string name="elemAttr" value="F2S3"/><float name="fs" value="10.0"/><int name="hpTagColor" value="1"/><int name="hpTagBgcolor" value="5"/><int name="HPgaugeHide" value="1"/><int name="summonType" value="1"/><int name="firstAttack" value="1"/><int name="boss" value="1"/><int name="rareItemDropLevel" value="2"/><imgdir name="skill"><imgdir name="0"><int name="skill" value="100"/><int name="action" value="1"/><int name="level" value="2"/><int name="effectAfter" value="0"/></imgdir><imgdir name="1"><int name="skill" value="128"/><int name="action" value="2"/><int name="level" value="7"/><int name="effectAfter" value="0"/></imgdir><imgdir name="2"><int name="skill" value="114"/><int name="action" value="2"/><int name="level" value="9"/><int name="effectAfter" value="0"/></imgdir></imgdir><imgdir name="speak"><imgdir name="con"><imgdir name="0"><imgdir name="quest"><int name="questID" value="3515"/><int name="state" value="2"/></imgdir></imgdir></imgdir><imgdir name="0"><int name="hp" value="7000000"/><string name="0" value="Return to oblivion!"/></imgdir><int name="chatBalloon" value="0"/></imgdir></imgdir><imgdir name="stand"><canvas name="0" width="243" height="189"><vector name="origin" x="104" y="189"/><vector name="lt" x="-105" y="-189"/><vector name="rb" x="89" y="-1"/><vector name="head" x="-42" y="-192"/><int name="delay" value="150"/></canvas><canvas name="1" width="221" height="189"><vector name="origin" x="104" y="187"/><vector name="lt" x="-105" y="-189"/><vector name="rb" x="89" y="-1"/><vector name="head" x="-42" y="-192"/><int name="delay" value="150"/></canvas><canvas name="2" width="226" height="192"><vector name="origin" x="104" y="185"/><vector name="lt" x="-105" y="-189"/><vector name="rb" x="89" y="-1"/><vector name="head" x="-42" y="-192"/><int name="delay" value="150"/></canvas><canvas name="3" width="231" height="193"><vector name="origin" x="104" y="184"/><vector name="lt" x="-105" y="-189"/><vector name="rb" x="89" y="-1"/><vector name="head" x="-42" y="-192"/><int name="delay" value="150"/></canvas><canvas name="4" width="236" height="194"><vector name="origin" x="104" y="186"/><vector name="lt" x="-105" y="-189"/><vector name="rb" x="89" y="-1"/><vector name="head" x="-42" y="-192"/><int name="delay" value="150"/></canvas><canvas name="5" width="247" height="189"><vector name="origin" x="104" y="182"/><vector name="lt" x="-105" y="-189"/><vector name="rb" x="89" y="-1"/><vector name="head" x="-42" y="-192"/><int name="delay" value="150"/></canvas><canvas name="6" width="254" height="188"><vector name="origin" x="104" y="185"/><vector name="lt" x="-105" y="-189"/><vector name="rb" x="89" y="-1"/><vector name="head" x="-42" y="-192"/><int name="delay" value="150"/></canvas><canvas name="7" width="279" height="188"><vector name="origin" x="104" y="188"/><vector name="lt" x="-105" y="-189"/><vector name="rb" x="89" y="-1"/><vector name="head" x="-42" y="-192"/><int name="delay" value="150"/></canvas><canvas name="8" width="243" height="189"><vector name="origin" x="104" y="189"/><vector name="lt" x="-105" y="-189"/><vector name="rb" x="89" y="-1"/><vector name="head" x="-42" y="-192"/><int name="delay" value="150"/></canvas><canvas name="9" width="221" height="190"><vector name="origin" x="104" y="187"/><vector name="lt" x="-105" y="-189"/><vector name="rb" x="89" y="-1"/><vector name="head" x="-42" y="-192"/><int name="delay" value="150"/></canvas><canvas name="10" width="226" height="192"><vector name="origin" x="104" y="185"/><vector name="lt" x="-105" y="-189"/><vector name="rb" x="89" y="-1"/><vector name="head" x="-42" y="-192"/><int name="delay" value="150"/></canvas><canvas name="11" width="231" height="193"><vector name="origin" x="104" y="184"/><vector name="lt" x="-105" y="-189"/><vector name="rb" x="89" y="-1"/><vector name="head" x="-42" y="-192"/><int name="delay" value="150"/></canvas><canvas name="12" width="236" height="194"><vector name="origin" x="104" y="186"/><vector name="lt" x="-105" y="-189"/><vector name="rb" x="89" y="-1"/><vector name="head" x="-42" y="-192"/><int name="delay" value="150"/></canvas><canvas name="13" width="247" height="189"><vector name="origin" x="104" y="182"/><vector name="lt" x="-105" y="-189"/><vector name="rb" x="89" y="-1"/><vector name="head" x="-42" y="-192"/><int name="delay" value="150"/></canvas><canvas name="14" width="254" height="188"><vector name="origin" x="104" y="185"/><vector name="lt" x="-105" y="-189"/><vector name="rb" x="89" y="-1"/><vector name="head" x="-42" y="-192"/><int name="delay" value="150"/></canvas><canvas name="15" width="279" height="188"><vector name="origin" x="104" y="188"/><vector name="lt" x="-105" y="-189"/><vector name="rb" x="89" y="-1"/><vector name="head" x="-42" y="-192"/><int name="delay" value="150"/></canvas></imgdir><imgdir name="move"><canvas name="0" width="243" height="192"><vector name="origin" x="104" y="190"/><vector name="lt" x="-105" y="-189"/><vector name="rb" x="89" y="-1"/><vector name="head" x="-42" y="-192"/><int name="delay" value="150"/></canvas><canvas name="1" width="221" height="188"><vector name="origin" x="104" y="188"/><vector name="lt" x="-105" y="-189"/><vector name="rb" x="89" y="-1"/><vector name="head" x="-42" y="-192"/><int name="delay" value="150"/></canvas><canvas name="2" width="226" height="190"><vector name="origin" x="104" y="190"/><vector name="lt" x="-105" y="-189"/><vector name="rb" x="89" y="-1"/><vector name="head" x="-42" y="-192"/><int name="delay" value="150"/></canvas><canvas name="3" width="231" height="189"><vector name="origin" x="104" y="189"/><vector name="lt" x="-105" y="-189"/><vector name="rb" x="89" y="-1"/><vector name="head" x="-42" y="-192"/><int name="delay" value="150"/></canvas><canvas name="4" width="236" height="192"><vector name="origin" x="104" y="190"/><vector name="lt" x="-105" y="-189"/><vector name="rb" x="89" y="-1"/><vector name="head" x="-42" y="-192"/><int name="delay" value="150"/></canvas><canvas name="5" width="247" height="188"><vector name="origin" x="104" y="188"/><vector name="lt" x="-105" y="-189"/><vector name="rb" x="96" y="-1"/><vector name="head" x="-42" y="-192"/><int name="delay" value="150"/></canvas><canvas name="6" width="254" height="190"><vector name="origin" x="104" y="190"/><vector name="lt" x="-105" y="-189"/><vector name="rb" x="96" y="-1"/><vector name="head" x="-42" y="-192"/><int name="delay" value="150"/></canvas><canvas name="7" width="259" height="188"><vector name="origin" x="104" y="188"/><vector name="lt" x="-105" y="-189"/><vector name="rb" x="89" y="-1"/><vector name="head" x="-42" y="-192"/><int name="delay" value="150"/></canvas></imgdir><imgdir name="attack1"><imgdir name="info"><imgdir name="range"><vector name="lt" x="-40" y="-200"/><vector name="rb" x="40" y="0"/><int name="start" value="-7"/><int name="areaCount" value="15"/><int name="attackCount" value="7"/></imgdir><imgdir name="areaWarning"><canvas name="0" width="4" height="4"><vector name="origin" x="37" y="91"/><int name="delay" value="180"/></canvas><canvas name="1" width="74" height="83"><vector name="origin" x="37" y="91"/><int name="delay" value="120"/></canvas><canvas name="2" width="98" height="101"><vector name="origin" x="51" y="107"/><int name="delay" value="120"/></canvas><canvas name="3" width="110" height="104"><vector name="origin" x="49" y="114"/><int name="delay" value="120"/></canvas><canvas name="4" width="100" height="108"><vector name="origin" x="41" y="115"/><int name="delay" value="120"/></canvas><canvas name="5" width="87" height="112"><vector name="origin" x="35" y="116"/><int name="delay" value="120"/></canvas><canvas name="6" width="79" height="87"><vector name="origin" x="30" y="111"/><int name="delay" value="120"/></canvas><canvas name="7" width="66" height="77"><vector name="origin" x="26" y="106"/><int name="delay" value="120"/></canvas><canvas name="8" width="67" height="125"><vector name="origin" x="34" y="366"/><int name="delay" value="120"/></canvas><canvas name="9" width="122" height="153"><vector name="origin" x="55" y="139"/><int name="delay" value="120"/></canvas><canvas name="10" width="165" height="168"><vector name="origin" x="75" y="156"/><int name="delay" value="120"/></canvas><canvas name="11" width="197" height="185"><vector name="origin" x="91" y="172"/><int name="delay" value="120"/></canvas><canvas name="12" width="241" height="189"><vector name="origin" x="111" y="176"/><int name="delay" value="120"/></canvas><canvas name="13" width="267" height="181"><vector name="origin" x="123" y="173"/><int name="delay" value="120"/></canvas><canvas name="14" width="266" height="156"><vector name="origin" x="122" y="176"/><int name="delay" value="120"/></canvas></imgdir><imgdir name="hit"><canvas name="0" width="99" height="107"><vector name="origin" x="50" y="98"/><int name="delay" value="240"/></canvas><canvas name="1" width="80" height="77"><vector name="origin" x="38" y="75"/><int name="delay" value="240"/></canvas><int name="attach" value="1"/></imgdir><int name="type" value="4"/><int name="conMP" value="1"/><int name="attackAfter" value="1260"/><int name="PADamage" value="720"/></imgdir><canvas name="0" width="247" height="196"><vector name="origin" x="108" y="188"/><vector name="lt" x="-105" y="-189"/><vector name="rb" x="89" y="-1"/><vector name="head" x="-42" y="-192"/><int name="delay" value="180"/></canvas><canvas name="1" width="234" height="201"><vector name="origin" x="111" y="192"/><vector name="lt" x="-105" y="-189"/><vector name="rb" x="89" y="-1"/><vector name="head" x="-42" y="-192"/><int name="delay" value="180"/></canvas><canvas name="2" width="242" height="205"><vector name="origin" x="112" y="196"/><vector name="lt" x="-105" y="-189"/><vector name="rb" x="89" y="-1"/><vector name="head" x="-42" y="-192"/><int name="delay" value="180"/></canvas><canvas name="3" width="249" height="208"><vector name="origin" x="113" y="198"/><vector name="lt" x="-105" y="-189"/><vector name="rb" x="89" y="-1"/><vector name="head" x="-42" y="-192"/><int name="delay" value="180"/></canvas><canvas name="4" width="256" height="210"><vector name="origin" x="114" y="200"/><vector name="lt" x="-105" y="-189"/><vector name="rb" x="89" y="-1"/><vector name="head" x="-42" y="-192"/><int name="delay" value="180"/></canvas><canvas name="5" width="267" height="211"><vector name="origin" x="114" y="201"/><vector name="lt" x="-105" y="-189"/><vector name="rb" x="89" y="-1"/><vector name="head" x="-42" y="-192"/><int name="delay" value="180"/></canvas><canvas name="6" width="274" height="211"><vector name="origin" x="114" y="201"/><vector name="lt" x="-105" y="-189"/><vector name="rb" x="89" y="-1"/><vector name="head" x="-42" y="-192"/><int name="delay" value="180"/></canvas><canvas name="7" width="283" height="214"><vector name="origin" x="116" y="193"/><vector name="lt" x="-105" y="-189"/><vector name="rb" x="89" y="-1"/><vector name="head" x="-42" y="-192"/><int name="delay" value="180"/></canvas><canvas name="8" width="262" height="212"><vector name="origin" x="115" y="188"/><vector name="lt" x="-105" y="-189"/><vector name="rb" x="89" y="-1"/><vector name="head" x="-42" y="-192"/><int name="delay" value="540"/></canvas><canvas name="9" width="241" height="210"><vector name="origin" x="114" y="188"/><vector name="lt" x="-105" y="-189"/><vector name="rb" x="89" y="-1"/><vector name="head" x="-42" y="-192"/><int name="delay" value="180"/></canvas><canvas name="10" width="246" height="210"><vector name="origin" x="114" y="189"/><vector name="lt" x="-105" y="-189"/><vector name="rb" x="89" y="-1"/><vector name="head" x="-42" y="-192"/><int name="delay" value="180"/></canvas><canvas name="11" width="247" height="205"><vector name="origin" x="112" y="187"/><vector name="lt" x="-105" y="-189"/><vector name="rb" x="89" y="-1"/><vector name="head" x="-42" y="-192"/><int name="delay" value="180"/></canvas><canvas name="12" width="243" height="197"><vector name="origin" x="108" y="185"/><vector name="lt" x="-105" y="-189"/><vector name="rb" x="89" y="-1"/><vector name="head" x="-42" y="-192"/><int name="delay" value="180"/></canvas><canvas name="13" width="247" height="192"><vector name="origin" x="104" y="189"/><vector name="lt" x="-105" y="-189"/><vector name="rb" x="89" y="-1"/><vector name="head" x="-42" y="-192"/><int name="delay" value="180"/></canvas><canvas name="14" width="254" height="189"><vector name="origin" x="104" y="187"/><vector name="lt" x="-105" y="-189"/><vector name="rb" x="89" y="-1"/><vector name="head" x="-42" y="-192"/><int name="delay" value="180"/></canvas><canvas name="15" width="259" height="189"><vector name="origin" x="104" y="189"/><vector name="lt" x="-105" y="-189"/><vector name="rb" x="89" y="-1"/><vector name="head" x="-42" y="-192"/><int name="delay" value="180"/></canvas></imgdir><imgdir name="attack2"><imgdir name="info"><imgdir name="range"><vector name="lt" x="-300" y="-272"/><vector name="rb" x="100" y="0"/></imgdir><imgdir name="hit"><canvas name="0" width="63" height="137"><vector name="origin" x="31" y="115"/><int name="delay" value="120"/></canvas><canvas name="1" width="92" height="187"><vector name="origin" x="41" y="168"/><int name="delay" value="120"/></canvas><canvas name="2" width="91" height="213"><vector name="origin" x="51" y="194"/><int name="delay" value="120"/></canvas><canvas name="3" width="90" height="187"><vector name="origin" x="45" y="165"/><int name="delay" value="120"/></canvas><canvas name="4" width="91" height="184"><vector name="origin" x="44" y="164"/><int name="delay" value="120"/></canvas><canvas name="5" width="86" height="177"><vector name="origin" x="42" y="161"/><int name="delay" value="120"/></canvas><canvas name="6" width="50" height="146"><vector name="origin" x="43" y="137"/><int name="delay" value="120"/></canvas><int name="attach" value="1"/></imgdir><int name="type" value="0"/><int name="conMP" value="1"/><int name="attackAfter" value="960"/><int name="magic" value="1"/><string name="elemAttr" value="F"/></imgdir><canvas name="0" width="247" height="196"><vector name="origin" x="108" y="188"/><vector name="lt" x="-105" y="-189"/><vector name="rb" x="89" y="-1"/><vector name="head" x="-42" y="-192"/><int name="delay" value="120"/></canvas><canvas name="1" width="329" height="201"><vector name="origin" x="206" y="192"/><vector name="lt" x="-105" y="-189"/><vector name="rb" x="89" y="-1"/><vector name="head" x="-42" y="-192"/><int name="delay" value="120"/></canvas><canvas name="2" width="332" height="205"><vector name="origin" x="202" y="196"/><vector name="lt" x="-105" y="-189"/><vector name="rb" x="89" y="-1"/><vector name="head" x="-42" y="-192"/><int name="delay" value="120"/></canvas><canvas name="3" width="332" height="208"><vector name="origin" x="196" y="198"/><vector name="lt" x="-105" y="-189"/><vector name="rb" x="89" y="-1"/><vector name="head" x="-42" y="-192"/><int name="delay" value="120"/></canvas><canvas name="4" width="332" height="210"><vector name="origin" x="190" y="200"/><vector name="lt" x="-105" y="-189"/><vector name="rb" x="89" y="-1"/><vector name="head" x="-42" y="-192"/><int name="delay" value="120"/></canvas><canvas name="5" width="344" height="211"><vector name="origin" x="191" y="201"/><vector name="lt" x="-105" y="-189"/><vector name="rb" x="89" y="-1"/><vector name="head" x="-42" y="-192"/><int name="delay" value="120"/></canvas><canvas name="6" width="352" height="211"><vector name="origin" x="192" y="201"/><vector name="lt" x="-105" y="-189"/><vector name="rb" x="89" y="-1"/><vector name="head" x="-42" y="-192"/><int name="delay" value="120"/></canvas><canvas name="7" width="358" height="214"><vector name="origin" x="191" y="193"/><vector name="lt" x="-105" y="-189"/><vector name="rb" x="89" y="-1"/><vector name="head" x="-42" y="-192"/><int name="delay" value="120"/></canvas><canvas name="8" width="337" height="212"><vector name="origin" x="190" y="188"/><vector name="lt" x="-105" y="-189"/><vector name="rb" x="89" y="-1"/><vector name="head" x="-42" y="-192"/><int name="delay" value="120"/></canvas><canvas name="9" width="313" height="210"><vector name="origin" x="186" y="188"/><vector name="lt" x="-105" y="-189"/><vector name="rb" x="89" y="-1"/><vector name="head" x="-42" y="-192"/><int name="delay" value="120"/></canvas><canvas name="10" width="314" height="210"><vector name="origin" x="182" y="189"/><vector name="lt" x="-105" y="-189"/><vector name="rb" x="89" y="-1"/><vector name="head" x="-42" y="-192"/><int name="delay" value="120"/></canvas><canvas name="11" width="296" height="205"><vector name="origin" x="161" y="187"/><vector name="lt" x="-105" y="-189"/><vector name="rb" x="89" y="-1"/><vector name="head" x="-42" y="-192"/><int name="delay" value="120"/></canvas><canvas name="12" width="243" height="197"><vector name="origin" x="108" y="185"/><vector name="lt" x="-105" y="-189"/><vector name="rb" x="89" y="-1"/><vector name="head" x="-42" y="-192"/><int name="delay" value="120"/></canvas><canvas name="13" width="247" height="192"><vector name="origin" x="104" y="189"/><vector name="lt" x="-105" y="-189"/><vector name="rb" x="89" y="-1"/><vector name="head" x="-42" y="-192"/><int name="delay" value="120"/></canvas><canvas name="14" width="254" height="189"><vector name="origin" x="104" y="187"/><vector name="lt" x="-105" y="-189"/><vector name="rb" x="89" y="-1"/><vector name="head" x="-42" y="-192"/><int name="delay" value="120"/></canvas><canvas name="15" width="259" height="189"><vector name="origin" x="104" y="189"/><vector name="lt" x="-105" y="-189"/><vector name="rb" x="89" y="-1"/><vector name="head" x="-42" y="-192"/><int name="delay" value="120"/></canvas></imgdir><imgdir name="skill1"><canvas name="0" width="243" height="189"><vector name="origin" x="104" y="189"/><vector name="lt" x="-105" y="-189"/><vector name="rb" x="89" y="-1"/><vector name="head" x="-42" y="-192"/><int name="delay" value="120"/></canvas><canvas name="1" width="221" height="189"><vector name="origin" x="104" y="187"/><vector name="lt" x="-105" y="-189"/><vector name="rb" x="89" y="-1"/><vector name="head" x="-42" y="-192"/><int name="delay" value="120"/></canvas><canvas name="2" width="233" height="194"><vector name="origin" x="111" y="187"/><vector name="lt" x="-105" y="-189"/><vector name="rb" x="89" y="-1"/><vector name="head" x="-42" y="-192"/><int name="delay" value="120"/></canvas><canvas name="3" width="240" height="197"><vector name="origin" x="113" y="188"/><vector name="lt" x="-105" y="-189"/><vector name="rb" x="89" y="-1"/><vector name="head" x="-42" y="-192"/><int name="delay" value="120"/></canvas><canvas name="4" width="246" height="198"><vector name="origin" x="114" y="188"/><vector name="lt" x="-105" y="-189"/><vector name="rb" x="89" y="-1"/><vector name="head" x="-42" y="-192"/><int name="delay" value="120"/></canvas><canvas name="5" width="258" height="199"><vector name="origin" x="115" y="189"/><vector name="lt" x="-105" y="-189"/><vector name="rb" x="89" y="-1"/><vector name="head" x="-42" y="-192"/><int name="delay" value="120"/></canvas><canvas name="6" width="266" height="199"><vector name="origin" x="116" y="189"/><vector name="lt" x="-105" y="-189"/><vector name="rb" x="89" y="-1"/><vector name="head" x="-42" y="-192"/><int name="delay" value="120"/></canvas><canvas name="7" width="272" height="199"><vector name="origin" x="117" y="189"/><vector name="lt" x="-105" y="-189"/><vector name="rb" x="89" y="-1"/><vector name="head" x="-42" y="-192"/><int name="delay" value="120"/></canvas><canvas name="8" width="257" height="199"><vector name="origin" x="118" y="189"/><vector name="lt" x="-105" y="-189"/><vector name="rb" x="89" y="-1"/><vector name="head" x="-42" y="-192"/><int name="delay" value="120"/></canvas><canvas name="9" width="236" height="199"><vector name="origin" x="119" y="189"/><vector name="lt" x="-105" y="-189"/><vector name="rb" x="89" y="-1"/><vector name="head" x="-42" y="-192"/><int name="delay" value="120"/></canvas><canvas name="10" width="241" height="198"><vector name="origin" x="119" y="189"/><vector name="lt" x="-105" y="-189"/><vector name="rb" x="89" y="-1"/><vector name="head" x="-42" y="-192"/><int name="delay" value="120"/></canvas><canvas name="11" width="246" height="197"><vector name="origin" x="119" y="189"/><vector name="lt" x="-105" y="-189"/><vector name="rb" x="89" y="-1"/><vector name="head" x="-42" y="-192"/><int name="delay" value="120"/></canvas><canvas name="12" width="251" height="194"><vector name="origin" x="119" y="187"/><vector name="lt" x="-105" y="-189"/><vector name="rb" x="89" y="-1"/><vector name="head" x="-42" y="-192"/><int name="delay" value="120"/></canvas><canvas name="13" width="260" height="188"><vector name="origin" x="117" y="182"/><vector name="lt" x="-105" y="-189"/><vector name="rb" x="89" y="-1"/><vector name="head" x="-42" y="-192"/><int name="delay" value="120"/></canvas><canvas name="14" width="254" height="188"><vector name="origin" x="104" y="185"/><vector name="lt" x="-105" y="-189"/><vector name="rb" x="89" y="-1"/><vector name="head" x="-42" y="-192"/><int name="delay" value="120"/></canvas><canvas name="15" width="279" height="188"><vector name="origin" x="104" y="188"/><vector name="lt" x="-105" y="-189"/><vector name="rb" x="89" y="-1"/><vector name="head" x="-42" y="-192"/><int name="delay" value="120"/></canvas></imgdir><imgdir name="skill2"><canvas name="0" width="243" height="189"><vector name="origin" x="104" y="189"/><vector name="lt" x="-105" y="-189"/><vector name="rb" x="89" y="-1"/><vector name="head" x="-42" y="-192"/><int name="delay" value="120"/></canvas><canvas name="1" width="234" height="200"><vector name="origin" x="113" y="193"/><vector name="lt" x="-105" y="-189"/><vector name="rb" x="89" y="-1"/><vector name="head" x="-42" y="-192"/><int name="delay" value="120"/></canvas><canvas name="2" width="240" height="201"><vector name="origin" x="115" y="191"/><vector name="lt" x="-105" y="-189"/><vector name="rb" x="89" y="-1"/><vector name="head" x="-42" y="-192"/><int name="delay" value="120"/></canvas><canvas name="3" width="251" height="199"><vector name="origin" x="117" y="190"/><vector name="lt" x="-105" y="-189"/><vector name="rb" x="89" y="-1"/><vector name="head" x="-42" y="-192"/><int name="delay" value="120"/></canvas><canvas name="4" width="255" height="211"><vector name="origin" x="118" y="201"/><vector name="lt" x="-105" y="-189"/><vector name="rb" x="89" y="-1"/><vector name="head" x="-42" y="-192"/><int name="delay" value="120"/></canvas><canvas name="5" width="261" height="214"><vector name="origin" x="118" y="204"/><vector name="lt" x="-105" y="-189"/><vector name="rb" x="89" y="-1"/><vector name="head" x="-42" y="-192"/><int name="delay" value="120"/></canvas><canvas name="6" width="268" height="225"><vector name="origin" x="118" y="215"/><vector name="lt" x="-105" y="-189"/><vector name="rb" x="89" y="-1"/><vector name="head" x="-42" y="-192"/><int name="delay" value="120"/></canvas><canvas name="7" width="273" height="221"><vector name="origin" x="118" y="211"/><vector name="lt" x="-105" y="-189"/><vector name="rb" x="89" y="-1"/><vector name="head" x="-42" y="-192"/><int name="delay" value="120"/></canvas><canvas name="8" width="256" height="200"><vector name="origin" x="117" y="190"/><vector name="lt" x="-105" y="-189"/><vector name="rb" x="89" y="-1"/><vector name="head" x="-42" y="-192"/><int name="delay" value="120"/></canvas><canvas name="9" width="234" height="200"><vector name="origin" x="117" y="190"/><vector name="lt" x="-105" y="-189"/><vector name="rb" x="89" y="-1"/><vector name="head" x="-42" y="-192"/><int name="delay" value="120"/></canvas><canvas name="10" width="239" height="199"><vector name="origin" x="117" y="190"/><vector name="lt" x="-105" y="-189"/><vector name="rb" x="89" y="-1"/><vector name="head" x="-42" y="-192"/><int name="delay" value="120"/></canvas><canvas name="11" width="243" height="198"><vector name="origin" x="116" y="190"/><vector name="lt" x="-105" y="-189"/><vector name="rb" x="89" y="-1"/><vector name="head" x="-42" y="-192"/><int name="delay" value="120"/></canvas><canvas name="12" width="246" height="197"><vector name="origin" x="114" y="190"/><vector name="lt" x="-105" y="-189"/><vector name="rb" x="89" y="-1"/><vector name="head" x="-42" y="-192"/><int name="delay" value="120"/></canvas><canvas name="13" width="254" height="192"><vector name="origin" x="111" y="186"/><vector name="lt" x="-105" y="-189"/><vector name="rb" x="89" y="-1"/><vector name="head" x="-42" y="-192"/><int name="delay" value="120"/></canvas><canvas name="14" width="254" height="188"><vector name="origin" x="104" y="185"/><vector name="lt" x="-105" y="-189"/><vector name="rb" x="89" y="-1"/><vector name="head" x="-42" y="-192"/><int name="delay" value="120"/></canvas><canvas name="15" width="259" height="188"><vector name="origin" x="104" y="188"/><vector name="lt" x="-105" y="-189"/><vector name="rb" x="89" y="-1"/><vector name="head" x="-42" y="-192"/><int name="delay" value="120"/></canvas></imgdir><imgdir name="hit1"><canvas name="0" width="236" height="201"><vector name="origin" x="94" y="189"/><vector name="lt" x="-93" y="-189"/><vector name="rb" x="105" y="-1"/><vector name="head" x="-42" y="-192"/><int name="delay" value="600"/></canvas></imgdir><imgdir name="die1"><canvas name="0" width="236" height="201"><vector name="origin" x="94" y="189"/><vector name="head" x="-42" y="-192"/><int name="delay" value="180"/></canvas><canvas name="1" width="242" height="192"><vector name="origin" x="87" y="190"/><vector name="head" x="-42" y="-192"/><int name="delay" value="180"/></canvas><canvas name="2" width="247" height="193"><vector name="origin" x="85" y="193"/><vector name="head" x="-42" y="-192"/><int name="delay" value="180"/></canvas><canvas name="3" width="271" height="193"><vector name="origin" x="84" y="193"/><vector name="head" x="-42" y="-192"/><int name="delay" value="180"/></canvas><canvas name="4" width="242" height="189"><vector name="origin" x="91" y="186"/><vector name="head" x="-42" y="-192"/><int name="delay" value="180"/></canvas><canvas name="5" width="223" height="192"><vector name="origin" x="94" y="171"/><vector name="head" x="-42" y="-192"/><int name="z" value="0"/><int name="delay" value="180"/></canvas><canvas name="6" width="231" height="194"><vector name="origin" x="97" y="171"/><vector name="head" x="-26" y="-218"/><int name="delay" value="180"/></canvas><canvas name="7" width="238" height="194"><vector name="origin" x="99" y="170"/><vector name="head" x="-26" y="-218"/><int name="delay" value="180"/></canvas><imgdir name="speak"><int name="prob" value="100"/><string name="0" value="You who walk the path of oblivion...you will have to take responsibility for your decisions."/></imgdir></imgdir></imgdir>