<?xml version="1.0" encoding="UTF-8" standalone="yes"?><imgdir name="8220008.img"><imgdir name="info"><int name="bodyAttack" value="1"/><int name="level" value="85"/><int name="maxHP" value="5000"/><int name="maxMP" value="10"/><int name="speed" value="0"/><int name="PADamage" value="520"/><int name="PDDamage" value="340"/><int name="MADamage" value="0"/><int name="MDDamage" value="350"/><int name="acc" value="180"/><int name="eva" value="10"/><int name="exp" value="0"/><int name="undead" value="0"/><int name="pushed" value="1"/><float name="fs" value="10.0"/><int name="summonType" value="1"/><int name="noFlip" value="1"/><imgdir name="revive"><int name="0" value="8220009"/></imgdir></imgdir><imgdir name="stand"><canvas name="0" width="215" height="195"><vector name="origin" x="108" y="194"/><vector name="lt" x="-108" y="-194"/><vector name="rb" x="107" y="1"/><vector name="head" x="-8" y="-71"/><int name="delay" value="220"/></canvas><canvas name="1" width="215" height="195"><vector name="origin" x="108" y="194"/><vector name="lt" x="-108" y="-194"/><vector name="rb" x="107" y="1"/><vector name="head" x="-8" y="-71"/><int name="delay" value="220"/></canvas></imgdir><imgdir name="die1"><canvas name="0" width="215" height="195"><vector name="origin" x="108" y="194"/><vector name="head" x="-8" y="-71"/><int name="delay" value="120"/></canvas><canvas name="1" width="214" height="195"><vector name="origin" x="108" y="194"/><vector name="head" x="-8" y="-71"/><int name="delay" value="120"/></canvas><canvas name="2" width="213" height="188"><vector name="origin" x="107" y="188"/><vector name="head" x="-8" y="-71"/><int name="delay" value="120"/></canvas><canvas name="3" width="213" height="186"><vector name="origin" x="107" y="186"/><vector name="head" x="-8" y="-71"/><int name="delay" value="120"/></canvas><canvas name="4" width="227" height="234"><vector name="origin" x="116" y="233"/><vector name="head" x="-27" y="-114"/><int name="delay" value="120"/></canvas><canvas name="5" width="252" height="270"><vector name="origin" x="124" y="268"/><vector name="head" x="-25" y="-151"/><int name="delay" value="120"/></canvas><canvas name="6" width="266" height="273"><vector name="origin" x="134" y="271"/><vector name="head" x="-27" y="-156"/><int name="delay" value="120"/></canvas><canvas name="7" width="281" height="276"><vector name="origin" x="144" y="272"/><vector name="head" x="-26" y="-158"/><int name="delay" value="120"/></canvas><canvas name="8" width="275" height="266"><vector name="origin" x="135" y="262"/><vector name="head" x="-26" y="-148"/><int name="delay" value="120"/></canvas><canvas name="9" width="214" height="254"><vector name="origin" x="107" y="254"/><vector name="head" x="-27" y="-140"/><int name="delay" value="120"/></canvas><canvas name="10" width="214" height="252"><vector name="origin" x="107" y="252"/><vector name="head" x="-27" y="-137"/><int name="delay" value="120"/></canvas><canvas name="11" width="214" height="251"><vector name="origin" x="107" y="251"/><vector name="head" x="-27" y="-136"/><int name="delay" value="120"/></canvas><canvas name="12" width="214" height="254"><vector name="origin" x="107" y="254"/><vector name="head" x="-27" y="-139"/><int name="delay" value="120"/></canvas><canvas name="13" width="214" height="254"><vector name="origin" x="107" y="254"/><vector name="head" x="-26" y="-140"/><int name="delay" value="120"/></canvas><canvas name="14" width="214" height="254"><vector name="origin" x="107" y="254"/><vector name="head" x="-27" y="-139"/><int name="delay" value="120"/></canvas><canvas name="15" width="214" height="254"><vector name="origin" x="107" y="254"/><vector name="head" x="-26" y="-139"/><int name="delay" value="120"/></canvas><canvas name="16" width="214" height="254"><vector name="origin" x="107" y="254"/><vector name="head" x="-27" y="-139"/><int name="delay" value="120"/></canvas><canvas name="17" width="229" height="254"><vector name="origin" x="110" y="254"/><vector name="head" x="-27" y="-140"/><int name="delay" value="120"/></canvas><canvas name="18" width="240" height="254"><vector name="origin" x="114" y="254"/><vector name="head" x="-27" y="-139"/><int name="delay" value="120"/></canvas><canvas name="19" width="274" height="254"><vector name="origin" x="134" y="254"/><vector name="head" x="-27" y="-140"/><int name="delay" value="120"/></canvas><canvas name="20" width="273" height="254"><vector name="origin" x="133" y="254"/><vector name="head" x="-27" y="-140"/><int name="delay" value="120"/></canvas><canvas name="21" width="275" height="254"><vector name="origin" x="134" y="254"/><vector name="head" x="-27" y="-140"/><int name="delay" value="120"/></canvas><canvas name="22" width="277" height="254"><vector name="origin" x="135" y="254"/><vector name="head" x="-27" y="-140"/><int name="delay" value="120"/></canvas><canvas name="23" width="290" height="254"><vector name="origin" x="142" y="254"/><vector name="head" x="-27" y="-139"/><int name="delay" value="120"/></canvas><canvas name="24" width="365" height="254"><vector name="origin" x="182" y="254"/><vector name="head" x="-27" y="-139"/><int name="delay" value="120"/></canvas><canvas name="25" width="367" height="254"><vector name="origin" x="183" y="254"/><vector name="head" x="-27" y="-139"/><int name="delay" value="120"/></canvas><canvas name="26" width="369" height="254"><vector name="origin" x="184" y="254"/><vector name="head" x="-27" y="-139"/><int name="delay" value="120"/></canvas><canvas name="27" width="369" height="254"><vector name="origin" x="184" y="254"/><vector name="head" x="-27" y="-139"/><int name="delay" value="120"/></canvas><canvas name="28" width="273" height="253"><vector name="origin" x="137" y="253"/><vector name="head" x="-27" y="-138"/><int name="delay" value="120"/></canvas></imgdir></imgdir>