<?xml version="1.0" encoding="UTF-8" standalone="yes"?><imgdir name="8220020.img"><imgdir name="info"><int name="bodyAttack" value="1"/><int name="maxMP" value="16000"/><int name="speed" value="-50"/><int name="PDDamage" value="1060"/><int name="PDRate" value="20"/><int name="MDDamage" value="680"/><int name="MDRate" value="20"/><int name="pushed" value="5000"/><float name="fs" value="10.0"/><int name="summonType" value="1"/><int name="category" value="6"/><string name="elemAttr" value="S3I3L3"/><string name="mobType" value="5N"/><int name="acc" value="270"/><int name="eva" value="55"/><int name="exp" value="400000"/><int name="level" value="188"/><int name="MADamage" value="1000"/><int name="maxHP" value="12000000"/><int name="PADamage" value="930"/><int name="boss" value="0"/></imgdir><imgdir name="stand"><canvas name="0" width="141" height="197"><vector name="origin" x="66" y="191"/><vector name="lt" x="-58" y="-140"/><vector name="rb" x="70" y="-1"/><vector name="head" x="-1" y="-176"/><int name="delay" value="90"/></canvas><canvas name="1" width="141" height="193"><vector name="origin" x="66" y="186"/><vector name="lt" x="-58" y="-140"/><vector name="rb" x="70" y="-1"/><vector name="head" x="-1" y="-176"/><int name="delay" value="90"/></canvas><canvas name="2" width="141" height="204"><vector name="origin" x="66" y="196"/><vector name="lt" x="-58" y="-140"/><vector name="rb" x="70" y="-1"/><vector name="head" x="-1" y="-176"/><int name="delay" value="90"/></canvas><canvas name="3" width="141" height="201"><vector name="origin" x="66" y="196"/><vector name="lt" x="-58" y="-140"/><vector name="rb" x="70" y="-1"/><vector name="head" x="-1" y="-176"/><int name="delay" value="90"/></canvas><canvas name="4" width="141" height="198"><vector name="origin" x="66" y="196"/><vector name="lt" x="-58" y="-140"/><vector name="rb" x="70" y="-1"/><vector name="head" x="-1" y="-176"/><int name="delay" value="90"/></canvas><canvas name="5" width="141" height="196"><vector name="origin" x="66" y="193"/><vector name="lt" x="-58" y="-140"/><vector name="rb" x="70" y="-1"/><vector name="head" x="-1" y="-176"/><int name="delay" value="90"/></canvas><canvas name="6" width="141" height="201"><vector name="origin" x="66" y="195"/><vector name="lt" x="-58" y="-140"/><vector name="rb" x="70" y="-1"/><vector name="head" x="-1" y="-176"/><int name="delay" value="90"/></canvas><canvas name="7" width="141" height="195"><vector name="origin" x="66" y="186"/><vector name="lt" x="-58" y="-140"/><vector name="rb" x="70" y="-1"/><vector name="head" x="-1" y="-176"/><int name="delay" value="90"/></canvas><canvas name="8" width="141" height="203"><vector name="origin" x="66" y="191"/><vector name="lt" x="-58" y="-140"/><vector name="rb" x="70" y="-1"/><vector name="head" x="-1" y="-176"/><int name="delay" value="90"/></canvas><canvas name="9" width="141" height="198"><vector name="origin" x="66" y="189"/><vector name="lt" x="-58" y="-140"/><vector name="rb" x="70" y="-1"/><vector name="head" x="-1" y="-176"/><int name="delay" value="90"/></canvas><canvas name="10" width="141" height="194"><vector name="origin" x="66" y="188"/><vector name="lt" x="-58" y="-140"/><vector name="rb" x="70" y="-1"/><vector name="head" x="-1" y="-176"/><int name="delay" value="90"/></canvas><canvas name="11" width="141" height="192"><vector name="origin" x="66" y="187"/><vector name="lt" x="-58" y="-140"/><vector name="rb" x="70" y="-1"/><vector name="head" x="-1" y="-176"/><int name="delay" value="90"/></canvas></imgdir><imgdir name="move"><canvas name="0" width="141" height="205"><vector name="origin" x="67" y="196"/><vector name="lt" x="-58" y="-140"/><vector name="rb" x="70" y="-1"/><vector name="head" x="-1" y="-176"/><int name="delay" value="90"/></canvas><canvas name="1" width="141" height="201"><vector name="origin" x="67" y="196"/><vector name="lt" x="-58" y="-140"/><vector name="rb" x="70" y="-1"/><vector name="head" x="-1" y="-176"/><int name="delay" value="90"/></canvas><canvas name="2" width="141" height="199"><vector name="origin" x="67" y="196"/><vector name="lt" x="-58" y="-140"/><vector name="rb" x="70" y="-1"/><vector name="head" x="-1" y="-176"/><int name="delay" value="90"/></canvas><canvas name="3" width="141" height="198"><vector name="origin" x="67" y="194"/><vector name="lt" x="-58" y="-140"/><vector name="rb" x="70" y="-1"/><vector name="head" x="-1" y="-176"/><int name="delay" value="90"/></canvas><canvas name="4" width="141" height="202"><vector name="origin" x="67" y="195"/><vector name="lt" x="-58" y="-140"/><vector name="rb" x="70" y="-1"/><vector name="head" x="-1" y="-176"/><int name="delay" value="90"/></canvas><canvas name="5" width="141" height="195"><vector name="origin" x="67" y="185"/><vector name="lt" x="-58" y="-140"/><vector name="rb" x="70" y="-1"/><vector name="head" x="-1" y="-176"/><int name="delay" value="90"/></canvas><canvas name="6" width="141" height="203"><vector name="origin" x="67" y="190"/><vector name="lt" x="-58" y="-140"/><vector name="rb" x="70" y="-1"/><vector name="head" x="-1" y="-176"/><int name="delay" value="90"/></canvas><canvas name="7" width="141" height="200"><vector name="origin" x="67" y="189"/><vector name="lt" x="-58" y="-140"/><vector name="rb" x="70" y="-1"/><vector name="head" x="-1" y="-176"/><int name="delay" value="90"/></canvas><canvas name="8" width="141" height="196"><vector name="origin" x="67" y="189"/><vector name="lt" x="-58" y="-140"/><vector name="rb" x="70" y="-1"/><vector name="head" x="-1" y="-176"/><int name="delay" value="90"/></canvas><canvas name="9" width="141" height="194"><vector name="origin" x="67" y="188"/><vector name="lt" x="-58" y="-140"/><vector name="rb" x="70" y="-1"/><vector name="head" x="-1" y="-176"/><int name="delay" value="90"/></canvas><canvas name="10" width="141" height="199"><vector name="origin" x="67" y="192"/><vector name="lt" x="-58" y="-140"/><vector name="rb" x="70" y="-1"/><vector name="head" x="-1" y="-176"/><int name="delay" value="90"/></canvas><canvas name="11" width="141" height="195"><vector name="origin" x="67" y="187"/><vector name="lt" x="-58" y="-140"/><vector name="rb" x="70" y="-1"/><vector name="head" x="-1" y="-176"/><int name="delay" value="90"/></canvas></imgdir><imgdir name="attack1"><imgdir name="info"><imgdir name="hit"><canvas name="0" width="134" height="158"><vector name="origin" x="64" y="124"/><int name="delay" value="90"/></canvas><canvas name="1" width="134" height="126"><vector name="origin" x="75" y="99"/><int name="delay" value="90"/></canvas><canvas name="2" width="123" height="120"><vector name="origin" x="74" y="96"/><int name="delay" value="90"/></canvas><canvas name="3" width="113" height="117"><vector name="origin" x="69" y="95"/><int name="delay" value="90"/></canvas><canvas name="4" width="94" height="89"><vector name="origin" x="66" y="92"/><int name="delay" value="90"/></canvas><int name="attach" value="1"/></imgdir><int name="attackAfter" value="1530"/><imgdir name="range"><vector name="sp" x="-10" y="-65"/><int name="r" value="300"/></imgdir><int name="type" value="1"/><int name="magic" value="1"/></imgdir><canvas name="0" width="141" height="195"><vector name="origin" x="66" y="191"/><vector name="lt" x="-58" y="-140"/><vector name="rb" x="70" y="-1"/><vector name="head" x="-1" y="-176"/><int name="delay" value="90"/></canvas><canvas name="1" width="167" height="192"><vector name="origin" x="66" y="190"/><vector name="lt" x="-58" y="-140"/><vector name="rb" x="70" y="-1"/><vector name="head" x="-1" y="-176"/><int name="delay" value="90"/></canvas><canvas name="2" width="175" height="200"><vector name="origin" x="73" y="198"/><vector name="lt" x="-58" y="-140"/><vector name="rb" x="70" y="-1"/><vector name="head" x="-1" y="-176"/><int name="delay" value="90"/></canvas><canvas name="3" width="209" height="206"><vector name="origin" x="109" y="204"/><vector name="lt" x="-58" y="-140"/><vector name="rb" x="70" y="-1"/><vector name="head" x="-1" y="-176"/><int name="delay" value="90"/></canvas><canvas name="4" width="203" height="212"><vector name="origin" x="107" y="209"/><vector name="lt" x="-58" y="-140"/><vector name="rb" x="70" y="-1"/><vector name="head" x="-1" y="-176"/><int name="delay" value="90"/></canvas><canvas name="5" width="188" height="211"><vector name="origin" x="102" y="206"/><vector name="lt" x="-58" y="-140"/><vector name="rb" x="70" y="-1"/><vector name="head" x="-1" y="-176"/><int name="delay" value="90"/></canvas><canvas name="6" width="195" height="220"><vector name="origin" x="112" y="214"/><vector name="lt" x="-58" y="-140"/><vector name="rb" x="70" y="-1"/><vector name="head" x="-1" y="-176"/><int name="delay" value="90"/></canvas><canvas name="7" width="196" height="217"><vector name="origin" x="113" y="214"/><vector name="lt" x="-108" y="-141"/><vector name="rb" x="70" y="-1"/><vector name="head" x="-1" y="-176"/><int name="delay" value="90"/></canvas><canvas name="8" width="199" height="216"><vector name="origin" x="115" y="216"/><vector name="lt" x="-108" y="-141"/><vector name="rb" x="70" y="-1"/><vector name="head" x="-1" y="-176"/><int name="delay" value="90"/></canvas><canvas name="9" width="200" height="214"><vector name="origin" x="116" y="215"/><vector name="lt" x="-108" y="-141"/><vector name="rb" x="70" y="-1"/><vector name="head" x="-1" y="-176"/><int name="delay" value="90"/></canvas><canvas name="10" width="201" height="219"><vector name="origin" x="117" y="219"/><vector name="lt" x="-108" y="-141"/><vector name="rb" x="70" y="-1"/><vector name="head" x="-1" y="-176"/><int name="delay" value="90"/></canvas><canvas name="11" width="202" height="215"><vector name="origin" x="118" y="214"/><vector name="lt" x="-108" y="-141"/><vector name="rb" x="70" y="-1"/><vector name="head" x="-1" y="-176"/><int name="delay" value="90"/></canvas><canvas name="12" width="203" height="222"><vector name="origin" x="119" y="221"/><vector name="lt" x="-108" y="-141"/><vector name="rb" x="70" y="-1"/><vector name="head" x="-1" y="-176"/><int name="delay" value="90"/></canvas><canvas name="13" width="204" height="219"><vector name="origin" x="120" y="221"/><vector name="lt" x="-108" y="-141"/><vector name="rb" x="70" y="-1"/><vector name="head" x="-1" y="-176"/><int name="delay" value="90"/></canvas><canvas name="14" width="205" height="216"><vector name="origin" x="121" y="222"/><vector name="lt" x="-108" y="-141"/><vector name="rb" x="70" y="-1"/><vector name="head" x="-1" y="-176"/><int name="delay" value="90"/></canvas><canvas name="15" width="205" height="215"><vector name="origin" x="121" y="221"/><vector name="lt" x="-108" y="-141"/><vector name="rb" x="70" y="-1"/><vector name="head" x="-1" y="-176"/><int name="delay" value="90"/></canvas><canvas name="16" width="205" height="219"><vector name="origin" x="121" y="223"/><vector name="lt" x="-108" y="-141"/><vector name="rb" x="70" y="-1"/><vector name="head" x="-1" y="-176"/><int name="delay" value="90"/></canvas><canvas name="17" width="198" height="211"><vector name="origin" x="80" y="191"/><vector name="lt" x="-58" y="-140"/><vector name="rb" x="111" y="-1"/><vector name="head" x="-1" y="-176"/><int name="delay" value="90"/></canvas><canvas name="18" width="213" height="203"><vector name="origin" x="94" y="184"/><vector name="lt" x="-58" y="-140"/><vector name="rb" x="70" y="-1"/><vector name="head" x="-1" y="-176"/><int name="delay" value="90"/></canvas><canvas name="19" width="223" height="206"><vector name="origin" x="104" y="191"/><vector name="lt" x="-58" y="-140"/><vector name="rb" x="70" y="-1"/><vector name="head" x="-1" y="-176"/><int name="delay" value="90"/></canvas><canvas name="20" width="224" height="196"><vector name="origin" x="108" y="187"/><vector name="lt" x="-58" y="-140"/><vector name="rb" x="70" y="-1"/><vector name="head" x="-1" y="-176"/><int name="delay" value="90"/></canvas><canvas name="21" width="230" height="203"><vector name="origin" x="111" y="193"/><vector name="lt" x="-58" y="-140"/><vector name="rb" x="70" y="-1"/><vector name="head" x="-1" y="-176"/><int name="delay" value="90"/></canvas><canvas name="22" width="186" height="195"><vector name="origin" x="70" y="188"/><vector name="lt" x="-58" y="-140"/><vector name="rb" x="70" y="-1"/><vector name="head" x="-1" y="-176"/><int name="delay" value="90"/></canvas></imgdir><imgdir name="attack2"><imgdir name="info"><imgdir name="range"><vector name="lt" x="-350" y="-153"/><vector name="rb" x="0" y="25"/></imgdir><imgdir name="hit"><canvas name="0" width="75" height="145"><vector name="origin" x="34" y="133"/><int name="delay" value="90"/></canvas><canvas name="1" width="72" height="145"><vector name="origin" x="38" y="133"/><int name="delay" value="90"/></canvas><canvas name="2" width="77" height="145"><vector name="origin" x="41" y="133"/><int name="delay" value="90"/></canvas><canvas name="3" width="75" height="149"><vector name="origin" x="37" y="137"/><int name="delay" value="90"/></canvas><canvas name="4" width="75" height="134"><vector name="origin" x="37" y="123"/><int name="delay" value="90"/></canvas><canvas name="5" width="74" height="109"><vector name="origin" x="37" y="97"/><int name="delay" value="90"/></canvas><int name="attach" value="1"/></imgdir><int name="attackAfter" value="1530"/><int name="type" value="0"/></imgdir><canvas name="0" width="141" height="197"><vector name="origin" x="66" y="193"/><vector name="lt" x="-58" y="-140"/><vector name="rb" x="70" y="-1"/><vector name="head" x="-1" y="-176"/><int name="delay" value="90"/></canvas><canvas name="1" width="141" height="191"><vector name="origin" x="65" y="191"/><vector name="lt" x="-58" y="-140"/><vector name="rb" x="70" y="-1"/><vector name="head" x="-1" y="-176"/><int name="delay" value="90"/></canvas><canvas name="2" width="160" height="188"><vector name="origin" x="64" y="192"/><vector name="lt" x="-58" y="-140"/><vector name="rb" x="70" y="-1"/><vector name="head" x="-1" y="-176"/><int name="delay" value="90"/></canvas><canvas name="3" width="166" height="195"><vector name="origin" x="68" y="194"/><vector name="lt" x="-58" y="-140"/><vector name="rb" x="70" y="-1"/><vector name="head" x="-1" y="-176"/><int name="delay" value="90"/></canvas><canvas name="4" width="177" height="202"><vector name="origin" x="70" y="199"/><vector name="lt" x="-58" y="-140"/><vector name="rb" x="70" y="-1"/><vector name="head" x="-1" y="-176"/><int name="delay" value="90"/></canvas><canvas name="5" width="183" height="205"><vector name="origin" x="70" y="198"/><vector name="lt" x="-58" y="-140"/><vector name="rb" x="70" y="-1"/><vector name="head" x="-1" y="-176"/><int name="delay" value="90"/></canvas><canvas name="6" width="195" height="213"><vector name="origin" x="70" y="205"/><vector name="lt" x="-58" y="-140"/><vector name="rb" x="70" y="-1"/><vector name="head" x="-1" y="-176"/><int name="delay" value="90"/></canvas><canvas name="7" width="238" height="211"><vector name="origin" x="70" y="206"/><vector name="lt" x="-58" y="-140"/><vector name="rb" x="70" y="-1"/><vector name="head" x="-1" y="-176"/><int name="delay" value="90"/></canvas><canvas name="8" width="245" height="218"><vector name="origin" x="70" y="214"/><vector name="lt" x="-58" y="-140"/><vector name="rb" x="70" y="-1"/><vector name="head" x="-1" y="-176"/><int name="delay" value="90"/></canvas><canvas name="9" width="244" height="223"><vector name="origin" x="69" y="221"/><vector name="lt" x="-58" y="-140"/><vector name="rb" x="70" y="-1"/><vector name="head" x="-1" y="-176"/><int name="delay" value="90"/></canvas><canvas name="10" width="244" height="224"><vector name="origin" x="69" y="221"/><vector name="lt" x="-58" y="-140"/><vector name="rb" x="70" y="-1"/><vector name="head" x="-1" y="-176"/><int name="delay" value="90"/></canvas><canvas name="11" width="243" height="227"><vector name="origin" x="68" y="221"/><vector name="lt" x="-58" y="-140"/><vector name="rb" x="70" y="-1"/><vector name="head" x="-1" y="-176"/><int name="delay" value="90"/></canvas><canvas name="12" width="242" height="220"><vector name="origin" x="67" y="215"/><vector name="lt" x="-58" y="-140"/><vector name="rb" x="70" y="-1"/><vector name="head" x="-1" y="-176"/><int name="delay" value="90"/></canvas><canvas name="13" width="241" height="216"><vector name="origin" x="66" y="214"/><vector name="lt" x="-58" y="-140"/><vector name="rb" x="70" y="-1"/><vector name="head" x="-1" y="-176"/><int name="delay" value="90"/></canvas><canvas name="14" width="240" height="214"><vector name="origin" x="65" y="215"/><vector name="lt" x="-58" y="-140"/><vector name="rb" x="70" y="-1"/><vector name="head" x="-1" y="-176"/><int name="delay" value="90"/></canvas><canvas name="15" width="240" height="213"><vector name="origin" x="65" y="215"/><vector name="lt" x="-58" y="-140"/><vector name="rb" x="70" y="-1"/><vector name="head" x="-1" y="-176"/><int name="delay" value="90"/></canvas><canvas name="16" width="240" height="215"><vector name="origin" x="65" y="216"/><vector name="lt" x="-58" y="-140"/><vector name="rb" x="70" y="-1"/><vector name="head" x="-1" y="-176"/><int name="delay" value="90"/></canvas><canvas name="17" width="169" height="238"><vector name="origin" x="85" y="195"/><vector name="lt" x="-58" y="-140"/><vector name="rb" x="70" y="-1"/><vector name="head" x="-1" y="-176"/><int name="delay" value="90"/></canvas><canvas name="18" width="169" height="234"><vector name="origin" x="86" y="191"/><vector name="lt" x="-58" y="-140"/><vector name="rb" x="70" y="-1"/><vector name="head" x="-1" y="-176"/><int name="delay" value="90"/></canvas><canvas name="19" width="167" height="225"><vector name="origin" x="84" y="182"/><vector name="lt" x="-58" y="-140"/><vector name="rb" x="70" y="-1"/><vector name="head" x="-1" y="-176"/><int name="delay" value="90"/></canvas><canvas name="20" width="165" height="223"><vector name="origin" x="81" y="182"/><vector name="lt" x="-58" y="-140"/><vector name="rb" x="70" y="-1"/><vector name="head" x="-1" y="-176"/><int name="delay" value="90"/></canvas><canvas name="21" width="161" height="217"><vector name="origin" x="78" y="183"/><vector name="lt" x="-58" y="-140"/><vector name="rb" x="70" y="-1"/><vector name="head" x="-1" y="-176"/><int name="delay" value="90"/></canvas><canvas name="22" width="152" height="196"><vector name="origin" x="73" y="176"/><vector name="lt" x="-58" y="-140"/><vector name="rb" x="70" y="-1"/><vector name="head" x="-1" y="-176"/><int name="delay" value="90"/></canvas><uol name="23" value="../stand/0"/><uol name="24" value="../stand/1"/><uol name="25" value="../stand/2"/><uol name="26" value="../stand/3"/><uol name="27" value="../stand/4"/><uol name="28" value="../stand/5"/><uol name="29" value="../stand/6"/><uol name="30" value="../stand/7"/><uol name="31" value="../stand/8"/><uol name="32" value="../stand/9"/><uol name="33" value="../stand/10"/><uol name="34" value="../stand/11"/></imgdir><imgdir name="attack3"><imgdir name="info"><imgdir name="range"><vector name="lt" x="-250" y="-150"/><vector name="rb" x="250" y="0"/></imgdir><imgdir name="effect"><canvas name="0" width="188" height="166"><vector name="origin" x="86" y="164"/><int name="delay" value="90"/></canvas><canvas name="1" width="209" height="177"><vector name="origin" x="98" y="175"/><int name="delay" value="90"/></canvas><canvas name="2" width="253" height="199"><vector name="origin" x="120" y="197"/><int name="delay" value="90"/></canvas><canvas name="3" width="265" height="180"><vector name="origin" x="126" y="178"/><int name="delay" value="90"/></canvas><canvas name="4" width="215" height="178"><vector name="origin" x="99" y="176"/><int name="delay" value="90"/></canvas><canvas name="5" width="223" height="174"><vector name="origin" x="102" y="172"/><int name="delay" value="90"/></canvas></imgdir><imgdir name="hit"><canvas name="0" width="99" height="107"><vector name="origin" x="50" y="89"/><int name="delay" value="90"/></canvas><canvas name="1" width="80" height="77"><vector name="origin" x="37" y="71"/><int name="delay" value="90"/></canvas><int name="attach" value="1"/></imgdir><int name="attackAfter" value="1530"/><int name="effectAfter" value="1530"/><int name="type" value="0"/><int name="jumpAttack" value="1"/></imgdir><canvas name="0" width="141" height="195"><vector name="origin" x="66" y="191"/><vector name="lt" x="-58" y="-140"/><vector name="rb" x="70" y="-1"/><vector name="head" x="-1" y="-176"/><int name="delay" value="90"/></canvas><canvas name="1" width="141" height="192"><vector name="origin" x="66" y="191"/><vector name="lt" x="-58" y="-140"/><vector name="rb" x="70" y="-1"/><vector name="head" x="-1" y="-176"/><int name="delay" value="90"/></canvas><canvas name="2" width="153" height="198"><vector name="origin" x="71" y="195"/><vector name="lt" x="-58" y="-140"/><vector name="rb" x="70" y="-1"/><vector name="head" x="-1" y="-176"/><int name="delay" value="90"/></canvas><canvas name="3" width="208" height="233"><vector name="origin" x="124" y="204"/><vector name="lt" x="-58" y="-140"/><vector name="rb" x="70" y="-1"/><vector name="head" x="-1" y="-176"/><int name="delay" value="90"/></canvas><canvas name="4" width="213" height="235"><vector name="origin" x="127" y="209"/><vector name="lt" x="-58" y="-140"/><vector name="rb" x="70" y="-1"/><vector name="head" x="-1" y="-176"/><int name="delay" value="90"/></canvas><canvas name="5" width="216" height="229"><vector name="origin" x="129" y="209"/><vector name="lt" x="-58" y="-140"/><vector name="rb" x="70" y="-1"/><vector name="head" x="-1" y="-176"/><int name="delay" value="90"/></canvas><canvas name="6" width="218" height="227"><vector name="origin" x="130" y="217"/><vector name="lt" x="-58" y="-140"/><vector name="rb" x="70" y="-1"/><vector name="head" x="-1" y="-176"/><int name="delay" value="90"/></canvas><canvas name="7" width="219" height="254"><vector name="origin" x="131" y="247"/><vector name="lt" x="-58" y="-140"/><vector name="rb" x="70" y="-1"/><vector name="head" x="-1" y="-176"/><int name="delay" value="90"/></canvas><canvas name="8" width="294" height="316"><vector name="origin" x="205" y="311"/><vector name="lt" x="-58" y="-140"/><vector name="rb" x="70" y="-1"/><vector name="head" x="-1" y="-176"/><int name="delay" value="90"/></canvas><canvas name="9" width="292" height="316"><vector name="origin" x="203" y="312"/><vector name="lt" x="-58" y="-140"/><vector name="rb" x="70" y="-1"/><vector name="head" x="-1" y="-176"/><int name="delay" value="90"/></canvas><canvas name="10" width="285" height="317"><vector name="origin" x="195" y="313"/><vector name="lt" x="-58" y="-140"/><vector name="rb" x="70" y="-1"/><vector name="head" x="-1" y="-176"/><int name="delay" value="90"/></canvas><canvas name="11" width="272" height="321"><vector name="origin" x="182" y="314"/><vector name="lt" x="-58" y="-140"/><vector name="rb" x="70" y="-1"/><vector name="head" x="-1" y="-176"/><int name="delay" value="90"/></canvas><canvas name="12" width="258" height="321"><vector name="origin" x="168" y="315"/><vector name="lt" x="-58" y="-140"/><vector name="rb" x="70" y="-1"/><vector name="head" x="-1" y="-176"/><int name="delay" value="90"/></canvas><canvas name="13" width="252" height="319"><vector name="origin" x="162" y="316"/><vector name="lt" x="-58" y="-140"/><vector name="rb" x="70" y="-1"/><vector name="head" x="-1" y="-176"/><int name="delay" value="90"/></canvas><canvas name="14" width="243" height="317"><vector name="origin" x="153" y="317"/><vector name="lt" x="-58" y="-140"/><vector name="rb" x="70" y="-1"/><vector name="head" x="-1" y="-176"/><int name="delay" value="90"/></canvas><canvas name="15" width="234" height="316"><vector name="origin" x="144" y="317"/><vector name="lt" x="-58" y="-140"/><vector name="rb" x="70" y="-1"/><vector name="head" x="-1" y="-176"/><int name="delay" value="90"/></canvas><canvas name="16" width="222" height="317"><vector name="origin" x="132" y="317"/><vector name="lt" x="-58" y="-140"/><vector name="rb" x="70" y="-1"/><vector name="head" x="-1" y="-176"/><int name="delay" value="90"/></canvas><canvas name="17" width="306" height="224"><vector name="origin" x="214" y="190"/><vector name="lt" x="-58" y="-140"/><vector name="rb" x="70" y="-1"/><vector name="head" x="-1" y="-176"/><int name="delay" value="90"/></canvas><canvas name="18" width="328" height="216"><vector name="origin" x="239" y="187"/><vector name="lt" x="-58" y="-140"/><vector name="rb" x="70" y="-1"/><vector name="head" x="-1" y="-176"/><int name="delay" value="90"/></canvas><canvas name="19" width="345" height="211"><vector name="origin" x="257" y="185"/><vector name="lt" x="-58" y="-140"/><vector name="rb" x="70" y="-1"/><vector name="head" x="-1" y="-176"/><int name="delay" value="90"/></canvas><canvas name="20" width="338" height="208"><vector name="origin" x="252" y="185"/><vector name="lt" x="-58" y="-140"/><vector name="rb" x="70" y="-1"/><vector name="head" x="-1" y="-176"/><int name="delay" value="90"/></canvas><canvas name="21" width="327" height="200"><vector name="origin" x="245" y="185"/><vector name="lt" x="-58" y="-140"/><vector name="rb" x="70" y="-1"/><vector name="head" x="-1" y="-176"/><int name="delay" value="90"/></canvas><canvas name="22" width="262" height="186"><vector name="origin" x="187" y="177"/><vector name="lt" x="-58" y="-140"/><vector name="rb" x="70" y="-1"/><vector name="head" x="-1" y="-176"/><int name="delay" value="90"/></canvas></imgdir><imgdir name="hit1"><canvas name="0" width="154" height="212"><vector name="origin" x="38" y="206"/><vector name="lt" x="-18" y="-140"/><vector name="rb" x="118" y="-1"/><vector name="head" x="35" y="-192"/><int name="delay" value="600"/></canvas></imgdir><imgdir name="die1"><canvas name="0" width="141" height="197"><vector name="origin" x="66" y="191"/><vector name="head" x="35" y="-192"/><string name="delay" value="150"/></canvas><canvas name="1" width="154" height="212"><vector name="origin" x="38" y="206"/><vector name="head" x="35" y="-192"/><string name="delay" value="150"/></canvas><canvas name="2" width="172" height="201"><vector name="origin" x="21" y="195"/><vector name="head" x="35" y="-192"/><string name="delay" value="150"/></canvas><canvas name="3" width="171" height="183"><vector name="origin" x="24" y="202"/><vector name="head" x="35" y="-192"/><string name="delay" value="150"/></canvas><canvas name="4" width="161" height="181"><vector name="origin" x="13" y="211"/><vector name="head" x="35" y="-192"/><string name="delay" value="150"/></canvas><canvas name="5" width="161" height="182"><vector name="origin" x="13" y="215"/><vector name="head" x="35" y="-192"/><string name="delay" value="150"/></canvas><canvas name="6" width="161" height="170"><vector name="origin" x="13" y="165"/><vector name="head" x="35" y="-192"/><string name="delay" value="150"/></canvas><canvas name="7" width="169" height="169"><vector name="origin" x="21" y="163"/><vector name="head" x="35" y="-192"/><string name="delay" value="150"/></canvas><canvas name="8" width="180" height="155"><vector name="origin" x="23" y="148"/><vector name="head" x="35" y="-192"/><string name="delay" value="150"/></canvas><canvas name="9" width="183" height="76"><vector name="origin" x="24" y="69"/><vector name="head" x="35" y="-192"/><string name="delay" value="150"/></canvas><canvas name="10" width="187" height="76"><vector name="origin" x="26" y="68"/><vector name="head" x="35" y="-192"/><string name="delay" value="150"/></canvas><canvas name="11" width="187" height="71"><vector name="origin" x="26" y="63"/><vector name="head" x="35" y="-192"/><string name="delay" value="150"/></canvas><canvas name="12" width="190" height="49"><vector name="origin" x="26" y="44"/><vector name="head" x="35" y="-192"/><string name="delay" value="150"/><int name="a0" value="255"/><int name="a1" value="0"/></canvas><canvas name="13" width="79" height="44"><vector name="origin" x="-82" y="44"/><int name="z" value="0"/></canvas></imgdir></imgdir>