<?xml version="1.0" encoding="UTF-8" standalone="yes"?><imgdir name="8220016.img"><imgdir name="info"><int name="level" value="180"/><int name="bodyAttack" value="1"/><int name="maxHP" value="10000000"/><int name="maxMP" value="4000"/><int name="speed" value="-20"/><int name="PADamage" value="900"/><int name="PDRate" value="20"/><int name="MADamage" value="900"/><int name="MDRate" value="20"/><int name="acc" value="270"/><int name="eva" value="55"/><int name="pushed" value="1800"/><float name="fs" value="10.0"/><int name="summonType" value="1"/><int name="category" value="4"/><string name="mobType" value="2N"/><int name="exp" value="333333"/><int name="boss" value="0"/></imgdir><imgdir name="stand"><canvas name="0" width="170" height="157"><vector name="origin" x="87" y="164"/><vector name="lt" x="-80" y="-120"/><vector name="rb" x="70" y="0"/><vector name="head" x="-80" y="-84"/><int name="delay" value="120"/></canvas><canvas name="1" width="183" height="99"><vector name="origin" x="101" y="108"/><vector name="lt" x="-80" y="-120"/><vector name="rb" x="70" y="0"/><vector name="head" x="-80" y="-85"/><int name="delay" value="120"/></canvas><canvas name="2" width="151" height="114"><vector name="origin" x="89" y="110"/><vector name="lt" x="-80" y="-120"/><vector name="rb" x="70" y="0"/><vector name="head" x="-80" y="-87"/><int name="delay" value="120"/></canvas><canvas name="3" width="160" height="119"><vector name="origin" x="90" y="112"/><vector name="lt" x="-80" y="-120"/><vector name="rb" x="70" y="0"/><vector name="head" x="-80" y="-89"/><int name="delay" value="120"/></canvas><canvas name="4" width="180" height="101"><vector name="origin" x="97" y="111"/><vector name="lt" x="-80" y="-120"/><vector name="rb" x="70" y="0"/><vector name="head" x="-80" y="-88"/><int name="delay" value="120"/></canvas><canvas name="5" width="167" height="139"><vector name="origin" x="80" y="148"/><vector name="lt" x="-80" y="-120"/><vector name="rb" x="70" y="0"/><vector name="head" x="-80" y="-87"/><int name="delay" value="120"/></canvas></imgdir><imgdir name="move"><canvas name="0" width="167" height="156"><vector name="origin" x="90" y="162"/><vector name="lt" x="-80" y="-120"/><vector name="rb" x="70" y="0"/><vector name="head" x="-83" y="-82"/><int name="delay" value="120"/></canvas><canvas name="1" width="175" height="98"><vector name="origin" x="104" y="106"/><vector name="lt" x="-80" y="-120"/><vector name="rb" x="70" y="0"/><vector name="head" x="-83" y="-83"/><int name="delay" value="120"/></canvas><canvas name="2" width="140" height="114"><vector name="origin" x="92" y="108"/><vector name="lt" x="-80" y="-120"/><vector name="rb" x="70" y="0"/><vector name="head" x="-83" y="-85"/><int name="delay" value="120"/></canvas><canvas name="3" width="152" height="119"><vector name="origin" x="93" y="110"/><vector name="lt" x="-80" y="-120"/><vector name="rb" x="70" y="0"/><vector name="head" x="-83" y="-86"/><int name="delay" value="120"/></canvas><canvas name="4" width="169" height="99"><vector name="origin" x="100" y="109"/><vector name="lt" x="-80" y="-120"/><vector name="rb" x="70" y="0"/><vector name="head" x="-83" y="-86"/><int name="delay" value="120"/></canvas><canvas name="5" width="167" height="138"><vector name="origin" x="83" y="146"/><vector name="lt" x="-80" y="-120"/><vector name="rb" x="70" y="0"/><vector name="head" x="-83" y="-85"/><int name="delay" value="120"/></canvas></imgdir><imgdir name="attack1"><imgdir name="info"><imgdir name="range"><vector name="lt" x="-25" y="-42"/><vector name="rb" x="25" y="0"/><int name="start" value="-7"/><int name="areaCount" value="15"/><int name="attackCount" value="4"/></imgdir><imgdir name="areaWarning"><canvas name="0" width="50" height="40"><vector name="origin" x="24" y="43"/><int name="delay" value="120"/></canvas><canvas name="1" width="52" height="42"><vector name="origin" x="25" y="45"/><int name="delay" value="120"/></canvas><canvas name="2" width="52" height="42"><vector name="origin" x="25" y="47"/><int name="delay" value="120"/></canvas><canvas name="3" width="52" height="42"><vector name="origin" x="25" y="46"/><int name="delay" value="120"/></canvas><canvas name="4" width="52" height="42"><vector name="origin" x="25" y="45"/><int name="delay" value="120"/></canvas><canvas name="5" width="52" height="42"><vector name="origin" x="25" y="44"/><int name="delay" value="120"/></canvas><canvas name="6" width="52" height="42"><vector name="origin" x="25" y="45"/><int name="delay" value="120"/></canvas><canvas name="7" width="52" height="42"><vector name="origin" x="25" y="46"/><int name="delay" value="120"/></canvas><canvas name="8" width="52" height="42"><vector name="origin" x="25" y="47"/><int name="delay" value="120"/></canvas><canvas name="9" width="50" height="40"><vector name="origin" x="24" y="45"/><int name="delay" value="120"/></canvas><canvas name="10" width="46" height="36"><vector name="origin" x="22" y="42"/><int name="delay" value="120"/></canvas><canvas name="11" width="35" height="12"><vector name="origin" x="16" y="10"/><int name="delay" value="120"/></canvas><canvas name="12" width="45" height="16"><vector name="origin" x="21" y="14"/><int name="delay" value="120"/></canvas><canvas name="13" width="71" height="140"><vector name="origin" x="33" y="137"/><int name="delay" value="120"/></canvas><canvas name="14" width="76" height="144"><vector name="origin" x="36" y="142"/><int name="delay" value="120"/></canvas><canvas name="15" width="162" height="265"><vector name="origin" x="79" y="263"/><int name="delay" value="120"/></canvas><canvas name="16" width="170" height="267"><vector name="origin" x="83" y="265"/><int name="delay" value="120"/></canvas><canvas name="17" width="220" height="265"><vector name="origin" x="108" y="263"/><int name="delay" value="120"/></canvas><canvas name="18" width="216" height="303"><vector name="origin" x="106" y="301"/><int name="delay" value="120"/></canvas><canvas name="19" width="204" height="293"><vector name="origin" x="100" y="291"/><int name="delay" value="120"/></canvas><canvas name="20" width="70" height="289"><vector name="origin" x="33" y="287"/><int name="delay" value="120"/></canvas><canvas name="21" width="63" height="255"><vector name="origin" x="29" y="257"/><int name="delay" value="120"/></canvas></imgdir><imgdir name="hit"><canvas name="0" width="104" height="111"><vector name="origin" x="54" y="85"/><int name="delay" value="120"/></canvas><canvas name="1" width="89" height="84"><vector name="origin" x="40" y="71"/><int name="delay" value="120"/></canvas><canvas name="2" width="100" height="82"><vector name="origin" x="46" y="66"/><int name="z" value="0"/><int name="delay" value="120"/></canvas><canvas name="3" width="117" height="95"><vector name="origin" x="54" y="72"/><int name="z" value="0"/><int name="delay" value="120"/></canvas><canvas name="4" width="126" height="105"><vector name="origin" x="57" y="77"/><int name="z" value="0"/><int name="delay" value="120"/></canvas><int name="attach" value="1"/></imgdir><int name="attackAfter" value="1680"/><int name="type" value="3"/><int name="doFirst" value="1"/></imgdir><canvas name="0" width="170" height="157"><vector name="origin" x="87" y="164"/><vector name="lt" x="-80" y="-120"/><vector name="rb" x="70" y="0"/><vector name="head" x="-80" y="-84"/><int name="delay" value="120"/></canvas><canvas name="1" width="212" height="104"><vector name="origin" x="130" y="113"/><vector name="lt" x="-80" y="-120"/><vector name="rb" x="70" y="0"/><vector name="head" x="-78" y="-90"/><int name="delay" value="120"/></canvas><canvas name="2" width="207" height="121"><vector name="origin" x="141" y="110"/><vector name="lt" x="-80" y="-120"/><vector name="rb" x="70" y="0"/><vector name="head" x="-85" y="-84"/><int name="delay" value="120"/></canvas><canvas name="3" width="218" height="130"><vector name="origin" x="143" y="114"/><vector name="lt" x="-80" y="-120"/><vector name="rb" x="70" y="0"/><vector name="head" x="-85" y="-86"/><int name="delay" value="120"/></canvas><canvas name="4" width="234" height="113"><vector name="origin" x="145" y="116"/><vector name="lt" x="-80" y="-120"/><vector name="rb" x="70" y="0"/><vector name="head" x="-85" y="-83"/><int name="delay" value="120"/></canvas><canvas name="5" width="242" height="154"><vector name="origin" x="147" y="156"/><vector name="lt" x="-80" y="-120"/><vector name="rb" x="70" y="0"/><vector name="head" x="-84" y="-82"/><int name="delay" value="120"/></canvas><canvas name="6" width="247" height="177"><vector name="origin" x="158" y="171"/><vector name="lt" x="-80" y="-120"/><vector name="rb" x="70" y="0"/><vector name="head" x="-85" y="-78"/><int name="delay" value="120"/></canvas><canvas name="7" width="262" height="150"><vector name="origin" x="175" y="131"/><vector name="lt" x="-80" y="-120"/><vector name="rb" x="70" y="0"/><vector name="head" x="-80" y="-84"/><int name="delay" value="120"/></canvas><canvas name="8" width="238" height="146"><vector name="origin" x="173" y="129"/><vector name="lt" x="-80" y="-120"/><vector name="rb" x="70" y="0"/><vector name="head" x="-80" y="-87"/><int name="delay" value="120"/></canvas><canvas name="9" width="238" height="123"><vector name="origin" x="168" y="116"/><vector name="lt" x="-80" y="-120"/><vector name="rb" x="70" y="0"/><vector name="head" x="-80" y="-89"/><int name="delay" value="120"/></canvas><canvas name="10" width="233" height="104"><vector name="origin" x="150" y="111"/><vector name="lt" x="-80" y="-120"/><vector name="rb" x="70" y="0"/><vector name="head" x="-80" y="-88"/><int name="delay" value="120"/></canvas><canvas name="11" width="235" height="139"><vector name="origin" x="148" y="148"/><vector name="lt" x="-80" y="-120"/><vector name="rb" x="70" y="0"/><vector name="head" x="-80" y="-87"/><int name="delay" value="120"/></canvas><uol name="12" value="../stand/0"/><uol name="13" value="../stand/1"/><uol name="14" value="../stand/2"/><uol name="15" value="../stand/3"/><uol name="16" value="../stand/4"/><uol name="17" value="../stand/5"/></imgdir><imgdir name="attack2"><imgdir name="info"><imgdir name="range"><vector name="lt" x="-350" y="-140"/><vector name="rb" x="30" y="10"/></imgdir><imgdir name="hit"><canvas name="0" width="76" height="80"><vector name="origin" x="36" y="78"/><int name="delay" value="120"/></canvas><canvas name="1" width="85" height="87"><vector name="origin" x="42" y="83"/><int name="delay" value="120"/></canvas><canvas name="2" width="83" height="75"><vector name="origin" x="38" y="75"/><int name="delay" value="120"/></canvas><canvas name="3" width="71" height="72"><vector name="origin" x="33" y="69"/><int name="delay" value="120"/></canvas><int name="attach" value="1"/></imgdir><int name="attackAfter" value="300"/><int name="type" value="0"/></imgdir><canvas name="0" width="170" height="157"><vector name="origin" x="87" y="164"/><vector name="lt" x="-80" y="-120"/><vector name="rb" x="70" y="0"/><vector name="head" x="-80" y="-84"/><int name="delay" value="120"/></canvas><canvas name="1" width="212" height="165"><vector name="origin" x="130" y="151"/><vector name="lt" x="-80" y="-120"/><vector name="rb" x="70" y="0"/><vector name="head" x="-80" y="-85"/><int name="delay" value="120"/></canvas><canvas name="2" width="190" height="166"><vector name="origin" x="128" y="153"/><vector name="lt" x="-80" y="-120"/><vector name="rb" x="70" y="0"/><vector name="head" x="-80" y="-87"/><int name="delay" value="120"/></canvas><canvas name="3" width="200" height="166"><vector name="origin" x="129" y="152"/><vector name="lt" x="-80" y="-120"/><vector name="rb" x="70" y="0"/><vector name="head" x="-79" y="-90"/><int name="delay" value="120"/></canvas><canvas name="4" width="215" height="170"><vector name="origin" x="132" y="154"/><vector name="lt" x="-80" y="-120"/><vector name="rb" x="70" y="0"/><vector name="head" x="-80" y="-88"/><int name="delay" value="120"/></canvas><canvas name="5" width="213" height="161"><vector name="origin" x="126" y="150"/><vector name="lt" x="-80" y="-120"/><vector name="rb" x="70" y="0"/><vector name="head" x="-80" y="-87"/><int name="delay" value="120"/></canvas><uol name="6" value="../stand/0"/><uol name="7" value="../stand/1"/><uol name="8" value="../stand/2"/><uol name="9" value="../stand/3"/><uol name="10" value="../stand/4"/><uol name="11" value="../stand/5"/></imgdir><imgdir name="hit1"><canvas name="0" width="174" height="167"><vector name="origin" x="79" y="164"/><vector name="lt" x="-80" y="-120"/><vector name="rb" x="70" y="0"/><vector name="head" x="-75" y="-95"/><int name="delay" value="600"/></canvas></imgdir><imgdir name="die1"><canvas name="0" width="170" height="157"><vector name="origin" x="87" y="164"/><vector name="head" x="-80" y="-84"/><int name="delay" value="180"/></canvas><canvas name="1" width="183" height="99"><vector name="origin" x="101" y="104"/><vector name="head" x="-80" y="-81"/><int name="delay" value="180"/></canvas><canvas name="2" width="151" height="114"><vector name="origin" x="89" y="100"/><vector name="head" x="-80" y="-77"/><int name="delay" value="180"/></canvas><canvas name="3" width="160" height="119"><vector name="origin" x="90" y="97"/><vector name="head" x="-80" y="-74"/><int name="delay" value="180"/></canvas><canvas name="4" width="160" height="119"><vector name="origin" x="90" y="92"/><vector name="head" x="-80" y="-69"/><int name="delay" value="300"/><int name="a0" value="255"/><int name="a1" value="0"/></canvas></imgdir></imgdir>