<?xml version="1.0" encoding="UTF-8" standalone="yes"?><imgdir name="8220017.img"><imgdir name="info"><int name="bodyAttack" value="1"/><int name="maxMP" value="4000"/><int name="speed" value="-10"/><int name="PDRate" value="20"/><int name="MDRate" value="20"/><int name="pushed" value="1800"/><float name="fs" value="10.0"/><int name="summonType" value="1"/><int name="category" value="4"/><string name="elemAttr" value="S2"/><string name="mobType" value="2N"/><int name="acc" value="270"/><int name="eva" value="55"/><int name="exp" value="366666"/><int name="level" value="184"/><int name="MADamage" value="950"/><int name="maxHP" value="11000000"/><int name="PADamage" value="910"/><int name="boss" value="0"/></imgdir><imgdir name="stand"><canvas name="0" width="180" height="164"><vector name="origin" x="123" y="164"/><vector name="lt" x="-100" y="-140"/><vector name="rb" x="40" y="0"/><vector name="head" x="-76" y="-115"/><int name="delay" value="180"/></canvas><canvas name="1" width="171" height="162"><vector name="origin" x="122" y="162"/><vector name="lt" x="-100" y="-140"/><vector name="rb" x="40" y="0"/><vector name="head" x="-77" y="-112"/><int name="delay" value="180"/></canvas><canvas name="2" width="170" height="160"><vector name="origin" x="121" y="160"/><vector name="lt" x="-100" y="-140"/><vector name="rb" x="40" y="0"/><vector name="head" x="-78" y="-110"/><int name="delay" value="180"/></canvas><canvas name="3" width="172" height="158"><vector name="origin" x="120" y="158"/><vector name="lt" x="-100" y="-140"/><vector name="rb" x="40" y="0"/><vector name="head" x="-79" y="-108"/><int name="delay" value="180"/></canvas><canvas name="4" width="180" height="160"><vector name="origin" x="121" y="160"/><vector name="lt" x="-100" y="-140"/><vector name="rb" x="40" y="0"/><vector name="head" x="-78" y="-110"/><int name="delay" value="180"/></canvas><canvas name="5" width="180" height="162"><vector name="origin" x="122" y="162"/><vector name="lt" x="-100" y="-140"/><vector name="rb" x="40" y="0"/><vector name="head" x="-77" y="-112"/><int name="delay" value="180"/></canvas></imgdir><imgdir name="move"><canvas name="0" width="180" height="161"><vector name="origin" x="131" y="161"/><vector name="lt" x="-100" y="-140"/><vector name="rb" x="40" y="0"/><vector name="head" x="-86" y="-111"/><int name="delay" value="180"/></canvas><canvas name="1" width="177" height="164"><vector name="origin" x="132" y="164"/><vector name="lt" x="-100" y="-140"/><vector name="rb" x="40" y="0"/><vector name="head" x="-85" y="-114"/><int name="delay" value="180"/></canvas><canvas name="2" width="180" height="161"><vector name="origin" x="131" y="161"/><vector name="lt" x="-100" y="-140"/><vector name="rb" x="40" y="0"/><vector name="head" x="-86" y="-111"/><int name="delay" value="180"/></canvas><canvas name="3" width="177" height="164"><vector name="origin" x="132" y="164"/><vector name="lt" x="-100" y="-140"/><vector name="rb" x="40" y="0"/><vector name="head" x="-85" y="-114"/><int name="delay" value="180"/></canvas></imgdir><imgdir name="attack1"><imgdir name="info"><imgdir name="range"><vector name="lt" x="-250" y="-150"/><vector name="rb" x="10" y="30"/></imgdir><imgdir name="hit"><canvas name="0" width="99" height="107"><vector name="origin" x="56" y="85"/><int name="delay" value="210"/></canvas><canvas name="1" width="93" height="101"><vector name="origin" x="53" y="83"/><int name="delay" value="210"/></canvas><canvas name="2" width="84" height="93"><vector name="origin" x="51" y="80"/><int name="delay" value="210"/></canvas><int name="attach" value="1"/></imgdir><int name="attackAfter" value="290"/><int name="type" value="0"/><int name="level" value="5"/></imgdir><canvas name="0" width="180" height="164"><vector name="origin" x="123" y="164"/><vector name="lt" x="-100" y="-140"/><vector name="rb" x="40" y="0"/><vector name="head" x="-76" y="-115"/><int name="delay" value="120"/></canvas><canvas name="1" width="142" height="166"><vector name="origin" x="93" y="166"/><vector name="lt" x="-100" y="-140"/><vector name="rb" x="40" y="0"/><vector name="head" x="-74" y="-117"/><int name="delay" value="120"/></canvas><canvas name="2" width="265" height="169"><vector name="origin" x="140" y="158"/><vector name="lt" x="-100" y="-140"/><vector name="rb" x="40" y="0"/><vector name="head" x="-80" y="-109"/><int name="delay" value="120"/></canvas><canvas name="3" width="268" height="169"><vector name="origin" x="143" y="157"/><vector name="lt" x="-100" y="-140"/><vector name="rb" x="40" y="0"/><vector name="head" x="-80" y="-108"/><int name="delay" value="120"/></canvas><canvas name="4" width="282" height="176"><vector name="origin" x="157" y="156"/><vector name="lt" x="-100" y="-140"/><vector name="rb" x="40" y="0"/><vector name="head" x="-80" y="-107"/><int name="delay" value="120"/></canvas><canvas name="5" width="291" height="197"><vector name="origin" x="166" y="166"/><vector name="lt" x="-100" y="-140"/><vector name="rb" x="40" y="0"/><vector name="head" x="-80" y="-106"/><int name="delay" value="120"/></canvas><uol name="6" value="../stand/0"/><uol name="7" value="../stand/1"/><uol name="8" value="../stand/2"/><uol name="9" value="../stand/3"/><uol name="10" value="../stand/4"/><uol name="11" value="../stand/5"/></imgdir><imgdir name="attack2"><imgdir name="info"><imgdir name="range"><vector name="lt" x="-250" y="-150"/><vector name="rb" x="10" y="30"/></imgdir><imgdir name="hit"><canvas name="0" width="167" height="97"><vector name="origin" x="92" y="98"/><int name="delay" value="210"/></canvas><canvas name="1" width="110" height="85"><vector name="origin" x="64" y="97"/><int name="z" value="0"/><int name="delay" value="210"/></canvas><canvas name="2" width="108" height="94"><vector name="origin" x="68" y="103"/><int name="z" value="0"/><int name="delay" value="210"/></canvas><canvas name="3" width="106" height="95"><vector name="origin" x="81" y="105"/><int name="z" value="0"/><int name="delay" value="210"/></canvas><int name="attach" value="1"/></imgdir><int name="attackAfter" value="220"/><int name="type" value="0"/></imgdir><canvas name="0" width="180" height="164"><vector name="origin" x="123" y="164"/><vector name="lt" x="-100" y="-140"/><vector name="rb" x="40" y="0"/><vector name="head" x="-76" y="-115"/><int name="delay" value="120"/></canvas><canvas name="1" width="317" height="150"><vector name="origin" x="184" y="150"/><vector name="lt" x="-130" y="-115"/><vector name="rb" x="40" y="0"/><vector name="head" x="-108" y="-101"/><int name="delay" value="120"/></canvas><canvas name="2" width="308" height="149"><vector name="origin" x="236" y="149"/><vector name="lt" x="-130" y="-115"/><vector name="rb" x="40" y="0"/><vector name="head" x="-110" y="-100"/><int name="delay" value="120"/></canvas><canvas name="3" width="350" height="149"><vector name="origin" x="276" y="149"/><vector name="lt" x="-130" y="-115"/><vector name="rb" x="40" y="0"/><vector name="head" x="-110" y="-100"/><int name="delay" value="120"/></canvas><canvas name="4" width="326" height="149"><vector name="origin" x="289" y="149"/><vector name="lt" x="-130" y="-115"/><vector name="rb" x="40" y="0"/><vector name="head" x="-110" y="-100"/><int name="delay" value="120"/></canvas><canvas name="5" width="216" height="155"><vector name="origin" x="162" y="155"/><vector name="lt" x="-110" y="-120"/><vector name="rb" x="40" y="0"/><vector name="head" x="-83" y="-106"/><int name="delay" value="120"/></canvas><uol name="6" value="../stand/0"/><uol name="7" value="../stand/1"/><uol name="8" value="../stand/2"/><uol name="9" value="../stand/3"/><uol name="10" value="../stand/4"/><uol name="11" value="../stand/5"/></imgdir><imgdir name="hit1"><canvas name="0" width="194" height="176"><vector name="origin" x="107" y="176"/><vector name="lt" x="-80" y="-140"/><vector name="rb" x="60" y="0"/><vector name="head" x="-55" y="-124"/><int name="delay" value="600"/></canvas></imgdir><imgdir name="die1"><canvas name="0" width="180" height="164"><vector name="origin" x="123" y="164"/><vector name="head" x="-76" y="-114"/><int name="delay" value="90"/></canvas><canvas name="1" width="194" height="174"><vector name="origin" x="108" y="174"/><vector name="head" x="-56" y="-124"/><int name="delay" value="150"/></canvas><canvas name="2" width="180" height="172"><vector name="origin" x="111" y="172"/><vector name="head" x="-54" y="-122"/><int name="delay" value="150"/></canvas><canvas name="3" width="181" height="171"><vector name="origin" x="112" y="171"/><vector name="head" x="-53" y="-122"/><int name="delay" value="150"/></canvas><canvas name="4" width="183" height="169"><vector name="origin" x="113" y="169"/><vector name="head" x="-51" y="-119"/><int name="delay" value="150"/></canvas><canvas name="5" width="187" height="167"><vector name="origin" x="114" y="167"/><vector name="head" x="-49" y="-118"/><int name="delay" value="300"/><int name="a0" value="255"/><int name="a1" value="0"/></canvas></imgdir></imgdir>