<?xml version="1.0" encoding="UTF-8" standalone="yes"?><imgdir name="8500000.img"><imgdir name="info"><int name="bodyAttack" value="1"/><int name="level" value="100"/><int name="maxHP" value="16000"/><int name="maxMP" value="12000"/><int name="speed" value="0"/><int name="PADamage" value="980"/><int name="PDDamage" value="1000"/><int name="MADamage" value="530"/><int name="MDDamage" value="1100"/><int name="acc" value="250"/><int name="eva" value="12"/><int name="exp" value="0"/><int name="undead" value="1"/><int name="pushed" value="10000"/><int name="hpRecovery" value="5000"/><int name="mpRecovery" value="100"/><float name="fs" value="10.0"/><int name="summonType" value="1"/><int name="noFlip" value="1"/><int name="boss" value="1"/><imgdir name="revive"><int name="0" value="8500001"/></imgdir><int name="mobType" value="8"/><int name="mbookID" value="8500002"/></imgdir><imgdir name="stand"><canvas name="0" width="153" height="157"><vector name="origin" x="87" y="306"/><vector name="lt" x="-51" y="-274"/><vector name="rb" x="52" y="-173"/><vector name="head" x="-12" y="-276"/><int name="delay" value="100"/></canvas><canvas name="1" width="151" height="150"><vector name="origin" x="85" y="302"/><vector name="lt" x="-51" y="-274"/><vector name="rb" x="52" y="-173"/><vector name="head" x="-12" y="-276"/><int name="delay" value="100"/></canvas><canvas name="2" width="160" height="161"><vector name="origin" x="90" y="308"/><vector name="lt" x="-51" y="-274"/><vector name="rb" x="52" y="-173"/><vector name="head" x="-12" y="-276"/><int name="delay" value="100"/></canvas><canvas name="3" width="153" height="157"><vector name="origin" x="87" y="306"/><vector name="lt" x="-51" y="-274"/><vector name="rb" x="52" y="-173"/><vector name="head" x="-12" y="-276"/><int name="delay" value="100"/></canvas><canvas name="4" width="151" height="150"><vector name="origin" x="85" y="302"/><vector name="lt" x="-51" y="-274"/><vector name="rb" x="52" y="-173"/><vector name="head" x="-12" y="-276"/><int name="delay" value="100"/></canvas><canvas name="5" width="160" height="161"><vector name="origin" x="90" y="308"/><vector name="lt" x="-51" y="-274"/><vector name="rb" x="52" y="-173"/><vector name="head" x="-12" y="-276"/><int name="delay" value="100"/></canvas></imgdir><imgdir name="die1"><canvas name="0" width="153" height="157"><vector name="origin" x="87" y="306"/><vector name="head" x="-12" y="-276"/><int name="delay" value="100"/></canvas><canvas name="1" width="230" height="194"><vector name="origin" x="109" y="317"/><vector name="head" x="-12" y="-276"/><int name="delay" value="100"/></canvas><canvas name="2" width="218" height="181"><vector name="origin" x="101" y="308"/><vector name="head" x="-12" y="-276"/><int name="delay" value="100"/></canvas><canvas name="3" width="206" height="174"><vector name="origin" x="95" y="302"/><vector name="head" x="-12" y="-276"/><int name="delay" value="100"/></canvas><canvas name="4" width="186" height="161"><vector name="origin" x="85" y="298"/><vector name="head" x="-12" y="-276"/><int name="delay" value="100"/></canvas><canvas name="5" width="182" height="168"><vector name="origin" x="93" y="306"/><vector name="head" x="-12" y="-276"/><int name="delay" value="100"/></canvas><canvas name="6" width="209" height="194"><vector name="origin" x="106" y="323"/><vector name="head" x="-12" y="-276"/><int name="delay" value="100"/></canvas><canvas name="7" width="260" height="260"><vector name="origin" x="112" y="360"/><vector name="head" x="13" y="-320"/><int name="delay" value="100"/></canvas><canvas name="8" width="270" height="300"><vector name="origin" x="129" y="393"/><vector name="head" x="13" y="-354"/><int name="delay" value="100"/></canvas><canvas name="9" width="236" height="271"><vector name="origin" x="107" y="327"/><vector name="head" x="14" y="-303"/><int name="delay" value="300"/><int name="a0" value="255"/><int name="a1" value="0"/></canvas></imgdir></imgdir>