<?xml version="1.0" encoding="UTF-8" standalone="yes"?><imgdir name="8600001.img"><imgdir name="info"><imgdir name="skill"><imgdir name="0"><int name="skill" value="123"/><int name="action" value="1"/><int name="level" value="35"/><int name="effectAfter" value="0"/><int name="skillAfter" value="900"/></imgdir></imgdir><string name="elemAttr" value="F3L3S3"/><int name="level" value="164"/><int name="bodyAttack" value="1"/><int name="maxHP" value="370000"/><int name="maxMP" value="16000"/><int name="speed" value="-40"/><int name="PADamage" value="800"/><int name="PDDamage" value="940"/><int name="PDRate" value="10"/><int name="MADamage" value="700"/><int name="MDDamage" value="570"/><int name="MDRate" value="10"/><int name="acc" value="270"/><int name="eva" value="55"/><int name="pushed" value="5000"/><float name="fs" value="10.0"/><int name="exp" value="13703"/><int name="summonType" value="1"/><int name="category" value="6"/><string name="mobType" value="4H"/></imgdir><imgdir name="stand"><canvas name="0" width="95" height="105"><vector name="origin" x="46" y="105"/><vector name="head" x="3" y="-80"/><vector name="lt" x="-46" y="-105"/><vector name="rb" x="49" y="0"/><int name="delay" value="150"/></canvas><canvas name="1" width="96" height="104"><vector name="origin" x="47" y="104"/><vector name="head" x="3" y="-80"/><vector name="lt" x="-47" y="-104"/><vector name="rb" x="49" y="0"/><int name="delay" value="150"/></canvas><canvas name="2" width="95" height="105"><vector name="origin" x="46" y="105"/><vector name="head" x="3" y="-80"/><vector name="lt" x="-46" y="-105"/><vector name="rb" x="49" y="0"/><int name="delay" value="150"/></canvas><canvas name="3" width="94" height="106"><vector name="origin" x="45" y="106"/><vector name="head" x="3" y="-80"/><vector name="lt" x="-45" y="-106"/><vector name="rb" x="49" y="0"/><int name="delay" value="150"/></canvas><canvas name="4" width="93" height="107"><vector name="origin" x="44" y="107"/><vector name="head" x="3" y="-80"/><vector name="lt" x="-44" y="-107"/><vector name="rb" x="49" y="0"/><int name="delay" value="150"/></canvas><canvas name="5" width="94" height="106"><vector name="origin" x="45" y="106"/><vector name="head" x="3" y="-80"/><vector name="lt" x="-45" y="-106"/><vector name="rb" x="49" y="0"/><int name="delay" value="150"/></canvas></imgdir><imgdir name="move"><canvas name="0" width="96" height="105"><vector name="origin" x="47" y="105"/><vector name="head" x="3" y="-80"/><vector name="lt" x="-47" y="-105"/><vector name="rb" x="49" y="0"/><int name="delay" value="120"/></canvas><canvas name="1" width="95" height="104"><vector name="origin" x="46" y="104"/><vector name="head" x="3" y="-80"/><vector name="lt" x="-46" y="-104"/><vector name="rb" x="49" y="0"/><int name="delay" value="120"/></canvas><canvas name="2" width="90" height="111"><vector name="origin" x="41" y="112"/><vector name="head" x="3" y="-80"/><vector name="lt" x="-41" y="-112"/><vector name="rb" x="49" y="-1"/><int name="delay" value="120"/></canvas><canvas name="3" width="95" height="107"><vector name="origin" x="46" y="117"/><vector name="head" x="3" y="-80"/><vector name="lt" x="-46" y="-117"/><vector name="rb" x="49" y="-10"/><int name="delay" value="120"/></canvas><canvas name="4" width="97" height="105"><vector name="origin" x="48" y="118"/><vector name="head" x="3" y="-80"/><vector name="lt" x="-48" y="-118"/><vector name="rb" x="49" y="-13"/><int name="delay" value="120"/></canvas></imgdir><imgdir name="attack1"><imgdir name="info"><imgdir name="hit"><canvas name="0" width="136" height="127"><vector name="origin" x="75" y="72"/><int name="z" value="0"/><int name="delay" value="120"/></canvas><canvas name="1" width="124" height="124"><vector name="origin" x="64" y="64"/><int name="z" value="0"/><int name="delay" value="120"/></canvas><canvas name="2" width="107" height="129"><vector name="origin" x="63" y="64"/><int name="z" value="0"/><int name="delay" value="120"/></canvas><canvas name="3" width="131" height="124"><vector name="origin" x="67" y="55"/><int name="z" value="0"/><int name="delay" value="120"/></canvas><canvas name="4" width="130" height="71"><vector name="origin" x="64" y="6"/><int name="z" value="0"/><int name="delay" value="120"/></canvas></imgdir><int name="attackAfter" value="960"/><imgdir name="range"><vector name="sp" x="-10" y="-65"/><int name="r" value="300"/></imgdir><int name="type" value="1"/><int name="magic" value="1"/></imgdir><canvas name="0" width="148" height="174"><vector name="origin" x="58" y="173"/><vector name="head" x="3" y="-80"/><vector name="lt" x="-44" y="-106"/><vector name="rb" x="54" y="0"/><int name="delay" value="120"/></canvas><canvas name="1" width="173" height="180"><vector name="origin" x="80" y="175"/><vector name="head" x="3" y="-80"/><vector name="lt" x="-44" y="-106"/><vector name="rb" x="58" y="0"/><int name="delay" value="120"/></canvas><canvas name="2" width="159" height="172"><vector name="origin" x="65" y="165"/><vector name="head" x="3" y="-80"/><vector name="lt" x="-44" y="-106"/><vector name="rb" x="58" y="0"/><int name="delay" value="120"/></canvas><canvas name="3" width="158" height="147"><vector name="origin" x="64" y="139"/><vector name="head" x="3" y="-80"/><vector name="lt" x="-44" y="-106"/><vector name="rb" x="58" y="0"/><int name="delay" value="120"/></canvas><canvas name="4" width="138" height="147"><vector name="origin" x="57" y="139"/><vector name="head" x="3" y="-80"/><vector name="lt" x="-44" y="-106"/><vector name="rb" x="58" y="0"/><int name="delay" value="120"/></canvas><canvas name="5" width="125" height="145"><vector name="origin" x="56" y="137"/><vector name="head" x="3" y="-80"/><vector name="lt" x="-44" y="-106"/><vector name="rb" x="58" y="0"/><int name="delay" value="120"/></canvas><canvas name="6" width="125" height="133"><vector name="origin" x="56" y="125"/><vector name="head" x="3" y="-80"/><vector name="lt" x="-44" y="-106"/><vector name="rb" x="58" y="0"/><int name="delay" value="120"/></canvas><canvas name="7" width="248" height="122"><vector name="origin" x="192" y="114"/><vector name="head" x="-33" y="-80"/><vector name="lt" x="-72" y="-105"/><vector name="rb" x="24" y="0"/><int name="delay" value="120"/></canvas><canvas name="8" width="300" height="131"><vector name="origin" x="250" y="123"/><vector name="head" x="-33" y="-80"/><vector name="lt" x="-72" y="-105"/><vector name="rb" x="24" y="0"/><int name="delay" value="90"/></canvas><canvas name="9" width="339" height="132"><vector name="origin" x="292" y="124"/><vector name="head" x="-33" y="-80"/><vector name="lt" x="-72" y="-105"/><vector name="rb" x="24" y="0"/><int name="delay" value="90"/></canvas><canvas name="10" width="348" height="135"><vector name="origin" x="299" y="127"/><vector name="head" x="-33" y="-80"/><vector name="lt" x="-72" y="-105"/><vector name="rb" x="24" y="0"/><int name="delay" value="90"/></canvas><canvas name="11" width="354" height="144"><vector name="origin" x="299" y="125"/><vector name="head" x="-33" y="-80"/><vector name="lt" x="-72" y="-105"/><vector name="rb" x="24" y="0"/><int name="delay" value="90"/></canvas><canvas name="12" width="327" height="141"><vector name="origin" x="300" y="122"/><vector name="head" x="-33" y="-80"/><vector name="lt" x="-72" y="-105"/><vector name="rb" x="24" y="0"/><int name="delay" value="90"/></canvas><canvas name="13" width="324" height="138"><vector name="origin" x="299" y="118"/><vector name="head" x="-33" y="-80"/><vector name="lt" x="-72" y="-105"/><vector name="rb" x="24" y="0"/><int name="delay" value="90"/></canvas><canvas name="14" width="316" height="118"><vector name="origin" x="288" y="110"/><vector name="head" x="-33" y="-80"/><vector name="lt" x="-72" y="-105"/><vector name="rb" x="24" y="0"/><int name="delay" value="90"/></canvas><canvas name="15" width="97" height="107"><vector name="origin" x="51" y="106"/><vector name="head" x="-33" y="-80"/><vector name="lt" x="-72" y="-105"/><vector name="rb" x="24" y="0"/><int name="delay" value="90"/></canvas><uol name="16" value="../stand/0"/><uol name="17" value="../stand/1"/><uol name="18" value="../stand/2"/><uol name="19" value="../stand/3"/><uol name="20" value="../stand/4"/><uol name="21" value="../stand/5"/></imgdir><imgdir name="skill1"><canvas name="0" width="166" height="138"><vector name="origin" x="79" y="117"/><vector name="head" x="3" y="-80"/><vector name="lt" x="-46" y="-105"/><vector name="rb" x="49" y="0"/><int name="delay" value="90"/></canvas><canvas name="1" width="163" height="132"><vector name="origin" x="79" y="114"/><vector name="head" x="3" y="-80"/><vector name="lt" x="-46" y="-105"/><vector name="rb" x="49" y="0"/><int name="delay" value="90"/></canvas><canvas name="2" width="148" height="120"><vector name="origin" x="73" y="108"/><vector name="head" x="3" y="-80"/><vector name="lt" x="-46" y="-105"/><vector name="rb" x="49" y="0"/><int name="delay" value="90"/></canvas><canvas name="3" width="127" height="105"><vector name="origin" x="63" y="102"/><vector name="head" x="3" y="-80"/><vector name="lt" x="-46" y="-105"/><vector name="rb" x="49" y="0"/><int name="delay" value="90"/></canvas><canvas name="4" width="148" height="153"><vector name="origin" x="75" y="153"/><vector name="head" x="4" y="-129"/><vector name="lt" x="-50" y="-153"/><vector name="rb" x="53" y="-29"/><int name="delay" value="90"/></canvas><canvas name="5" width="153" height="156"><vector name="origin" x="79" y="155"/><vector name="head" x="3" y="-133"/><vector name="lt" x="-48" y="-155"/><vector name="rb" x="50" y="-39"/><int name="delay" value="90"/></canvas><canvas name="6" width="203" height="202"><vector name="origin" x="101" y="195"/><vector name="head" x="3" y="-133"/><vector name="lt" x="-48" y="-155"/><vector name="rb" x="52" y="-41"/><int name="delay" value="90"/></canvas><canvas name="7" width="209" height="210"><vector name="origin" x="104" y="199"/><vector name="head" x="3" y="-134"/><vector name="lt" x="-48" y="-155"/><vector name="rb" x="52" y="-41"/><int name="delay" value="90"/></canvas><canvas name="8" width="212" height="211"><vector name="origin" x="106" y="200"/><vector name="head" x="3" y="-133"/><vector name="lt" x="-48" y="-155"/><vector name="rb" x="52" y="-41"/><int name="delay" value="90"/></canvas><canvas name="9" width="203" height="202"><vector name="origin" x="102" y="195"/><vector name="head" x="3" y="-132"/><vector name="lt" x="-48" y="-155"/><vector name="rb" x="52" y="-41"/><int name="delay" value="90"/></canvas><canvas name="10" width="179" height="180"><vector name="origin" x="89" y="185"/><vector name="head" x="3" y="-133"/><vector name="lt" x="-48" y="-155"/><vector name="rb" x="52" y="-41"/><int name="delay" value="90"/></canvas><canvas name="11" width="185" height="184"><vector name="origin" x="92" y="186"/><vector name="head" x="3" y="-134"/><vector name="lt" x="-48" y="-155"/><vector name="rb" x="52" y="-41"/><int name="delay" value="90"/></canvas><canvas name="12" width="172" height="172"><vector name="origin" x="86" y="180"/><vector name="head" x="3" y="-133"/><vector name="lt" x="-48" y="-155"/><vector name="rb" x="53" y="-39"/><int name="delay" value="90"/></canvas><canvas name="13" width="138" height="137"><vector name="origin" x="69" y="163"/><vector name="head" x="3" y="-128"/><vector name="lt" x="-48" y="-151"/><vector name="rb" x="48" y="-36"/><int name="delay" value="90"/></canvas><canvas name="14" width="95" height="115"><vector name="origin" x="46" y="133"/><vector name="head" x="3" y="-111"/><vector name="lt" x="-46" y="-133"/><vector name="rb" x="49" y="-18"/><int name="delay" value="90"/></canvas></imgdir><imgdir name="hit1"><canvas name="0" width="106" height="125"><vector name="origin" x="40" y="125"/><vector name="head" x="3" y="-80"/><vector name="lt" x="-40" y="-125"/><vector name="rb" x="66" y="0"/><int name="delay" value="300"/></canvas></imgdir><imgdir name="die1"><canvas name="0" width="95" height="105"><vector name="origin" x="46" y="105"/><vector name="head" x="3" y="-96"/><int name="delay" value="120"/></canvas><canvas name="1" width="106" height="125"><vector name="origin" x="7" y="125"/><vector name="head" x="3" y="-96"/><int name="delay" value="120"/></canvas><canvas name="2" width="196" height="162"><vector name="origin" x="39" y="132"/><vector name="head" x="3" y="-96"/><int name="delay" value="120"/></canvas><canvas name="3" width="181" height="149"><vector name="origin" x="34" y="125"/><vector name="head" x="3" y="-96"/><int name="delay" value="120"/></canvas><canvas name="4" width="156" height="141"><vector name="origin" x="22" y="121"/><vector name="head" x="3" y="-96"/><int name="delay" value="120"/></canvas><canvas name="5" width="129" height="125"><vector name="origin" x="11" y="113"/><vector name="head" x="3" y="-96"/><int name="delay" value="120"/></canvas><canvas name="6" width="102" height="103"><vector name="origin" x="-1" y="102"/><vector name="head" x="3" y="-96"/><int name="delay" value="120"/></canvas><canvas name="7" width="95" height="94"><vector name="origin" x="-6" y="98"/><vector name="head" x="3" y="-96"/><int name="delay" value="120"/></canvas><canvas name="8" width="129" height="123"><vector name="origin" x="10" y="112"/><vector name="head" x="3" y="-96"/><int name="delay" value="120"/></canvas><canvas name="9" width="134" height="116"><vector name="origin" x="12" y="109"/><vector name="head" x="3" y="-96"/><int name="delay" value="120"/></canvas><canvas name="10" width="137" height="113"><vector name="origin" x="12" y="105"/><vector name="head" x="3" y="-96"/><int name="delay" value="120"/></canvas><canvas name="11" width="101" height="96"><vector name="origin" x="-3" y="99"/><vector name="head" x="3" y="-96"/><int name="delay" value="120"/></canvas><canvas name="12" width="68" height="75"><vector name="origin" x="-18" y="75"/><vector name="head" x="3" y="-96"/><int name="delay" value="120"/></canvas><canvas name="13" width="59" height="52"><vector name="origin" x="-22" y="52"/><vector name="head" x="3" y="-96"/><int name="delay" value="120"/></canvas><canvas name="14" width="59" height="44"><vector name="origin" x="-24" y="44"/><vector name="head" x="3" y="-96"/><int name="delay" value="120"/></canvas><canvas name="15" width="59" height="44"><vector name="origin" x="-24" y="44"/><vector name="head" x="3" y="-96"/><int name="delay" value="120"/></canvas></imgdir></imgdir>