<?xml version="1.0" encoding="UTF-8" standalone="yes"?><imgdir name="8600004.img"><imgdir name="info"><imgdir name="skill"><imgdir name="0"><int name="skill" value="110"/><int name="action" value="1"/><int name="level" value="1"/><int name="effectAfter" value="1200"/></imgdir></imgdir><int name="level" value="163"/><int name="bodyAttack" value="1"/><int name="maxHP" value="360000"/><int name="maxMP" value="16000"/><int name="speed" value="-20"/><int name="PDDamage" value="170"/><int name="PDRate" value="10"/><int name="MDDamage" value="210"/><int name="MDRate" value="10"/><int name="pushed" value="5000"/><float name="fs" value="10.0"/><int name="exp" value="13333"/><int name="summonType" value="1"/><int name="category" value="8"/><string name="mobType" value="3H"/><int name="MADamage" value="700"/><int name="eva" value="55"/><int name="acc" value="270"/><int name="PADamage" value="800"/></imgdir><imgdir name="stand"><canvas name="0" width="92" height="105"><vector name="origin" x="43" y="105"/><vector name="head" x="-13" y="-51"/><vector name="lt" x="-43" y="-83"/><vector name="rb" x="49" y="0"/><int name="delay" value="150"/></canvas><canvas name="1" width="92" height="104"><vector name="origin" x="43" y="104"/><vector name="head" x="-13" y="-51"/><vector name="lt" x="-43" y="-83"/><vector name="rb" x="49" y="0"/><int name="delay" value="150"/></canvas><canvas name="2" width="92" height="103"><vector name="origin" x="43" y="103"/><vector name="head" x="-13" y="-51"/><vector name="lt" x="-43" y="-83"/><vector name="rb" x="49" y="0"/><int name="delay" value="150"/></canvas><canvas name="3" width="92" height="102"><vector name="origin" x="43" y="102"/><vector name="head" x="-13" y="-51"/><vector name="lt" x="-43" y="-83"/><vector name="rb" x="49" y="0"/><int name="delay" value="150"/></canvas><canvas name="4" width="92" height="103"><vector name="origin" x="43" y="103"/><vector name="head" x="-13" y="-51"/><vector name="lt" x="-43" y="-83"/><vector name="rb" x="49" y="0"/><int name="delay" value="150"/></canvas><canvas name="5" width="92" height="104"><vector name="origin" x="43" y="104"/><vector name="head" x="-13" y="-51"/><vector name="lt" x="-43" y="-83"/><vector name="rb" x="49" y="0"/><int name="delay" value="150"/></canvas></imgdir><imgdir name="move"><canvas name="0" width="96" height="105"><vector name="origin" x="44" y="105"/><vector name="head" x="-13" y="-51"/><vector name="lt" x="-43" y="-83"/><vector name="rb" x="49" y="0"/><int name="delay" value="120"/></canvas><canvas name="1" width="97" height="104"><vector name="origin" x="44" y="104"/><vector name="head" x="-13" y="-51"/><vector name="lt" x="-43" y="-83"/><vector name="rb" x="49" y="0"/><int name="delay" value="120"/></canvas><canvas name="2" width="96" height="88"><vector name="origin" x="43" y="88"/><vector name="head" x="-13" y="-45"/><vector name="lt" x="-43" y="-66"/><vector name="rb" x="49" y="0"/><int name="delay" value="120"/></canvas><canvas name="3" width="93" height="102"><vector name="origin" x="38" y="120"/><vector name="head" x="-12" y="-80"/><vector name="lt" x="-39" y="-102"/><vector name="rb" x="56" y="-19"/><int name="delay" value="120"/></canvas><canvas name="4" width="89" height="107"><vector name="origin" x="40" y="133"/><vector name="head" x="-13" y="-83"/><vector name="lt" x="-40" y="-101"/><vector name="rb" x="48" y="-30"/><int name="delay" value="120"/></canvas><canvas name="5" width="92" height="108"><vector name="origin" x="43" y="123"/><vector name="head" x="-13" y="-69"/><vector name="lt" x="-43" y="-96"/><vector name="rb" x="49" y="-15"/><int name="delay" value="120"/></canvas></imgdir><imgdir name="attack1"><imgdir name="info"><imgdir name="range"><vector name="lt" x="-260" y="-101"/><vector name="rb" x="134" y="0"/></imgdir><imgdir name="hit"><canvas name="0" width="118" height="111"><vector name="origin" x="53" y="88"/><int name="delay" value="90"/></canvas><canvas name="1" width="112" height="84"><vector name="origin" x="53" y="74"/><int name="delay" value="90"/></canvas><canvas name="2" width="113" height="82"><vector name="origin" x="56" y="70"/><int name="delay" value="90"/></canvas><canvas name="3" width="117" height="95"><vector name="origin" x="53" y="76"/><int name="delay" value="90"/></canvas><canvas name="4" width="126" height="105"><vector name="origin" x="56" y="80"/><int name="delay" value="90"/></canvas><int name="pos" value="3"/></imgdir><int name="attackAfter" value="990"/><int name="type" value="0"/></imgdir><canvas name="0" width="92" height="105"><vector name="origin" x="43" y="105"/><vector name="head" x="-13" y="-51"/><vector name="lt" x="-43" y="-83"/><vector name="rb" x="49" y="0"/><int name="delay" value="90"/></canvas><canvas name="1" width="96" height="104"><vector name="origin" x="44" y="104"/><vector name="head" x="-13" y="-51"/><vector name="lt" x="-43" y="-83"/><vector name="rb" x="49" y="0"/><int name="delay" value="90"/></canvas><canvas name="2" width="99" height="102"><vector name="origin" x="45" y="102"/><vector name="head" x="-13" y="-51"/><vector name="lt" x="-43" y="-83"/><vector name="rb" x="49" y="0"/><int name="delay" value="90"/></canvas><canvas name="3" width="97" height="101"><vector name="origin" x="45" y="100"/><vector name="head" x="-13" y="-49"/><vector name="lt" x="-43" y="-83"/><vector name="rb" x="49" y="0"/><int name="delay" value="90"/></canvas><canvas name="4" width="106" height="108"><vector name="origin" x="49" y="103"/><vector name="head" x="-13" y="-47"/><vector name="lt" x="-43" y="-75"/><vector name="rb" x="49" y="0"/><int name="delay" value="90"/></canvas><canvas name="5" width="106" height="114"><vector name="origin" x="45" y="152"/><vector name="head" x="-13" y="-106"/><vector name="lt" x="-42" y="-131"/><vector name="rb" x="50" y="-44"/><int name="delay" value="90"/></canvas><canvas name="6" width="103" height="121"><vector name="origin" x="47" y="171"/><vector name="head" x="-13" y="-114"/><vector name="lt" x="-42" y="-138"/><vector name="rb" x="50" y="-60"/><int name="delay" value="90"/></canvas><canvas name="7" width="112" height="121"><vector name="origin" x="52" y="179"/><vector name="head" x="-13" y="-119"/><vector name="lt" x="-43" y="-141"/><vector name="rb" x="49" y="-67"/><int name="delay" value="90"/></canvas><canvas name="8" width="108" height="121"><vector name="origin" x="51" y="182"/><vector name="head" x="-13" y="-124"/><vector name="lt" x="-51" y="-146"/><vector name="rb" x="57" y="-66"/><int name="delay" value="90"/></canvas><canvas name="9" width="112" height="122"><vector name="origin" x="52" y="185"/><vector name="head" x="-13" y="-124"/><vector name="lt" x="-51" y="-148"/><vector name="rb" x="57" y="-66"/><int name="delay" value="90"/></canvas><canvas name="10" width="108" height="127"><vector name="origin" x="51" y="191"/><vector name="head" x="-13" y="-126"/><vector name="lt" x="-51" y="-148"/><vector name="rb" x="57" y="-66"/><int name="delay" value="90"/></canvas><canvas name="11" width="226" height="116"><vector name="origin" x="113" y="114"/><vector name="head" x="-14" y="-48"/><vector name="lt" x="-48" y="-72"/><vector name="rb" x="70" y="2"/><int name="delay" value="90"/></canvas><canvas name="12" width="232" height="126"><vector name="origin" x="117" y="124"/><vector name="head" x="-13" y="-45"/><vector name="lt" x="-48" y="-72"/><vector name="rb" x="70" y="2"/><int name="delay" value="90"/></canvas><canvas name="13" width="234" height="129"><vector name="origin" x="116" y="128"/><vector name="head" x="-13" y="-46"/><vector name="lt" x="-48" y="-72"/><vector name="rb" x="70" y="2"/><int name="delay" value="90"/></canvas><canvas name="14" width="254" height="132"><vector name="origin" x="126" y="131"/><vector name="head" x="-13" y="-47"/><vector name="lt" x="-48" y="-72"/><vector name="rb" x="70" y="2"/><int name="delay" value="90"/></canvas><canvas name="15" width="267" height="134"><vector name="origin" x="132" y="133"/><vector name="head" x="-13" y="-50"/><vector name="lt" x="-48" y="-76"/><vector name="rb" x="57" y="2"/><int name="delay" value="90"/></canvas><canvas name="16" width="256" height="134"><vector name="origin" x="136" y="134"/><vector name="head" x="-13" y="-50"/><vector name="lt" x="-48" y="-76"/><vector name="rb" x="57" y="2"/><int name="delay" value="90"/></canvas><canvas name="17" width="92" height="104"><vector name="origin" x="43" y="104"/><vector name="head" x="-13" y="-50"/><vector name="lt" x="-48" y="-76"/><vector name="rb" x="57" y="2"/><int name="delay" value="90"/></canvas><uol name="18" value="../stand/0"/><uol name="19" value="../stand/1"/><uol name="20" value="../stand/2"/><uol name="21" value="../stand/3"/><uol name="22" value="../stand/4"/><uol name="25" value="../stand/5"/></imgdir><imgdir name="skill1"><canvas name="0" width="103" height="110"><vector name="origin" x="48" y="108"/><vector name="head" x="-13" y="-51"/><vector name="lt" x="-43" y="-83"/><vector name="rb" x="49" y="0"/><int name="delay" value="120"/></canvas><canvas name="1" width="123" height="110"><vector name="origin" x="57" y="109"/><vector name="head" x="-13" y="-51"/><vector name="lt" x="-43" y="-83"/><vector name="rb" x="49" y="0"/><int name="delay" value="120"/></canvas><canvas name="2" width="131" height="98"><vector name="origin" x="60" y="96"/><vector name="head" x="-13" y="-45"/><vector name="lt" x="-43" y="-72"/><vector name="rb" x="49" y="0"/><int name="delay" value="120"/></canvas><canvas name="3" width="168" height="219"><vector name="origin" x="72" y="217"/><vector name="head" x="-12" y="-67"/><vector name="lt" x="-43" y="-90"/><vector name="rb" x="49" y="0"/><int name="delay" value="120"/></canvas><canvas name="4" width="175" height="219"><vector name="origin" x="85" y="217"/><vector name="head" x="-12" y="-71"/><vector name="lt" x="-43" y="-94"/><vector name="rb" x="49" y="-18"/><int name="delay" value="120"/></canvas><canvas name="5" width="190" height="220"><vector name="origin" x="93" y="217"/><vector name="head" x="-12" y="-75"/><vector name="lt" x="-43" y="-98"/><vector name="rb" x="49" y="-22"/><int name="delay" value="120"/></canvas><canvas name="6" width="175" height="217"><vector name="origin" x="85" y="215"/><vector name="head" x="-12" y="-78"/><vector name="lt" x="-43" y="-102"/><vector name="rb" x="49" y="-25"/><int name="delay" value="120"/></canvas><canvas name="7" width="176" height="151"><vector name="origin" x="80" y="150"/><vector name="head" x="-12" y="-78"/><vector name="lt" x="-43" y="-102"/><vector name="rb" x="49" y="-25"/><int name="delay" value="120"/></canvas><canvas name="8" width="159" height="144"><vector name="origin" x="82" y="143"/><vector name="head" x="-12" y="-78"/><vector name="lt" x="-43" y="-102"/><vector name="rb" x="49" y="-25"/><int name="delay" value="120"/></canvas><canvas name="9" width="121" height="139"><vector name="origin" x="52" y="139"/><vector name="head" x="-12" y="-81"/><vector name="lt" x="-43" y="-102"/><vector name="rb" x="49" y="-25"/><int name="delay" value="120"/></canvas><canvas name="10" width="107" height="115"><vector name="origin" x="50" y="115"/><vector name="head" x="-12" y="-58"/><vector name="lt" x="-39" y="-80"/><vector name="rb" x="49" y="-5"/><int name="delay" value="120"/></canvas><canvas name="11" width="96" height="104"><vector name="origin" x="44" y="104"/><vector name="head" x="-13" y="-51"/><vector name="lt" x="-43" y="-83"/><vector name="rb" x="49" y="0"/><int name="delay" value="120"/></canvas></imgdir><imgdir name="hit1"><canvas name="0" width="118" height="112"><vector name="origin" x="52" y="112"/><vector name="head" x="-9" y="-53"/><vector name="lt" x="-39" y="-77"/><vector name="rb" x="61" y="0"/><int name="delay" value="300"/></canvas></imgdir><imgdir name="die1"><canvas name="0" width="118" height="112"><vector name="origin" x="14" y="112"/><vector name="head" x="2" y="-75"/><int name="delay" value="120"/></canvas><canvas name="1" width="126" height="108"><vector name="origin" x="21" y="108"/><vector name="head" x="2" y="-75"/><int name="delay" value="120"/></canvas><canvas name="2" width="131" height="108"><vector name="origin" x="27" y="106"/><vector name="head" x="2" y="-75"/><int name="delay" value="120"/></canvas><canvas name="3" width="206" height="167"><vector name="origin" x="41" y="127"/><vector name="head" x="2" y="-75"/><int name="delay" value="120"/></canvas><canvas name="4" width="186" height="153"><vector name="origin" x="31" y="119"/><vector name="head" x="2" y="-75"/><int name="delay" value="120"/></canvas><canvas name="5" width="158" height="145"><vector name="origin" x="17" y="115"/><vector name="head" x="2" y="-75"/><int name="delay" value="120"/></canvas><canvas name="6" width="130" height="129"><vector name="origin" x="5" y="107"/><vector name="head" x="2" y="-75"/><int name="delay" value="120"/></canvas><canvas name="7" width="103" height="103"><vector name="origin" x="-8" y="94"/><vector name="head" x="2" y="-75"/><int name="delay" value="120"/></canvas><canvas name="8" width="95" height="94"><vector name="origin" x="-13" y="90"/><vector name="head" x="2" y="-75"/><int name="delay" value="120"/></canvas><canvas name="9" width="130" height="125"><vector name="origin" x="4" y="105"/><vector name="head" x="2" y="-75"/><int name="delay" value="120"/></canvas><canvas name="10" width="134" height="117"><vector name="origin" x="5" y="102"/><vector name="head" x="2" y="-75"/><int name="delay" value="120"/></canvas><canvas name="11" width="138" height="113"><vector name="origin" x="6" y="97"/><vector name="head" x="2" y="-75"/><int name="delay" value="120"/></canvas><canvas name="12" width="103" height="98"><vector name="origin" x="-9" y="92"/><vector name="head" x="2" y="-75"/><int name="delay" value="120"/></canvas><canvas name="13" width="58" height="67"><vector name="origin" x="-25" y="67"/><vector name="head" x="2" y="-75"/><int name="delay" value="120"/></canvas><canvas name="14" width="35" height="26"><vector name="origin" x="-42" y="26"/><vector name="head" x="2" y="-75"/><int name="delay" value="120"/></canvas><canvas name="15" width="34" height="26"><vector name="origin" x="-42" y="26"/><vector name="head" x="2" y="-75"/><int name="delay" value="120"/></canvas></imgdir></imgdir>