<?xml version="1.0" encoding="UTF-8" standalone="yes"?><imgdir name="8610000.img"><imgdir name="info"><int name="level" value="169"/><int name="bodyAttack" value="1"/><int name="maxHP" value="420000"/><int name="maxMP" value="18000"/><int name="speed" value="-30"/><int name="PDDamage" value="170"/><int name="PDRate" value="10"/><int name="MDDamage" value="210"/><int name="MDRate" value="10"/><int name="pushed" value="5500"/><float name="fs" value="10.0"/><int name="exp" value="15555"/><int name="summonType" value="1"/><int name="category" value="8"/><string name="mobType" value="4H"/><int name="MADamage" value="700"/><int name="eva" value="55"/><int name="acc" value="270"/><int name="PADamage" value="800"/></imgdir><imgdir name="regen"><canvas name="0" width="104" height="102"><vector name="origin" x="49" y="109"/><int name="delay" value="90"/></canvas><canvas name="1" width="126" height="125"><vector name="origin" x="59" y="120"/><int name="delay" value="90"/></canvas><canvas name="2" width="126" height="126"><vector name="origin" x="59" y="121"/><int name="delay" value="90"/></canvas><canvas name="3" width="100" height="102"><vector name="origin" x="46" y="110"/><int name="delay" value="90"/></canvas><canvas name="4" width="72" height="72"><vector name="origin" x="32" y="94"/><int name="delay" value="90"/></canvas><canvas name="5" width="94" height="97"><vector name="origin" x="43" y="102"/><int name="delay" value="90"/></canvas><canvas name="6" width="169" height="168"><vector name="origin" x="83" y="137"/><int name="delay" value="90"/></canvas><canvas name="7" width="143" height="142"><vector name="origin" x="71" y="125"/><int name="delay" value="90"/></canvas><canvas name="8" width="148" height="141"><vector name="origin" x="73" y="124"/><int name="delay" value="90"/></canvas><canvas name="9" width="153" height="134"><vector name="origin" x="74" y="121"/><int name="delay" value="90"/></canvas><canvas name="10" width="157" height="128"><vector name="origin" x="75" y="115"/><int name="delay" value="90"/></canvas><canvas name="11" width="117" height="111"><vector name="origin" x="58" y="109"/><int name="delay" value="90"/></canvas><canvas name="12" width="112" height="107"><vector name="origin" x="55" y="107"/><int name="delay" value="90"/></canvas><canvas name="13" width="52" height="55"><vector name="origin" x="24" y="90"/><int name="delay" value="90"/></canvas><canvas name="14" width="52" height="54"><vector name="origin" x="24" y="88"/><int name="delay" value="90"/></canvas></imgdir><imgdir name="stand"><canvas name="0" width="52" height="52"><vector name="origin" x="24" y="85"/><int name="delay" value="120"/><vector name="lt" x="-32" y="-105"/><vector name="rb" x="32" y="0"/><vector name="head" x="2" y="-79"/></canvas><canvas name="1" width="71" height="57"><vector name="origin" x="32" y="89"/><int name="delay" value="120"/><vector name="lt" x="-32" y="-105"/><vector name="rb" x="32" y="0"/><vector name="head" x="2" y="-79"/></canvas><canvas name="2" width="75" height="62"><vector name="origin" x="36" y="95"/><int name="delay" value="120"/><vector name="lt" x="-32" y="-105"/><vector name="rb" x="32" y="0"/><vector name="head" x="2" y="-79"/></canvas><canvas name="3" width="74" height="67"><vector name="origin" x="36" y="103"/><int name="delay" value="120"/><vector name="lt" x="-32" y="-105"/><vector name="rb" x="32" y="0"/><vector name="head" x="2" y="-79"/></canvas><canvas name="4" width="67" height="69"><vector name="origin" x="36" y="105"/><int name="delay" value="120"/><vector name="lt" x="-32" y="-105"/><vector name="rb" x="32" y="0"/><vector name="head" x="2" y="-79"/></canvas><canvas name="5" width="59" height="73"><vector name="origin" x="29" y="104"/><int name="delay" value="120"/><vector name="lt" x="-32" y="-105"/><vector name="rb" x="32" y="0"/><vector name="head" x="2" y="-79"/></canvas><canvas name="6" width="72" height="68"><vector name="origin" x="36" y="98"/><int name="delay" value="120"/><vector name="lt" x="-32" y="-105"/><vector name="rb" x="32" y="0"/><vector name="head" x="2" y="-79"/></canvas><canvas name="7" width="66" height="66"><vector name="origin" x="27" y="99"/><int name="delay" value="120"/><vector name="lt" x="-32" y="-105"/><vector name="rb" x="32" y="0"/></canvas><canvas name="8" width="52" height="63"><vector name="origin" x="24" y="96"/><int name="delay" value="120"/><vector name="lt" x="-32" y="-105"/><vector name="rb" x="32" y="0"/><vector name="head" x="2" y="-79"/></canvas><canvas name="9" width="71" height="63"><vector name="origin" x="32" y="95"/><int name="delay" value="120"/><vector name="lt" x="-32" y="-105"/><vector name="rb" x="32" y="0"/></canvas><canvas name="10" width="75" height="64"><vector name="origin" x="36" y="97"/><int name="delay" value="120"/><vector name="lt" x="-32" y="-105"/><vector name="rb" x="32" y="0"/><vector name="head" x="2" y="-79"/></canvas><canvas name="11" width="74" height="65"><vector name="origin" x="36" y="101"/><int name="delay" value="120"/><vector name="lt" x="-32" y="-105"/><vector name="rb" x="32" y="0"/><vector name="head" x="2" y="-79"/></canvas><canvas name="12" width="66" height="59"><vector name="origin" x="36" y="95"/><int name="delay" value="120"/><vector name="lt" x="-32" y="-105"/><vector name="rb" x="32" y="0"/><vector name="head" x="2" y="-79"/></canvas><canvas name="13" width="58" height="60"><vector name="origin" x="29" y="94"/><int name="delay" value="120"/><vector name="lt" x="-32" y="-105"/><vector name="rb" x="32" y="0"/><vector name="head" x="2" y="-79"/></canvas><canvas name="14" width="72" height="63"><vector name="origin" x="36" y="95"/><int name="delay" value="120"/><vector name="lt" x="-32" y="-105"/><vector name="rb" x="32" y="0"/><vector name="head" x="2" y="-79"/></canvas><canvas name="15" width="63" height="55"><vector name="origin" x="27" y="88"/><int name="delay" value="120"/><vector name="lt" x="-32" y="-105"/><vector name="rb" x="32" y="0"/><vector name="head" x="2" y="-79"/></canvas></imgdir><imgdir name="move"><canvas name="0" width="52" height="52"><vector name="origin" x="24" y="85"/><int name="delay" value="120"/><vector name="lt" x="-32" y="-105"/><vector name="rb" x="32" y="0"/><vector name="head" x="2" y="-79"/></canvas><canvas name="1" width="71" height="57"><vector name="origin" x="32" y="89"/><int name="delay" value="120"/><vector name="lt" x="-32" y="-105"/><vector name="rb" x="32" y="0"/><vector name="head" x="2" y="-79"/></canvas><canvas name="2" width="75" height="62"><vector name="origin" x="36" y="95"/><int name="delay" value="120"/><vector name="lt" x="-32" y="-105"/><vector name="rb" x="32" y="0"/><vector name="head" x="2" y="-79"/></canvas><canvas name="3" width="74" height="67"><vector name="origin" x="36" y="103"/><int name="delay" value="120"/><vector name="lt" x="-32" y="-105"/><vector name="rb" x="32" y="0"/><vector name="head" x="2" y="-79"/></canvas><canvas name="4" width="67" height="69"><vector name="origin" x="36" y="105"/><int name="delay" value="120"/><vector name="lt" x="-32" y="-105"/><vector name="rb" x="32" y="0"/><vector name="head" x="2" y="-79"/></canvas><canvas name="5" width="59" height="73"><vector name="origin" x="29" y="104"/><int name="delay" value="120"/><vector name="lt" x="-32" y="-105"/><vector name="rb" x="32" y="0"/><vector name="head" x="2" y="-79"/></canvas><canvas name="6" width="72" height="68"><vector name="origin" x="36" y="98"/><int name="delay" value="120"/><vector name="lt" x="-32" y="-105"/><vector name="rb" x="32" y="0"/><vector name="head" x="2" y="-79"/></canvas><canvas name="7" width="66" height="66"><vector name="origin" x="27" y="99"/><int name="delay" value="120"/><vector name="lt" x="-32" y="-105"/><vector name="rb" x="32" y="0"/><vector name="head" x="2" y="-79"/></canvas><canvas name="8" width="52" height="63"><vector name="origin" x="24" y="96"/><int name="delay" value="120"/><vector name="lt" x="-32" y="-105"/><vector name="rb" x="32" y="0"/><vector name="head" x="2" y="-79"/></canvas><canvas name="9" width="71" height="63"><vector name="origin" x="32" y="95"/><int name="delay" value="120"/><vector name="lt" x="-32" y="-105"/><vector name="rb" x="32" y="0"/><vector name="head" x="2" y="-79"/></canvas><canvas name="10" width="75" height="64"><vector name="origin" x="36" y="97"/><int name="delay" value="120"/><vector name="lt" x="-32" y="-105"/><vector name="rb" x="32" y="0"/><vector name="head" x="2" y="-79"/></canvas><canvas name="11" width="74" height="65"><vector name="origin" x="36" y="101"/><int name="delay" value="120"/><vector name="lt" x="-32" y="-105"/><vector name="rb" x="32" y="0"/><vector name="head" x="2" y="-79"/></canvas><canvas name="12" width="66" height="59"><vector name="origin" x="36" y="95"/><int name="delay" value="120"/><vector name="lt" x="-32" y="-105"/><vector name="rb" x="32" y="0"/><vector name="head" x="2" y="-79"/></canvas><canvas name="13" width="58" height="60"><vector name="origin" x="29" y="94"/><int name="delay" value="120"/><vector name="lt" x="-32" y="-105"/><vector name="rb" x="32" y="0"/><vector name="head" x="2" y="-79"/></canvas><canvas name="14" width="72" height="63"><vector name="origin" x="36" y="95"/><int name="delay" value="120"/><vector name="lt" x="-32" y="-105"/><vector name="rb" x="32" y="0"/><vector name="head" x="2" y="-79"/></canvas><canvas name="15" width="63" height="55"><vector name="origin" x="27" y="88"/><int name="delay" value="120"/><vector name="lt" x="-32" y="-105"/><vector name="rb" x="32" y="0"/><vector name="head" x="2" y="-79"/></canvas></imgdir><imgdir name="attack1"><imgdir name="info"><imgdir name="hit"><canvas name="0" width="156" height="156"><vector name="origin" x="78" y="80"/><int name="delay" value="60"/></canvas><canvas name="1" width="150" height="150"><vector name="origin" x="75" y="77"/><int name="delay" value="60"/></canvas><canvas name="2" width="149" height="148"><vector name="origin" x="74" y="76"/><int name="delay" value="60"/></canvas><canvas name="3" width="129" height="128"><vector name="origin" x="64" y="66"/><int name="delay" value="60"/></canvas><canvas name="4" width="102" height="123"><vector name="origin" x="50" y="75"/><int name="delay" value="60"/></canvas><canvas name="5" width="103" height="97"><vector name="origin" x="57" y="57"/><int name="delay" value="60"/></canvas><canvas name="6" width="101" height="98"><vector name="origin" x="56" y="57"/><int name="delay" value="60"/></canvas><canvas name="7" width="104" height="101"><vector name="origin" x="55" y="55"/><int name="delay" value="60"/></canvas><canvas name="8" width="109" height="97"><vector name="origin" x="52" y="53"/><int name="delay" value="60"/></canvas><canvas name="9" width="118" height="98"><vector name="origin" x="55" y="53"/><int name="delay" value="60"/></canvas><int name="pos" value="2"/></imgdir><int name="attackAfter" value="450"/><imgdir name="range"><vector name="sp" x="-14" y="-29"/><int name="r" value="250"/></imgdir><int name="type" value="1"/></imgdir><canvas name="0" width="54" height="52"><vector name="origin" x="26" y="85"/><int name="delay" value="90"/><vector name="lt" x="-32" y="-105"/><vector name="rb" x="32" y="0"/><vector name="head" x="2" y="-79"/></canvas><canvas name="1" width="60" height="54"><vector name="origin" x="32" y="86"/><int name="delay" value="90"/><vector name="lt" x="-32" y="-105"/><vector name="rb" x="32" y="0"/><vector name="head" x="2" y="-79"/></canvas><canvas name="2" width="54" height="65"><vector name="origin" x="27" y="93"/><int name="delay" value="90"/><vector name="lt" x="-32" y="-105"/><vector name="rb" x="32" y="0"/><vector name="head" x="2" y="-79"/></canvas><canvas name="3" width="55" height="73"><vector name="origin" x="24" y="105"/><int name="delay" value="90"/><vector name="lt" x="-32" y="-105"/><vector name="rb" x="32" y="0"/><vector name="head" x="2" y="-79"/></canvas><canvas name="4" width="56" height="79"><vector name="origin" x="25" y="112"/><int name="delay" value="90"/><vector name="lt" x="-32" y="-105"/><vector name="rb" x="32" y="0"/><vector name="head" x="2" y="-79"/></canvas><canvas name="5" width="58" height="73"><vector name="origin" x="28" y="106"/><int name="delay" value="90"/><vector name="lt" x="-32" y="-105"/><vector name="rb" x="32" y="0"/><vector name="head" x="2" y="-79"/></canvas><canvas name="6" width="55" height="76"><vector name="origin" x="27" y="98"/><int name="delay" value="90"/><vector name="lt" x="-32" y="-105"/><vector name="rb" x="32" y="0"/><vector name="head" x="2" y="-79"/></canvas><canvas name="7" width="55" height="77"><vector name="origin" x="27" y="99"/><int name="delay" value="90"/><vector name="lt" x="-32" y="-105"/><vector name="rb" x="32" y="0"/><vector name="head" x="2" y="-79"/></canvas><canvas name="8" width="58" height="75"><vector name="origin" x="30" y="96"/><int name="delay" value="90"/><vector name="lt" x="-32" y="-105"/><vector name="rb" x="32" y="0"/><vector name="head" x="2" y="-79"/></canvas><canvas name="9" width="71" height="67"><vector name="origin" x="32" y="95"/><int name="delay" value="90"/><vector name="lt" x="-32" y="-105"/><vector name="rb" x="32" y="0"/><vector name="head" x="2" y="-79"/></canvas><canvas name="10" width="75" height="64"><vector name="origin" x="36" y="97"/><int name="delay" value="90"/><vector name="lt" x="-32" y="-105"/><vector name="rb" x="32" y="0"/><vector name="head" x="2" y="-79"/></canvas><canvas name="11" width="74" height="65"><vector name="origin" x="36" y="101"/><int name="delay" value="90"/><vector name="lt" x="-32" y="-105"/><vector name="rb" x="32" y="0"/><vector name="head" x="2" y="-79"/></canvas><canvas name="12" width="66" height="59"><vector name="origin" x="36" y="95"/><int name="delay" value="90"/><vector name="lt" x="-32" y="-105"/><vector name="rb" x="32" y="0"/><vector name="head" x="2" y="-79"/></canvas><canvas name="13" width="58" height="60"><vector name="origin" x="29" y="94"/><int name="delay" value="90"/><vector name="lt" x="-32" y="-105"/><vector name="rb" x="32" y="0"/><vector name="head" x="2" y="-79"/></canvas><canvas name="14" width="72" height="63"><vector name="origin" x="36" y="95"/><int name="delay" value="90"/><vector name="lt" x="-32" y="-105"/><vector name="rb" x="32" y="0"/><vector name="head" x="2" y="-79"/></canvas><canvas name="15" width="63" height="55"><vector name="origin" x="27" y="88"/><int name="delay" value="90"/><vector name="lt" x="-32" y="-105"/><vector name="rb" x="32" y="0"/><vector name="head" x="2" y="-79"/></canvas><uol name="16" value="../stand/0"/><uol name="17" value="../stand/1"/><uol name="18" value="../stand/2"/><uol name="19" value="../stand/3"/><uol name="20" value="../stand/4"/><uol name="21" value="../stand/5"/><uol name="22" value="../stand/6"/><uol name="23" value="../stand/7"/><uol name="24" value="../stand/8"/><uol name="25" value="../stand/9"/><uol name="26" value="../stand/10"/><uol name="27" value="../stand/11"/><uol name="28" value="../stand/12"/><uol name="29" value="../stand/13"/><uol name="30" value="../stand/14"/><uol name="31" value="../stand/15"/></imgdir><imgdir name="attack2"><imgdir name="info"><imgdir name="hit"><canvas name="0" width="251" height="203"><vector name="origin" x="127" y="231"/><int name="z" value="0"/></canvas><canvas name="1" width="272" height="198"><vector name="origin" x="139" y="237"/><int name="z" value="0"/></canvas><canvas name="2" width="282" height="183"><vector name="origin" x="145" y="225"/><int name="z" value="0"/></canvas><canvas name="3" width="279" height="178"><vector name="origin" x="141" y="168"/><int name="z" value="0"/></canvas><canvas name="4" width="211" height="161"><vector name="origin" x="83" y="153"/><int name="z" value="0"/></canvas><canvas name="5" width="147" height="129"><vector name="origin" x="71" y="121"/><int name="z" value="0"/></canvas><canvas name="6" width="157" height="113"><vector name="origin" x="74" y="105"/><int name="z" value="0"/></canvas><canvas name="7" width="164" height="103"><vector name="origin" x="77" y="95"/><int name="z" value="0"/></canvas><canvas name="8" width="164" height="102"><vector name="origin" x="83" y="94"/><int name="z" value="0"/></canvas><canvas name="9" width="175" height="101"><vector name="origin" x="89" y="93"/><int name="z" value="0"/></canvas><canvas name="10" width="180" height="96"><vector name="origin" x="92" y="89"/><int name="z" value="0"/></canvas><canvas name="11" width="153" height="61"><vector name="origin" x="94" y="54"/><int name="z" value="0"/></canvas><canvas name="12" width="39" height="46"><vector name="origin" x="-17" y="39"/><int name="z" value="0"/></canvas><int name="attach" value="1"/></imgdir><int name="attackAfter" value="450"/><imgdir name="effect"><canvas name="0" width="111" height="111"><vector name="origin" x="55" y="120"/><int name="z" value="0"/></canvas><canvas name="1" width="123" height="119"><vector name="origin" x="61" y="124"/><int name="z" value="0"/></canvas><canvas name="2" width="123" height="116"><vector name="origin" x="61" y="123"/><int name="z" value="0"/></canvas><canvas name="3" width="124" height="120"><vector name="origin" x="62" y="125"/><int name="z" value="0"/></canvas><canvas name="4" width="121" height="117"><vector name="origin" x="60" y="123"/><int name="z" value="0"/></canvas></imgdir><imgdir name="range"><vector name="sp" x="-14" y="-29"/><int name="r" value="300"/></imgdir><int name="type" value="1"/></imgdir><canvas name="0" width="54" height="52"><vector name="origin" x="26" y="85"/><int name="delay" value="90"/><vector name="lt" x="-32" y="-105"/><vector name="rb" x="32" y="0"/><vector name="head" x="2" y="-79"/></canvas><canvas name="1" width="60" height="54"><vector name="origin" x="32" y="86"/><int name="delay" value="90"/><vector name="lt" x="-32" y="-105"/><vector name="rb" x="32" y="0"/><vector name="head" x="2" y="-79"/></canvas><canvas name="2" width="54" height="65"><vector name="origin" x="27" y="93"/><int name="delay" value="90"/><vector name="lt" x="-32" y="-105"/><vector name="rb" x="32" y="0"/><vector name="head" x="2" y="-79"/></canvas><canvas name="3" width="55" height="73"><vector name="origin" x="24" y="105"/><int name="delay" value="90"/><vector name="lt" x="-32" y="-105"/><vector name="rb" x="32" y="0"/><vector name="head" x="2" y="-79"/></canvas><canvas name="4" width="56" height="79"><vector name="origin" x="25" y="112"/><int name="delay" value="90"/><vector name="lt" x="-32" y="-105"/><vector name="rb" x="32" y="0"/><vector name="head" x="2" y="-79"/></canvas><canvas name="5" width="58" height="73"><vector name="origin" x="28" y="106"/><int name="delay" value="90"/><vector name="lt" x="-32" y="-105"/><vector name="rb" x="32" y="0"/><vector name="head" x="2" y="-79"/></canvas><canvas name="6" width="55" height="76"><vector name="origin" x="27" y="98"/><int name="delay" value="90"/><vector name="lt" x="-32" y="-105"/><vector name="rb" x="32" y="0"/><vector name="head" x="2" y="-79"/></canvas><canvas name="7" width="55" height="77"><vector name="origin" x="27" y="99"/><int name="delay" value="90"/><vector name="lt" x="-32" y="-105"/><vector name="rb" x="32" y="0"/><vector name="head" x="2" y="-79"/></canvas><canvas name="8" width="58" height="75"><vector name="origin" x="30" y="96"/><int name="delay" value="90"/><vector name="lt" x="-32" y="-105"/><vector name="rb" x="32" y="0"/><vector name="head" x="2" y="-79"/></canvas><canvas name="9" width="71" height="67"><vector name="origin" x="32" y="95"/><int name="delay" value="90"/><vector name="lt" x="-32" y="-105"/><vector name="rb" x="32" y="0"/><vector name="head" x="2" y="-79"/></canvas><canvas name="10" width="75" height="64"><vector name="origin" x="36" y="97"/><int name="delay" value="90"/><vector name="lt" x="-32" y="-105"/><vector name="rb" x="32" y="0"/><vector name="head" x="2" y="-79"/></canvas><canvas name="11" width="74" height="65"><vector name="origin" x="36" y="101"/><int name="delay" value="90"/><vector name="lt" x="-32" y="-105"/><vector name="rb" x="32" y="0"/><vector name="head" x="2" y="-79"/></canvas><canvas name="12" width="66" height="59"><vector name="origin" x="36" y="95"/><int name="delay" value="90"/><vector name="lt" x="-32" y="-105"/><vector name="rb" x="32" y="0"/><vector name="head" x="2" y="-79"/></canvas><canvas name="13" width="58" height="60"><vector name="origin" x="29" y="94"/><int name="delay" value="90"/><vector name="lt" x="-32" y="-105"/><vector name="rb" x="32" y="0"/><vector name="head" x="2" y="-79"/></canvas><canvas name="14" width="72" height="63"><vector name="origin" x="36" y="95"/><int name="delay" value="90"/><vector name="lt" x="-32" y="-105"/><vector name="rb" x="32" y="0"/><vector name="head" x="2" y="-79"/></canvas><canvas name="15" width="63" height="55"><vector name="origin" x="27" y="88"/><int name="delay" value="90"/><vector name="lt" x="-32" y="-105"/><vector name="rb" x="32" y="0"/><vector name="head" x="2" y="-79"/></canvas><uol name="16" value="../stand/0"/><uol name="17" value="../stand/1"/><uol name="18" value="../stand/2"/><uol name="19" value="../stand/3"/><uol name="20" value="../stand/4"/><uol name="21" value="../stand/5"/><uol name="22" value="../stand/6"/><uol name="23" value="../stand/7"/><uol name="24" value="../stand/8"/><uol name="25" value="../stand/9"/><uol name="26" value="../stand/10"/><uol name="27" value="../stand/11"/><uol name="28" value="../stand/12"/><uol name="29" value="../stand/13"/><uol name="30" value="../stand/14"/><uol name="31" value="../stand/15"/></imgdir><imgdir name="die1"><canvas name="0" width="52" height="52"><vector name="origin" x="24" y="85"/><int name="delay" value="150"/></canvas><canvas name="1" width="71" height="56"><vector name="origin" x="32" y="86"/><int name="delay" value="150"/></canvas><canvas name="2" width="75" height="54"><vector name="origin" x="36" y="85"/><int name="delay" value="150"/></canvas><canvas name="3" width="32" height="122"><vector name="origin" x="14" y="119"/><int name="delay" value="150"/></canvas><canvas name="4" width="14" height="95"><vector name="origin" x="5" y="106"/><int name="delay" value="150"/></canvas><canvas name="5" width="1" height="44"><vector name="origin" x="-1" y="81"/><int name="delay" value="150"/></canvas></imgdir><imgdir name="hit1"><canvas name="0" width="71" height="56"><vector name="origin" x="29" y="88"/><int name="delay" value="350"/><vector name="lt" x="-32" y="-105"/><vector name="rb" x="32" y="0"/><vector name="head" x="2" y="-79"/></canvas></imgdir></imgdir>