<?xml version="1.0" encoding="UTF-8" standalone="yes"?><imgdir name="0100124.img"><imgdir name="info"><int name="bodyAttack" value="1"/><int name="level" value="9"/><int name="maxHP" value="100"/><int name="maxMP" value="0"/><int name="speed" value="-30"/><int name="PADamage" value="50"/><int name="PDDamage" value="10"/><int name="MADamage" value="0"/><int name="MDDamage" value="15"/><int name="acc" value="40"/><int name="eva" value="1"/><int name="exp" value="19"/><int name="undead" value="0"/><int name="pushed" value="1"/><float name="fs" value="10.0"/><int name="summonType" value="1"/><int name="category" value="1"/></imgdir><imgdir name="move"><canvas name="0" width="56" height="79"><vector name="origin" x="25" y="79"/><vector name="lt" x="-25" y="-79"/><vector name="rb" x="32" y="0"/><vector name="head" x="-10" y="-61"/><int name="delay" value="150"/></canvas><canvas name="1" width="59" height="86"><vector name="origin" x="26" y="91"/><vector name="lt" x="-26" y="-91"/><vector name="rb" x="33" y="-5"/><vector name="head" x="-11" y="-73"/><int name="delay" value="150"/></canvas><canvas name="2" width="61" height="84"><vector name="origin" x="27" y="91"/><vector name="lt" x="-27" y="-91"/><vector name="rb" x="34" y="-7"/><vector name="head" x="-12" y="-73"/><int name="delay" value="150"/></canvas><canvas name="3" width="56" height="79"><vector name="origin" x="25" y="79"/><vector name="lt" x="-25" y="-79"/><vector name="rb" x="31" y="0"/><vector name="head" x="-10" y="-61"/><int name="delay" value="150"/></canvas><canvas name="4" width="59" height="86"><vector name="origin" x="24" y="91"/><vector name="lt" x="-24" y="-91"/><vector name="rb" x="35" y="-5"/><vector name="head" x="-9" y="-73"/><int name="delay" value="150"/></canvas><canvas name="5" width="61" height="84"><vector name="origin" x="23" y="91"/><vector name="lt" x="-23" y="-91"/><vector name="rb" x="38" y="-7"/><vector name="head" x="-8" y="-73"/><int name="delay" value="150"/></canvas></imgdir><imgdir name="stand"><canvas name="0" width="57" height="79"><vector name="origin" x="25" y="79"/><vector name="lt" x="-25" y="-79"/><vector name="rb" x="32" y="0"/><vector name="head" x="-10" y="-61"/><int name="delay" value="150"/></canvas><canvas name="1" width="59" height="80"><vector name="origin" x="25" y="80"/><vector name="lt" x="-25" y="-80"/><vector name="rb" x="34" y="0"/><vector name="head" x="-10" y="-62"/><int name="delay" value="150"/></canvas><canvas name="2" width="60" height="81"><vector name="origin" x="25" y="81"/><vector name="lt" x="-25" y="-81"/><vector name="rb" x="35" y="0"/><vector name="head" x="-10" y="-63"/><int name="delay" value="150"/></canvas><canvas name="3" width="60" height="82"><vector name="origin" x="25" y="82"/><vector name="lt" x="-25" y="-82"/><vector name="rb" x="35" y="0"/><vector name="head" x="-10" y="-64"/><int name="delay" value="150"/></canvas><canvas name="4" width="59" height="81"><vector name="origin" x="25" y="81"/><vector name="lt" x="-25" y="-81"/><vector name="rb" x="34" y="0"/><vector name="head" x="-10" y="-63"/><int name="delay" value="150"/></canvas><canvas name="5" width="58" height="80"><vector name="origin" x="25" y="80"/><vector name="lt" x="-25" y="-81"/><vector name="rb" x="33" y="0"/><vector name="head" x="-10" y="-63"/><int name="delay" value="150"/></canvas></imgdir><imgdir name="hit1"><canvas name="0" width="69" height="84"><vector name="origin" x="25" y="84"/><vector name="lt" x="-25" y="-84"/><vector name="rb" x="44" y="0"/><vector name="head" x="-10" y="-60"/><int name="delay" value="600"/></canvas></imgdir><imgdir name="die1"><canvas name="0" width="69" height="84"><vector name="origin" x="25" y="84"/><vector name="head" x="12" y="-57"/><int name="delay" value="150"/></canvas><canvas name="1" width="72" height="93"><vector name="origin" x="7" y="93"/><vector name="head" x="18" y="-57"/><int name="delay" value="150"/></canvas><canvas name="2" width="78" height="91"><vector name="origin" x="13" y="91"/><vector name="head" x="21" y="-56"/><int name="delay" value="150"/></canvas><canvas name="3" width="82" height="80"><vector name="origin" x="14" y="80"/><vector name="head" x="24" y="-53"/><int name="delay" value="150"/></canvas><canvas name="4" width="57" height="75"><vector name="origin" x="-8" y="75"/><vector name="head" x="23" y="-51"/><int name="delay" value="150"/></canvas><canvas name="5" width="58" height="77"><vector name="origin" x="-9" y="77"/><int name="delay" value="150"/></canvas><canvas name="6" width="42" height="17"><vector name="origin" x="-21" y="68"/><int name="delay" value="150"/></canvas><canvas name="7" width="35" height="25"><vector name="origin" x="-18" y="75"/><int name="delay" value="150"/></canvas><canvas name="8" width="42" height="17"><vector name="origin" x="-21" y="64"/><int name="delay" value="150"/></canvas><canvas name="9" width="40" height="24"><vector name="origin" x="-27" y="66"/><int name="delay" value="150"/></canvas><canvas name="10" width="42" height="17"><vector name="origin" x="-21" y="56"/><int name="delay" value="150"/></canvas><canvas name="11" width="35" height="25"><vector name="origin" x="-18" y="61"/><int name="delay" value="150"/></canvas></imgdir></imgdir>