<?xml version="1.0" encoding="UTF-8" standalone="yes"?><imgdir name="0100120.img"><imgdir name="info"><int name="bodyAttack" value="1"/><int name="level" value="1"/><int name="maxHP" value="9"/><int name="maxMP" value="0"/><int name="speed" value="-40"/><int name="PADamage" value="17"/><int name="PDDamage" value="0"/><int name="MADamage" value="0"/><int name="MDDamage" value="0"/><int name="acc" value="20"/><int name="eva" value="0"/><int name="exp" value="4"/><int name="undead" value="0"/><int name="pushed" value="1"/><float name="fs" value="10.0"/><int name="summonType" value="1"/><int name="category" value="1"/></imgdir><imgdir name="move"><canvas name="0" width="33" height="34"><vector name="origin" x="13" y="34"/><vector name="lt" x="-13" y="-34"/><vector name="rb" x="20" y="0"/><vector name="head" x="-3" y="-30"/></canvas><canvas name="1" width="33" height="34"><vector name="origin" x="13" y="34"/><vector name="lt" x="-13" y="-34"/><vector name="rb" x="20" y="0"/><vector name="head" x="-3" y="-29"/><int name="delay" value="150"/></canvas><canvas name="2" width="35" height="34"><vector name="origin" x="14" y="34"/><vector name="lt" x="-14" y="-34"/><vector name="rb" x="21" y="0"/><vector name="head" x="-4" y="-28"/><int name="delay" value="150"/></canvas><canvas name="3" width="31" height="32"><vector name="origin" x="12" y="38"/><vector name="lt" x="-12" y="-38"/><vector name="rb" x="19" y="-6"/><vector name="head" x="-5" y="-37"/><int name="delay" value="150"/></canvas><canvas name="4" width="33" height="30"><vector name="origin" x="13" y="40"/><vector name="lt" x="-13" y="-40"/><vector name="rb" x="20" y="-10"/><vector name="head" x="-5" y="-39"/><int name="delay" value="150"/></canvas><canvas name="5" width="33" height="35"><vector name="origin" x="13" y="39"/><vector name="lt" x="-13" y="-39"/><vector name="rb" x="20" y="-4"/><vector name="head" x="-4" y="-34"/><int name="delay" value="150"/></canvas></imgdir><imgdir name="stand"><canvas name="0" width="33" height="34"><vector name="origin" x="13" y="34"/><vector name="lt" x="-13" y="-34"/><vector name="rb" x="20" y="0"/><vector name="head" x="-3" y="-31"/><int name="delay" value="210"/></canvas><canvas name="1" width="33" height="34"><vector name="origin" x="13" y="34"/><vector name="lt" x="-13" y="-34"/><vector name="rb" x="20" y="0"/><vector name="head" x="-4" y="-29"/><int name="delay" value="210"/></canvas><canvas name="2" width="33" height="34"><vector name="origin" x="13" y="34"/><vector name="lt" x="-13" y="-34"/><vector name="rb" x="20" y="0"/><vector name="head" x="-4" y="-29"/><int name="delay" value="210"/></canvas><canvas name="3" width="33" height="34"><vector name="origin" x="13" y="34"/><vector name="lt" x="-13" y="-34"/><vector name="rb" x="20" y="0"/><vector name="head" x="-3" y="-29"/><int name="delay" value="210"/></canvas></imgdir><imgdir name="hit1"><canvas name="0" width="44" height="36"><vector name="origin" x="13" y="36"/><vector name="lt" x="-13" y="-36"/><vector name="rb" x="31" y="0"/><vector name="head" x="-4" y="-32"/><int name="delay" value="600"/></canvas></imgdir><imgdir name="die1"><canvas name="0" width="57" height="36"><vector name="origin" x="26" y="36"/><vector name="head" x="-4" y="-32"/><int name="delay" value="120"/></canvas><canvas name="1" width="60" height="33"><vector name="origin" x="11" y="33"/><vector name="head" x="0" y="-30"/><int name="delay" value="120"/></canvas><canvas name="2" width="59" height="33"><vector name="origin" x="12" y="32"/><vector name="head" x="5" y="-30"/><int name="delay" value="120"/></canvas><canvas name="3" width="33" height="30"><vector name="origin" x="-16" y="30"/><vector name="head" x="6" y="-30"/><int name="delay" value="120"/></canvas><canvas name="4" width="33" height="30"><vector name="origin" x="-17" y="30"/><int name="delay" value="120"/></canvas><canvas name="5" width="12" height="8"><vector name="origin" x="-29" y="27"/><int name="delay" value="120"/></canvas><canvas name="6" width="14" height="5"><vector name="origin" x="-22" y="22"/><int name="delay" value="120"/></canvas><canvas name="7" width="12" height="8"><vector name="origin" x="-19" y="24"/><int name="delay" value="120"/></canvas><canvas name="8" width="10" height="9"><vector name="origin" x="-15" y="25"/><int name="delay" value="120"/></canvas><canvas name="9" width="12" height="8"><vector name="origin" x="-18" y="21"/><int name="delay" value="120"/></canvas><canvas name="10" width="14" height="5"><vector name="origin" x="-22" y="16"/><int name="delay" value="120"/></canvas><canvas name="11" width="12" height="8"><vector name="origin" x="-28" y="18"/><int name="delay" value="120"/></canvas><canvas name="12" width="10" height="9"><vector name="origin" x="-34" y="19"/><int name="delay" value="120"/></canvas></imgdir></imgdir>