<?xml version="1.0" encoding="UTF-8" standalone="yes"?><imgdir name="0100121.img"><imgdir name="info"><int name="bodyAttack" value="1"/><int name="level" value="3"/><int name="maxHP" value="25"/><int name="maxMP" value="0"/><int name="speed" value="-35"/><int name="PADamage" value="22"/><int name="PDDamage" value="0"/><int name="MADamage" value="0"/><int name="MDDamage" value="0"/><int name="acc" value="30"/><int name="eva" value="0"/><int name="exp" value="7"/><int name="undead" value="0"/><int name="pushed" value="1"/><float name="fs" value="10.0"/><int name="summonType" value="1"/><int name="category" value="1"/></imgdir><imgdir name="move"><canvas name="0" width="44" height="51"><vector name="origin" x="19" y="51"/><vector name="lt" x="-19" y="-51"/><vector name="rb" x="25" y="0"/><vector name="head" x="-6" y="-46"/><int name="delay" value="150"/></canvas><canvas name="1" width="44" height="50"><vector name="origin" x="19" y="50"/><vector name="lt" x="-19" y="-50"/><vector name="rb" x="25" y="0"/><vector name="head" x="-6" y="-44"/><int name="delay" value="150"/></canvas><canvas name="2" width="44" height="49"><vector name="origin" x="19" y="54"/><vector name="lt" x="-19" y="-54"/><vector name="rb" x="25" y="-5"/><vector name="head" x="-7" y="-54"/><int name="delay" value="150"/></canvas><canvas name="3" width="44" height="48"><vector name="origin" x="19" y="55"/><vector name="lt" x="-19" y="-55"/><vector name="rb" x="25" y="-7"/><vector name="head" x="-7" y="-55"/><int name="delay" value="150"/></canvas><canvas name="4" width="44" height="52"><vector name="origin" x="19" y="56"/><vector name="lt" x="-19" y="-56"/><vector name="rb" x="25" y="-4"/><vector name="head" x="-5" y="-52"/><int name="delay" value="150"/></canvas></imgdir><imgdir name="stand"><canvas name="0" width="44" height="51"><vector name="origin" x="19" y="51"/><vector name="lt" x="-19" y="-51"/><vector name="rb" x="25" y="0"/><vector name="head" x="-6" y="-46"/><int name="delay" value="240"/></canvas><canvas name="1" width="44" height="50"><vector name="origin" x="19" y="50"/><vector name="lt" x="-19" y="-50"/><vector name="rb" x="25" y="0"/><vector name="head" x="-5" y="-46"/><int name="delay" value="240"/></canvas><canvas name="2" width="44" height="51"><vector name="origin" x="19" y="51"/><vector name="lt" x="-19" y="-51"/><vector name="rb" x="25" y="0"/><vector name="head" x="-6" y="-46"/><int name="delay" value="240"/></canvas><canvas name="3" width="44" height="51"><vector name="origin" x="19" y="51"/><vector name="lt" x="-19" y="-51"/><vector name="rb" x="25" y="0"/><vector name="head" x="-5" y="-46"/><int name="delay" value="240"/></canvas></imgdir><imgdir name="hit1"><canvas name="0" width="54" height="57"><vector name="origin" x="19" y="57"/><vector name="lt" x="-19" y="-57"/><vector name="rb" x="34" y="0"/><vector name="head" x="-7" y="-48"/><int name="delay" value="600"/></canvas></imgdir><imgdir name="die1"><canvas name="0" width="65" height="57"><vector name="origin" x="30" y="57"/><vector name="head" x="-7" y="-48"/><int name="delay" value="120"/></canvas><canvas name="1" width="72" height="50"><vector name="origin" x="33" y="50"/><vector name="head" x="2" y="-47"/><int name="delay" value="120"/></canvas><canvas name="2" width="75" height="49"><vector name="origin" x="34" y="49"/><vector name="head" x="9" y="-48"/><int name="delay" value="120"/></canvas><canvas name="3" width="44" height="48"><vector name="origin" x="4" y="48"/><vector name="head" x="9" y="-47"/><int name="delay" value="120"/></canvas><canvas name="4" width="44" height="46"><vector name="origin" x="3" y="46"/><vector name="head" x="10" y="-45"/><int name="delay" value="120"/></canvas><canvas name="5" width="12" height="10"><vector name="origin" x="-12" y="46"/><int name="delay" value="120"/></canvas><canvas name="6" width="14" height="7"><vector name="origin" x="-5" y="41"/><int name="delay" value="120"/></canvas><canvas name="7" width="15" height="7"><vector name="origin" x="1" y="39"/><int name="delay" value="120"/></canvas><canvas name="8" width="14" height="7"><vector name="origin" x="6" y="38"/><int name="delay" value="120"/></canvas><canvas name="9" width="12" height="10"><vector name="origin" x="13" y="41"/><int name="delay" value="120"/></canvas><canvas name="10" width="14" height="7"><vector name="origin" x="6" y="34"/><int name="delay" value="120"/></canvas><canvas name="11" width="15" height="7"><vector name="origin" x="1" y="32"/><int name="delay" value="120"/></canvas><canvas name="12" width="14" height="7"><vector name="origin" x="-7" y="31"/><int name="delay" value="120"/></canvas><canvas name="13" width="12" height="10"><vector name="origin" x="-15" y="33"/><int name="delay" value="120"/></canvas><canvas name="14" width="14" height="7"><vector name="origin" x="-7" y="26"/><int name="delay" value="120"/></canvas><canvas name="15" width="15" height="7"><vector name="origin" x="1" y="23"/><int name="delay" value="120"/></canvas></imgdir></imgdir>