<?xml version="1.0" encoding="UTF-8" standalone="yes"?><imgdir name="0210100.img"><imgdir name="info"><int name="bodyAttack" value="1"/><int name="level" value="6"/><int name="maxHP" value="50"/><int name="maxMP" value="35"/><int name="speed" value="-20"/><int name="PADamage" value="32"/><int name="PDDamage" value="5"/><int name="MADamage" value="0"/><int name="MDDamage" value="10"/><int name="acc" value="35"/><int name="eva" value="1"/><int name="exp" value="10"/><int name="undead" value="0"/><int name="pushed" value="1"/><string name="elemAttr" value="L3"/><float name="fs" value="10.0"/><int name="summonType" value="1"/><int name="category" value="8"/></imgdir><imgdir name="move"><canvas name="0" width="70" height="51"><vector name="origin" x="29" y="51"/><vector name="lt" x="-29" y="-41"/><vector name="rb" x="26" y="0"/><string name="delay" value="200"/><vector name="head" x="-4" y="-41"/></canvas><canvas name="1" width="62" height="53"><vector name="origin" x="31" y="53"/><vector name="lt" x="-31" y="-40"/><vector name="rb" x="26" y="0"/><string name="delay" value="50"/><vector name="head" x="-8" y="-40"/></canvas><canvas name="2" width="54" height="61"><vector name="origin" x="27" y="71"/><vector name="lt" x="-27" y="-66"/><vector name="rb" x="19" y="-16"/><string name="delay" value="150"/><vector name="head" x="-4" y="-66"/></canvas><canvas name="3" width="63" height="67"><vector name="origin" x="27" y="71"/><vector name="lt" x="-27" y="-66"/><vector name="rb" x="19" y="-17"/><string name="delay" value="150"/><vector name="head" x="-4" y="-66"/></canvas><canvas name="4" width="63" height="84"><vector name="origin" x="27" y="94"/><vector name="lt" x="-27" y="-58"/><vector name="rb" x="21" y="-10"/><string name="delay" value="100"/><vector name="head" x="-3" y="-58"/></canvas><canvas name="5" width="61" height="71"><vector name="origin" x="28" y="71"/><vector name="lt" x="-28" y="-42"/><vector name="rb" x="25" y="0"/><string name="delay" value="100"/><vector name="head" x="6" y="-42"/></canvas><canvas name="6" width="60" height="46"><vector name="origin" x="27" y="46"/><vector name="lt" x="-27" y="-43"/><vector name="rb" x="24" y="0"/><string name="delay" value="300"/><vector name="head" x="3" y="-43"/></canvas></imgdir><imgdir name="stand"><canvas name="0" width="64" height="49"><vector name="origin" x="27" y="49"/><vector name="lt" x="-27" y="-43"/><vector name="rb" x="24" y="0"/><string name="delay" value="200"/><vector name="head" x="3" y="-43"/></canvas><canvas name="1" width="69" height="49"><vector name="origin" x="28" y="49"/><vector name="lt" x="-28" y="-42"/><vector name="rb" x="24" y="0"/><string name="delay" value="300"/><vector name="head" x="3" y="-42"/></canvas><canvas name="2" width="57" height="50"><vector name="origin" x="26" y="50"/><vector name="lt" x="-26" y="-44"/><vector name="rb" x="23" y="0"/><string name="delay" value="250"/><vector name="head" x="2" y="-44"/></canvas></imgdir><imgdir name="jump"><canvas name="0" width="63" height="67"><vector name="origin" x="27" y="54"/><vector name="lt" x="-27" y="-49"/><vector name="rb" x="19" y="0"/><string name="delay" value="150"/><vector name="head" x="-4" y="-49"/></canvas></imgdir><imgdir name="hit1"><canvas name="0" width="63" height="66"><vector name="origin" x="23" y="66"/><vector name="lt" x="-23" y="-46"/><vector name="rb" x="26" y="0"/><int name="delay" value="600"/><vector name="head" x="-2" y="-46"/></canvas></imgdir><imgdir name="die1"><canvas name="0" width="61" height="60"><vector name="origin" x="26" y="60"/><vector name="head" x="-5" y="-24"/><int name="delay" value="180"/></canvas><canvas name="1" width="56" height="59"><vector name="origin" x="30" y="59"/><vector name="head" x="-5" y="-15"/><int name="delay" value="180"/></canvas><canvas name="2" width="49" height="54"><vector name="origin" x="26" y="54"/><vector name="head" x="-5" y="-15"/><int name="delay" value="180"/></canvas><canvas name="3" width="31" height="40"><vector name="origin" x="14" y="40"/><vector name="head" x="-5" y="-15"/><int name="delay" value="300"/><int name="a0" value="255"/><int name="a1" value="0"/></canvas></imgdir></imgdir>