<?xml version="1.0" encoding="UTF-8" standalone="yes"?><imgdir name="1120100.img"><imgdir name="info"><int name="bodyAttack" value="1"/><int name="level" value="12"/><int name="maxHP" value="200"/><int name="maxMP" value="50"/><int name="speed" value="0"/><int name="PADamage" value="82"/><int name="PDDamage" value="10"/><int name="MADamage" value="0"/><int name="MDDamage" value="40"/><int name="acc" value="40"/><int name="eva" value="4"/><int name="exp" value="24"/><int name="undead" value="0"/><int name="pushed" value="1"/><string name="elemAttr" value="L3"/><float name="fs" value="10.0"/><int name="summonType" value="1"/><int name="category" value="1"/></imgdir><imgdir name="move"><uol name="0" value="../stand/0"/><uol name="1" value="../stand/1"/><uol name="2" value="../stand/2"/><uol name="3" value="../stand/3"/><uol name="4" value="../stand/4"/></imgdir><imgdir name="stand"><canvas name="0" width="62" height="69"><vector name="origin" x="31" y="69"/><vector name="lt" x="-31" y="-69"/><vector name="rb" x="31" y="0"/><vector name="head" x="-4" y="-64"/><int name="delay" value="120"/></canvas><canvas name="1" width="62" height="69"><vector name="origin" x="33" y="69"/><vector name="lt" x="-33" y="-69"/><vector name="rb" x="29" y="0"/><vector name="head" x="-4" y="-64"/><int name="delay" value="120"/></canvas><canvas name="2" width="65" height="70"><vector name="origin" x="34" y="70"/><vector name="lt" x="-34" y="-70"/><vector name="rb" x="31" y="0"/><vector name="head" x="-4" y="-64"/><int name="delay" value="120"/></canvas><canvas name="3" width="66" height="69"><vector name="origin" x="36" y="69"/><vector name="lt" x="-36" y="-69"/><vector name="rb" x="30" y="0"/><vector name="head" x="-4" y="-64"/><int name="delay" value="120"/></canvas><canvas name="4" width="64" height="70"><vector name="origin" x="35" y="69"/><vector name="lt" x="-35" y="-69"/><vector name="rb" x="29" y="1"/><vector name="head" x="-4" y="-64"/><int name="delay" value="120"/></canvas></imgdir><imgdir name="hit1"><canvas name="0" width="74" height="80"><vector name="origin" x="38" y="73"/><vector name="lt" x="-38" y="-73"/><vector name="rb" x="36" y="7"/><int name="delay" value="600"/><vector name="head" x="-4" y="-64"/></canvas></imgdir><imgdir name="die1"><canvas name="0" width="66" height="70"><vector name="origin" x="36" y="72"/><vector name="head" x="-4" y="-64"/><int name="delay" value="180"/></canvas><canvas name="1" width="65" height="72"><vector name="origin" x="36" y="72"/><vector name="head" x="-4" y="-64"/><int name="delay" value="180"/></canvas><canvas name="2" width="67" height="68"><vector name="origin" x="38" y="68"/><vector name="head" x="-4" y="-62"/><int name="delay" value="180"/></canvas><canvas name="3" width="89" height="57"><vector name="origin" x="49" y="57"/><vector name="head" x="-22" y="-47"/><int name="delay" value="300"/><int name="a0" value="255"/><int name="a1" value="0"/></canvas></imgdir></imgdir>