<?xml version="1.0" encoding="UTF-8" standalone="yes"?><imgdir name="2110301.img"><imgdir name="info"><int name="bodyAttack" value="1"/><int name="level" value="29"/><int name="maxHP" value="780"/><int name="maxMP" value="0"/><int name="speed" value="-15"/><int name="PADamage" value="100"/><int name="PDDamage" value="40"/><int name="MADamage" value="0"/><int name="MDDamage" value="45"/><int name="acc" value="60"/><int name="eva" value="10"/><int name="exp" value="58"/><int name="undead" value="0"/><int name="pushed" value="0"/><float name="fs" value="10.0"/><int name="summonType" value="1"/><int name="category" value="1"/></imgdir><imgdir name="move"><canvas name="0" width="71" height="57"><vector name="origin" x="35" y="57"/><vector name="lt" x="-36" y="-58"/><vector name="rb" x="36" y="0"/><vector name="head" x="-7" y="-58"/><int name="delay" value="210"/></canvas><canvas name="1" width="73" height="58"><vector name="origin" x="37" y="58"/><vector name="lt" x="-37" y="-58"/><vector name="rb" x="36" y="0"/><vector name="head" x="-7" y="-58"/><int name="delay" value="210"/></canvas><canvas name="2" width="74" height="59"><vector name="origin" x="38" y="59"/><vector name="lt" x="-38" y="-59"/><vector name="rb" x="36" y="0"/><vector name="head" x="-7" y="-59"/><int name="delay" value="210"/></canvas><canvas name="3" width="75" height="58"><vector name="origin" x="39" y="58"/><vector name="lt" x="-39" y="-58"/><vector name="rb" x="35" y="-1"/><vector name="head" x="-7" y="-58"/><int name="delay" value="210"/></canvas><canvas name="4" width="73" height="57"><vector name="origin" x="37" y="57"/><vector name="lt" x="-37" y="-58"/><vector name="rb" x="36" y="-1"/><vector name="head" x="-7" y="-57"/><int name="delay" value="210"/></canvas><canvas name="5" width="72" height="58"><vector name="origin" x="36" y="58"/><vector name="lt" x="-37" y="-59"/><vector name="rb" x="36" y="0"/><vector name="head" x="-7" y="-58"/><int name="delay" value="210"/></canvas><canvas name="6" width="71" height="57"><vector name="origin" x="35" y="57"/><vector name="lt" x="-36" y="-58"/><vector name="rb" x="36" y="0"/><vector name="head" x="-7" y="-58"/><int name="delay" value="210"/></canvas><canvas name="7" width="73" height="58"><vector name="origin" x="37" y="58"/><vector name="lt" x="-37" y="-58"/><vector name="rb" x="36" y="0"/><vector name="head" x="-7" y="-58"/><int name="delay" value="210"/></canvas><canvas name="8" width="74" height="59"><vector name="origin" x="38" y="59"/><vector name="lt" x="-38" y="-59"/><vector name="rb" x="36" y="0"/><vector name="head" x="-7" y="-59"/><int name="delay" value="210"/></canvas><canvas name="9" width="75" height="58"><vector name="origin" x="39" y="58"/><vector name="lt" x="-39" y="-58"/><vector name="rb" x="36" y="0"/><vector name="head" x="-7" y="-58"/><int name="delay" value="210"/></canvas><canvas name="10" width="73" height="57"><vector name="origin" x="37" y="57"/><vector name="lt" x="-37" y="-57"/><vector name="rb" x="36" y="0"/><vector name="head" x="-6" y="-57"/><int name="delay" value="210"/></canvas><canvas name="11" width="72" height="58"><vector name="origin" x="36" y="58"/><vector name="lt" x="-36" y="-58"/><vector name="rb" x="36" y="0"/><vector name="head" x="-7" y="-58"/><int name="delay" value="210"/></canvas></imgdir><imgdir name="stand"><canvas name="0" width="73" height="58"><vector name="origin" x="37" y="58"/><int name="delay" value="210"/><vector name="lt" x="-37" y="-58"/><vector name="rb" x="36" y="0"/><vector name="head" x="-7" y="-58"/></canvas><canvas name="1" width="75" height="59"><vector name="origin" x="38" y="59"/><int name="delay" value="210"/><vector name="lt" x="-38" y="-59"/><vector name="rb" x="36" y="-1"/><vector name="head" x="-7" y="-59"/></canvas><canvas name="2" width="77" height="60"><vector name="origin" x="39" y="60"/><int name="delay" value="210"/><vector name="lt" x="-39" y="-60"/><vector name="rb" x="38" y="0"/><vector name="head" x="-7" y="-60"/></canvas><canvas name="3" width="79" height="61"><vector name="origin" x="40" y="61"/><int name="delay" value="210"/><vector name="lt" x="-40" y="-61"/><vector name="rb" x="39" y="0"/><vector name="head" x="-7" y="-61"/></canvas><canvas name="4" width="77" height="60"><vector name="origin" x="39" y="60"/><int name="delay" value="210"/><vector name="lt" x="-40" y="-60"/><vector name="rb" x="38" y="0"/><vector name="head" x="-7" y="-60"/></canvas><canvas name="5" width="75" height="59"><vector name="origin" x="38" y="59"/><int name="delay" value="210"/><vector name="lt" x="-38" y="-59"/><vector name="rb" x="37" y="0"/><vector name="head" x="-7" y="-59"/></canvas></imgdir><imgdir name="hit1"><canvas name="0" width="101" height="57"><vector name="origin" x="34" y="56"/><int name="delay" value="600"/><vector name="lt" x="-34" y="-56"/><vector name="rb" x="67" y="0"/><vector name="head" x="-4" y="-56"/></canvas></imgdir><imgdir name="die1"><canvas name="0" width="101" height="57"><vector name="origin" x="34" y="56"/><vector name="head" x="-4" y="-56"/><int name="delay" value="180"/></canvas><canvas name="1" width="102" height="56"><vector name="origin" x="35" y="54"/><vector name="head" x="-4" y="-54"/><int name="delay" value="180"/></canvas><canvas name="2" width="102" height="49"><vector name="origin" x="37" y="46"/><vector name="head" x="-8" y="-46"/><int name="delay" value="180"/></canvas><canvas name="3" width="109" height="33"><vector name="origin" x="38" y="30"/><vector name="head" x="-10" y="-30"/><int name="delay" value="180"/></canvas><canvas name="4" width="109" height="33"><vector name="origin" x="38" y="30"/><vector name="head" x="-10" y="-30"/><int name="delay" value="180"/></canvas><canvas name="5" width="109" height="33"><vector name="origin" x="38" y="30"/><vector name="head" x="-10" y="-31"/><int name="delay" value="180"/></canvas><canvas name="6" width="109" height="33"><vector name="origin" x="38" y="30"/><vector name="head" x="-10" y="-30"/><int name="delay" value="270"/><int name="a0" value="255"/><int name="a1" value="0"/></canvas></imgdir></imgdir>