<?xml version="1.0" encoding="UTF-8" standalone="yes"?><imgdir name="2130100.img"><imgdir name="info"><int name="bodyAttack" value="1"/><int name="level" value="22"/><int name="maxHP" value="550"/><int name="maxMP" value="40"/><int name="speed" value="-50"/><int name="PADamage" value="85"/><int name="PDDamage" value="50"/><int name="MADamage" value="0"/><int name="MDDamage" value="20"/><int name="acc" value="45"/><int name="eva" value="7"/><int name="exp" value="38"/><int name="undead" value="0"/><int name="pushed" value="1"/><string name="elemAttr" value="F3"/><float name="fs" value="10.0"/><int name="summonType" value="1"/><int name="category" value="2"/></imgdir><imgdir name="move"><canvas name="0" width="62" height="74"><vector name="origin" x="31" y="74"/><vector name="lt" x="-31" y="-68"/><vector name="rb" x="31" y="0"/><vector name="head" x="-9" y="-58"/><int name="delay" value="180"/></canvas><canvas name="1" width="66" height="77"><vector name="origin" x="31" y="77"/><vector name="lt" x="-32" y="-68"/><vector name="rb" x="34" y="0"/><vector name="head" x="-9" y="-58"/><int name="delay" value="180"/></canvas><canvas name="2" width="65" height="73"><vector name="origin" x="31" y="73"/><vector name="lt" x="-31" y="-67"/><vector name="rb" x="30" y="0"/><vector name="head" x="-9" y="-58"/><int name="delay" value="180"/></canvas><canvas name="3" width="74" height="72"><vector name="origin" x="34" y="72"/><vector name="lt" x="-34" y="-67"/><vector name="rb" x="31" y="0"/><vector name="head" x="-9" y="-58"/><int name="delay" value="180"/></canvas></imgdir><imgdir name="stand"><canvas name="0" width="62" height="74"><vector name="origin" x="31" y="74"/><vector name="lt" x="-31" y="-69"/><vector name="rb" x="31" y="0"/><vector name="head" x="-9" y="-58"/></canvas></imgdir><imgdir name="hit1"><canvas name="0" width="59" height="93"><vector name="origin" x="28" y="93"/><vector name="lt" x="-28" y="-85"/><vector name="rb" x="31" y="0"/><int name="delay" value="600"/><vector name="head" x="-9" y="-58"/></canvas></imgdir><imgdir name="die1"><canvas name="0" width="61" height="92"><vector name="origin" x="30" y="92"/><vector name="head" x="-8" y="-56"/><int name="delay" value="250"/></canvas><canvas name="1" width="58" height="91"><vector name="origin" x="31" y="91"/><vector name="head" x="-9" y="-44"/><int name="delay" value="150"/></canvas><canvas name="2" width="61" height="84"><vector name="origin" x="35" y="84"/><vector name="head" x="-12" y="-26"/><int name="delay" value="150"/></canvas><canvas name="3" width="61" height="67"><vector name="origin" x="35" y="67"/><vector name="head" x="-12" y="-26"/><int name="z" value="0"/><int name="delay" value="300"/><int name="a0" value="255"/><int name="a1" value="0"/></canvas></imgdir></imgdir>