<?xml version="1.0" encoding="UTF-8" standalone="yes"?><imgdir name="2230105.img"><imgdir name="info"><int name="bodyAttack" value="1"/><int name="level" value="23"/><int name="maxHP" value="500"/><int name="maxMP" value="0"/><int name="speed" value="-30"/><int name="PADamage" value="85"/><int name="PDDamage" value="35"/><int name="MADamage" value="0"/><int name="MDDamage" value="45"/><int name="acc" value="55"/><int name="eva" value="9"/><int name="exp" value="42"/><int name="undead" value="0"/><int name="pushed" value="1"/><string name="elemAttr" value="S3F2"/><float name="fs" value="10.0"/><int name="summonType" value="1"/><int name="category" value="3"/></imgdir><imgdir name="move"><canvas name="0" width="43" height="65"><vector name="origin" x="22" y="75"/><vector name="lt" x="-22" y="-75"/><vector name="rb" x="21" y="-10"/><vector name="head" x="-1" y="-69"/><int name="delay" value="180"/></canvas><canvas name="1" width="44" height="66"><vector name="origin" x="24" y="75"/><vector name="lt" x="-24" y="-75"/><vector name="rb" x="20" y="-9"/><vector name="head" x="-1" y="-70"/><int name="delay" value="180"/></canvas><canvas name="2" width="45" height="67"><vector name="origin" x="26" y="75"/><vector name="lt" x="-26" y="-75"/><vector name="rb" x="19" y="-8"/><vector name="head" x="-3" y="-69"/><int name="delay" value="180"/></canvas><canvas name="3" width="45" height="68"><vector name="origin" x="27" y="75"/><vector name="lt" x="-27" y="-75"/><vector name="rb" x="18" y="-7"/><vector name="head" x="-4" y="-70"/><int name="delay" value="180"/></canvas><canvas name="4" width="45" height="67"><vector name="origin" x="26" y="75"/><vector name="lt" x="-26" y="-75"/><vector name="rb" x="19" y="-8"/><vector name="head" x="-2" y="-71"/><int name="delay" value="180"/></canvas><canvas name="5" width="44" height="66"><vector name="origin" x="24" y="75"/><vector name="lt" x="-24" y="-75"/><vector name="rb" x="20" y="-9"/><vector name="head" x="-1" y="-70"/><int name="delay" value="180"/></canvas></imgdir><imgdir name="stand"><canvas name="0" width="43" height="65"><vector name="origin" x="22" y="75"/><vector name="lt" x="-22" y="-75"/><vector name="rb" x="21" y="-10"/><vector name="head" x="-1" y="-70"/><int name="delay" value="180"/></canvas><canvas name="1" width="43" height="67"><vector name="origin" x="22" y="76"/><vector name="lt" x="-22" y="-76"/><vector name="rb" x="21" y="-9"/><vector name="head" x="0" y="-72"/><int name="delay" value="180"/></canvas><canvas name="2" width="44" height="69"><vector name="origin" x="23" y="77"/><vector name="lt" x="-23" y="-77"/><vector name="rb" x="21" y="-8"/><vector name="head" x="0" y="-72"/><int name="delay" value="180"/></canvas><canvas name="3" width="43" height="67"><vector name="origin" x="22" y="76"/><vector name="lt" x="-22" y="-76"/><vector name="rb" x="21" y="-9"/><vector name="head" x="-1" y="-71"/><int name="delay" value="180"/></canvas><canvas name="4" width="43" height="65"><vector name="origin" x="22" y="75"/><vector name="lt" x="-22" y="-75"/><vector name="rb" x="21" y="-10"/><vector name="head" x="-1" y="-70"/><int name="delay" value="180"/></canvas><canvas name="5" width="43" height="63"><vector name="origin" x="22" y="74"/><vector name="lt" x="-22" y="-74"/><vector name="rb" x="21" y="-11"/><vector name="head" x="-1" y="-69"/><int name="delay" value="180"/></canvas></imgdir><imgdir name="hit1"><canvas name="0" width="61" height="75"><vector name="origin" x="26" y="85"/><vector name="lt" x="-24" y="-78"/><vector name="rb" x="17" y="-10"/><vector name="head" x="0" y="-73"/><int name="delay" value="600"/></canvas></imgdir><imgdir name="die1"><canvas name="0" width="61" height="75"><vector name="origin" x="21" y="85"/><vector name="head" x="5" y="-73"/><int name="delay" value="180"/></canvas><canvas name="1" width="46" height="67"><vector name="origin" x="20" y="77"/><vector name="head" x="6" y="-72"/><int name="delay" value="180"/></canvas><canvas name="2" width="46" height="65"><vector name="origin" x="20" y="76"/><vector name="head" x="5" y="-70"/><int name="delay" value="180"/></canvas><canvas name="3" width="45" height="64"><vector name="origin" x="19" y="75"/><vector name="head" x="5" y="-69"/><int name="delay" value="180"/></canvas><canvas name="4" width="45" height="64"><vector name="origin" x="19" y="75"/><int name="delay" value="300"/><int name="a0" value="255"/><int name="a1" value="0"/></canvas></imgdir></imgdir>