<?xml version="1.0" encoding="UTF-8" standalone="yes"?><imgdir name="3110303.img"><imgdir name="info"><int name="bodyAttack" value="1"/><int name="level" value="38"/><int name="maxHP" value="1850"/><int name="maxMP" value="0"/><int name="speed" value="-30"/><int name="PADamage" value="125"/><int name="PDDamage" value="105"/><int name="MADamage" value="0"/><int name="MDDamage" value="125"/><int name="acc" value="130"/><int name="eva" value="18"/><int name="exp" value="85"/><int name="undead" value="0"/><int name="pushed" value="0"/><float name="fs" value="10.0"/><int name="summonType" value="1"/><int name="category" value="8"/></imgdir><imgdir name="move"><canvas name="0" width="74" height="66"><vector name="origin" x="35" y="73"/><int name="delay" value="150"/><vector name="lt" x="-31" y="-69"/><vector name="rb" x="36" y="-10"/><vector name="head" x="-1" y="-59"/></canvas><canvas name="1" width="74" height="73"><vector name="origin" x="35" y="79"/><int name="delay" value="150"/><vector name="head" x="0" y="-61"/><vector name="lt" x="-31" y="-75"/><vector name="rb" x="35" y="-10"/></canvas><canvas name="2" width="74" height="72"><vector name="origin" x="35" y="77"/><int name="delay" value="150"/><vector name="head" x="0" y="-63"/><vector name="lt" x="-31" y="-72"/><vector name="rb" x="37" y="-8"/></canvas><canvas name="3" width="74" height="79"><vector name="origin" x="35" y="82"/><int name="delay" value="150"/><vector name="head" x="2" y="-62"/><vector name="lt" x="-32" y="-78"/><vector name="rb" x="35" y="-8"/></canvas><canvas name="4" width="74" height="76"><vector name="origin" x="35" y="80"/><int name="delay" value="150"/><vector name="head" x="0" y="-62"/><vector name="lt" x="-32" y="-72"/><vector name="rb" x="33" y="-7"/></canvas><canvas name="5" width="74" height="68"><vector name="origin" x="35" y="73"/><int name="delay" value="150"/><vector name="head" x="0" y="-60"/><vector name="lt" x="-33" y="-67"/><vector name="rb" x="33" y="-9"/></canvas></imgdir><imgdir name="stand"><canvas name="0" width="74" height="74"><vector name="origin" x="35" y="80"/><vector name="lt" x="-32" y="-71"/><vector name="rb" x="34" y="-9"/><vector name="head" x="0" y="-62"/><int name="delay" value="150"/></canvas><canvas name="1" width="74" height="78"><vector name="origin" x="35" y="83"/><vector name="lt" x="-32" y="-68"/><vector name="rb" x="35" y="-8"/><vector name="head" x="0" y="-63"/><int name="delay" value="150"/></canvas><canvas name="2" width="74" height="76"><vector name="origin" x="35" y="80"/><vector name="lt" x="-31" y="-70"/><vector name="rb" x="33" y="-8"/><vector name="head" x="0" y="-63"/><int name="delay" value="150"/></canvas><canvas name="3" width="74" height="76"><vector name="origin" x="35" y="81"/><vector name="lt" x="-32" y="-67"/><vector name="rb" x="33" y="-8"/><vector name="head" x="0" y="-63"/><int name="delay" value="150"/></canvas><canvas name="4" width="74" height="73"><vector name="origin" x="35" y="79"/><vector name="lt" x="-31" y="-63"/><vector name="rb" x="34" y="-9"/><vector name="head" x="0" y="-61"/><int name="delay" value="150"/></canvas><canvas name="5" width="74" height="69"><vector name="origin" x="35" y="76"/><vector name="lt" x="-31" y="-68"/><vector name="rb" x="34" y="-10"/><vector name="head" x="0" y="-60"/><int name="delay" value="150"/></canvas></imgdir><imgdir name="hit1"><canvas name="0" width="95" height="93"><vector name="origin" x="42" y="91"/><int name="delay" value="600"/><vector name="lt" x="-27" y="-68"/><vector name="rb" x="32" y="-1"/><vector name="head" x="5" y="-66"/></canvas></imgdir><imgdir name="die1"><canvas name="0" width="94" height="93"><vector name="origin" x="39" y="98"/><int name="delay" value="130"/><vector name="head" x="7" y="-74"/></canvas><canvas name="1" width="94" height="102"><vector name="origin" x="42" y="101"/><int name="delay" value="130"/><vector name="head" x="8" y="-65"/></canvas><canvas name="2" width="96" height="102"><vector name="origin" x="43" y="96"/><int name="delay" value="130"/><vector name="head" x="10" y="-58"/></canvas><canvas name="3" width="75" height="102"><vector name="origin" x="19" y="90"/><int name="delay" value="130"/><vector name="head" x="16" y="-40"/></canvas><canvas name="4" width="75" height="92"><vector name="origin" x="18" y="81"/><int name="delay" value="130"/><vector name="head" x="17" y="-40"/></canvas><canvas name="5" width="75" height="50"><vector name="origin" x="17" y="36"/><int name="delay" value="130"/><int name="a0" value="255"/><int name="a1" value="0"/></canvas></imgdir></imgdir>