<?xml version="1.0" encoding="UTF-8" standalone="yes"?><imgdir name="3110300.img"><imgdir name="info"><int name="bodyAttack" value="1"/><int name="level" value="32"/><int name="maxHP" value="1000"/><int name="maxMP" value="0"/><int name="speed" value="-20"/><int name="PADamage" value="90"/><int name="PDDamage" value="40"/><int name="MADamage" value="0"/><int name="MDDamage" value="40"/><int name="acc" value="70"/><int name="eva" value="12"/><int name="exp" value="62"/><int name="undead" value="0"/><int name="pushed" value="0"/><float name="fs" value="10.0"/><int name="summonType" value="1"/><int name="category" value="8"/></imgdir><imgdir name="move"><canvas name="0" width="54" height="46"><vector name="origin" x="26" y="46"/><vector name="lt" x="-26" y="-35"/><vector name="rb" x="29" y="0"/><vector name="head" x="-1" y="-36"/><int name="delay" value="150"/></canvas><canvas name="1" width="56" height="41"><vector name="origin" x="27" y="41"/><vector name="lt" x="-27" y="-32"/><vector name="rb" x="29" y="0"/><vector name="head" x="0" y="-33"/><int name="delay" value="150"/></canvas><canvas name="2" width="51" height="57"><vector name="origin" x="24" y="64"/><vector name="lt" x="-24" y="-59"/><vector name="rb" x="27" y="-8"/><vector name="head" x="0" y="-60"/><int name="delay" value="150"/></canvas><canvas name="3" width="56" height="42"><vector name="origin" x="27" y="70"/><vector name="lt" x="-27" y="-59"/><vector name="rb" x="29" y="-28"/><vector name="head" x="0" y="-61"/><int name="delay" value="150"/></canvas><canvas name="4" width="54" height="47"><vector name="origin" x="26" y="70"/><vector name="lt" x="-26" y="-57"/><vector name="rb" x="28" y="-23"/><vector name="head" x="0" y="-60"/><int name="delay" value="150"/></canvas><canvas name="5" width="60" height="43"><vector name="origin" x="29" y="43"/><vector name="lt" x="-30" y="-27"/><vector name="rb" x="31" y="1"/><vector name="head" x="0" y="-30"/><int name="delay" value="150"/></canvas></imgdir><imgdir name="stand"><canvas name="0" width="54" height="43"><vector name="origin" x="26" y="43"/><int name="delay" value="120"/><vector name="lt" x="-26" y="-33"/><vector name="rb" x="28" y="0"/><vector name="head" x="0" y="-35"/></canvas><canvas name="1" width="52" height="41"><vector name="origin" x="25" y="41"/><int name="delay" value="120"/><vector name="lt" x="-25" y="-35"/><vector name="rb" x="27" y="0"/><vector name="head" x="0" y="-36"/></canvas><canvas name="2" width="50" height="43"><vector name="origin" x="24" y="43"/><int name="delay" value="120"/><vector name="lt" x="-24" y="-37"/><vector name="rb" x="26" y="0"/><vector name="head" x="0" y="-37"/></canvas><canvas name="3" width="48" height="48"><vector name="origin" x="23" y="48"/><int name="delay" value="120"/><vector name="lt" x="-23" y="-38"/><vector name="rb" x="25" y="0"/><vector name="head" x="0" y="-41"/></canvas><canvas name="4" width="50" height="50"><vector name="origin" x="24" y="50"/><int name="delay" value="120"/><vector name="lt" x="-24" y="-38"/><vector name="rb" x="26" y="0"/><vector name="head" x="0" y="-40"/></canvas><canvas name="5" width="52" height="47"><vector name="origin" x="25" y="47"/><int name="delay" value="120"/><vector name="lt" x="-25" y="-35"/><vector name="rb" x="27" y="0"/><vector name="head" x="0" y="-37"/></canvas></imgdir><imgdir name="hit1"><canvas name="0" width="66" height="70"><vector name="origin" x="25" y="71"/><int name="delay" value="600"/><vector name="lt" x="-26" y="-55"/><vector name="rb" x="35" y="0"/><vector name="head" x="10" y="-55"/></canvas></imgdir><imgdir name="die1"><canvas name="0" width="73" height="70"><vector name="origin" x="32" y="71"/><vector name="head" x="2" y="-57"/><int name="delay" value="120"/></canvas><canvas name="1" width="72" height="59"><vector name="origin" x="35" y="66"/><vector name="head" x="0" y="-59"/><int name="delay" value="120"/></canvas><canvas name="2" width="60" height="52"><vector name="origin" x="23" y="63"/><vector name="head" x="0" y="-58"/><int name="delay" value="120"/></canvas><canvas name="3" width="62" height="47"><vector name="origin" x="24" y="61"/><vector name="head" x="1" y="-59"/><int name="delay" value="120"/></canvas><canvas name="4" width="64" height="60"><vector name="origin" x="25" y="72"/><vector name="head" x="1" y="-57"/><int name="delay" value="120"/></canvas><canvas name="5" width="67" height="48"><vector name="origin" x="28" y="49"/><vector name="head" x="-1" y="-37"/><int name="delay" value="120"/></canvas><canvas name="6" width="69" height="48"><vector name="origin" x="29" y="49"/><vector name="head" x="-1" y="-36"/><int name="delay" value="120"/></canvas><canvas name="7" width="70" height="46"><vector name="origin" x="30" y="47"/><vector name="head" x="-1" y="-33"/><int name="delay" value="120"/></canvas><canvas name="8" width="70" height="44"><vector name="origin" x="30" y="45"/><vector name="head" x="-1" y="-35"/><int name="delay" value="120"/><int name="a0" value="255"/><int name="a1" value="0"/></canvas></imgdir></imgdir>