<?xml version="1.0" encoding="UTF-8" standalone="yes"?><imgdir name="3210203.img"><imgdir name="info"><int name="bodyAttack" value="1"/><int name="level" value="36"/><int name="maxHP" value="1400"/><int name="maxMP" value="0"/><int name="speed" value="0"/><int name="PADamage" value="120"/><int name="PDDamage" value="95"/><int name="MADamage" value="0"/><int name="MDDamage" value="95"/><int name="acc" value="100"/><int name="eva" value="16"/><int name="exp" value="77"/><int name="undead" value="0"/><int name="pushed" value="0"/><int name="hpRecovery" value="10"/><float name="fs" value="10.0"/><int name="summonType" value="1"/><int name="category" value="8"/></imgdir><imgdir name="move"><canvas name="0" width="46" height="50"><vector name="origin" x="23" y="50"/><vector name="lt" x="-23" y="-50"/><vector name="rb" x="23" y="0"/><vector name="head" x="-10" y="-40"/><int name="delay" value="100"/></canvas><canvas name="1" width="51" height="50"><vector name="origin" x="24" y="50"/><vector name="lt" x="-24" y="-50"/><vector name="rb" x="23" y="0"/><vector name="head" x="-10" y="-40"/><int name="delay" value="100"/></canvas><canvas name="2" width="52" height="51"><vector name="origin" x="25" y="51"/><vector name="lt" x="-25" y="-51"/><vector name="rb" x="23" y="0"/><vector name="head" x="-10" y="-40"/><int name="delay" value="100"/></canvas><canvas name="3" width="50" height="50"><vector name="origin" x="25" y="50"/><vector name="lt" x="-25" y="-50"/><vector name="rb" x="23" y="0"/><vector name="head" x="-10" y="-40"/><int name="delay" value="100"/></canvas><canvas name="4" width="47" height="49"><vector name="origin" x="24" y="49"/><vector name="lt" x="-24" y="-49"/><vector name="rb" x="23" y="0"/><vector name="head" x="-10" y="-40"/><int name="delay" value="100"/></canvas><canvas name="5" width="50" height="49"><vector name="origin" x="23" y="49"/><vector name="lt" x="-23" y="-49"/><vector name="rb" x="23" y="0"/><vector name="head" x="-10" y="-40"/><int name="delay" value="100"/></canvas><canvas name="6" width="49" height="50"><vector name="origin" x="22" y="50"/><vector name="lt" x="-22" y="-50"/><vector name="rb" x="23" y="0"/><vector name="head" x="-10" y="-40"/><int name="delay" value="100"/></canvas><canvas name="7" width="47" height="51"><vector name="origin" x="22" y="51"/><vector name="lt" x="-22" y="-51"/><vector name="rb" x="23" y="0"/><vector name="head" x="-10" y="-40"/><int name="delay" value="100"/></canvas></imgdir><imgdir name="stand"><canvas name="0" width="55" height="49"><vector name="origin" x="32" y="49"/><vector name="lt" x="-27" y="-49"/><vector name="rb" x="20" y="0"/><vector name="head" x="-14" y="-39"/><int name="delay" value="100"/></canvas><canvas name="1" width="57" height="37"><vector name="origin" x="47" y="37"/><vector name="lt" x="-42" y="-37"/><vector name="rb" x="7" y="0"/><vector name="head" x="-29" y="-27"/><int name="delay" value="100"/></canvas><canvas name="2" width="53" height="35"><vector name="origin" x="45" y="35"/><vector name="lt" x="-45" y="-35"/><vector name="rb" x="8" y="0"/><vector name="head" x="-31" y="-20"/><int name="delay" value="100"/></canvas><canvas name="3" width="57" height="33"><vector name="origin" x="47" y="33"/><vector name="lt" x="-47" y="-33"/><vector name="rb" x="8" y="0"/><vector name="head" x="-32" y="-20"/><int name="delay" value="100"/></canvas><canvas name="4" width="55" height="28"><vector name="origin" x="49" y="28"/><vector name="lt" x="-49" y="-28"/><vector name="rb" x="6" y="0"/><vector name="head" x="-33" y="-20"/><int name="delay" value="100"/></canvas><canvas name="5" width="55" height="35"><vector name="origin" x="49" y="35"/><vector name="lt" x="-49" y="-27"/><vector name="rb" x="6" y="0"/><vector name="head" x="-33" y="-20"/><int name="delay" value="100"/></canvas><canvas name="6" width="55" height="33"><vector name="origin" x="49" y="33"/><vector name="lt" x="-49" y="-27"/><vector name="rb" x="6" y="0"/><vector name="head" x="-33" y="-20"/><int name="delay" value="100"/></canvas><canvas name="7" width="58" height="32"><vector name="origin" x="49" y="32"/><vector name="lt" x="-49" y="-27"/><vector name="rb" x="9" y="0"/><vector name="head" x="-33" y="-20"/><int name="delay" value="100"/></canvas><canvas name="8" width="57" height="29"><vector name="origin" x="47" y="29"/><vector name="lt" x="-47" y="-29"/><vector name="rb" x="10" y="0"/><vector name="head" x="-32" y="-20"/><int name="delay" value="100"/></canvas><canvas name="9" width="49" height="36"><vector name="origin" x="43" y="36"/><vector name="lt" x="-43" y="-32"/><vector name="rb" x="6" y="0"/><vector name="head" x="-29" y="-20"/><int name="delay" value="100"/></canvas><canvas name="10" width="41" height="50"><vector name="origin" x="19" y="50"/><vector name="lt" x="-19" y="-50"/><vector name="rb" x="22" y="0"/><vector name="head" x="-6" y="-39"/><int name="delay" value="100"/></canvas><canvas name="11" width="45" height="50"><vector name="origin" x="20" y="50"/><vector name="lt" x="-20" y="-50"/><vector name="rb" x="22" y="0"/><vector name="head" x="-7" y="-39"/><int name="delay" value="100"/></canvas><canvas name="12" width="45" height="50"><vector name="origin" x="21" y="50"/><vector name="lt" x="-21" y="-50"/><vector name="rb" x="21" y="0"/><vector name="head" x="-8" y="-39"/><int name="delay" value="100"/></canvas><canvas name="13" width="45" height="51"><vector name="origin" x="21" y="51"/><vector name="lt" x="-21" y="-51"/><vector name="rb" x="20" y="0"/><vector name="head" x="-8" y="-41"/><int name="delay" value="100"/></canvas><canvas name="14" width="41" height="51"><vector name="origin" x="21" y="51"/><vector name="lt" x="-21" y="-51"/><vector name="rb" x="20" y="0"/><vector name="head" x="-8" y="-42"/><int name="delay" value="100"/></canvas><canvas name="15" width="45" height="51"><vector name="origin" x="21" y="51"/><vector name="lt" x="-21" y="-51"/><vector name="rb" x="20" y="0"/><vector name="head" x="-8" y="-41"/><int name="delay" value="100"/></canvas><canvas name="16" width="45" height="50"><vector name="origin" x="21" y="50"/><vector name="lt" x="-21" y="-50"/><vector name="rb" x="20" y="0"/><vector name="head" x="-8" y="-39"/><int name="delay" value="100"/></canvas><canvas name="17" width="45" height="51"><vector name="origin" x="21" y="51"/><vector name="lt" x="-21" y="-51"/><vector name="rb" x="20" y="0"/><vector name="head" x="-8" y="-41"/><int name="delay" value="100"/></canvas><canvas name="18" width="43" height="51"><vector name="origin" x="21" y="51"/><vector name="lt" x="-21" y="-51"/><vector name="rb" x="22" y="0"/><vector name="head" x="-8" y="-42"/><int name="delay" value="100"/></canvas><canvas name="19" width="46" height="50"><vector name="origin" x="24" y="50"/><vector name="lt" x="-24" y="-50"/><vector name="rb" x="22" y="0"/><vector name="head" x="-11" y="-40"/><int name="delay" value="100"/></canvas><canvas name="20" width="51" height="50"><vector name="origin" x="29" y="50"/><vector name="lt" x="-29" y="-50"/><vector name="rb" x="19" y="0"/><vector name="head" x="-16" y="-41"/><int name="delay" value="100"/></canvas><canvas name="21" width="52" height="51"><vector name="origin" x="34" y="51"/><vector name="lt" x="-34" y="-51"/><vector name="rb" x="12" y="0"/><vector name="head" x="-21" y="-40"/><int name="delay" value="100"/></canvas><canvas name="22" width="50" height="50"><vector name="origin" x="38" y="50"/><vector name="lt" x="-38" y="-50"/><vector name="rb" x="8" y="0"/><vector name="head" x="-25" y="-39"/><int name="delay" value="100"/></canvas><canvas name="23" width="47" height="49"><vector name="origin" x="43" y="49"/><vector name="lt" x="-43" y="-49"/><vector name="rb" x="4" y="0"/><vector name="head" x="-10" y="-40"/><int name="delay" value="100"/></canvas><canvas name="24" width="50" height="49"><vector name="origin" x="43" y="49"/><vector name="lt" x="-40" y="-49"/><vector name="rb" x="7" y="0"/><vector name="head" x="-7" y="-40"/><int name="delay" value="100"/></canvas><canvas name="25" width="49" height="50"><vector name="origin" x="39" y="50"/><vector name="lt" x="-32" y="-50"/><vector name="rb" x="10" y="0"/><vector name="head" x="-3" y="-41"/><int name="delay" value="100"/></canvas><canvas name="26" width="47" height="51"><vector name="origin" x="34" y="51"/><vector name="lt" x="-30" y="-51"/><vector name="rb" x="13" y="0"/><vector name="head" x="-1" y="-39"/><int name="delay" value="100"/></canvas><canvas name="27" width="46" height="50"><vector name="origin" x="30" y="50"/><vector name="lt" x="-30" y="-50"/><vector name="rb" x="16" y="0"/><vector name="head" x="3" y="-40"/><int name="delay" value="100"/></canvas><canvas name="28" width="51" height="50"><vector name="origin" x="30" y="50"/><vector name="lt" x="-24" y="-50"/><vector name="rb" x="21" y="0"/><vector name="head" x="7" y="-41"/><int name="delay" value="100"/></canvas><canvas name="29" width="52" height="51"><vector name="origin" x="26" y="51"/><vector name="lt" x="-16" y="-51"/><vector name="rb" x="26" y="0"/><vector name="head" x="12" y="-40"/><int name="delay" value="100"/></canvas><canvas name="30" width="50" height="50"><vector name="origin" x="20" y="50"/><vector name="lt" x="-16" y="-50"/><vector name="rb" x="30" y="0"/><vector name="head" x="16" y="-39"/><int name="delay" value="100"/></canvas><canvas name="31" width="47" height="49"><vector name="origin" x="13" y="49"/><vector name="lt" x="-13" y="-49"/><vector name="rb" x="34" y="0"/><vector name="head" x="0" y="-40"/><int name="delay" value="100"/></canvas><canvas name="32" width="50" height="49"><vector name="origin" x="15" y="49"/><vector name="lt" x="-15" y="-49"/><vector name="rb" x="32" y="0"/><vector name="head" x="-2" y="-40"/><int name="delay" value="100"/></canvas><canvas name="33" width="49" height="50"><vector name="origin" x="18" y="50"/><vector name="lt" x="-18" y="-50"/><vector name="rb" x="26" y="0"/><vector name="head" x="-5" y="-41"/><int name="delay" value="100"/></canvas><canvas name="34" width="47" height="51"><vector name="origin" x="21" y="51"/><vector name="lt" x="-21" y="-51"/><vector name="rb" x="22" y="0"/><vector name="head" x="-8" y="-39"/><int name="delay" value="100"/></canvas></imgdir><imgdir name="jump"><canvas name="0" width="43" height="50"><vector name="origin" x="23" y="50"/><vector name="lt" x="-23" y="-50"/><vector name="rb" x="20" y="0"/><vector name="head" x="-10" y="-40"/></canvas></imgdir><imgdir name="hit1"><canvas name="0" width="53" height="50"><vector name="origin" x="28" y="50"/><vector name="lt" x="-21" y="-50"/><vector name="rb" x="25" y="0"/><vector name="head" x="-8" y="-39"/><int name="delay" value="600"/></canvas></imgdir><imgdir name="die1"><canvas name="0" width="53" height="50"><vector name="origin" x="27" y="50"/><vector name="head" x="-8" y="-39"/><int name="delay" value="130"/></canvas><canvas name="1" width="48" height="53"><vector name="origin" x="19" y="53"/><vector name="head" x="-5" y="-42"/><int name="delay" value="130"/></canvas><canvas name="2" width="49" height="58"><vector name="origin" x="21" y="58"/><vector name="head" x="-8" y="-35"/><int name="delay" value="130"/></canvas><canvas name="3" width="50" height="44"><vector name="origin" x="30" y="44"/><vector name="head" x="-17" y="-29"/><int name="delay" value="130"/></canvas><canvas name="4" width="50" height="35"><vector name="origin" x="34" y="35"/><vector name="head" x="-21" y="-24"/><int name="delay" value="130"/></canvas><canvas name="5" width="48" height="34"><vector name="origin" x="34" y="34"/><vector name="head" x="-21" y="-24"/><int name="delay" value="130"/><int name="a0" value="255"/><int name="a1" value="0"/></canvas></imgdir></imgdir>