<?xml version="1.0" encoding="UTF-8" standalone="yes"?><imgdir name="3210206.img"><imgdir name="info"><int name="bodyAttack" value="1"/><int name="level" value="36"/><int name="maxHP" value="1350"/><int name="maxMP" value="0"/><int name="flySpeed" value="-35"/><int name="PADamage" value="115"/><int name="PDDamage" value="85"/><int name="MADamage" value="0"/><int name="MDDamage" value="105"/><int name="acc" value="130"/><int name="eva" value="17"/><int name="exp" value="77"/><int name="undead" value="0"/><int name="pushed" value="0"/><float name="fs" value="10.0"/><int name="summonType" value="1"/><int name="category" value="8"/></imgdir><imgdir name="fly"><canvas name="0" width="55" height="46"><vector name="origin" x="27" y="69"/><vector name="lt" x="-22" y="-69"/><vector name="rb" x="28" y="-23"/><vector name="head" x="-11" y="-54"/><int name="delay" value="100"/></canvas><canvas name="1" width="50" height="46"><vector name="origin" x="22" y="68"/><vector name="lt" x="-22" y="-68"/><vector name="rb" x="28" y="-22"/><vector name="head" x="-11" y="-52"/><int name="delay" value="100"/></canvas><canvas name="2" width="50" height="46"><vector name="origin" x="22" y="67"/><vector name="lt" x="-22" y="-67"/><vector name="rb" x="28" y="-21"/><vector name="head" x="-11" y="-51"/><int name="delay" value="100"/></canvas><canvas name="3" width="50" height="46"><vector name="origin" x="22" y="68"/><vector name="lt" x="-22" y="-68"/><vector name="rb" x="28" y="-22"/><vector name="head" x="-11" y="-52"/><int name="delay" value="100"/></canvas><canvas name="4" width="50" height="46"><vector name="origin" x="22" y="69"/><vector name="lt" x="-22" y="-69"/><vector name="rb" x="28" y="-23"/><vector name="head" x="-11" y="-53"/><int name="delay" value="100"/></canvas><canvas name="5" width="50" height="46"><vector name="origin" x="22" y="70"/><vector name="lt" x="-22" y="-70"/><vector name="rb" x="28" y="-24"/><vector name="head" x="-11" y="-54"/><int name="delay" value="100"/></canvas><canvas name="6" width="50" height="46"><vector name="origin" x="22" y="71"/><vector name="lt" x="-22" y="-71"/><vector name="rb" x="28" y="-25"/><vector name="head" x="-11" y="-55"/><int name="delay" value="100"/></canvas><canvas name="7" width="55" height="46"><vector name="origin" x="27" y="70"/><vector name="lt" x="-22" y="-70"/><vector name="rb" x="28" y="-24"/><vector name="head" x="-11" y="-54"/><int name="delay" value="100"/></canvas></imgdir><imgdir name="hit1"><canvas name="0" width="55" height="48"><vector name="origin" x="27" y="71"/><vector name="lt" x="-22" y="-71"/><vector name="rb" x="28" y="-23"/><vector name="head" x="-11" y="-53"/><int name="delay" value="600"/></canvas></imgdir><imgdir name="die1"><canvas name="0" width="55" height="48"><vector name="origin" x="27" y="71"/><vector name="head" x="-12" y="-53"/><int name="delay" value="130"/></canvas><canvas name="1" width="55" height="54"><vector name="origin" x="30" y="75"/><vector name="head" x="-14" y="-51"/><int name="delay" value="130"/></canvas><canvas name="2" width="55" height="60"><vector name="origin" x="36" y="75"/><vector name="head" x="-20" y="-45"/><int name="delay" value="130"/></canvas><canvas name="3" width="58" height="66"><vector name="origin" x="44" y="67"/><vector name="head" x="-26" y="-32"/><int name="delay" value="130"/></canvas><canvas name="4" width="58" height="68"><vector name="origin" x="56" y="54"/><vector name="head" x="-38" y="-17"/><int name="delay" value="130"/></canvas><canvas name="5" width="58" height="68"><vector name="origin" x="67" y="33"/><vector name="head" x="-49" y="4"/><int name="delay" value="300"/><int name="a0" value="255"/><int name="a1" value="0"/></canvas></imgdir></imgdir>