<?xml version="1.0" encoding="UTF-8" standalone="yes"?><imgdir name="3300001.img"><imgdir name="info"><int name="bodyAttack" value="1"/><int name="level" value="30"/><int name="maxHP" value="780"/><int name="maxMP" value="0"/><int name="speed" value="-20"/><int name="PADamage" value="80"/><int name="PDDamage" value="25"/><int name="MADamage" value="0"/><int name="MDDamage" value="32"/><int name="acc" value="65"/><int name="eva" value="10"/><int name="exp" value="65"/><int name="undead" value="0"/><int name="pushed" value="0"/><float name="fs" value="10.0"/><int name="summonType" value="1"/><int name="category" value="2"/></imgdir><imgdir name="move"><canvas name="0" width="78" height="67"><vector name="origin" x="36" y="67"/><vector name="lt" x="-36" y="-67"/><vector name="rb" x="42" y="0"/><vector name="head" x="0" y="-46"/><int name="delay" value="150"/></canvas><canvas name="1" width="78" height="66"><vector name="origin" x="36" y="66"/><vector name="lt" x="-36" y="-67"/><vector name="rb" x="42" y="0"/><vector name="head" x="0" y="-46"/><int name="delay" value="150"/></canvas><canvas name="2" width="78" height="72"><vector name="origin" x="36" y="80"/><vector name="lt" x="-36" y="-80"/><vector name="rb" x="42" y="-8"/><vector name="head" x="0" y="-56"/><int name="delay" value="150"/></canvas><canvas name="3" width="78" height="72"><vector name="origin" x="36" y="81"/><vector name="lt" x="-36" y="-81"/><vector name="rb" x="42" y="-9"/><vector name="head" x="0" y="-56"/><int name="delay" value="150"/></canvas><canvas name="4" width="78" height="74"><vector name="origin" x="36" y="78"/><vector name="lt" x="-36" y="-78"/><vector name="rb" x="42" y="-4"/><vector name="head" x="0" y="-54"/><int name="delay" value="150"/></canvas></imgdir><imgdir name="stand"><canvas name="0" width="78" height="67"><vector name="origin" x="36" y="67"/><vector name="lt" x="-36" y="-67"/><vector name="rb" x="42" y="0"/><vector name="head" x="0" y="-44"/><int name="delay" value="180"/></canvas><canvas name="1" width="78" height="65"><vector name="origin" x="36" y="65"/><vector name="lt" x="-36" y="-67"/><vector name="rb" x="42" y="0"/><vector name="head" x="0" y="-43"/><int name="delay" value="180"/></canvas><canvas name="2" width="78" height="66"><vector name="origin" x="36" y="66"/><vector name="lt" x="-36" y="-67"/><vector name="rb" x="42" y="0"/><vector name="head" x="0" y="-44"/><int name="delay" value="180"/></canvas><canvas name="3" width="78" height="66"><vector name="origin" x="36" y="66"/><vector name="lt" x="-36" y="-67"/><vector name="rb" x="42" y="0"/><vector name="head" x="0" y="-44"/><int name="delay" value="180"/></canvas></imgdir><imgdir name="hit1"><canvas name="0" width="83" height="82"><vector name="origin" x="34" y="82"/><vector name="lt" x="-34" y="-82"/><vector name="rb" x="49" y="0"/><int name="delay" value="600"/><vector name="head" x="2" y="-50"/></canvas></imgdir><imgdir name="die1"><canvas name="0" width="86" height="82"><vector name="origin" x="37" y="82"/><vector name="head" x="21" y="-51"/><int name="delay" value="120"/></canvas><canvas name="1" width="97" height="79"><vector name="origin" x="41" y="79"/><vector name="head" x="21" y="-51"/><int name="delay" value="120"/></canvas><canvas name="2" width="102" height="77"><vector name="origin" x="42" y="77"/><vector name="head" x="35" y="-51"/><int name="delay" value="120"/></canvas><canvas name="3" width="78" height="72"><vector name="origin" x="16" y="72"/><vector name="head" x="39" y="-52"/><int name="delay" value="120"/></canvas><canvas name="4" width="78" height="69"><vector name="origin" x="15" y="69"/><vector name="head" x="41" y="-50"/><int name="delay" value="120"/></canvas><canvas name="5" width="98" height="43"><vector name="origin" x="16" y="42"/><vector name="head" x="41" y="-47"/><int name="delay" value="120"/></canvas><canvas name="6" width="104" height="42"><vector name="origin" x="20" y="41"/><vector name="head" x="46" y="-19"/><int name="delay" value="120"/></canvas><canvas name="7" width="111" height="42"><vector name="origin" x="23" y="40"/><vector name="head" x="46" y="-19"/><int name="delay" value="120"/></canvas><canvas name="8" width="116" height="41"><vector name="origin" x="26" y="39"/><vector name="head" x="39" y="-52"/><int name="delay" value="120"/></canvas><canvas name="9" width="118" height="26"><vector name="origin" x="26" y="27"/><int name="delay" value="120"/></canvas><canvas name="10" width="117" height="21"><vector name="origin" x="27" y="28"/><int name="delay" value="120"/></canvas></imgdir></imgdir>