<?xml version="1.0" encoding="UTF-8" standalone="yes"?><imgdir name="3300003.img"><imgdir name="info"><int name="bodyAttack" value="1"/><int name="level" value="32"/><int name="maxHP" value="850"/><int name="maxMP" value="0"/><int name="speed" value="0"/><int name="PADamage" value="93"/><int name="PDDamage" value="30"/><int name="MADamage" value="0"/><int name="MDDamage" value="36"/><int name="acc" value="70"/><int name="eva" value="12"/><int name="exp" value="71"/><int name="undead" value="0"/><int name="pushed" value="0"/><float name="fs" value="10.0"/><int name="summonType" value="1"/><int name="category" value="1"/></imgdir><imgdir name="move"><canvas name="0" width="80" height="83"><vector name="origin" x="31" y="83"/><vector name="lt" x="-31" y="-83"/><vector name="rb" x="49" y="0"/><int name="delay" value="100"/><vector name="head" x="-15" y="-50"/></canvas><canvas name="1" width="79" height="78"><vector name="origin" x="31" y="78"/><vector name="lt" x="-31" y="-78"/><vector name="rb" x="48" y="0"/><int name="delay" value="100"/><vector name="head" x="-15" y="-48"/></canvas><canvas name="2" width="73" height="77"><vector name="origin" x="31" y="81"/><vector name="lt" x="-31" y="-81"/><vector name="rb" x="42" y="-4"/><int name="delay" value="100"/><vector name="head" x="-15" y="-52"/></canvas><canvas name="3" width="83" height="85"><vector name="origin" x="31" y="86"/><vector name="lt" x="-31" y="-86"/><vector name="rb" x="52" y="-1"/><int name="delay" value="100"/><vector name="head" x="-14" y="-57"/></canvas><canvas name="4" width="80" height="79"><vector name="origin" x="31" y="79"/><vector name="lt" x="-31" y="-79"/><vector name="rb" x="49" y="0"/><int name="delay" value="100"/><vector name="head" x="-14" y="-50"/></canvas><canvas name="5" width="79" height="75"><vector name="origin" x="31" y="75"/><vector name="lt" x="-31" y="-75"/><vector name="rb" x="48" y="0"/><int name="delay" value="100"/><vector name="head" x="-15" y="-44"/></canvas><canvas name="6" width="73" height="78"><vector name="origin" x="31" y="83"/><vector name="lt" x="-31" y="-83"/><vector name="rb" x="42" y="-5"/><int name="delay" value="100"/><vector name="head" x="-16" y="-54"/></canvas><canvas name="7" width="83" height="87"><vector name="origin" x="31" y="90"/><vector name="lt" x="-31" y="-90"/><vector name="rb" x="52" y="-3"/><int name="delay" value="100"/><vector name="head" x="-20" y="-44"/></canvas></imgdir><imgdir name="stand"><canvas name="0" width="77" height="72"><vector name="origin" x="31" y="72"/><vector name="lt" x="-31" y="-72"/><vector name="rb" x="46" y="0"/><vector name="head" x="-15" y="-44"/><int name="delay" value="180"/></canvas><canvas name="1" width="76" height="73"><vector name="origin" x="31" y="73"/><vector name="lt" x="-31" y="-73"/><vector name="rb" x="45" y="0"/><vector name="head" x="-15" y="-45"/><int name="delay" value="180"/></canvas><canvas name="2" width="77" height="75"><vector name="origin" x="31" y="75"/><vector name="lt" x="-31" y="-75"/><vector name="rb" x="46" y="0"/><vector name="head" x="-15" y="-45"/><int name="delay" value="180"/></canvas><canvas name="3" width="81" height="74"><vector name="origin" x="31" y="74"/><vector name="lt" x="-31" y="-74"/><vector name="rb" x="50" y="0"/><vector name="head" x="-15" y="-45"/><int name="delay" value="180"/></canvas><canvas name="4" width="81" height="73"><vector name="origin" x="31" y="73"/><vector name="lt" x="-31" y="-73"/><vector name="rb" x="50" y="0"/><vector name="head" x="-15" y="-45"/><int name="delay" value="180"/></canvas><canvas name="5" width="81" height="72"><vector name="origin" x="31" y="72"/><vector name="lt" x="-31" y="-72"/><vector name="rb" x="50" y="0"/><vector name="head" x="-15" y="-43"/><int name="delay" value="180"/></canvas></imgdir><imgdir name="hit1"><canvas name="0" width="89" height="84"><vector name="origin" x="36" y="84"/><vector name="lt" x="-32" y="-84"/><vector name="rb" x="53" y="0"/><int name="delay" value="600"/><vector name="head" x="-14" y="-56"/></canvas></imgdir><imgdir name="die1"><canvas name="0" width="89" height="84"><vector name="origin" x="36" y="84"/><vector name="head" x="-16" y="-47"/><int name="delay" value="150"/></canvas><canvas name="1" width="119" height="91"><vector name="origin" x="42" y="92"/><vector name="head" x="23" y="-43"/><int name="delay" value="150"/></canvas><canvas name="2" width="155" height="108"><vector name="origin" x="45" y="105"/><vector name="head" x="43" y="-33"/><int name="delay" value="150"/></canvas><canvas name="3" width="123" height="105"><vector name="origin" x="-7" y="105"/><vector name="head" x="63" y="-49"/><int name="delay" value="150"/></canvas><canvas name="4" width="140" height="102"><vector name="origin" x="-6" y="105"/><vector name="head" x="103" y="-49"/><int name="delay" value="150"/></canvas><canvas name="5" width="89" height="104"><vector name="origin" x="-80" y="105"/><vector name="head" x="118" y="-9"/><int name="delay" value="150"/></canvas><canvas name="6" width="108" height="94"><vector name="origin" x="-70" y="89"/><vector name="head" x="98" y="-3"/><int name="delay" value="150"/></canvas><canvas name="7" width="103" height="37"><vector name="origin" x="-67" y="31"/><vector name="head" x="101" y="0"/><int name="delay" value="150"/></canvas><canvas name="8" width="109" height="35"><vector name="origin" x="-64" y="31"/><vector name="head" x="101" y="0"/><int name="delay" value="150"/></canvas><canvas name="9" width="105" height="35"><vector name="origin" x="-64" y="31"/><vector name="head" x="101" y="0"/><int name="delay" value="150"/></canvas></imgdir></imgdir>