<?xml version="1.0" encoding="UTF-8" standalone="yes"?><imgdir name="3400005.img"><imgdir name="info"><int name="bodyAttack" value="1"/><int name="level" value="38"/><int name="maxHP" value="1700"/><int name="maxMP" value="100"/><int name="speed" value="-30"/><int name="PADamage" value="125"/><int name="PDDamage" value="120"/><int name="MADamage" value="130"/><int name="MDDamage" value="110"/><int name="acc" value="110"/><int name="eva" value="18"/><int name="exp" value="100"/><int name="undead" value="0"/><int name="pushed" value="250"/><float name="fs" value="10.0"/><int name="summonType" value="0"/><imgdir name="revive"><int name="0" value="3400006"/><int name="1" value="3400006"/><int name="2" value="3400006"/><int name="3" value="3400006"/><int name="4" value="3400006"/><int name="5" value="3400006"/></imgdir><int name="category" value="8"/></imgdir><imgdir name="move"><canvas name="0" width="88" height="92"><vector name="origin" x="44" y="92"/><int name="z" value="0"/><string name="delay" value="150"/><vector name="lt" x="-44" y="-92"/><vector name="rb" x="44" y="0"/><vector name="head" x="-17" y="-44"/></canvas><canvas name="1" width="88" height="91"><vector name="origin" x="44" y="91"/><int name="z" value="0"/><string name="delay" value="150"/><vector name="lt" x="-44" y="-91"/><vector name="rb" x="44" y="0"/><vector name="head" x="-17" y="-44"/></canvas><canvas name="2" width="88" height="91"><vector name="origin" x="44" y="91"/><int name="z" value="0"/><string name="delay" value="150"/><vector name="lt" x="-44" y="-91"/><vector name="rb" x="44" y="0"/><vector name="head" x="-17" y="-44"/></canvas><canvas name="3" width="88" height="91"><vector name="origin" x="44" y="91"/><int name="z" value="0"/><string name="delay" value="150"/><vector name="lt" x="-44" y="-91"/><vector name="rb" x="44" y="0"/><vector name="head" x="-17" y="-44"/></canvas></imgdir><imgdir name="stand"><canvas name="0" width="88" height="92"><vector name="origin" x="44" y="92"/><int name="z" value="0"/><string name="delay" value="150"/><vector name="lt" x="-44" y="-92"/><vector name="rb" x="44" y="0"/><vector name="head" x="-17" y="-44"/></canvas><canvas name="1" width="88" height="91"><vector name="origin" x="44" y="91"/><int name="z" value="0"/><string name="delay" value="150"/><vector name="lt" x="-44" y="-91"/><vector name="rb" x="44" y="0"/><vector name="head" x="-17" y="-44"/></canvas><canvas name="2" width="88" height="91"><vector name="origin" x="44" y="91"/><int name="z" value="0"/><string name="delay" value="150"/><vector name="lt" x="-44" y="-91"/><vector name="rb" x="44" y="0"/><vector name="head" x="-17" y="-44"/></canvas><canvas name="3" width="88" height="91"><vector name="origin" x="44" y="91"/><int name="z" value="0"/><string name="delay" value="150"/><vector name="lt" x="-44" y="-91"/><vector name="rb" x="44" y="0"/><vector name="head" x="-17" y="-44"/></canvas></imgdir><imgdir name="attack1"><imgdir name="info"><imgdir name="range"><vector name="sp" x="-18" y="-23"/><int name="r" value="280"/></imgdir><imgdir name="ball"><canvas name="0" width="47" height="20"><vector name="origin" x="30" y="13"/><int name="z" value="0"/></canvas><canvas name="1" width="47" height="20"><vector name="origin" x="30" y="12"/><int name="z" value="0"/></canvas><canvas name="2" width="47" height="20"><vector name="origin" x="30" y="13"/><int name="z" value="0"/></canvas><canvas name="3" width="47" height="20"><vector name="origin" x="30" y="12"/><int name="z" value="0"/></canvas><canvas name="4" width="47" height="20"><vector name="origin" x="30" y="13"/><int name="z" value="0"/></canvas></imgdir><imgdir name="hit"><canvas name="0" width="69" height="40"><vector name="origin" x="34" y="20"/><int name="z" value="0"/><string name="delay" value="120"/></canvas><canvas name="1" width="75" height="63"><vector name="origin" x="37" y="32"/><int name="z" value="0"/><string name="delay" value="120"/></canvas></imgdir><int name="type" value="2"/><int name="conMP" value="2"/><int name="attackAfter" value="700"/><int name="PADamage" value="170"/></imgdir><canvas name="0" width="88" height="92"><vector name="origin" x="44" y="92"/><int name="z" value="0"/><string name="delay" value="110"/><vector name="lt" x="-44" y="-92"/><vector name="rb" x="44" y="0"/><vector name="head" x="-17" y="-44"/></canvas><canvas name="1" width="88" height="92"><vector name="origin" x="44" y="92"/><int name="z" value="0"/><string name="delay" value="110"/><vector name="lt" x="-44" y="-92"/><vector name="rb" x="44" y="0"/><vector name="head" x="-17" y="-44"/></canvas><canvas name="2" width="88" height="91"><vector name="origin" x="44" y="91"/><int name="z" value="0"/><string name="delay" value="110"/><vector name="lt" x="-44" y="-91"/><vector name="rb" x="44" y="0"/><vector name="head" x="-17" y="-44"/></canvas><canvas name="3" width="92" height="95"><vector name="origin" x="46" y="93"/><int name="z" value="0"/><string name="delay" value="55"/><vector name="lt" x="-46" y="-93"/><vector name="rb" x="46" y="2"/><vector name="head" x="-17" y="-44"/></canvas><canvas name="4" width="92" height="95"><vector name="origin" x="46" y="92"/><int name="z" value="0"/><string name="delay" value="110"/><vector name="lt" x="-46" y="-92"/><vector name="rb" x="46" y="3"/><vector name="head" x="-17" y="-44"/></canvas><canvas name="5" width="96" height="99"><vector name="origin" x="48" y="94"/><int name="z" value="0"/><string name="delay" value="110"/><vector name="lt" x="-48" y="-94"/><vector name="rb" x="48" y="5"/><vector name="head" x="-17" y="-44"/></canvas><canvas name="6" width="110" height="119"><vector name="origin" x="55" y="116"/><int name="z" value="0"/><string name="delay" value="110"/><vector name="lt" x="-55" y="-116"/><vector name="rb" x="55" y="3"/><vector name="head" x="-17" y="-55"/></canvas><canvas name="7" width="104" height="112"><vector name="origin" x="52" y="113"/><int name="z" value="0"/><string name="delay" value="110"/><vector name="lt" x="-52" y="-113"/><vector name="rb" x="52" y="-1"/><vector name="head" x="-17" y="-55"/></canvas><canvas name="8" width="97" height="93"><vector name="origin" x="53" y="91"/><int name="z" value="0"/><string name="delay" value="110"/><vector name="lt" x="-53" y="-91"/><vector name="rb" x="44" y="2"/><vector name="head" x="-17" y="-44"/></canvas><canvas name="9" width="95" height="92"><vector name="origin" x="51" y="92"/><int name="z" value="0"/><string name="delay" value="110"/><vector name="lt" x="-51" y="-92"/><vector name="rb" x="44" y="0"/><vector name="head" x="-17" y="-44"/></canvas><canvas name="10" width="98" height="92"><vector name="origin" x="54" y="92"/><int name="z" value="0"/><string name="delay" value="110"/><vector name="lt" x="-54" y="-92"/><vector name="rb" x="44" y="0"/><vector name="head" x="-17" y="-44"/></canvas><canvas name="11" width="88" height="92"><vector name="origin" x="44" y="92"/><int name="z" value="0"/><string name="delay" value="110"/><vector name="lt" x="-44" y="-92"/><vector name="rb" x="44" y="0"/><vector name="head" x="-17" y="-44"/></canvas><canvas name="12" width="88" height="92"><vector name="origin" x="44" y="92"/><int name="z" value="0"/><string name="delay" value="110"/><vector name="lt" x="-44" y="-92"/><vector name="rb" x="44" y="0"/><vector name="head" x="-17" y="-44"/></canvas><canvas name="13" width="88" height="92"><vector name="origin" x="44" y="92"/><int name="z" value="0"/><string name="delay" value="550"/><vector name="lt" x="-44" y="-92"/><vector name="rb" x="44" y="0"/><vector name="head" x="-17" y="-44"/></canvas></imgdir><imgdir name="attack2"><imgdir name="info"><imgdir name="range"><vector name="sp" x="-18" y="-23"/><int name="r" value="280"/></imgdir><imgdir name="hit"><canvas name="0" width="69" height="40"><vector name="origin" x="34" y="20"/><int name="z" value="0"/><string name="delay" value="120"/></canvas><canvas name="1" width="75" height="63"><vector name="origin" x="49" y="38"/><int name="z" value="0"/><string name="delay" value="120"/></canvas></imgdir><imgdir name="ball"><canvas name="0" width="47" height="20"><vector name="origin" x="30" y="13"/><int name="z" value="0"/></canvas><canvas name="1" width="47" height="20"><vector name="origin" x="30" y="12"/><int name="z" value="0"/></canvas><canvas name="2" width="47" height="20"><vector name="origin" x="30" y="13"/><int name="z" value="0"/></canvas><canvas name="3" width="47" height="20"><vector name="origin" x="30" y="12"/><int name="z" value="0"/></canvas><canvas name="4" width="47" height="20"><vector name="origin" x="30" y="13"/><int name="z" value="0"/></canvas></imgdir><int name="type" value="2"/><int name="conMP" value="2"/><int name="attackAfter" value="700"/><int name="magic" value="1"/></imgdir><canvas name="0" width="88" height="92"><vector name="origin" x="44" y="92"/><int name="z" value="0"/><string name="delay" value="110"/><vector name="lt" x="-44" y="-92"/><vector name="rb" x="44" y="0"/><vector name="head" x="-17" y="-44"/></canvas><canvas name="1" width="88" height="92"><vector name="origin" x="44" y="92"/><int name="z" value="0"/><string name="delay" value="110"/><vector name="lt" x="-44" y="-92"/><vector name="rb" x="44" y="0"/><vector name="head" x="-17" y="-44"/></canvas><canvas name="2" width="88" height="91"><vector name="origin" x="44" y="91"/><int name="z" value="0"/><string name="delay" value="110"/><vector name="lt" x="-44" y="-91"/><vector name="rb" x="44" y="0"/><vector name="head" x="-17" y="-44"/></canvas><canvas name="3" width="92" height="95"><vector name="origin" x="46" y="93"/><int name="z" value="0"/><string name="delay" value="55"/><vector name="lt" x="-46" y="-93"/><vector name="rb" x="46" y="2"/><vector name="head" x="-17" y="-44"/></canvas><canvas name="4" width="92" height="95"><vector name="origin" x="46" y="92"/><int name="z" value="0"/><string name="delay" value="110"/><vector name="lt" x="-46" y="-92"/><vector name="rb" x="46" y="3"/><vector name="head" x="-17" y="-44"/></canvas><canvas name="5" width="96" height="99"><vector name="origin" x="48" y="94"/><int name="z" value="0"/><string name="delay" value="110"/><vector name="lt" x="-48" y="-94"/><vector name="rb" x="48" y="5"/><vector name="head" x="-18" y="-44"/></canvas><canvas name="6" width="110" height="119"><vector name="origin" x="55" y="109"/><int name="z" value="0"/><string name="delay" value="110"/><vector name="lt" x="-55" y="-109"/><vector name="rb" x="55" y="10"/><vector name="head" x="-17" y="-48"/></canvas><canvas name="7" width="104" height="112"><vector name="origin" x="52" y="106"/><int name="z" value="0"/><string name="delay" value="110"/><vector name="lt" x="-52" y="-106"/><vector name="rb" x="52" y="6"/><vector name="head" x="-17" y="-48"/></canvas><canvas name="8" width="97" height="93"><vector name="origin" x="53" y="91"/><int name="z" value="0"/><string name="delay" value="110"/><vector name="lt" x="-53" y="-91"/><vector name="rb" x="44" y="2"/><vector name="head" x="-17" y="-44"/></canvas><canvas name="9" width="95" height="92"><vector name="origin" x="51" y="92"/><int name="z" value="0"/><string name="delay" value="110"/><vector name="lt" x="-51" y="-92"/><vector name="rb" x="44" y="0"/><vector name="head" x="-17" y="-44"/></canvas><canvas name="10" width="98" height="92"><vector name="origin" x="54" y="92"/><int name="z" value="0"/><string name="delay" value="110"/><vector name="lt" x="-54" y="-92"/><vector name="rb" x="44" y="0"/><vector name="head" x="-17" y="-44"/></canvas><canvas name="11" width="88" height="92"><vector name="origin" x="44" y="92"/><int name="z" value="0"/><string name="delay" value="110"/><vector name="lt" x="-44" y="-92"/><vector name="rb" x="44" y="0"/><vector name="head" x="-17" y="-44"/></canvas><canvas name="12" width="88" height="92"><vector name="origin" x="44" y="92"/><int name="z" value="0"/><string name="delay" value="110"/><vector name="lt" x="-44" y="-92"/><vector name="rb" x="44" y="0"/><vector name="head" x="-17" y="-44"/></canvas><canvas name="13" width="88" height="92"><vector name="origin" x="44" y="92"/><int name="z" value="0"/><string name="delay" value="550"/><vector name="lt" x="-44" y="-92"/><vector name="rb" x="44" y="0"/><vector name="head" x="-17" y="-44"/></canvas></imgdir><imgdir name="hit1"><canvas name="0" width="93" height="102"><vector name="origin" x="49" y="102"/><int name="z" value="0"/><vector name="lt" x="-49" y="-102"/><vector name="rb" x="44" y="0"/><vector name="head" x="-17" y="-48"/><string name="delay" value="500"/></canvas></imgdir><imgdir name="die1"><canvas name="0" width="93" height="102"><vector name="origin" x="49" y="102"/><int name="z" value="0"/><int name="delay" value="110"/><vector name="head" x="-18" y="-48"/></canvas><canvas name="1" width="90" height="97"><vector name="origin" x="40" y="97"/><int name="z" value="0"/><int name="delay" value="110"/><vector name="head" x="-13" y="-48"/></canvas><canvas name="2" width="90" height="97"><vector name="origin" x="40" y="97"/><int name="z" value="0"/><int name="delay" value="110"/><vector name="head" x="-11" y="-48"/></canvas><canvas name="3" width="97" height="104"><vector name="origin" x="36" y="104"/><int name="z" value="0"/><int name="delay" value="110"/><vector name="head" x="-9" y="-48"/></canvas><canvas name="4" width="90" height="97"><vector name="origin" x="34" y="97"/><int name="z" value="0"/><int name="delay" value="110"/><vector name="head" x="-7" y="-48"/><int name="a0" value="255"/><int name="a1" value="0"/></canvas></imgdir></imgdir>