<?xml version="1.0" encoding="UTF-8" standalone="yes"?><imgdir name="3400001.img"><imgdir name="info"><int name="bodyAttack" value="1"/><int name="level" value="36"/><int name="maxHP" value="1500"/><int name="maxMP" value="100"/><int name="speed" value="-20"/><int name="PADamage" value="112"/><int name="PDDamage" value="105"/><int name="MADamage" value="118"/><int name="MDDamage" value="118"/><int name="acc" value="95"/><int name="eva" value="16"/><int name="exp" value="85"/><int name="undead" value="0"/><int name="pushed" value="200"/><float name="fs" value="10.0"/><int name="summonType" value="1"/><string name="link" value="9410006"/><int name="category" value="8"/></imgdir></imgdir>