<?xml version="1.0" encoding="UTF-8" standalone="yes"?><imgdir name="4130103.img"><imgdir name="info"><int name="bodyAttack" value="1"/><int name="level" value="47"/><int name="maxHP" value="11000"/><int name="maxMP" value="220"/><int name="speed" value="-50"/><int name="PADamage" value="165"/><int name="PDDamage" value="165"/><int name="MADamage" value="185"/><int name="MDDamage" value="180"/><int name="acc" value="135"/><int name="eva" value="16"/><int name="exp" value="720"/><int name="undead" value="0"/><int name="pushed" value="1000"/><float name="fs" value="10.0"/><int name="summonType" value="1"/><int name="boss" value="1"/><int name="category" value="8"/></imgdir><imgdir name="move"><canvas name="0" width="160" height="169"><vector name="origin" x="81" y="169"/><vector name="lt" x="-79" y="-169"/><vector name="rb" x="79" y="0"/><vector name="head" x="-47" y="-98"/><int name="delay" value="120"/></canvas><canvas name="1" width="162" height="171"><vector name="origin" x="81" y="171"/><vector name="lt" x="-81" y="-171"/><vector name="rb" x="81" y="0"/><vector name="head" x="-48" y="-98"/><int name="delay" value="120"/></canvas><canvas name="2" width="166" height="172"><vector name="origin" x="81" y="171"/><vector name="lt" x="-81" y="-170"/><vector name="rb" x="85" y="1"/><vector name="head" x="-44" y="-95"/><int name="delay" value="120"/></canvas><canvas name="3" width="154" height="173"><vector name="origin" x="80" y="173"/><vector name="lt" x="-77" y="-172"/><vector name="rb" x="74" y="0"/><vector name="head" x="-46" y="-94"/><int name="delay" value="120"/></canvas><canvas name="4" width="146" height="169"><vector name="origin" x="82" y="169"/><vector name="lt" x="-71" y="-167"/><vector name="rb" x="64" y="0"/><vector name="head" x="-48" y="-94"/><int name="delay" value="120"/></canvas><canvas name="5" width="143" height="163"><vector name="origin" x="84" y="163"/><vector name="lt" x="-68" y="-161"/><vector name="rb" x="59" y="0"/><vector name="head" x="-49" y="-95"/><int name="delay" value="120"/></canvas><canvas name="6" width="139" height="169"><vector name="origin" x="87" y="169"/><vector name="lt" x="-71" y="-166"/><vector name="rb" x="52" y="0"/><vector name="head" x="-52" y="-98"/><int name="delay" value="120"/></canvas><canvas name="7" width="134" height="175"><vector name="origin" x="87" y="175"/><vector name="lt" x="-71" y="-172"/><vector name="rb" x="47" y="0"/><vector name="head" x="-52" y="-101"/><int name="delay" value="120"/></canvas><canvas name="8" width="139" height="180"><vector name="origin" x="88" y="180"/><vector name="lt" x="-72" y="-178"/><vector name="rb" x="51" y="0"/><vector name="head" x="-53" y="-104"/><int name="delay" value="120"/></canvas><canvas name="9" width="152" height="185"><vector name="origin" x="89" y="185"/><vector name="lt" x="-73" y="-183"/><vector name="rb" x="63" y="0"/><vector name="head" x="-54" y="-105"/><int name="delay" value="120"/></canvas><canvas name="10" width="154" height="179"><vector name="origin" x="87" y="179"/><vector name="lt" x="-73" y="-177"/><vector name="rb" x="67" y="0"/><vector name="head" x="-52" y="-104"/><int name="delay" value="120"/></canvas><canvas name="11" width="153" height="168"><vector name="origin" x="82" y="168"/><vector name="lt" x="-76" y="-166"/><vector name="rb" x="71" y="0"/><vector name="head" x="-47" y="-100"/><int name="delay" value="120"/></canvas></imgdir><imgdir name="stand"><canvas name="0" width="157" height="176"><vector name="origin" x="73" y="176"/><vector name="lt" x="-64" y="-173"/><vector name="rb" x="84" y="0"/><vector name="head" x="-38" y="-101"/><int name="delay" value="120"/></canvas><canvas name="1" width="156" height="175"><vector name="origin" x="73" y="175"/><vector name="lt" x="-63" y="-170"/><vector name="rb" x="83" y="0"/><vector name="head" x="-38" y="-103"/><int name="delay" value="120"/></canvas><canvas name="2" width="156" height="182"><vector name="origin" x="74" y="182"/><vector name="lt" x="-62" y="-178"/><vector name="rb" x="82" y="0"/><vector name="head" x="-39" y="-105"/><int name="delay" value="120"/></canvas><canvas name="3" width="155" height="195"><vector name="origin" x="75" y="195"/><vector name="lt" x="-61" y="-171"/><vector name="rb" x="80" y="0"/><vector name="head" x="-40" y="-107"/><int name="delay" value="120"/></canvas><canvas name="4" width="156" height="192"><vector name="origin" x="74" y="192"/><vector name="lt" x="-62" y="-179"/><vector name="rb" x="82" y="0"/><vector name="head" x="-39" y="-105"/><int name="delay" value="120"/></canvas><canvas name="5" width="156" height="186"><vector name="origin" x="73" y="186"/><vector name="lt" x="-63" y="-174"/><vector name="rb" x="83" y="0"/><vector name="head" x="-38" y="-103"/><int name="delay" value="120"/></canvas></imgdir><imgdir name="attack1"><imgdir name="info"><imgdir name="range"><vector name="lt" x="-250" y="-150"/><vector name="rb" x="250" y="0"/></imgdir><imgdir name="hit"><canvas name="0" width="104" height="83"><vector name="origin" x="50" y="61"/><int name="delay" value="100"/></canvas><canvas name="1" width="122" height="85"><vector name="origin" x="58" y="75"/><int name="delay" value="100"/><int name="a0" value="255"/><int name="a1" value="0"/><int name="z" value="1"/></canvas></imgdir><int name="type" value="0"/><int name="attackAfter" value="1125"/><int name="jumpAttack" value="1"/><int name="PADamage" value="185"/></imgdir><canvas name="0" width="160" height="174"><vector name="origin" x="81" y="174"/><vector name="lt" x="-78" y="-173"/><vector name="rb" x="75" y="0"/><vector name="head" x="-46" y="-96"/><int name="delay" value="125"/></canvas><canvas name="1" width="162" height="173"><vector name="origin" x="81" y="173"/><vector name="lt" x="-78" y="-173"/><vector name="rb" x="75" y="0"/><vector name="head" x="-45" y="-95"/><int name="delay" value="125"/></canvas><canvas name="2" width="168" height="172"><vector name="origin" x="79" y="172"/><vector name="lt" x="-78" y="-173"/><vector name="rb" x="75" y="0"/><vector name="head" x="-44" y="-94"/><int name="delay" value="125"/></canvas><canvas name="3" width="189" height="171"><vector name="origin" x="78" y="171"/><vector name="lt" x="-78" y="-173"/><vector name="rb" x="75" y="0"/><vector name="head" x="-42" y="-93"/><int name="delay" value="125"/></canvas><canvas name="4" width="208" height="169"><vector name="origin" x="77" y="169"/><vector name="lt" x="-78" y="-173"/><vector name="rb" x="75" y="0"/><vector name="head" x="-41" y="-91"/><int name="delay" value="125"/></canvas><canvas name="5" width="209" height="168"><vector name="origin" x="76" y="168"/><vector name="lt" x="-78" y="-173"/><vector name="rb" x="75" y="0"/><vector name="head" x="-41" y="-90"/><int name="delay" value="125"/></canvas><canvas name="6" width="209" height="168"><vector name="origin" x="76" y="168"/><vector name="lt" x="-78" y="-173"/><vector name="rb" x="75" y="0"/><vector name="head" x="-40" y="-90"/><int name="delay" value="125"/></canvas><canvas name="7" width="210" height="168"><vector name="origin" x="76" y="168"/><vector name="lt" x="-78" y="-173"/><vector name="rb" x="75" y="0"/><vector name="head" x="-41" y="-90"/><int name="delay" value="125"/></canvas><canvas name="8" width="217" height="182"><vector name="origin" x="120" y="166"/><vector name="lt" x="-80" y="-164"/><vector name="rb" x="52" y="0"/><vector name="head" x="-51" y="-88"/><int name="delay" value="125"/></canvas><canvas name="9" width="268" height="183"><vector name="origin" x="134" y="165"/><vector name="lt" x="-80" y="-164"/><vector name="rb" x="52" y="0"/><vector name="head" x="-51" y="-88"/><int name="delay" value="125"/></canvas><canvas name="10" width="254" height="185"><vector name="origin" x="141" y="165"/><vector name="lt" x="-80" y="-164"/><vector name="rb" x="52" y="0"/><vector name="head" x="-51" y="-88"/><int name="delay" value="125"/></canvas><canvas name="11" width="209" height="181"><vector name="origin" x="113" y="165"/><vector name="lt" x="-80" y="-164"/><vector name="rb" x="56" y="0"/><vector name="head" x="-53" y="-87"/><int name="delay" value="125"/></canvas><canvas name="12" width="209" height="180"><vector name="origin" x="114" y="165"/><vector name="lt" x="-80" y="-164"/><vector name="rb" x="56" y="0"/><vector name="head" x="-51" y="-87"/><int name="delay" value="125"/></canvas><canvas name="13" width="209" height="173"><vector name="origin" x="115" y="167"/><vector name="lt" x="-83" y="-167"/><vector name="rb" x="50" y="0"/><vector name="head" x="-50" y="-90"/><int name="delay" value="125"/></canvas><canvas name="14" width="143" height="173"><vector name="origin" x="84" y="170"/><vector name="lt" x="-81" y="-170"/><vector name="rb" x="56" y="0"/><vector name="head" x="-48" y="-92"/><int name="delay" value="125"/></canvas></imgdir><imgdir name="hit1"><canvas name="0" width="172" height="194"><vector name="origin" x="81" y="194"/><vector name="lt" x="-74" y="-188"/><vector name="rb" x="91" y="0"/><vector name="head" x="-35" y="-108"/><int name="delay" value="600"/></canvas></imgdir><imgdir name="die1"><canvas name="0" width="172" height="196"><vector name="origin" x="81" y="196"/><vector name="head" x="-35" y="-108"/><int name="delay" value="130"/></canvas><canvas name="1" width="170" height="198"><vector name="origin" x="79" y="198"/><vector name="head" x="-36" y="-110"/><int name="delay" value="130"/></canvas><canvas name="2" width="172" height="195"><vector name="origin" x="79" y="195"/><vector name="head" x="-34" y="-112"/><int name="delay" value="130"/></canvas><canvas name="3" width="178" height="191"><vector name="origin" x="77" y="191"/><vector name="head" x="-25" y="-109"/><int name="delay" value="130"/></canvas><canvas name="4" width="164" height="160"><vector name="origin" x="64" y="160"/><vector name="head" x="-13" y="-85"/><int name="delay" value="130"/></canvas><canvas name="5" width="148" height="158"><vector name="origin" x="59" y="158"/><vector name="head" x="-13" y="-84"/><int name="delay" value="130"/></canvas><canvas name="6" width="173" height="156"><vector name="origin" x="72" y="155"/><vector name="head" x="-13" y="-82"/><int name="delay" value="130"/></canvas><canvas name="7" width="166" height="148"><vector name="origin" x="69" y="147"/><vector name="head" x="-13" y="-79"/><int name="delay" value="130"/></canvas><canvas name="8" width="168" height="143"><vector name="origin" x="68" y="143"/><vector name="head" x="-13" y="-77"/><int name="delay" value="300"/><int name="a0" value="255"/><int name="a1" value="0"/></canvas></imgdir><imgdir name="skill1"><canvas name="0" width="160" height="176"><vector name="origin" x="81" y="176"/><vector name="lt" x="-78" y="-173"/><vector name="rb" x="75" y="0"/><vector name="head" x="-47" y="-98"/><int name="delay" value="90"/></canvas><canvas name="1" width="162" height="175"><vector name="origin" x="81" y="175"/><vector name="lt" x="-78" y="-173"/><vector name="rb" x="75" y="0"/><vector name="head" x="-47" y="-97"/><int name="delay" value="90"/></canvas><canvas name="2" width="156" height="174"><vector name="origin" x="80" y="174"/><vector name="lt" x="-78" y="-173"/><vector name="rb" x="75" y="0"/><vector name="head" x="-47" y="-96"/><int name="delay" value="90"/></canvas><canvas name="3" width="155" height="174"><vector name="origin" x="80" y="173"/><vector name="lt" x="-78" y="-173"/><vector name="rb" x="75" y="0"/><vector name="head" x="-47" y="-95"/><int name="delay" value="90"/></canvas><canvas name="4" width="155" height="174"><vector name="origin" x="80" y="174"/><vector name="lt" x="-78" y="-173"/><vector name="rb" x="75" y="0"/><vector name="head" x="-47" y="-96"/><int name="delay" value="90"/></canvas><canvas name="5" width="155" height="175"><vector name="origin" x="80" y="175"/><vector name="lt" x="-78" y="-173"/><vector name="rb" x="75" y="0"/><vector name="head" x="-47" y="-97"/><int name="delay" value="90"/></canvas><canvas name="6" width="155" height="174"><vector name="origin" x="80" y="174"/><vector name="lt" x="-78" y="-173"/><vector name="rb" x="75" y="0"/><vector name="head" x="-47" y="-96"/><int name="delay" value="90"/></canvas><canvas name="7" width="163" height="175"><vector name="origin" x="88" y="175"/><vector name="lt" x="-78" y="-173"/><vector name="rb" x="75" y="0"/><vector name="head" x="-47" y="-97"/><int name="delay" value="90"/></canvas><uol name="8" value="1"/><uol name="9" value="0"/></imgdir></imgdir>