<?xml version="1.0" encoding="UTF-8" standalone="yes"?><imgdir name="4230112.img"><imgdir name="info"><int name="bodyAttack" value="1"/><int name="level" value="44"/><int name="maxHP" value="2450"/><int name="maxMP" value="0"/><int name="speed" value="-30"/><int name="PADamage" value="140"/><int name="PDDamage" value="210"/><int name="MADamage" value="0"/><int name="MDDamage" value="195"/><int name="acc" value="115"/><int name="eva" value="18"/><int name="exp" value="105"/><int name="undead" value="0"/><int name="pushed" value="0"/><float name="fs" value="10.0"/><int name="summonType" value="1"/><int name="category" value="8"/></imgdir><imgdir name="move"><canvas name="0" width="73" height="86"><vector name="origin" x="36" y="86"/><vector name="lt" x="-32" y="-86"/><vector name="rb" x="33" y="0"/><vector name="head" x="-13" y="-64"/><int name="delay" value="110"/></canvas><canvas name="1" width="74" height="87"><vector name="origin" x="36" y="87"/><vector name="lt" x="-32" y="-87"/><vector name="rb" x="33" y="0"/><vector name="head" x="-13" y="-65"/><int name="delay" value="110"/></canvas><canvas name="2" width="75" height="88"><vector name="origin" x="36" y="88"/><vector name="lt" x="-32" y="-88"/><vector name="rb" x="33" y="0"/><vector name="head" x="-13" y="-66"/><int name="delay" value="110"/></canvas><canvas name="3" width="76" height="89"><vector name="origin" x="36" y="89"/><vector name="lt" x="-32" y="-89"/><vector name="rb" x="33" y="0"/><vector name="head" x="-13" y="-67"/><int name="delay" value="110"/></canvas><canvas name="4" width="77" height="89"><vector name="origin" x="36" y="89"/><vector name="lt" x="-32" y="-89"/><vector name="rb" x="33" y="0"/><vector name="head" x="-13" y="-66"/><int name="delay" value="110"/></canvas><canvas name="5" width="76" height="88"><vector name="origin" x="36" y="88"/><vector name="lt" x="-32" y="-88"/><vector name="rb" x="33" y="0"/><vector name="head" x="-13" y="-65"/><int name="delay" value="110"/></canvas><canvas name="6" width="75" height="86"><vector name="origin" x="36" y="86"/><vector name="lt" x="-32" y="-86"/><vector name="rb" x="33" y="0"/><vector name="head" x="-13" y="-64"/><int name="delay" value="110"/></canvas><canvas name="7" width="74" height="85"><vector name="origin" x="36" y="85"/><vector name="lt" x="-32" y="-85"/><vector name="rb" x="33" y="0"/><vector name="head" x="-13" y="-63"/><int name="delay" value="110"/></canvas></imgdir><imgdir name="stand"><canvas name="0" width="73" height="86"><vector name="origin" x="36" y="86"/><vector name="lt" x="-32" y="-86"/><vector name="rb" x="33" y="0"/><vector name="head" x="-14" y="-64"/><int name="delay" value="110"/></canvas><canvas name="1" width="80" height="88"><vector name="origin" x="40" y="88"/><vector name="lt" x="-32" y="-88"/><vector name="rb" x="33" y="0"/><vector name="head" x="0" y="-66"/><int name="delay" value="110"/></canvas><canvas name="2" width="75" height="90"><vector name="origin" x="36" y="90"/><vector name="lt" x="-32" y="-90"/><vector name="rb" x="33" y="0"/><vector name="head" x="11" y="-68"/><int name="delay" value="110"/></canvas><canvas name="3" width="73" height="92"><vector name="origin" x="36" y="92"/><vector name="lt" x="-32" y="-92"/><vector name="rb" x="33" y="0"/><vector name="head" x="16" y="-70"/><int name="delay" value="110"/></canvas><canvas name="4" width="69" height="94"><vector name="origin" x="36" y="94"/><vector name="lt" x="-32" y="-94"/><vector name="rb" x="33" y="0"/><vector name="head" x="24" y="-72"/><int name="delay" value="110"/></canvas><canvas name="5" width="73" height="92"><vector name="origin" x="36" y="92"/><vector name="lt" x="-32" y="-92"/><vector name="rb" x="33" y="0"/><vector name="head" x="5" y="-69"/><int name="delay" value="110"/></canvas><canvas name="6" width="80" height="90"><vector name="origin" x="40" y="90"/><vector name="lt" x="-32" y="-90"/><vector name="rb" x="33" y="0"/><vector name="head" x="0" y="-66"/><int name="delay" value="110"/></canvas><canvas name="7" width="73" height="88"><vector name="origin" x="36" y="88"/><vector name="lt" x="-32" y="-88"/><vector name="rb" x="33" y="0"/><vector name="head" x="-18" y="-66"/><int name="delay" value="110"/></canvas><uol name="8" value="0"/><canvas name="9" width="73" height="85"><vector name="origin" x="36" y="85"/><vector name="lt" x="-32" y="-85"/><vector name="rb" x="33" y="0"/><vector name="head" x="-14" y="-63"/><int name="delay" value="110"/></canvas><canvas name="10" width="75" height="84"><vector name="origin" x="36" y="84"/><vector name="lt" x="-32" y="-84"/><vector name="rb" x="33" y="0"/><vector name="head" x="-14" y="-62"/><int name="delay" value="110"/></canvas><canvas name="11" width="73" height="85"><vector name="origin" x="36" y="85"/><vector name="lt" x="-32" y="-85"/><vector name="rb" x="33" y="0"/><vector name="head" x="-14" y="-63"/><int name="delay" value="110"/></canvas><uol name="12" value="0"/><canvas name="13" width="73" height="87"><vector name="origin" x="36" y="87"/><vector name="lt" x="-32" y="-87"/><vector name="rb" x="33" y="0"/><vector name="head" x="-14" y="-65"/><int name="delay" value="110"/></canvas><canvas name="14" width="75" height="88"><vector name="origin" x="36" y="88"/><vector name="lt" x="-32" y="-88"/><vector name="rb" x="33" y="0"/><vector name="head" x="-14" y="-66"/><int name="delay" value="110"/></canvas><canvas name="15" width="73" height="87"><vector name="origin" x="36" y="87"/><vector name="lt" x="-32" y="-87"/><vector name="rb" x="33" y="0"/><vector name="head" x="-14" y="-65"/><int name="delay" value="110"/></canvas><uol name="16" value="0"/><uol name="17" value="9"/><uol name="18" value="10"/><uol name="19" value="11"/><uol name="20" value="0"/><uol name="21" value="13"/><uol name="22" value="14"/><canvas name="23" width="75" height="87"><vector name="origin" x="37" y="87"/><vector name="lt" x="-32" y="-87"/><vector name="rb" x="33" y="0"/><vector name="head" x="-14" y="-65"/><int name="delay" value="110"/></canvas><canvas name="24" width="76" height="87"><vector name="origin" x="38" y="87"/><vector name="lt" x="-32" y="-87"/><vector name="rb" x="33" y="0"/><vector name="head" x="-14" y="-64"/><int name="delay" value="110"/></canvas><canvas name="25" width="79" height="89"><vector name="origin" x="40" y="89"/><vector name="lt" x="-32" y="-89"/><vector name="rb" x="33" y="0"/><vector name="head" x="-14" y="-63"/><int name="delay" value="110"/></canvas><canvas name="26" width="75" height="84"><vector name="origin" x="36" y="84"/><vector name="lt" x="-32" y="-84"/><vector name="rb" x="33" y="0"/><vector name="head" x="-14" y="-62"/><int name="delay" value="110"/></canvas></imgdir><imgdir name="hit1"><canvas name="0" width="84" height="90"><vector name="origin" x="44" y="90"/><vector name="lt" x="-36" y="-90"/><vector name="rb" x="37" y="0"/><vector name="head" x="-13" y="-68"/><int name="delay" value="600"/></canvas></imgdir><imgdir name="die1"><canvas name="0" width="84" height="90"><vector name="origin" x="44" y="90"/><vector name="head" x="-13" y="-68"/><int name="delay" value="120"/></canvas><canvas name="1" width="88" height="90"><vector name="origin" x="44" y="90"/><vector name="head" x="-9" y="-68"/><int name="delay" value="120"/></canvas><canvas name="2" width="90" height="90"><vector name="origin" x="41" y="90"/><vector name="head" x="-4" y="-68"/><int name="delay" value="120"/></canvas><canvas name="3" width="90" height="88"><vector name="origin" x="39" y="88"/><vector name="head" x="-1" y="-66"/><int name="delay" value="120"/></canvas><canvas name="4" width="92" height="87"><vector name="origin" x="34" y="87"/><vector name="head" x="6" y="-58"/><int name="delay" value="130"/></canvas><canvas name="5" width="93" height="84"><vector name="origin" x="32" y="84"/><vector name="head" x="9" y="-54"/><int name="delay" value="140"/></canvas><canvas name="6" width="96" height="83"><vector name="origin" x="32" y="83"/><vector name="head" x="13" y="-51"/><int name="delay" value="150"/><int name="a0" value="255"/><int name="a1" value="0"/></canvas></imgdir></imgdir>