<?xml version="1.0" encoding="UTF-8" standalone="yes"?><imgdir name="4230119.img"><imgdir name="info"><int name="bodyAttack" value="1"/><int name="level" value="41"/><int name="maxHP" value="2080"/><int name="maxMP" value="150"/><int name="speed" value="-40"/><int name="PADamage" value="130"/><int name="PDDamage" value="120"/><int name="MADamage" value="135"/><int name="MDDamage" value="120"/><int name="acc" value="160"/><int name="eva" value="16"/><int name="exp" value="99"/><int name="undead" value="0"/><int name="pushed" value="0"/><float name="fs" value="10.0"/><int name="summonType" value="1"/><int name="category" value="5"/></imgdir><imgdir name="move"><canvas name="0" width="76" height="56"><vector name="origin" x="46" y="56"/><vector name="lt" x="-24" y="-48"/><vector name="rb" x="27" y="0"/><vector name="head" x="-5" y="-36"/><int name="delay" value="100"/></canvas><canvas name="1" width="76" height="54"><vector name="origin" x="45" y="54"/><vector name="lt" x="-24" y="-48"/><vector name="rb" x="27" y="0"/><vector name="head" x="-5" y="-36"/><int name="delay" value="100"/></canvas><canvas name="2" width="75" height="54"><vector name="origin" x="44" y="54"/><vector name="lt" x="-24" y="-48"/><vector name="rb" x="27" y="0"/><vector name="head" x="-5" y="-37"/><int name="delay" value="100"/></canvas><canvas name="3" width="75" height="54"><vector name="origin" x="43" y="54"/><vector name="lt" x="-24" y="-48"/><vector name="rb" x="27" y="0"/><vector name="head" x="-5" y="-37"/><int name="delay" value="100"/></canvas><canvas name="4" width="74" height="55"><vector name="origin" x="42" y="55"/><vector name="lt" x="-24" y="-48"/><vector name="rb" x="27" y="0"/><vector name="head" x="-5" y="-37"/><int name="delay" value="100"/></canvas><canvas name="5" width="77" height="57"><vector name="origin" x="45" y="57"/><vector name="lt" x="-24" y="-48"/><vector name="rb" x="27" y="0"/><vector name="head" x="-5" y="-36"/><int name="delay" value="100"/></canvas><canvas name="6" width="78" height="51"><vector name="origin" x="47" y="51"/><vector name="lt" x="-24" y="-48"/><vector name="rb" x="27" y="0"/><vector name="head" x="-5" y="-35"/><int name="delay" value="100"/></canvas></imgdir><imgdir name="stand"><canvas name="0" width="76" height="55"><vector name="origin" x="46" y="55"/><vector name="lt" x="-24" y="-48"/><vector name="rb" x="27" y="0"/><vector name="head" x="-5" y="-35"/><int name="delay" value="100"/></canvas><canvas name="1" width="76" height="53"><vector name="origin" x="45" y="53"/><vector name="lt" x="-24" y="-48"/><vector name="rb" x="27" y="0"/><vector name="head" x="-5" y="-35"/><int name="delay" value="100"/></canvas><canvas name="2" width="75" height="52"><vector name="origin" x="44" y="52"/><vector name="lt" x="-24" y="-48"/><vector name="rb" x="27" y="0"/><vector name="head" x="-5" y="-36"/><int name="delay" value="100"/></canvas><canvas name="3" width="75" height="53"><vector name="origin" x="43" y="53"/><vector name="lt" x="-24" y="-48"/><vector name="rb" x="27" y="0"/><vector name="head" x="-5" y="-36"/><int name="delay" value="100"/></canvas><canvas name="4" width="61" height="53"><vector name="origin" x="29" y="53"/><vector name="lt" x="-24" y="-48"/><vector name="rb" x="27" y="0"/><vector name="head" x="-5" y="-36"/><int name="delay" value="100"/></canvas><canvas name="5" width="61" height="56"><vector name="origin" x="29" y="56"/><vector name="lt" x="-24" y="-48"/><vector name="rb" x="27" y="0"/><vector name="head" x="-5" y="-35"/><int name="delay" value="100"/></canvas><canvas name="6" width="59" height="50"><vector name="origin" x="28" y="50"/><vector name="lt" x="-24" y="-48"/><vector name="rb" x="27" y="0"/><vector name="head" x="-5" y="-34"/><int name="delay" value="100"/></canvas><canvas name="7" width="57" height="55"><vector name="origin" x="27" y="55"/><vector name="lt" x="-24" y="-48"/><vector name="rb" x="27" y="0"/><vector name="head" x="-5" y="-35"/><int name="delay" value="100"/></canvas><canvas name="8" width="59" height="53"><vector name="origin" x="28" y="53"/><vector name="lt" x="-24" y="-48"/><vector name="rb" x="27" y="0"/><vector name="head" x="-5" y="-35"/><int name="delay" value="100"/></canvas><canvas name="9" width="59" height="52"><vector name="origin" x="28" y="52"/><vector name="lt" x="-24" y="-48"/><vector name="rb" x="27" y="0"/><vector name="head" x="-5" y="-36"/><int name="delay" value="100"/></canvas><canvas name="10" width="61" height="53"><vector name="origin" x="29" y="53"/><vector name="lt" x="-24" y="-48"/><vector name="rb" x="27" y="0"/><vector name="head" x="-5" y="-36"/><int name="delay" value="100"/></canvas><canvas name="11" width="61" height="52"><vector name="origin" x="29" y="52"/><vector name="lt" x="-24" y="-48"/><vector name="rb" x="27" y="0"/><vector name="head" x="-5" y="-36"/><int name="delay" value="100"/></canvas><canvas name="12" width="61" height="56"><vector name="origin" x="29" y="56"/><vector name="lt" x="-24" y="-48"/><vector name="rb" x="27" y="0"/><vector name="head" x="-5" y="-35"/><int name="delay" value="100"/></canvas><canvas name="13" width="76" height="50"><vector name="origin" x="45" y="50"/><vector name="lt" x="-24" y="-48"/><vector name="rb" x="27" y="0"/><vector name="head" x="-5" y="-34"/><int name="delay" value="100"/></canvas><canvas name="14" width="76" height="55"><vector name="origin" x="46" y="55"/><vector name="lt" x="-24" y="-48"/><vector name="rb" x="27" y="0"/><vector name="head" x="-5" y="-35"/><int name="delay" value="100"/></canvas><canvas name="15" width="76" height="53"><vector name="origin" x="45" y="53"/><vector name="lt" x="-24" y="-48"/><vector name="rb" x="27" y="0"/><vector name="head" x="-5" y="-35"/><int name="delay" value="100"/></canvas><canvas name="16" width="75" height="52"><vector name="origin" x="44" y="52"/><vector name="lt" x="-24" y="-48"/><vector name="rb" x="27" y="0"/><vector name="head" x="-5" y="-36"/><int name="delay" value="100"/></canvas><canvas name="17" width="75" height="53"><vector name="origin" x="43" y="53"/><vector name="lt" x="-24" y="-48"/><vector name="rb" x="27" y="0"/><vector name="head" x="-5" y="-36"/><int name="delay" value="100"/></canvas><canvas name="18" width="74" height="53"><vector name="origin" x="42" y="53"/><vector name="lt" x="-24" y="-48"/><vector name="rb" x="27" y="0"/><vector name="head" x="-5" y="-36"/><int name="delay" value="100"/></canvas><canvas name="19" width="77" height="56"><vector name="origin" x="45" y="56"/><vector name="lt" x="-24" y="-48"/><vector name="rb" x="27" y="0"/><vector name="head" x="-5" y="-35"/><int name="delay" value="100"/></canvas><canvas name="20" width="78" height="50"><vector name="origin" x="47" y="50"/><vector name="lt" x="-24" y="-48"/><vector name="rb" x="27" y="0"/><vector name="head" x="-5" y="-34"/><int name="delay" value="100"/></canvas></imgdir><imgdir name="jump"><canvas name="0" width="79" height="67"><vector name="origin" x="42" y="61"/><vector name="lt" x="-27" y="-54"/><vector name="rb" x="29" y="0"/><vector name="head" x="-5" y="-41"/></canvas></imgdir><imgdir name="attack1"><imgdir name="info"><imgdir name="range"><vector name="sp" x="-39" y="-22"/><int name="r" value="280"/></imgdir><imgdir name="effect"><canvas name="0" width="71" height="67"><vector name="origin" x="78" y="48"/><int name="delay" value="100"/></canvas><canvas name="1" width="71" height="65"><vector name="origin" x="77" y="49"/><int name="delay" value="100"/></canvas><canvas name="2" width="71" height="63"><vector name="origin" x="76" y="48"/><int name="delay" value="100"/></canvas><canvas name="3" width="51" height="48"><vector name="origin" x="63" y="43"/><int name="delay" value="100"/></canvas><canvas name="4" width="24" height="29"><vector name="origin" x="53" y="36"/><int name="delay" value="100"/></canvas><canvas name="5" width="25" height="31"><vector name="origin" x="54" y="36"/><int name="delay" value="100"/></canvas><canvas name="6" width="26" height="35"><vector name="origin" x="56" y="38"/><int name="delay" value="100"/></canvas></imgdir><imgdir name="ball"><canvas name="0" width="31" height="30"><vector name="origin" x="15" y="15"/></canvas><int name="rotatePeriod" value="200"/></imgdir><imgdir name="hit"><canvas name="0" width="83" height="91"><vector name="origin" x="38" y="64"/><int name="delay" value="130"/></canvas><canvas name="1" width="110" height="113"><vector name="origin" x="50" y="70"/><int name="delay" value="130"/><int name="a0" value="255"/><int name="a1" value="0"/></canvas></imgdir><int name="type" value="2"/><int name="conMP" value="2"/><int name="effectAfter" value="0"/><int name="attackAfter" value="500"/><int name="magic" value="1"/></imgdir><canvas name="0" width="76" height="56"><vector name="origin" x="46" y="56"/><vector name="lt" x="-24" y="-48"/><vector name="rb" x="27" y="0"/><vector name="head" x="-5" y="-36"/><int name="delay" value="100"/></canvas><canvas name="1" width="76" height="54"><vector name="origin" x="45" y="54"/><vector name="lt" x="-24" y="-48"/><vector name="rb" x="27" y="0"/><vector name="head" x="-5" y="-36"/><int name="delay" value="100"/></canvas><canvas name="2" width="75" height="54"><vector name="origin" x="44" y="54"/><vector name="lt" x="-24" y="-48"/><vector name="rb" x="27" y="0"/><vector name="head" x="-5" y="-37"/><int name="delay" value="100"/></canvas><canvas name="3" width="75" height="54"><vector name="origin" x="43" y="54"/><vector name="lt" x="-24" y="-49"/><vector name="rb" x="27" y="0"/><vector name="head" x="-5" y="-37"/><int name="delay" value="100"/></canvas><canvas name="4" width="74" height="55"><vector name="origin" x="42" y="55"/><vector name="lt" x="-24" y="-48"/><vector name="rb" x="27" y="0"/><vector name="head" x="-5" y="-37"/><int name="delay" value="100"/></canvas><canvas name="5" width="77" height="57"><vector name="origin" x="45" y="57"/><vector name="lt" x="-24" y="-48"/><vector name="rb" x="27" y="0"/><vector name="head" x="-5" y="-36"/><int name="delay" value="100"/></canvas><canvas name="6" width="78" height="51"><vector name="origin" x="47" y="51"/><vector name="lt" x="-24" y="-48"/><vector name="rb" x="27" y="0"/><vector name="head" x="-5" y="-35"/><int name="delay" value="100"/></canvas><uol name="7" value="0"/><uol name="8" value="1"/><uol name="9" value="2"/><uol name="10" value="3"/><uol name="11" value="4"/><uol name="12" value="5"/><uol name="13" value="6"/></imgdir><imgdir name="hit1"><canvas name="0" width="82" height="64"><vector name="origin" x="45" y="64"/><vector name="lt" x="-27" y="-52"/><vector name="rb" x="30" y="0"/><vector name="head" x="-5" y="-40"/><int name="delay" value="600"/></canvas></imgdir><imgdir name="die1"><canvas name="0" width="81" height="121"><vector name="origin" x="45" y="121"/><vector name="head" x="-5" y="-40"/><int name="delay" value="90"/></canvas><canvas name="1" width="81" height="113"><vector name="origin" x="45" y="113"/><vector name="head" x="-5" y="-40"/><int name="delay" value="90"/></canvas><canvas name="2" width="81" height="113"><vector name="origin" x="45" y="113"/><vector name="head" x="-5" y="-36"/><int name="delay" value="90"/></canvas><canvas name="3" width="80" height="115"><vector name="origin" x="45" y="114"/><vector name="head" x="-5" y="-36"/><int name="delay" value="90"/></canvas><canvas name="4" width="71" height="112"><vector name="origin" x="38" y="112"/><int name="delay" value="90"/></canvas><canvas name="5" width="71" height="108"><vector name="origin" x="38" y="110"/><int name="delay" value="90"/></canvas><canvas name="6" width="71" height="103"><vector name="origin" x="38" y="109"/><int name="delay" value="90"/></canvas><canvas name="7" width="71" height="94"><vector name="origin" x="38" y="108"/><int name="delay" value="90"/></canvas><canvas name="8" width="71" height="66"><vector name="origin" x="38" y="108"/><int name="delay" value="90"/></canvas><canvas name="9" width="57" height="47"><vector name="origin" x="31" y="105"/><int name="delay" value="90"/></canvas><canvas name="10" width="46" height="38"><vector name="origin" x="26" y="102"/><int name="delay" value="90"/></canvas><canvas name="11" width="41" height="40"><vector name="origin" x="24" y="102"/><int name="delay" value="90"/></canvas><canvas name="12" width="41" height="40"><vector name="origin" x="24" y="102"/><int name="delay" value="90"/></canvas><canvas name="13" width="41" height="40"><vector name="origin" x="24" y="102"/><int name="delay" value="90"/></canvas><canvas name="14" width="41" height="40"><vector name="origin" x="24" y="102"/><int name="delay" value="90"/></canvas></imgdir></imgdir>