<?xml version="1.0" encoding="UTF-8" standalone="yes"?><imgdir name="4230121.img"><imgdir name="info"><int name="bodyAttack" value="1"/><int name="level" value="46"/><int name="maxHP" value="2600"/><int name="maxMP" value="170"/><int name="speed" value="-50"/><int name="PADamage" value="135"/><int name="PDDamage" value="160"/><int name="MADamage" value="158"/><int name="MDDamage" value="210"/><int name="acc" value="180"/><int name="eva" value="20"/><int name="exp" value="110"/><int name="undead" value="0"/><int name="pushed" value="300"/><float name="fs" value="10.0"/><int name="summonType" value="1"/><int name="category" value="5"/></imgdir><imgdir name="move"><canvas name="0" width="81" height="90"><vector name="origin" x="40" y="90"/><vector name="lt" x="-32" y="-80"/><vector name="rb" x="38" y="0"/><vector name="head" x="-2" y="-70"/><int name="delay" value="120"/></canvas><canvas name="1" width="81" height="89"><vector name="origin" x="42" y="89"/><vector name="lt" x="-32" y="-82"/><vector name="rb" x="37" y="0"/><vector name="head" x="-2" y="-71"/><int name="delay" value="120"/></canvas><canvas name="2" width="81" height="89"><vector name="origin" x="43" y="89"/><vector name="lt" x="-32" y="-83"/><vector name="rb" x="35" y="0"/><vector name="head" x="-2" y="-72"/><int name="delay" value="120"/></canvas><canvas name="3" width="81" height="89"><vector name="origin" x="44" y="89"/><vector name="lt" x="-32" y="-84"/><vector name="rb" x="34" y="0"/><vector name="head" x="-5" y="-72"/><int name="delay" value="120"/></canvas><canvas name="4" width="81" height="90"><vector name="origin" x="43" y="90"/><vector name="lt" x="-32" y="-82"/><vector name="rb" x="34" y="0"/><vector name="head" x="-5" y="-72"/><int name="delay" value="120"/></canvas><canvas name="5" width="81" height="92"><vector name="origin" x="41" y="92"/><vector name="lt" x="-32" y="-81"/><vector name="rb" x="37" y="0"/><vector name="head" x="-6" y="-71"/><int name="delay" value="120"/></canvas><canvas name="6" width="81" height="88"><vector name="origin" x="39" y="88"/><vector name="lt" x="-32" y="-80"/><vector name="rb" x="38" y="0"/><vector name="head" x="-5" y="-70"/><int name="delay" value="120"/></canvas><canvas name="7" width="81" height="84"><vector name="origin" x="39" y="84"/><vector name="lt" x="-32" y="-78"/><vector name="rb" x="38" y="0"/><vector name="head" x="-4" y="-68"/><int name="delay" value="120"/></canvas></imgdir><imgdir name="stand"><canvas name="0" width="81" height="88"><vector name="origin" x="40" y="88"/><vector name="lt" x="-32" y="-80"/><vector name="rb" x="38" y="0"/><vector name="head" x="-5" y="-68"/><int name="delay" value="110"/></canvas><canvas name="1" width="81" height="86"><vector name="origin" x="41" y="86"/><vector name="lt" x="-32" y="-80"/><vector name="rb" x="38" y="0"/><vector name="head" x="-4" y="-68"/><int name="delay" value="110"/></canvas><canvas name="2" width="81" height="85"><vector name="origin" x="42" y="85"/><vector name="lt" x="-32" y="-80"/><vector name="rb" x="38" y="0"/><vector name="head" x="-5" y="-69"/><int name="delay" value="110"/></canvas><canvas name="3" width="81" height="86"><vector name="origin" x="43" y="86"/><vector name="lt" x="-32" y="-81"/><vector name="rb" x="36" y="0"/><vector name="head" x="-5" y="-69"/><int name="delay" value="110"/></canvas><canvas name="4" width="81" height="85"><vector name="origin" x="43" y="85"/><vector name="lt" x="-32" y="-79"/><vector name="rb" x="36" y="0"/><vector name="head" x="-5" y="-69"/><int name="delay" value="110"/></canvas><canvas name="5" width="81" height="88"><vector name="origin" x="42" y="88"/><vector name="lt" x="-32" y="-77"/><vector name="rb" x="36" y="0"/><vector name="head" x="-6" y="-67"/><int name="delay" value="110"/></canvas><canvas name="6" width="81" height="83"><vector name="origin" x="40" y="83"/><vector name="lt" x="-32" y="-75"/><vector name="rb" x="38" y="0"/><vector name="head" x="-6" y="-65"/><int name="delay" value="110"/></canvas><canvas name="7" width="81" height="81"><vector name="origin" x="40" y="81"/><vector name="lt" x="-32" y="-76"/><vector name="rb" x="38" y="0"/><vector name="head" x="-6" y="-66"/><int name="delay" value="110"/></canvas><canvas name="8" width="81" height="88"><vector name="origin" x="41" y="88"/><vector name="lt" x="-32" y="-78"/><vector name="rb" x="38" y="0"/><vector name="head" x="-6" y="-68"/><int name="delay" value="110"/></canvas><canvas name="9" width="81" height="86"><vector name="origin" x="42" y="86"/><vector name="lt" x="-32" y="-79"/><vector name="rb" x="37" y="0"/><vector name="head" x="-5" y="-68"/><int name="delay" value="110"/></canvas><canvas name="10" width="81" height="85"><vector name="origin" x="42" y="85"/><vector name="lt" x="-32" y="-80"/><vector name="rb" x="38" y="0"/><vector name="head" x="-5" y="-69"/><int name="delay" value="110"/></canvas><canvas name="11" width="81" height="86"><vector name="origin" x="43" y="86"/><vector name="lt" x="-32" y="-81"/><vector name="rb" x="35" y="0"/><vector name="head" x="-5" y="-69"/><int name="delay" value="110"/></canvas><canvas name="12" width="81" height="85"><vector name="origin" x="43" y="85"/><vector name="lt" x="-32" y="-79"/><vector name="rb" x="35" y="0"/><vector name="head" x="-5" y="-69"/><int name="delay" value="110"/></canvas><canvas name="13" width="81" height="88"><vector name="origin" x="42" y="88"/><vector name="lt" x="-32" y="-77"/><vector name="rb" x="37" y="0"/><vector name="head" x="-6" y="-67"/><int name="delay" value="110"/></canvas><canvas name="14" width="81" height="83"><vector name="origin" x="40" y="83"/><vector name="lt" x="-32" y="-75"/><vector name="rb" x="38" y="0"/><vector name="head" x="-6" y="-65"/><int name="delay" value="110"/></canvas><canvas name="15" width="81" height="81"><vector name="origin" x="39" y="81"/><vector name="lt" x="-32" y="-76"/><vector name="rb" x="38" y="0"/><vector name="head" x="-5" y="-66"/><int name="delay" value="110"/></canvas></imgdir><imgdir name="jump"><canvas name="0" width="81" height="99"><vector name="origin" x="40" y="91"/><vector name="lt" x="-31" y="-80"/><vector name="rb" x="38" y="0"/><vector name="head" x="-5" y="-70"/></canvas></imgdir><imgdir name="attack1"><imgdir name="info"><imgdir name="range"><vector name="lt" x="-220" y="-110"/><vector name="rb" x="0" y="0"/></imgdir><imgdir name="effect"><canvas name="0" width="68" height="26"><vector name="origin" x="45" y="48"/><int name="delay" value="120"/></canvas><canvas name="1" width="67" height="25"><vector name="origin" x="45" y="47"/><int name="delay" value="120"/></canvas><canvas name="2" width="64" height="23"><vector name="origin" x="46" y="48"/><int name="delay" value="120"/></canvas><canvas name="3" width="69" height="26"><vector name="origin" x="48" y="48"/><int name="delay" value="120"/></canvas><canvas name="4" width="76" height="25"><vector name="origin" x="51" y="50"/><int name="delay" value="120"/></canvas><canvas name="5" width="88" height="25"><vector name="origin" x="52" y="50"/><int name="delay" value="120"/></canvas><canvas name="6" width="100" height="12"><vector name="origin" x="57" y="42"/><int name="delay" value="120"/></canvas><canvas name="7" width="122" height="4"><vector name="origin" x="65" y="38"/><int name="delay" value="120"/></canvas></imgdir><imgdir name="hit"><canvas name="0" width="78" height="75"><vector name="origin" x="39" y="59"/><int name="delay" value="100"/></canvas><canvas name="1" width="73" height="74"><vector name="origin" x="38" y="59"/><int name="delay" value="100"/></canvas><canvas name="2" width="76" height="68"><vector name="origin" x="40" y="55"/><int name="delay" value="100"/></canvas><uol name="3" value="0"/><uol name="4" value="1"/><uol name="5" value="2"/><int name="attach" value="1"/></imgdir><int name="type" value="0"/><int name="conMP" value="2"/><int name="effectAfter" value="0"/><int name="attackAfter" value="840"/><int name="magic" value="1"/></imgdir><canvas name="0" width="81" height="88"><vector name="origin" x="40" y="88"/><vector name="lt" x="-29" y="-78"/><vector name="rb" x="39" y="0"/><vector name="head" x="-5" y="-68"/><int name="delay" value="120"/></canvas><canvas name="1" width="81" height="86"><vector name="origin" x="41" y="86"/><vector name="lt" x="-29" y="-79"/><vector name="rb" x="37" y="0"/><vector name="head" x="-5" y="-68"/><int name="delay" value="120"/></canvas><canvas name="2" width="81" height="85"><vector name="origin" x="41" y="85"/><vector name="lt" x="-29" y="-80"/><vector name="rb" x="38" y="0"/><vector name="head" x="-4" y="-69"/><int name="delay" value="120"/></canvas><canvas name="3" width="81" height="86"><vector name="origin" x="42" y="86"/><vector name="lt" x="-29" y="-81"/><vector name="rb" x="36" y="0"/><vector name="head" x="-4" y="-69"/><int name="delay" value="120"/></canvas><canvas name="4" width="81" height="85"><vector name="origin" x="42" y="85"/><vector name="lt" x="-29" y="-79"/><vector name="rb" x="36" y="0"/><vector name="head" x="-5" y="-69"/><int name="delay" value="120"/></canvas><canvas name="5" width="81" height="88"><vector name="origin" x="41" y="88"/><vector name="lt" x="-29" y="-77"/><vector name="rb" x="37" y="0"/><vector name="head" x="-5" y="-67"/><int name="delay" value="120"/></canvas><canvas name="6" width="81" height="83"><vector name="origin" x="39" y="83"/><vector name="lt" x="-29" y="-75"/><vector name="rb" x="39" y="0"/><vector name="head" x="-5" y="-65"/><int name="delay" value="120"/></canvas><canvas name="7" width="81" height="81"><vector name="origin" x="38" y="81"/><vector name="lt" x="-29" y="-76"/><vector name="rb" x="40" y="0"/><vector name="head" x="-4" y="-66"/><int name="delay" value="120"/></canvas><uol name="8" value="0"/><uol name="9" value="1"/><uol name="10" value="2"/><uol name="11" value="3"/><uol name="12" value="4"/><uol name="13" value="5"/><uol name="14" value="6"/><uol name="15" value="7"/></imgdir><imgdir name="hit1"><canvas name="0" width="81" height="93"><vector name="origin" x="40" y="93"/><vector name="lt" x="-30" y="-81"/><vector name="rb" x="38" y="0"/><vector name="head" x="-5" y="-69"/><int name="delay" value="600"/></canvas></imgdir><imgdir name="die1"><canvas name="0" width="81" height="93"><vector name="origin" x="40" y="93"/><vector name="head" x="-5" y="-69"/><int name="delay" value="120"/></canvas><canvas name="1" width="81" height="93"><vector name="origin" x="39" y="93"/><vector name="head" x="-3" y="-69"/><int name="delay" value="120"/></canvas><canvas name="2" width="81" height="93"><vector name="origin" x="38" y="93"/><vector name="head" x="-1" y="-69"/><int name="delay" value="120"/></canvas><canvas name="3" width="81" height="91"><vector name="origin" x="38" y="91"/><vector name="head" x="-1" y="-67"/><int name="delay" value="120"/></canvas><canvas name="4" width="81" height="89"><vector name="origin" x="38" y="89"/><vector name="head" x="-1" y="-65"/><int name="delay" value="120"/></canvas><canvas name="5" width="81" height="87"><vector name="origin" x="38" y="87"/><vector name="head" x="-1" y="-63"/><int name="delay" value="120"/></canvas><canvas name="6" width="81" height="85"><vector name="origin" x="38" y="85"/><vector name="head" x="-1" y="-61"/><int name="delay" value="300"/><int name="a0" value="255"/><int name="a1" value="0"/></canvas></imgdir></imgdir>