<?xml version="1.0" encoding="UTF-8" standalone="yes"?><imgdir name="4230110.img"><imgdir name="info"><int name="bodyAttack" value="1"/><int name="level" value="45"/><int name="maxHP" value="2600"/><int name="maxMP" value="0"/><int name="speed" value="-40"/><int name="PADamage" value="150"/><int name="PDDamage" value="130"/><int name="MADamage" value="0"/><int name="MDDamage" value="110"/><int name="acc" value="105"/><int name="eva" value="14"/><int name="exp" value="110"/><int name="undead" value="0"/><int name="pushed" value="400"/><float name="fs" value="10.0"/><int name="summonType" value="1"/><int name="category" value="8"/></imgdir><imgdir name="move"><canvas name="0" width="160" height="136"><vector name="origin" x="80" y="136"/><vector name="lt" x="-80" y="-136"/><vector name="rb" x="79" y="0"/><vector name="head" x="-47" y="-98"/><int name="delay" value="120"/></canvas><canvas name="1" width="164" height="138"><vector name="origin" x="82" y="138"/><vector name="lt" x="-82" y="-138"/><vector name="rb" x="81" y="0"/><vector name="head" x="-48" y="-98"/><int name="delay" value="120"/></canvas><canvas name="2" width="168" height="140"><vector name="origin" x="82" y="139"/><vector name="lt" x="-82" y="-139"/><vector name="rb" x="85" y="1"/><vector name="head" x="-44" y="-95"/><int name="delay" value="120"/></canvas><canvas name="3" width="153" height="137"><vector name="origin" x="78" y="137"/><vector name="lt" x="-78" y="-137"/><vector name="rb" x="74" y="0"/><vector name="head" x="-46" y="-94"/><int name="delay" value="120"/></canvas><canvas name="4" width="143" height="135"><vector name="origin" x="76" y="135"/><vector name="lt" x="-71" y="-119"/><vector name="rb" x="64" y="0"/><vector name="head" x="-48" y="-94"/><int name="delay" value="120"/></canvas><canvas name="5" width="144" height="134"><vector name="origin" x="78" y="134"/><vector name="lt" x="-68" y="-119"/><vector name="rb" x="59" y="0"/><vector name="head" x="-49" y="-95"/><int name="delay" value="120"/></canvas><canvas name="6" width="146" height="136"><vector name="origin" x="81" y="136"/><vector name="lt" x="-71" y="-122"/><vector name="rb" x="52" y="0"/><vector name="head" x="-52" y="-98"/><int name="delay" value="120"/></canvas><canvas name="7" width="148" height="137"><vector name="origin" x="81" y="137"/><vector name="lt" x="-71" y="-125"/><vector name="rb" x="47" y="0"/><vector name="head" x="-52" y="-101"/><int name="delay" value="120"/></canvas><canvas name="8" width="148" height="137"><vector name="origin" x="82" y="137"/><vector name="lt" x="-72" y="-128"/><vector name="rb" x="51" y="0"/><vector name="head" x="-53" y="-104"/><int name="delay" value="120"/></canvas><canvas name="9" width="149" height="137"><vector name="origin" x="83" y="137"/><vector name="lt" x="-73" y="-130"/><vector name="rb" x="63" y="0"/><vector name="head" x="-54" y="-105"/><int name="delay" value="120"/></canvas><canvas name="10" width="149" height="138"><vector name="origin" x="81" y="138"/><vector name="lt" x="-81" y="-138"/><vector name="rb" x="67" y="0"/><vector name="head" x="-52" y="-104"/><int name="delay" value="120"/></canvas><canvas name="11" width="149" height="138"><vector name="origin" x="77" y="138"/><vector name="lt" x="-77" y="-138"/><vector name="rb" x="71" y="0"/><vector name="head" x="-47" y="-100"/><int name="delay" value="120"/></canvas></imgdir><imgdir name="stand"><canvas name="0" width="152" height="139"><vector name="origin" x="67" y="139"/><vector name="lt" x="-67" y="-139"/><vector name="rb" x="84" y="0"/><vector name="head" x="-38" y="-101"/><int name="delay" value="120"/></canvas><canvas name="1" width="151" height="140"><vector name="origin" x="67" y="140"/><vector name="lt" x="-68" y="-140"/><vector name="rb" x="83" y="0"/><vector name="head" x="-38" y="-103"/><int name="delay" value="120"/></canvas><canvas name="2" width="151" height="141"><vector name="origin" x="68" y="141"/><vector name="lt" x="-68" y="-141"/><vector name="rb" x="82" y="0"/><vector name="head" x="-39" y="-105"/><int name="delay" value="120"/></canvas><canvas name="3" width="150" height="142"><vector name="origin" x="69" y="142"/><vector name="lt" x="-69" y="-142"/><vector name="rb" x="80" y="0"/><vector name="head" x="-40" y="-107"/><int name="delay" value="120"/></canvas><canvas name="4" width="151" height="141"><vector name="origin" x="68" y="141"/><vector name="lt" x="-68" y="-141"/><vector name="rb" x="82" y="0"/><vector name="head" x="-39" y="-105"/><int name="delay" value="120"/></canvas><canvas name="5" width="151" height="140"><vector name="origin" x="67" y="140"/><vector name="lt" x="-68" y="-140"/><vector name="rb" x="83" y="0"/><vector name="head" x="-38" y="-103"/><int name="delay" value="120"/></canvas></imgdir><imgdir name="hit1"><canvas name="0" width="174" height="149"><vector name="origin" x="82" y="149"/><vector name="lt" x="-82" y="-149"/><vector name="rb" x="91" y="0"/><vector name="head" x="-35" y="-108"/><int name="delay" value="600"/></canvas></imgdir><imgdir name="die1"><canvas name="0" width="173" height="142"><vector name="origin" x="81" y="142"/><vector name="head" x="-35" y="-108"/><int name="delay" value="130"/></canvas><canvas name="1" width="172" height="144"><vector name="origin" x="79" y="144"/><vector name="head" x="-36" y="-110"/><int name="delay" value="130"/></canvas><canvas name="2" width="174" height="144"><vector name="origin" x="79" y="144"/><vector name="head" x="-34" y="-112"/><int name="delay" value="130"/></canvas><canvas name="3" width="180" height="141"><vector name="origin" x="77" y="141"/><vector name="head" x="-25" y="-109"/><int name="delay" value="130"/></canvas><canvas name="4" width="149" height="118"><vector name="origin" x="59" y="118"/><vector name="head" x="-13" y="-85"/><int name="delay" value="130"/></canvas><canvas name="5" width="173" height="118"><vector name="origin" x="72" y="117"/><vector name="head" x="-13" y="-84"/><int name="delay" value="130"/></canvas><canvas name="6" width="166" height="117"><vector name="origin" x="69" y="116"/><vector name="head" x="-13" y="-82"/><int name="delay" value="130"/></canvas><canvas name="7" width="168" height="112"><vector name="origin" x="68" y="112"/><vector name="head" x="-13" y="-79"/><int name="delay" value="130"/><int name="a0" value="255"/><int name="a1" value="0"/></canvas></imgdir></imgdir>