<?xml version="1.0" encoding="UTF-8" standalone="yes"?><imgdir name="4230506.img"><imgdir name="info"><int name="bodyAttack" value="1"/><int name="level" value="48"/><int name="maxHP" value="2800"/><int name="maxMP" value="100"/><int name="speed" value="-30"/><int name="PADamage" value="145"/><int name="PDDamage" value="165"/><int name="MADamage" value="0"/><int name="MDDamage" value="170"/><int name="acc" value="140"/><int name="eva" value="20"/><int name="exp" value="123"/><int name="undead" value="0"/><int name="pushed" value="250"/><float name="fs" value="10.0"/><int name="summonType" value="1"/><int name="category" value="8"/></imgdir><imgdir name="move"><canvas name="0" width="68" height="81"><vector name="origin" x="31" y="81"/><vector name="lt" x="-31" y="-81"/><vector name="rb" x="36" y="0"/><vector name="head" x="-8" y="-68"/><int name="delay" value="150"/></canvas><canvas name="1" width="75" height="82"><vector name="origin" x="31" y="82"/><vector name="lt" x="-31" y="-83"/><vector name="rb" x="35" y="0"/><vector name="head" x="-8" y="-69"/><int name="delay" value="150"/></canvas><canvas name="2" width="75" height="81"><vector name="origin" x="31" y="81"/><vector name="lt" x="-31" y="-81"/><vector name="rb" x="35" y="0"/><vector name="head" x="-8" y="-68"/><int name="delay" value="150"/></canvas><canvas name="3" width="76" height="82"><vector name="origin" x="31" y="82"/><vector name="lt" x="-31" y="-83"/><vector name="rb" x="35" y="0"/><vector name="head" x="-8" y="-69"/><int name="delay" value="150"/></canvas></imgdir><imgdir name="stand"><canvas name="0" width="85" height="78"><vector name="origin" x="31" y="78"/><vector name="lt" x="-31" y="-78"/><vector name="rb" x="35" y="0"/><vector name="head" x="3" y="-65"/><int name="delay" value="200"/></canvas><canvas name="1" width="93" height="78"><vector name="origin" x="37" y="78"/><vector name="lt" x="-31" y="-78"/><vector name="rb" x="35" y="0"/><vector name="head" x="2" y="-66"/><int name="delay" value="200"/></canvas><canvas name="2" width="98" height="76"><vector name="origin" x="41" y="76"/><vector name="lt" x="-31" y="-76"/><vector name="rb" x="35" y="0"/><vector name="head" x="4" y="-65"/><int name="delay" value="200"/></canvas><canvas name="3" width="95" height="77"><vector name="origin" x="38" y="77"/><vector name="lt" x="-31" y="-77"/><vector name="rb" x="35" y="0"/><vector name="head" x="3" y="-65"/><int name="delay" value="200"/></canvas><canvas name="4" width="91" height="78"><vector name="origin" x="37" y="78"/><vector name="lt" x="-31" y="-78"/><vector name="rb" x="35" y="0"/><vector name="head" x="3" y="-65"/><int name="delay" value="200"/></canvas><canvas name="5" width="94" height="78"><vector name="origin" x="38" y="78"/><vector name="lt" x="-32" y="-78"/><vector name="rb" x="35" y="0"/><vector name="head" x="2" y="-66"/><int name="delay" value="200"/></canvas><canvas name="6" width="97" height="76"><vector name="origin" x="40" y="76"/><vector name="lt" x="-32" y="-78"/><vector name="rb" x="35" y="0"/><vector name="head" x="4" y="-65"/><int name="delay" value="200"/></canvas><canvas name="7" width="88" height="77"><vector name="origin" x="31" y="77"/><vector name="lt" x="-31" y="-77"/><vector name="rb" x="35" y="0"/><vector name="head" x="3" y="-65"/><int name="delay" value="200"/></canvas></imgdir><imgdir name="hit1"><canvas name="0" width="90" height="109"><vector name="origin" x="26" y="109"/><vector name="lt" x="-26" y="-66"/><vector name="rb" x="48" y="0"/><vector name="head" x="8" y="-66"/><int name="delay" value="600"/></canvas></imgdir><imgdir name="die1"><canvas name="0" width="85" height="104"><vector name="origin" x="26" y="104"/><vector name="head" x="8" y="-66"/><int name="delay" value="110"/></canvas><canvas name="1" width="71" height="118"><vector name="origin" x="23" y="119"/><vector name="head" x="8" y="-70"/><int name="delay" value="110"/></canvas><canvas name="2" width="66" height="127"><vector name="origin" x="21" y="127"/><vector name="head" x="9" y="-73"/><int name="delay" value="110"/></canvas><canvas name="3" width="81" height="115"><vector name="origin" x="35" y="112"/><vector name="head" x="11" y="-77"/><int name="delay" value="110"/></canvas><canvas name="4" width="77" height="99"><vector name="origin" x="28" y="99"/><vector name="head" x="13" y="-82"/><int name="delay" value="110"/></canvas><canvas name="5" width="74" height="97"><vector name="origin" x="24" y="97"/><vector name="head" x="16" y="-84"/><int name="delay" value="110"/></canvas><canvas name="6" width="71" height="95"><vector name="origin" x="23" y="98"/><vector name="head" x="17" y="-85"/><int name="delay" value="110"/></canvas><canvas name="7" width="68" height="93"><vector name="origin" x="22" y="97"/><vector name="head" x="18" y="-84"/><int name="delay" value="110"/></canvas><canvas name="8" width="60" height="60"><vector name="origin" x="21" y="94"/><vector name="head" x="19" y="-82"/><int name="delay" value="300"/><int name="a1" value="0"/><int name="a0" value="255"/></canvas></imgdir></imgdir>