<?xml version="1.0" encoding="UTF-8" standalone="yes"?><imgdir name="4300016.img"><imgdir name="info"><int name="bodyAttack" value="1"/><int name="level" value="49"/><int name="maxHP" value="3000"/><int name="maxMP" value="250"/><int name="speed" value="-20"/><int name="PADamage" value="165"/><int name="PDDamage" value="185"/><int name="MADamage" value="175"/><int name="MDDamage" value="200"/><int name="acc" value="145"/><int name="eva" value="23"/><int name="exp" value="190"/><int name="undead" value="0"/><int name="pushed" value="450"/><float name="fs" value="10.0"/><int name="summonType" value="0"/><string name="link" value="4300012"/><int name="category" value="8"/></imgdir></imgdir>