<?xml version="1.0" encoding="UTF-8" standalone="yes"?><imgdir name="4300003.img"><imgdir name="info"><int name="bodyAttack" value="1"/><int name="level" value="41"/><int name="maxHP" value="1900"/><int name="maxMP" value="210"/><int name="speed" value="-20"/><int name="PADamage" value="135"/><int name="PDDamage" value="155"/><int name="MADamage" value="145"/><int name="MDDamage" value="165"/><int name="acc" value="115"/><int name="eva" value="19"/><int name="exp" value="115"/><int name="undead" value="0"/><int name="pushed" value="300"/><float name="fs" value="10.0"/><int name="summonType" value="1"/><int name="firstAttack" value="1"/><int name="category" value="8"/></imgdir><imgdir name="stand"><canvas name="0" width="44" height="20"><vector name="origin" x="19" y="20"/><vector name="lt" x="-19" y="-20"/><vector name="rb" x="25" y="0"/><vector name="head" x="-4" y="-20"/><int name="z" value="0"/><string name="delay" value="160"/></canvas><canvas name="1" width="58" height="29"><vector name="origin" x="19" y="29"/><vector name="lt" x="-19" y="-29"/><vector name="rb" x="39" y="0"/><vector name="head" x="-4" y="-20"/><int name="z" value="0"/><string name="delay" value="160"/></canvas><canvas name="2" width="72" height="50"><vector name="origin" x="29" y="50"/><vector name="lt" x="-29" y="-50"/><vector name="rb" x="43" y="0"/><vector name="head" x="-4" y="-20"/><int name="z" value="0"/><string name="delay" value="160"/></canvas><canvas name="3" width="90" height="69"><vector name="origin" x="44" y="69"/><vector name="lt" x="-44" y="-69"/><vector name="rb" x="46" y="0"/><vector name="head" x="-4" y="-20"/><int name="z" value="0"/><string name="delay" value="160"/></canvas><canvas name="4" width="101" height="78"><vector name="origin" x="53" y="78"/><vector name="lt" x="-53" y="-78"/><vector name="rb" x="48" y="0"/><vector name="head" x="-4" y="-20"/><int name="z" value="0"/><string name="delay" value="160"/></canvas><canvas name="5" width="107" height="90"><vector name="origin" x="58" y="90"/><vector name="lt" x="-58" y="-90"/><vector name="rb" x="49" y="0"/><vector name="head" x="-4" y="-20"/><int name="z" value="0"/><string name="delay" value="160"/></canvas></imgdir><imgdir name="move"><canvas name="0" width="81" height="100"><vector name="origin" x="56" y="100"/><vector name="lt" x="-56" y="-100"/><vector name="rb" x="25" y="0"/><vector name="head" x="-8" y="-13"/><int name="z" value="0"/><string name="delay" value="170"/></canvas><canvas name="1" width="81" height="99"><vector name="origin" x="55" y="99"/><vector name="lt" x="-55" y="-99"/><vector name="rb" x="26" y="0"/><vector name="head" x="-8" y="-13"/><int name="z" value="0"/><string name="delay" value="170"/></canvas><canvas name="2" width="89" height="95"><vector name="origin" x="56" y="95"/><vector name="lt" x="-56" y="-95"/><vector name="rb" x="33" y="0"/><vector name="head" x="-8" y="-13"/><int name="z" value="0"/><string name="delay" value="170"/></canvas><canvas name="3" width="97" height="93"><vector name="origin" x="58" y="93"/><vector name="lt" x="-58" y="-93"/><vector name="rb" x="39" y="0"/><vector name="head" x="-8" y="-13"/><int name="z" value="0"/><string name="delay" value="170"/></canvas><canvas name="4" width="94" height="97"><vector name="origin" x="55" y="97"/><vector name="lt" x="-55" y="-97"/><vector name="rb" x="39" y="0"/><vector name="head" x="-8" y="-13"/><int name="z" value="0"/><string name="delay" value="170"/></canvas></imgdir><imgdir name="attack1"><imgdir name="info"><imgdir name="range"><vector name="lt" x="-97" y="-112"/><vector name="rb" x="80" y="-1"/></imgdir><imgdir name="hit"><canvas name="0" width="61" height="57"><vector name="origin" x="29" y="66"/><int name="z" value="0"/><string name="delay" value="120"/></canvas><canvas name="1" width="87" height="81"><vector name="origin" x="33" y="79"/><int name="z" value="0"/><string name="delay" value="120"/></canvas><canvas name="2" width="104" height="92"><vector name="origin" x="44" y="90"/><int name="z" value="0"/><string name="delay" value="120"/></canvas><canvas name="3" width="113" height="109"><vector name="origin" x="49" y="102"/><int name="z" value="0"/><string name="delay" value="120"/></canvas><canvas name="4" width="130" height="108"><vector name="origin" x="65" y="106"/><int name="z" value="0"/><string name="delay" value="120"/></canvas></imgdir><int name="type" value="0"/><int name="conMP" value="2"/><int name="effectAfter" value="300"/><int name="attackAfter" value="900"/></imgdir><canvas name="0" width="78" height="91"><vector name="origin" x="47" y="91"/><int name="z" value="0"/><string name="delay" value="60"/><vector name="lt" x="-52" y="-91"/><vector name="rb" x="26" y="0"/><vector name="head" x="-5" y="-13"/></canvas><canvas name="1" width="82" height="91"><vector name="origin" x="48" y="91"/><int name="z" value="0"/><string name="delay" value="60"/><vector name="lt" x="-48" y="-91"/><vector name="rb" x="34" y="0"/><vector name="head" x="-1" y="-13"/></canvas><canvas name="2" width="124" height="92"><vector name="origin" x="83" y="92"/><int name="z" value="0"/><string name="delay" value="140"/><vector name="lt" x="-86" y="-92"/><vector name="rb" x="38" y="0"/><vector name="head" x="-7" y="-13"/></canvas><canvas name="3" width="232" height="95"><vector name="origin" x="188" y="95"/><int name="z" value="0"/><string name="delay" value="140"/><vector name="lt" x="-192" y="-95"/><vector name="rb" x="40" y="0"/><vector name="head" x="-8" y="-13"/></canvas><canvas name="4" width="236" height="117"><vector name="origin" x="190" y="117"/><int name="z" value="0"/><string name="delay" value="110"/><vector name="lt" x="-195" y="-117"/><vector name="rb" x="41" y="0"/><vector name="head" x="-9" y="-13"/></canvas><canvas name="5" width="220" height="134"><vector name="origin" x="173" y="134"/><int name="z" value="0"/><string name="delay" value="110"/><vector name="lt" x="-176" y="-134"/><vector name="rb" x="44" y="0"/><vector name="head" x="-7" y="-13"/></canvas><canvas name="6" width="135" height="127"><vector name="origin" x="113" y="127"/><int name="z" value="0"/><string name="delay" value="110"/><vector name="lt" x="-115" y="-127"/><vector name="rb" x="20" y="0"/><vector name="head" x="-6" y="-13"/></canvas><canvas name="7" width="110" height="115"><vector name="origin" x="88" y="115"/><int name="z" value="0"/><string name="delay" value="110"/><vector name="lt" x="-91" y="-115"/><vector name="rb" x="19" y="0"/><vector name="head" x="-7" y="-13"/></canvas><canvas name="8" width="81" height="100"><vector name="origin" x="58" y="100"/><vector name="lt" x="-62" y="-100"/><vector name="rb" x="19" y="0"/><vector name="head" x="-8" y="-13"/><int name="z" value="0"/><string name="delay" value="180"/></canvas></imgdir><imgdir name="attack2"><imgdir name="info"><imgdir name="range"><vector name="lt" x="-97" y="-112"/><vector name="rb" x="80" y="-1"/></imgdir><imgdir name="hit"><canvas name="0" width="33" height="35"><vector name="origin" x="16" y="17"/><int name="z" value="0"/></canvas><canvas name="1" width="43" height="41"><vector name="origin" x="21" y="20"/><int name="z" value="0"/></canvas><canvas name="2" width="54" height="57"><vector name="origin" x="27" y="28"/><int name="z" value="0"/></canvas><canvas name="3" width="70" height="66"><vector name="origin" x="35" y="33"/><int name="z" value="0"/></canvas><canvas name="4" width="43" height="41"><vector name="origin" x="21" y="20"/><int name="z" value="0"/></canvas><canvas name="5" width="54" height="57"><vector name="origin" x="27" y="28"/><int name="z" value="0"/></canvas><canvas name="6" width="64" height="77"><vector name="origin" x="32" y="38"/><int name="z" value="0"/></canvas><canvas name="7" width="43" height="41"><vector name="origin" x="21" y="20"/><int name="z" value="0"/></canvas><canvas name="8" width="54" height="57"><vector name="origin" x="27" y="28"/><int name="z" value="0"/></canvas><canvas name="9" width="60" height="60"><vector name="origin" x="30" y="30"/><int name="z" value="0"/></canvas></imgdir><int name="type" value="0"/><int name="conMP" value="2"/><int name="effectAfter" value="300"/><int name="attackAfter" value="900"/></imgdir><canvas name="0" width="78" height="91"><vector name="origin" x="47" y="91"/><int name="z" value="0"/><string name="delay" value="150"/><vector name="lt" x="-47" y="-91"/><vector name="rb" x="31" y="0"/><vector name="head" x="-22" y="-62"/></canvas><canvas name="1" width="82" height="91"><vector name="origin" x="47" y="91"/><int name="z" value="0"/><string name="delay" value="150"/><vector name="lt" x="-47" y="-91"/><vector name="rb" x="35" y="0"/><vector name="head" x="-22" y="-62"/></canvas><canvas name="2" width="94" height="81"><vector name="origin" x="51" y="81"/><int name="z" value="0"/><string name="delay" value="150"/><vector name="lt" x="-51" y="-81"/><vector name="rb" x="43" y="0"/><vector name="head" x="-19" y="-50"/></canvas><canvas name="3" width="99" height="99"><vector name="origin" x="53" y="99"/><int name="z" value="0"/><string name="delay" value="150"/><vector name="lt" x="-53" y="-99"/><vector name="rb" x="46" y="0"/><vector name="head" x="-11" y="-57"/></canvas><canvas name="4" width="112" height="105"><vector name="origin" x="64" y="105"/><int name="z" value="0"/><string name="delay" value="150"/><vector name="lt" x="-64" y="-105"/><vector name="rb" x="48" y="0"/><vector name="head" x="-11" y="-53"/></canvas><canvas name="5" width="120" height="117"><vector name="origin" x="71" y="117"/><int name="z" value="0"/><string name="delay" value="150"/><vector name="lt" x="-71" y="-117"/><vector name="rb" x="49" y="0"/><vector name="head" x="-12" y="-63"/></canvas><canvas name="6" width="130" height="121"><vector name="origin" x="86" y="121"/><int name="z" value="0"/><string name="delay" value="150"/><vector name="lt" x="-86" y="-121"/><vector name="rb" x="44" y="0"/><vector name="head" x="-16" y="-63"/></canvas><canvas name="7" width="43" height="20"><vector name="origin" x="19" y="20"/><int name="z" value="0"/><string name="delay" value="150"/><vector name="lt" x="-19" y="-20"/><vector name="rb" x="24" y="0"/><vector name="head" x="-4" y="-20"/></canvas><canvas name="8" width="50" height="23"><vector name="origin" x="19" y="23"/><vector name="lt" x="-19" y="-23"/><vector name="rb" x="31" y="0"/><vector name="head" x="-2" y="-20"/><int name="z" value="0"/><string name="delay" value="150"/></canvas><canvas name="9" width="72" height="50"><vector name="origin" x="29" y="50"/><vector name="lt" x="-29" y="-50"/><vector name="rb" x="43" y="0"/><vector name="head" x="-4" y="-20"/><int name="z" value="0"/><string name="delay" value="150"/></canvas><canvas name="10" width="90" height="69"><vector name="origin" x="44" y="69"/><vector name="lt" x="-44" y="-69"/><vector name="rb" x="46" y="0"/><vector name="head" x="-4" y="-20"/><int name="z" value="0"/><string name="delay" value="150"/></canvas><canvas name="11" width="101" height="78"><vector name="origin" x="53" y="78"/><vector name="lt" x="-53" y="-78"/><vector name="rb" x="48" y="0"/><vector name="head" x="-22" y="-49"/><int name="z" value="0"/><string name="delay" value="150"/></canvas><canvas name="12" width="107" height="90"><vector name="origin" x="58" y="90"/><vector name="lt" x="-58" y="-90"/><vector name="rb" x="49" y="0"/><vector name="head" x="-24" y="-62"/><int name="z" value="0"/><string name="delay" value="150"/></canvas></imgdir><imgdir name="hit1"><canvas name="0" width="81" height="99"><vector name="origin" x="55" y="99"/><vector name="lt" x="-55" y="-99"/><vector name="rb" x="26" y="0"/><vector name="head" x="-8" y="-13"/><int name="z" value="0"/><string name="delay" value="550"/></canvas><canvas name="1" width="80" height="98"><vector name="origin" x="51" y="98"/><vector name="lt" x="-51" y="-98"/><vector name="rb" x="29" y="0"/><vector name="head" x="-2" y="-15"/><int name="z" value="0"/><string name="delay" value="550"/></canvas></imgdir><imgdir name="die1"><canvas name="0" width="81" height="100"><vector name="origin" x="56" y="100"/><int name="z" value="0"/><string name="delay" value="550"/><vector name="head" x="-8" y="-13"/></canvas><canvas name="1" width="80" height="98"><vector name="origin" x="51" y="98"/><int name="z" value="0"/><string name="delay" value="110"/><vector name="head" x="-2" y="-15"/></canvas><canvas name="2" width="77" height="106"><vector name="origin" x="50" y="106"/><int name="z" value="0"/><string name="delay" value="110"/><vector name="head" x="7" y="-18"/></canvas><canvas name="3" width="93" height="115"><vector name="origin" x="61" y="115"/><int name="z" value="0"/><string name="delay" value="110"/><vector name="head" x="15" y="-17"/></canvas><canvas name="4" width="96" height="116"><vector name="origin" x="64" y="116"/><int name="z" value="0"/><string name="delay" value="110"/><vector name="head" x="19" y="-13"/></canvas><canvas name="5" width="101" height="118"><vector name="origin" x="59" y="118"/><int name="z" value="0"/><string name="delay" value="170"/><vector name="head" x="14" y="-14"/></canvas><canvas name="6" width="88" height="120"><vector name="origin" x="45" y="117"/><int name="z" value="0"/><string name="delay" value="170"/><vector name="head" x="14" y="-14"/></canvas><canvas name="7" width="102" height="54"><vector name="origin" x="55" y="48"/><int name="z" value="0"/><string name="delay" value="170"/><vector name="head" x="14" y="-14"/></canvas><canvas name="8" width="97" height="55"><vector name="origin" x="48" y="50"/><int name="z" value="0"/><string name="delay" value="170"/><vector name="head" x="14" y="-14"/></canvas><canvas name="9" width="107" height="63"><vector name="origin" x="56" y="57"/><int name="z" value="0"/><string name="delay" value="170"/><vector name="head" x="14" y="-14"/></canvas><canvas name="10" width="111" height="64"><vector name="origin" x="59" y="59"/><int name="z" value="0"/><string name="delay" value="170"/><vector name="head" x="14" y="-14"/></canvas><canvas name="11" width="102" height="54"><vector name="origin" x="56" y="48"/><int name="z" value="0"/><string name="delay" value="170"/><vector name="head" x="14" y="-14"/></canvas><canvas name="12" width="97" height="55"><vector name="origin" x="51" y="50"/><int name="z" value="0"/><string name="delay" value="170"/><vector name="head" x="14" y="-14"/></canvas><canvas name="13" width="107" height="63"><vector name="origin" x="60" y="57"/><int name="z" value="0"/><string name="delay" value="170"/><vector name="head" x="14" y="-14"/></canvas><canvas name="14" width="111" height="64"><vector name="origin" x="59" y="59"/><int name="z" value="0"/><string name="delay" value="170"/><vector name="head" x="14" y="-14"/></canvas><canvas name="15" width="102" height="54"><vector name="origin" x="56" y="48"/><int name="z" value="0"/><string name="delay" value="170"/><vector name="head" x="14" y="-14"/></canvas><canvas name="16" width="97" height="55"><vector name="origin" x="51" y="50"/><int name="z" value="0"/><string name="delay" value="170"/><vector name="head" x="14" y="-14"/></canvas><canvas name="17" width="107" height="63"><vector name="origin" x="56" y="57"/><int name="z" value="0"/><string name="delay" value="170"/><vector name="head" x="14" y="-14"/></canvas><canvas name="18" width="111" height="64"><vector name="origin" x="59" y="59"/><int name="z" value="0"/><string name="delay" value="170"/><vector name="head" x="14" y="-14"/></canvas><canvas name="19" width="102" height="54"><vector name="origin" x="56" y="48"/><int name="z" value="0"/><string name="delay" value="170"/><vector name="head" x="14" y="-14"/></canvas><canvas name="20" width="97" height="55"><vector name="origin" x="51" y="50"/><int name="z" value="0"/><string name="delay" value="170"/><vector name="head" x="14" y="-14"/></canvas></imgdir></imgdir>