<?xml version="1.0" encoding="UTF-8" standalone="yes"?><imgdir name="4300014.img"><imgdir name="info"><int name="bodyAttack" value="1"/><int name="level" value="47"/><int name="maxHP" value="2700"/><int name="maxMP" value="250"/><int name="speed" value="-20"/><int name="PADamage" value="155"/><int name="PDDamage" value="175"/><int name="MADamage" value="165"/><int name="MDDamage" value="190"/><int name="acc" value="135"/><int name="eva" value="21"/><int name="exp" value="150"/><int name="undead" value="0"/><int name="pushed" value="400"/><float name="fs" value="10.0"/><int name="summonType" value="0"/><string name="link" value="4300010"/><int name="category" value="8"/></imgdir></imgdir>