<?xml version="1.0" encoding="UTF-8" standalone="yes"?><imgdir name="5100005.img"><imgdir name="info"><int name="bodyAttack" value="1"/><int name="level" value="53"/><int name="maxHP" value="4500"/><int name="maxMP" value="160"/><int name="speed" value="-70"/><int name="PADamage" value="185"/><int name="PDDamage" value="185"/><int name="MADamage" value="0"/><int name="MDDamage" value="215"/><int name="acc" value="140"/><int name="eva" value="25"/><int name="exp" value="165"/><int name="undead" value="0"/><int name="pushed" value="450"/><float name="fs" value="10.0"/><int name="summonType" value="1"/><string name="elemAttr" value="F2I3"/><imgdir name="skill"><imgdir name="0"><int name="skill" value="126"/><int name="action" value="1"/><int name="level" value="1"/><int name="effectAfter" value="0"/></imgdir></imgdir><int name="category" value="1"/></imgdir><imgdir name="move"><canvas name="0" width="91" height="89"><vector name="origin" x="43" y="89"/><vector name="lt" x="-43" y="-89"/><vector name="rb" x="46" y="0"/><vector name="head" x="-19" y="-79"/><int name="delay" value="170"/></canvas><canvas name="1" width="94" height="100"><vector name="origin" x="46" y="100"/><vector name="lt" x="-46" y="-100"/><vector name="rb" x="44" y="0"/><vector name="head" x="-21" y="-91"/><int name="delay" value="170"/></canvas><canvas name="2" width="95" height="88"><vector name="origin" x="48" y="88"/><vector name="lt" x="-48" y="-88"/><vector name="rb" x="43" y="0"/><vector name="head" x="-24" y="-79"/><int name="delay" value="170"/></canvas><canvas name="3" width="99" height="90"><vector name="origin" x="45" y="90"/><vector name="lt" x="-45" y="-90"/><vector name="rb" x="39" y="0"/><vector name="head" x="-21" y="-81"/><int name="delay" value="170"/></canvas><canvas name="4" width="110" height="98"><vector name="origin" x="48" y="98"/><vector name="lt" x="-48" y="-98"/><vector name="rb" x="38" y="0"/><vector name="head" x="-21" y="-89"/><int name="delay" value="170"/></canvas><canvas name="5" width="101" height="90"><vector name="origin" x="45" y="90"/><vector name="lt" x="-45" y="-90"/><vector name="rb" x="42" y="0"/><vector name="head" x="-19" y="-82"/><int name="delay" value="170"/></canvas></imgdir><imgdir name="stand"><canvas name="0" width="91" height="89"><vector name="origin" x="43" y="89"/><vector name="lt" x="-43" y="-89"/><vector name="rb" x="44" y="0"/><vector name="head" x="-18" y="-81"/><int name="delay" value="170"/></canvas><canvas name="1" width="97" height="88"><vector name="origin" x="43" y="88"/><vector name="lt" x="-43" y="-88"/><vector name="rb" x="49" y="0"/><vector name="head" x="-18" y="-81"/><int name="delay" value="170"/></canvas><canvas name="2" width="100" height="87"><vector name="origin" x="43" y="87"/><vector name="lt" x="-43" y="-87"/><vector name="rb" x="47" y="0"/><vector name="head" x="-19" y="-79"/><int name="delay" value="170"/></canvas><canvas name="3" width="102" height="86"><vector name="origin" x="43" y="86"/><vector name="lt" x="-43" y="-86"/><vector name="rb" x="40" y="0"/><vector name="head" x="-19" y="-77"/><int name="delay" value="170"/></canvas><canvas name="4" width="110" height="87"><vector name="origin" x="43" y="87"/><vector name="lt" x="-43" y="-87"/><vector name="rb" x="37" y="0"/><vector name="head" x="-18" y="-80"/><int name="delay" value="170"/></canvas><canvas name="5" width="104" height="88"><vector name="origin" x="43" y="88"/><vector name="lt" x="-43" y="-88"/><vector name="rb" x="41" y="0"/><vector name="head" x="-18" y="-80"/><int name="delay" value="170"/></canvas><uol name="6" value="0"/><uol name="7" value="1"/><uol name="8" value="2"/><uol name="9" value="3"/><uol name="10" value="4"/><uol name="11" value="5"/></imgdir><imgdir name="attack1"><imgdir name="info"><imgdir name="range"><vector name="sp" x="-51" y="-28"/><int name="r" value="60"/></imgdir><imgdir name="hit"><canvas name="0" width="76" height="87"><vector name="origin" x="37" y="108"/><int name="delay" value="250"/></canvas><int name="attach" value="1"/></imgdir><int name="type" value="1"/><int name="attackAfter" value="500"/><int name="PADamage" value="170"/></imgdir><canvas name="0" width="114" height="104"><vector name="origin" x="32" y="104"/><vector name="lt" x="-27" y="-104"/><vector name="rb" x="82" y="-48"/><vector name="head" x="4" y="-94"/><int name="delay" value="100"/><imgdir name="rect"><imgdir name="0"><vector name="lt" x="-32" y="-48"/><vector name="rb" x="32" y="0"/></imgdir></imgdir></canvas><canvas name="1" width="115" height="105"><vector name="origin" x="32" y="105"/><vector name="lt" x="-26" y="-105"/><vector name="rb" x="83" y="-47"/><vector name="head" x="4" y="-95"/><int name="delay" value="100"/><imgdir name="rect"><imgdir name="0"><vector name="lt" x="-32" y="-48"/><vector name="rb" x="32" y="0"/></imgdir></imgdir></canvas><canvas name="2" width="116" height="106"><vector name="origin" x="32" y="106"/><vector name="lt" x="-27" y="-106"/><vector name="rb" x="84" y="-48"/><vector name="head" x="5" y="-96"/><int name="delay" value="100"/><imgdir name="rect"><imgdir name="0"><vector name="lt" x="-32" y="-48"/><vector name="rb" x="31" y="0"/></imgdir></imgdir></canvas><canvas name="3" width="116" height="106"><vector name="origin" x="32" y="106"/><vector name="lt" x="-25" y="-106"/><vector name="rb" x="84" y="-50"/><vector name="head" x="6" y="-96"/><int name="delay" value="100"/><imgdir name="rect"><imgdir name="0"><vector name="lt" x="-32" y="-51"/><vector name="rb" x="33" y="0"/></imgdir></imgdir></canvas><canvas name="4" width="116" height="106"><vector name="origin" x="32" y="106"/><vector name="lt" x="-25" y="-106"/><vector name="rb" x="83" y="-46"/><vector name="head" x="5" y="-95"/><int name="delay" value="100"/><imgdir name="rect"><imgdir name="0"><vector name="lt" x="-32" y="-48"/><vector name="rb" x="32" y="0"/></imgdir></imgdir></canvas><canvas name="5" width="170" height="122"><vector name="origin" x="85" y="121"/><vector name="lt" x="-60" y="-91"/><vector name="rb" x="24" y="0"/><vector name="head" x="-36" y="-81"/><int name="delay" value="100"/></canvas><canvas name="6" width="137" height="90"><vector name="origin" x="90" y="87"/><vector name="lt" x="-64" y="-87"/><vector name="rb" x="14" y="0"/><vector name="head" x="-38" y="-79"/><int name="delay" value="100"/></canvas><canvas name="7" width="129" height="91"><vector name="origin" x="92" y="89"/><vector name="lt" x="-62" y="-89"/><vector name="rb" x="14" y="0"/><vector name="head" x="-37" y="-80"/><int name="delay" value="100"/></canvas><canvas name="8" width="127" height="90"><vector name="origin" x="90" y="89"/><vector name="lt" x="-59" y="-89"/><vector name="rb" x="16" y="0"/><vector name="head" x="-35" y="-81"/><int name="delay" value="100"/></canvas><canvas name="9" width="104" height="89"><vector name="origin" x="67" y="89"/><vector name="lt" x="-61" y="-89"/><vector name="rb" x="16" y="0"/><vector name="head" x="-37" y="-80"/><int name="delay" value="100"/></canvas><uol name="10" value="../stand/0"/><uol name="11" value="../stand/1"/><uol name="12" value="../stand/2"/><uol name="13" value="../stand/3"/><uol name="14" value="../stand/4"/><uol name="15" value="../stand/5"/></imgdir><imgdir name="skill1"><canvas name="0" width="91" height="89"><vector name="origin" x="51" y="89"/><vector name="lt" x="-51" y="-89"/><vector name="rb" x="31" y="0"/><vector name="head" x="-27" y="-81"/><int name="delay" value="70"/></canvas><canvas name="1" width="96" height="88"><vector name="origin" x="50" y="88"/><vector name="lt" x="-50" y="-88"/><vector name="rb" x="32" y="0"/><vector name="head" x="-25" y="-80"/><int name="delay" value="70"/></canvas><canvas name="2" width="103" height="103"><vector name="origin" x="35" y="103"/><vector name="lt" x="-31" y="-103"/><vector name="rb" x="57" y="0"/><vector name="head" x="3" y="-95"/><int name="delay" value="70"/></canvas><canvas name="3" width="100" height="102"><vector name="origin" x="34" y="102"/><vector name="lt" x="-31" y="-102"/><vector name="rb" x="56" y="0"/><vector name="head" x="3" y="-94"/><int name="delay" value="70"/></canvas><canvas name="4" width="103" height="107"><vector name="origin" x="35" y="103"/><vector name="lt" x="-29" y="-103"/><vector name="rb" x="54" y="0"/><vector name="head" x="2" y="-93"/><int name="delay" value="70"/></canvas><canvas name="5" width="108" height="108"><vector name="origin" x="42" y="104"/><vector name="lt" x="-29" y="-102"/><vector name="rb" x="52" y="1"/><vector name="head" x="2" y="-93"/><int name="delay" value="70"/></canvas><canvas name="6" width="113" height="109"><vector name="origin" x="45" y="105"/><vector name="lt" x="-25" y="-103"/><vector name="rb" x="54" y="1"/><vector name="head" x="3" y="-93"/><int name="delay" value="70"/></canvas><canvas name="7" width="114" height="103"><vector name="origin" x="48" y="101"/><vector name="lt" x="-27" y="-100"/><vector name="rb" x="53" y="0"/><vector name="head" x="5" y="-92"/><int name="delay" value="70"/></canvas><canvas name="8" width="119" height="102"><vector name="origin" x="51" y="102"/><vector name="lt" x="-27" y="-102"/><vector name="rb" x="55" y="0"/><vector name="head" x="3" y="-94"/><int name="delay" value="70"/></canvas><canvas name="9" width="121" height="102"><vector name="origin" x="55" y="101"/><vector name="lt" x="-30" y="-101"/><vector name="rb" x="54" y="1"/><vector name="head" x="4" y="-93"/><int name="delay" value="70"/></canvas><canvas name="10" width="122" height="102"><vector name="origin" x="54" y="102"/><vector name="lt" x="-28" y="-101"/><vector name="rb" x="53" y="0"/><vector name="head" x="3" y="-94"/><int name="delay" value="70"/></canvas><canvas name="11" width="120" height="101"><vector name="origin" x="54" y="101"/><vector name="lt" x="-28" y="-101"/><vector name="rb" x="52" y="0"/><vector name="head" x="3" y="-93"/><int name="delay" value="70"/></canvas><canvas name="12" width="106" height="102"><vector name="origin" x="38" y="102"/><vector name="lt" x="-31" y="-102"/><vector name="rb" x="56" y="0"/><vector name="head" x="4" y="-93"/><int name="delay" value="60"/></canvas></imgdir><imgdir name="hit1"><canvas name="0" width="121" height="99"><vector name="origin" x="55" y="99"/><vector name="lt" x="-48" y="-96"/><vector name="rb" x="31" y="0"/><vector name="head" x="-24" y="-83"/><int name="delay" value="600"/></canvas></imgdir><imgdir name="die1"><canvas name="0" width="88" height="92"><vector name="origin" x="41" y="92"/><vector name="head" x="-18" y="-84"/><int name="delay" value="180"/></canvas><canvas name="1" width="92" height="86"><vector name="origin" x="38" y="86"/><vector name="head" x="-14" y="-78"/><int name="delay" value="120"/></canvas><canvas name="2" width="92" height="78"><vector name="origin" x="36" y="76"/><vector name="head" x="-13" y="-69"/><int name="delay" value="120"/></canvas><canvas name="3" width="92" height="78"><vector name="origin" x="36" y="80"/><vector name="head" x="-12" y="-72"/><int name="delay" value="120"/></canvas><canvas name="4" width="92" height="78"><vector name="origin" x="36" y="78"/><vector name="head" x="-12" y="-70"/><int name="delay" value="300"/><int name="a0" value="255"/><int name="a1" value="0"/></canvas></imgdir></imgdir>