<?xml version="1.0" encoding="UTF-8" standalone="yes"?><imgdir name="5120100.img"><imgdir name="info"><int name="bodyAttack" value="1"/><int name="level" value="54"/><int name="maxHP" value="13500"/><int name="maxMP" value="170"/><int name="speed" value="-50"/><int name="PADamage" value="170"/><int name="PDDamage" value="280"/><int name="MADamage" value="180"/><int name="MDDamage" value="280"/><int name="acc" value="140"/><int name="eva" value="20"/><int name="exp" value="980"/><int name="undead" value="0"/><int name="pushed" value="300"/><float name="fs" value="10.0"/><int name="summonType" value="1"/><int name="boss" value="1"/><int name="category" value="8"/></imgdir><imgdir name="move"><canvas name="0" width="124" height="125"><vector name="origin" x="56" y="125"/><vector name="lt" x="-55" y="-116"/><vector name="rb" x="68" y="0"/><vector name="head" x="-1" y="-104"/><int name="delay" value="120"/></canvas><canvas name="1" width="135" height="123"><vector name="origin" x="63" y="123"/><vector name="lt" x="-62" y="-116"/><vector name="rb" x="71" y="0"/><vector name="head" x="0" y="-104"/><int name="delay" value="120"/></canvas><canvas name="2" width="124" height="123"><vector name="origin" x="58" y="123"/><vector name="lt" x="-57" y="-119"/><vector name="rb" x="65" y="0"/><vector name="head" x="-1" y="-105"/><int name="delay" value="120"/></canvas><canvas name="3" width="123" height="123"><vector name="origin" x="57" y="123"/><vector name="lt" x="-56" y="-118"/><vector name="rb" x="65" y="0"/><vector name="head" x="-2" y="-107"/><int name="delay" value="120"/></canvas><canvas name="4" width="118" height="125"><vector name="origin" x="55" y="125"/><vector name="lt" x="-54" y="-117"/><vector name="rb" x="62" y="0"/><vector name="head" x="-4" y="-106"/><int name="delay" value="120"/></canvas><canvas name="5" width="98" height="127"><vector name="origin" x="44" y="127"/><vector name="lt" x="-43" y="-116"/><vector name="rb" x="53" y="-1"/><vector name="head" x="-5" y="-105"/><int name="delay" value="120"/></canvas><canvas name="6" width="118" height="123"><vector name="origin" x="51" y="123"/><vector name="lt" x="-50" y="-114"/><vector name="rb" x="66" y="0"/><vector name="head" x="-3" y="-104"/><int name="delay" value="120"/></canvas><canvas name="7" width="125" height="119"><vector name="origin" x="55" y="119"/><vector name="lt" x="-54" y="-113"/><vector name="rb" x="69" y="-1"/><vector name="head" x="-3" y="-102"/><int name="delay" value="120"/></canvas></imgdir><imgdir name="stand"><canvas name="0" width="124" height="125"><vector name="origin" x="56" y="125"/><vector name="lt" x="-54" y="-115"/><vector name="rb" x="67" y="-1"/><vector name="head" x="-1" y="-104"/><int name="delay" value="110"/></canvas><canvas name="1" width="131" height="125"><vector name="origin" x="59" y="125"/><vector name="lt" x="-58" y="-116"/><vector name="rb" x="71" y="0"/><vector name="head" x="1" y="-106"/><int name="delay" value="110"/></canvas><canvas name="2" width="114" height="127"><vector name="origin" x="51" y="127"/><vector name="lt" x="-50" y="-121"/><vector name="rb" x="62" y="0"/><vector name="head" x="2" y="-110"/><int name="delay" value="110"/></canvas><canvas name="3" width="104" height="127"><vector name="origin" x="46" y="127"/><vector name="lt" x="-45" y="-122"/><vector name="rb" x="57" y="0"/><vector name="head" x="0" y="-109"/><int name="delay" value="110"/></canvas><canvas name="4" width="101" height="127"><vector name="origin" x="44" y="127"/><vector name="lt" x="-43" y="-119"/><vector name="rb" x="56" y="-1"/><vector name="head" x="-3" y="-108"/><int name="delay" value="110"/></canvas><canvas name="5" width="95" height="125"><vector name="origin" x="41" y="125"/><vector name="lt" x="-41" y="-114"/><vector name="rb" x="53" y="0"/><vector name="head" x="-6" y="-103"/><int name="delay" value="110"/></canvas><canvas name="6" width="91" height="116"><vector name="origin" x="39" y="116"/><vector name="lt" x="-39" y="-109"/><vector name="rb" x="51" y="0"/><vector name="head" x="-6" y="-97"/><int name="delay" value="110"/></canvas><canvas name="7" width="88" height="107"><vector name="origin" x="38" y="107"/><vector name="lt" x="-38" y="-101"/><vector name="rb" x="48" y="-1"/><vector name="head" x="-5" y="-90"/><int name="delay" value="110"/></canvas><canvas name="8" width="86" height="105"><vector name="origin" x="38" y="105"/><vector name="lt" x="-37" y="-96"/><vector name="rb" x="47" y="-1"/><vector name="head" x="-1" y="-84"/><int name="delay" value="110"/></canvas><canvas name="9" width="108" height="102"><vector name="origin" x="62" y="102"/><vector name="lt" x="-38" y="-93"/><vector name="rb" x="45" y="0"/><vector name="head" x="1" y="-83"/><int name="delay" value="110"/></canvas><canvas name="10" width="107" height="104"><vector name="origin" x="62" y="103"/><vector name="lt" x="-38" y="-98"/><vector name="rb" x="44" y="1"/><vector name="head" x="2" y="-85"/><int name="delay" value="110"/></canvas><canvas name="11" width="107" height="106"><vector name="origin" x="62" y="105"/><vector name="lt" x="-38" y="-100"/><vector name="rb" x="44" y="0"/><vector name="head" x="0" y="-87"/><int name="delay" value="110"/></canvas><canvas name="12" width="107" height="107"><vector name="origin" x="62" y="106"/><vector name="lt" x="-37" y="-98"/><vector name="rb" x="45" y="1"/><vector name="head" x="-3" y="-87"/><int name="delay" value="110"/></canvas><canvas name="13" width="107" height="106"><vector name="origin" x="62" y="105"/><vector name="lt" x="-38" y="-95"/><vector name="rb" x="44" y="0"/><vector name="head" x="-6" y="-84"/><int name="delay" value="110"/></canvas><canvas name="14" width="110" height="102"><vector name="origin" x="62" y="101"/><vector name="lt" x="-38" y="-94"/><vector name="rb" x="47" y="0"/><vector name="head" x="-6" y="-83"/><int name="delay" value="110"/></canvas><canvas name="15" width="111" height="99"><vector name="origin" x="62" y="98"/><vector name="lt" x="-37" y="-93"/><vector name="rb" x="48" y="0"/><vector name="head" x="-5" y="-82"/><int name="delay" value="110"/></canvas><canvas name="16" width="112" height="107"><vector name="origin" x="62" y="107"/><vector name="lt" x="-37" y="-97"/><vector name="rb" x="49" y="-1"/><vector name="head" x="-1" y="-87"/><int name="delay" value="110"/></canvas><canvas name="17" width="115" height="109"><vector name="origin" x="62" y="109"/><vector name="lt" x="-40" y="-102"/><vector name="rb" x="52" y="-1"/><vector name="head" x="1" y="-91"/><int name="delay" value="110"/></canvas><canvas name="18" width="97" height="113"><vector name="origin" x="42" y="113"/><vector name="lt" x="-42" y="-108"/><vector name="rb" x="53" y="-1"/><vector name="head" x="2" y="-96"/><int name="delay" value="110"/></canvas><canvas name="19" width="103" height="120"><vector name="origin" x="45" y="120"/><vector name="lt" x="-45" y="-115"/><vector name="rb" x="57" y="-1"/><vector name="head" x="0" y="-104"/><int name="delay" value="110"/></canvas><canvas name="20" width="114" height="126"><vector name="origin" x="51" y="126"/><vector name="lt" x="-50" y="-118"/><vector name="rb" x="62" y="-1"/><vector name="head" x="-3" y="-108"/><int name="delay" value="110"/></canvas><canvas name="21" width="131" height="129"><vector name="origin" x="59" y="129"/><vector name="lt" x="-58" y="-119"/><vector name="rb" x="71" y="-1"/><vector name="head" x="-6" y="-108"/><int name="delay" value="110"/></canvas><canvas name="22" width="124" height="123"><vector name="origin" x="56" y="123"/><vector name="lt" x="-55" y="-115"/><vector name="rb" x="67" y="-1"/><vector name="head" x="-6" y="-106"/><int name="delay" value="110"/></canvas><canvas name="23" width="124" height="117"><vector name="origin" x="56" y="117"/><vector name="lt" x="-55" y="-112"/><vector name="rb" x="67" y="-1"/><vector name="head" x="-5" y="-101"/><int name="delay" value="110"/></canvas></imgdir><imgdir name="attack1"><imgdir name="info"><imgdir name="range"><vector name="sp" x="-45" y="-40"/><int name="r" value="270"/></imgdir><imgdir name="ball"><canvas name="0" width="85" height="23"><vector name="origin" x="13" y="11"/></canvas><canvas name="1" width="84" height="25"><vector name="origin" x="13" y="11"/></canvas><canvas name="2" width="84" height="24"><vector name="origin" x="13" y="11"/></canvas></imgdir><imgdir name="hit"><canvas name="0" width="73" height="80"><vector name="origin" x="33" y="56"/></canvas><canvas name="1" width="95" height="99"><vector name="origin" x="42" y="67"/></canvas></imgdir><int name="type" value="2"/><int name="conMP" value="1"/><int name="effectAfter" value="0"/><int name="attackAfter" value="990"/><int name="magic" value="1"/></imgdir><canvas name="0" width="124" height="126"><vector name="origin" x="57" y="126"/><vector name="lt" x="-56" y="-116"/><vector name="rb" x="66" y="-1"/><vector name="head" x="-2" y="-106"/><int name="delay" value="90"/></canvas><canvas name="1" width="135" height="127"><vector name="origin" x="63" y="127"/><vector name="lt" x="-62" y="-116"/><vector name="rb" x="71" y="-1"/><vector name="head" x="-2" y="-106"/><int name="delay" value="90"/></canvas><canvas name="2" width="135" height="127"><vector name="origin" x="63" y="125"/><vector name="lt" x="-56" y="-115"/><vector name="rb" x="66" y="-1"/><vector name="head" x="-2" y="-104"/><int name="delay" value="90"/></canvas><canvas name="3" width="135" height="125"><vector name="origin" x="63" y="124"/><vector name="lt" x="-55" y="-114"/><vector name="rb" x="63" y="-1"/><vector name="head" x="-2" y="-103"/><int name="delay" value="90"/></canvas><canvas name="4" width="123" height="123"><vector name="origin" x="56" y="122"/><vector name="lt" x="-47" y="-112"/><vector name="rb" x="51" y="0"/><vector name="head" x="-2" y="-101"/><int name="delay" value="90"/></canvas><canvas name="5" width="118" height="121"><vector name="origin" x="55" y="121"/><vector name="lt" x="-47" y="-111"/><vector name="rb" x="51" y="-1"/><vector name="head" x="-2" y="-100"/><int name="delay" value="90"/></canvas><canvas name="6" width="97" height="120"><vector name="origin" x="46" y="120"/><vector name="lt" x="-45" y="-110"/><vector name="rb" x="50" y="-1"/><vector name="head" x="-2" y="-99"/><int name="delay" value="90"/></canvas><canvas name="7" width="99" height="121"><vector name="origin" x="48" y="121"/><vector name="lt" x="-46" y="-111"/><vector name="rb" x="51" y="-1"/><vector name="head" x="-2" y="-100"/><int name="delay" value="90"/></canvas><canvas name="8" width="113" height="125"><vector name="origin" x="59" y="122"/><vector name="lt" x="-58" y="-111"/><vector name="rb" x="52" y="-2"/><vector name="head" x="2" y="-101"/><int name="delay" value="90"/></canvas><canvas name="9" width="111" height="124"><vector name="origin" x="57" y="121"/><vector name="lt" x="-57" y="-110"/><vector name="rb" x="51" y="3"/><vector name="head" x="-2" y="-100"/><int name="delay" value="90"/></canvas><canvas name="10" width="115" height="123"><vector name="origin" x="63" y="121"/><vector name="lt" x="-63" y="-111"/><vector name="rb" x="51" y="2"/><vector name="head" x="-2" y="-100"/><int name="delay" value="90"/></canvas><canvas name="11" width="117" height="122"><vector name="origin" x="66" y="120"/><vector name="lt" x="-66" y="-110"/><vector name="rb" x="50" y="2"/><vector name="head" x="-2" y="-99"/><int name="delay" value="90"/></canvas><canvas name="12" width="136" height="122"><vector name="origin" x="73" y="121"/><vector name="lt" x="-64" y="-111"/><vector name="rb" x="50" y="1"/><vector name="head" x="-2" y="-100"/><int name="delay" value="90"/></canvas><canvas name="13" width="141" height="124"><vector name="origin" x="69" y="124"/><vector name="lt" x="-54" y="-114"/><vector name="rb" x="63" y="-1"/><vector name="head" x="-2" y="-103"/><int name="delay" value="90"/></canvas><canvas name="14" width="135" height="127"><vector name="origin" x="63" y="127"/><vector name="lt" x="-63" y="-116"/><vector name="rb" x="71" y="0"/><vector name="head" x="-2" y="-106"/><int name="delay" value="90"/></canvas></imgdir><imgdir name="hit1"><canvas name="0" width="118" height="131"><vector name="origin" x="54" y="132"/><vector name="lt" x="-54" y="-119"/><vector name="rb" x="63" y="-1"/><vector name="head" x="-3" y="-107"/><int name="delay" value="600"/></canvas></imgdir><imgdir name="die1"><canvas name="0" width="118" height="131"><vector name="origin" x="54" y="131"/><vector name="head" x="-3" y="-106"/><int name="delay" value="120"/></canvas><canvas name="1" width="118" height="133"><vector name="origin" x="54" y="133"/><vector name="head" x="-3" y="-108"/><int name="delay" value="120"/></canvas><canvas name="2" width="118" height="135"><vector name="origin" x="54" y="135"/><vector name="head" x="-3" y="-110"/><int name="delay" value="120"/></canvas><canvas name="3" width="118" height="135"><vector name="origin" x="52" y="135"/><vector name="head" x="1" y="-110"/><int name="delay" value="120"/></canvas><canvas name="4" width="118" height="140"><vector name="origin" x="47" y="135"/><vector name="head" x="7" y="-110"/><int name="delay" value="120"/></canvas><canvas name="5" width="121" height="126"><vector name="origin" x="42" y="120"/><vector name="head" x="15" y="-95"/><int name="delay" value="120"/></canvas><canvas name="6" width="125" height="111"><vector name="origin" x="41" y="104"/><vector name="head" x="20" y="-80"/><int name="delay" value="300"/><int name="a0" value="255"/><int name="a1" value="0"/></canvas></imgdir></imgdir>