<?xml version="1.0" encoding="UTF-8" standalone="yes"?><imgdir name="5120502.img"><imgdir name="info"><int name="bodyAttack" value="1"/><int name="level" value="54"/><int name="maxHP" value="4400"/><int name="maxMP" value="160"/><int name="speed" value="-40"/><int name="PADamage" value="155"/><int name="PDDamage" value="180"/><int name="MADamage" value="0"/><int name="MDDamage" value="215"/><int name="acc" value="150"/><int name="eva" value="18"/><int name="exp" value="168"/><int name="undead" value="0"/><int name="pushed" value="400"/><float name="fs" value="10.0"/><int name="summonType" value="1"/><int name="category" value="2"/></imgdir><imgdir name="move"><canvas name="0" width="60" height="88"><vector name="origin" x="29" y="88"/><vector name="lt" x="-21" y="-64"/><vector name="rb" x="31" y="0"/><vector name="head" x="0" y="-64"/><int name="delay" value="200"/></canvas><canvas name="1" width="59" height="88"><vector name="origin" x="28" y="88"/><vector name="lt" x="-21" y="-64"/><vector name="rb" x="31" y="0"/><vector name="head" x="0" y="-64"/><int name="delay" value="200"/></canvas><canvas name="2" width="60" height="88"><vector name="origin" x="29" y="88"/><vector name="lt" x="-21" y="-64"/><vector name="rb" x="31" y="0"/><vector name="head" x="0" y="-64"/><int name="delay" value="200"/></canvas><canvas name="3" width="59" height="88"><vector name="origin" x="28" y="88"/><vector name="lt" x="-21" y="-64"/><vector name="rb" x="31" y="0"/><vector name="head" x="0" y="-64"/><int name="delay" value="200"/></canvas></imgdir><imgdir name="stand"><canvas name="0" width="58" height="87"><vector name="origin" x="27" y="87"/><vector name="lt" x="-22" y="-64"/><vector name="rb" x="31" y="0"/><vector name="head" x="0" y="-64"/><int name="delay" value="200"/></canvas><canvas name="1" width="59" height="87"><vector name="origin" x="29" y="87"/><vector name="lt" x="-23" y="-64"/><vector name="rb" x="31" y="0"/><vector name="head" x="-1" y="-64"/><int name="delay" value="200"/></canvas><canvas name="2" width="60" height="87"><vector name="origin" x="29" y="87"/><vector name="lt" x="-22" y="-64"/><vector name="rb" x="31" y="0"/><vector name="head" x="-1" y="-63"/><int name="delay" value="200"/></canvas><canvas name="3" width="59" height="87"><vector name="origin" x="27" y="87"/><vector name="lt" x="-21" y="-64"/><vector name="rb" x="32" y="0"/><vector name="head" x="0" y="-63"/><int name="delay" value="200"/></canvas></imgdir><imgdir name="hit1"><canvas name="0" width="65" height="97"><vector name="origin" x="27" y="97"/><vector name="lt" x="-22" y="-64"/><vector name="rb" x="27" y="0"/><vector name="head" x="1" y="-65"/><int name="delay" value="600"/></canvas></imgdir><imgdir name="die1"><canvas name="0" width="64" height="97"><vector name="origin" x="26" y="97"/><vector name="head" x="1" y="-65"/><int name="delay" value="120"/></canvas><canvas name="1" width="64" height="102"><vector name="origin" x="26" y="105"/><vector name="head" x="1" y="-65"/><int name="delay" value="120"/></canvas><canvas name="2" width="66" height="100"><vector name="origin" x="26" y="102"/><vector name="head" x="1" y="-65"/><int name="delay" value="120"/></canvas><canvas name="3" width="66" height="98"><vector name="origin" x="26" y="97"/><vector name="head" x="1" y="-65"/><int name="delay" value="120"/></canvas><canvas name="4" width="57" height="95"><vector name="origin" x="18" y="94"/><vector name="head" x="1" y="-65"/><int name="delay" value="120"/><int name="a0" value="255"/><int name="a1" value="0"/></canvas></imgdir></imgdir>