<?xml version="1.0" encoding="UTF-8" standalone="yes"?><imgdir name="5120000.img"><imgdir name="info"><int name="bodyAttack" value="1"/><int name="level" value="52"/><int name="maxHP" value="4000"/><int name="maxMP" value="200"/><int name="speed" value="-15"/><int name="PADamage" value="160"/><int name="PDDamage" value="125"/><int name="MADamage" value="170"/><int name="MDDamage" value="265"/><int name="acc" value="130"/><int name="eva" value="22"/><int name="exp" value="155"/><int name="undead" value="0"/><int name="pushed" value="500"/><int name="mpRecovery" value="5"/><float name="fs" value="10.0"/><string name="elemAttr" value="I2F2L2H2D2"/><int name="summonType" value="1"/><imgdir name="skill"><imgdir name="0"><int name="skill" value="101"/><int name="action" value="1"/><int name="level" value="2"/><int name="effectAfter" value="0"/></imgdir></imgdir><int name="category" value="5"/></imgdir><imgdir name="move"><canvas name="0" width="55" height="52"><vector name="origin" x="27" y="66"/><vector name="lt" x="-27" y="-66"/><vector name="rb" x="28" y="-14"/><vector name="head" x="-6" y="-47"/><int name="delay" value="120"/></canvas><canvas name="1" width="55" height="52"><vector name="origin" x="27" y="64"/><vector name="lt" x="-27" y="-65"/><vector name="rb" x="28" y="-13"/><vector name="head" x="-6" y="-46"/><int name="delay" value="120"/></canvas><canvas name="2" width="56" height="52"><vector name="origin" x="27" y="62"/><vector name="lt" x="-27" y="-64"/><vector name="rb" x="28" y="-12"/><vector name="head" x="-6" y="-45"/><int name="delay" value="120"/></canvas><canvas name="3" width="57" height="52"><vector name="origin" x="27" y="60"/><vector name="lt" x="-27" y="-64"/><vector name="rb" x="28" y="-11"/><vector name="head" x="-6" y="-44"/><int name="delay" value="120"/></canvas><canvas name="4" width="56" height="52"><vector name="origin" x="27" y="62"/><vector name="lt" x="-27" y="-64"/><vector name="rb" x="28" y="-12"/><vector name="head" x="-6" y="-45"/><int name="delay" value="120"/></canvas><canvas name="5" width="55" height="52"><vector name="origin" x="27" y="64"/><vector name="lt" x="-27" y="-65"/><vector name="rb" x="28" y="-13"/><vector name="head" x="-6" y="-46"/><int name="delay" value="120"/></canvas></imgdir><imgdir name="stand"><canvas name="0" width="55" height="52"><vector name="origin" x="27" y="66"/><vector name="lt" x="-27" y="-66"/><vector name="rb" x="28" y="-14"/><vector name="head" x="-7" y="-47"/><int name="delay" value="130"/></canvas><canvas name="1" width="55" height="52"><vector name="origin" x="27" y="64"/><vector name="lt" x="-27" y="-65"/><vector name="rb" x="28" y="-13"/><vector name="head" x="-7" y="-46"/><int name="delay" value="130"/></canvas><canvas name="2" width="56" height="52"><vector name="origin" x="27" y="62"/><vector name="lt" x="-27" y="-64"/><vector name="rb" x="28" y="-12"/><vector name="head" x="-7" y="-45"/><int name="delay" value="130"/></canvas><canvas name="3" width="57" height="52"><vector name="origin" x="27" y="60"/><vector name="lt" x="-27" y="-63"/><vector name="rb" x="28" y="-11"/><vector name="head" x="-7" y="-44"/><int name="delay" value="130"/></canvas><canvas name="4" width="56" height="52"><vector name="origin" x="27" y="62"/><vector name="lt" x="-27" y="-64"/><vector name="rb" x="28" y="-12"/><vector name="head" x="-7" y="-45"/><int name="delay" value="130"/></canvas><canvas name="5" width="55" height="52"><vector name="origin" x="27" y="64"/><vector name="lt" x="-27" y="-65"/><vector name="rb" x="28" y="-13"/><vector name="head" x="-7" y="-46"/><int name="delay" value="130"/></canvas></imgdir><imgdir name="jump"><canvas name="0" width="54" height="58"><vector name="origin" x="26" y="66"/><vector name="lt" x="-26" y="-66"/><vector name="rb" x="28" y="-8"/><vector name="head" x="-5" y="-47"/></canvas></imgdir><imgdir name="attack1"><imgdir name="info"><imgdir name="range"><vector name="sp" x="-24" y="-37"/><int name="r" value="210"/></imgdir><imgdir name="ball"><canvas name="0" width="78" height="36"><vector name="origin" x="39" y="18"/><int name="delay" value="100"/></canvas><canvas name="1" width="78" height="34"><vector name="origin" x="39" y="17"/><int name="delay" value="100"/></canvas><canvas name="2" width="78" height="34"><vector name="origin" x="38" y="16"/><int name="delay" value="100"/></canvas></imgdir><imgdir name="hit"><canvas name="0" width="54" height="120"><vector name="origin" x="27" y="57"/><int name="delay" value="110"/></canvas><canvas name="1" width="57" height="102"><vector name="origin" x="28" y="51"/><int name="delay" value="110"/></canvas><canvas name="2" width="68" height="98"><vector name="origin" x="32" y="51"/><int name="delay" value="110"/></canvas><canvas name="3" width="49" height="92"><vector name="origin" x="24" y="46"/><int name="delay" value="110"/></canvas></imgdir><imgdir name="effect"><canvas name="0" width="31" height="77"><vector name="origin" x="47" y="75"/><int name="delay" value="100"/></canvas><canvas name="1" width="37" height="83"><vector name="origin" x="51" y="78"/><int name="delay" value="100"/></canvas><canvas name="2" width="39" height="88"><vector name="origin" x="53" y="81"/><int name="delay" value="100"/></canvas><canvas name="3" width="40" height="91"><vector name="origin" x="54" y="83"/><int name="delay" value="100"/></canvas></imgdir><int name="type" value="2"/><int name="conMP" value="1"/><int name="attackAfter" value="960"/><int name="effectAfter" value="960"/><int name="magic" value="1"/></imgdir><canvas name="0" width="55" height="52"><vector name="origin" x="27" y="66"/><vector name="lt" x="-27" y="-66"/><vector name="rb" x="28" y="-14"/><vector name="head" x="-6" y="-47"/><int name="delay" value="100"/></canvas><canvas name="1" width="55" height="52"><vector name="origin" x="27" y="66"/><vector name="lt" x="-27" y="-66"/><vector name="rb" x="28" y="-14"/><vector name="head" x="-6" y="-47"/><int name="delay" value="100"/></canvas><canvas name="2" width="55" height="52"><vector name="origin" x="27" y="66"/><vector name="lt" x="-27" y="-66"/><vector name="rb" x="28" y="-14"/><vector name="head" x="-6" y="-47"/><int name="delay" value="100"/></canvas><canvas name="3" width="69" height="52"><vector name="origin" x="41" y="66"/><vector name="lt" x="-27" y="-66"/><vector name="rb" x="28" y="-14"/><vector name="head" x="-6" y="-47"/><int name="delay" value="100"/></canvas><canvas name="4" width="69" height="52"><vector name="origin" x="41" y="66"/><vector name="lt" x="-27" y="-66"/><vector name="rb" x="28" y="-14"/><vector name="head" x="-6" y="-47"/><int name="delay" value="70"/></canvas><canvas name="5" width="117" height="108"><vector name="origin" x="89" y="107"/><vector name="lt" x="-27" y="-66"/><vector name="rb" x="28" y="-14"/><vector name="head" x="-6" y="-47"/><int name="delay" value="70"/></canvas><canvas name="6" width="114" height="103"><vector name="origin" x="86" y="101"/><vector name="lt" x="-27" y="-66"/><vector name="rb" x="28" y="-14"/><vector name="head" x="-6" y="-47"/><int name="delay" value="70"/></canvas><canvas name="7" width="111" height="92"><vector name="origin" x="83" y="99"/><vector name="lt" x="-27" y="-66"/><vector name="rb" x="28" y="-14"/><vector name="head" x="-6" y="-47"/><int name="delay" value="70"/></canvas><canvas name="8" width="115" height="103"><vector name="origin" x="87" y="105"/><vector name="lt" x="-27" y="-66"/><vector name="rb" x="28" y="-14"/><vector name="head" x="-6" y="-47"/><int name="delay" value="70"/></canvas><canvas name="9" width="110" height="96"><vector name="origin" x="82" y="98"/><vector name="lt" x="-27" y="-66"/><vector name="rb" x="28" y="-14"/><vector name="head" x="-6" y="-47"/><int name="delay" value="70"/></canvas><canvas name="10" width="104" height="79"><vector name="origin" x="76" y="92"/><vector name="lt" x="-27" y="-66"/><vector name="rb" x="28" y="-14"/><vector name="head" x="-6" y="-47"/><int name="delay" value="70"/></canvas><canvas name="11" width="69" height="52"><vector name="origin" x="41" y="66"/><vector name="lt" x="-27" y="-66"/><vector name="rb" x="28" y="-14"/><vector name="head" x="-6" y="-47"/><int name="delay" value="70"/></canvas><canvas name="12" width="73" height="52"><vector name="origin" x="40" y="66"/><vector name="lt" x="-27" y="-66"/><vector name="rb" x="28" y="-14"/><vector name="head" x="-1" y="-47"/><int name="delay" value="120"/></canvas><canvas name="13" width="73" height="52"><vector name="origin" x="43" y="66"/><vector name="lt" x="-27" y="-66"/><vector name="rb" x="28" y="-14"/><vector name="head" x="-4" y="-47"/><int name="delay" value="140"/></canvas><canvas name="14" width="73" height="52"><vector name="origin" x="44" y="66"/><vector name="lt" x="-27" y="-66"/><vector name="rb" x="28" y="-14"/><vector name="head" x="-5" y="-47"/><int name="delay" value="160"/></canvas><uol name="15" value="../stand/0"/><uol name="16" value="../stand/1"/><uol name="17" value="../stand/2"/><uol name="18" value="../stand/3"/><uol name="19" value="../stand/4"/><uol name="20" value="../stand/5"/></imgdir><imgdir name="skill1"><canvas name="0" width="55" height="52"><vector name="origin" x="27" y="66"/><vector name="lt" x="-27" y="-66"/><vector name="rb" x="28" y="-14"/><vector name="head" x="-6" y="-47"/><int name="delay" value="90"/></canvas><canvas name="1" width="55" height="52"><vector name="origin" x="27" y="66"/><vector name="lt" x="-27" y="-66"/><vector name="rb" x="28" y="-14"/><vector name="head" x="-6" y="-47"/><int name="delay" value="90"/></canvas><uol name="2" value="0"/><canvas name="3" width="69" height="52"><vector name="origin" x="41" y="66"/><vector name="lt" x="-27" y="-66"/><vector name="rb" x="28" y="-14"/><vector name="head" x="-6" y="-47"/><int name="delay" value="90"/></canvas><canvas name="4" width="74" height="53"><vector name="origin" x="44" y="66"/><vector name="lt" x="-27" y="-66"/><vector name="rb" x="28" y="-14"/><vector name="head" x="-6" y="-47"/><int name="delay" value="90"/></canvas><canvas name="5" width="72" height="52"><vector name="origin" x="42" y="66"/><vector name="lt" x="-27" y="-66"/><vector name="rb" x="28" y="-14"/><vector name="head" x="-6" y="-47"/><int name="delay" value="90"/></canvas><uol name="6" value="4"/><uol name="7" value="5"/><uol name="8" value="4"/><uol name="9" value="5"/></imgdir><imgdir name="hit1"><canvas name="0" width="59" height="88"><vector name="origin" x="25" y="102"/><vector name="lt" x="-25" y="-96"/><vector name="rb" x="29" y="-14"/><vector name="head" x="-5" y="-47"/><int name="delay" value="600"/></canvas></imgdir><imgdir name="die1"><canvas name="0" width="53" height="66"><vector name="origin" x="27" y="80"/><vector name="head" x="-4" y="-46"/><int name="delay" value="130"/></canvas><canvas name="1" width="52" height="77"><vector name="origin" x="25" y="91"/><vector name="head" x="-4" y="-46"/><int name="delay" value="130"/></canvas><canvas name="2" width="58" height="91"><vector name="origin" x="29" y="101"/><vector name="head" x="-4" y="-42"/><int name="delay" value="130"/></canvas><canvas name="3" width="56" height="79"><vector name="origin" x="30" y="83"/><vector name="head" x="-4" y="-37"/><int name="delay" value="130"/></canvas><canvas name="4" width="60" height="93"><vector name="origin" x="33" y="89"/><vector name="head" x="-4" y="-29"/><int name="delay" value="300"/><int name="a0" value="255"/><int name="a1" value="0"/></canvas></imgdir></imgdir>