<?xml version="1.0" encoding="UTF-8" standalone="yes"?><imgdir name="5200001.img"><imgdir name="info"><int name="bodyAttack" value="1"/><int name="level" value="30"/><int name="maxHP" value="900"/><int name="maxMP" value="50"/><int name="speed" value="-20"/><int name="PADamage" value="105"/><int name="PDDamage" value="275"/><int name="MADamage" value="118"/><int name="MDDamage" value="85"/><int name="acc" value="75"/><int name="eva" value="12"/><int name="exp" value="55"/><int name="undead" value="0"/><int name="pushed" value="0"/><float name="fs" value="10.0"/><int name="summonType" value="1"/><string name="elemAttr" value="I2F3"/><int name="category" value="8"/></imgdir><imgdir name="move"><canvas name="0" width="36" height="36"><vector name="origin" x="18" y="50"/><vector name="lt" x="-18" y="-50"/><vector name="rb" x="18" y="-14"/><vector name="head" x="-3" y="-47"/><int name="delay" value="250"/></canvas><canvas name="1" width="36" height="36"><vector name="origin" x="18" y="54"/><vector name="lt" x="-18" y="-54"/><vector name="rb" x="18" y="-18"/><vector name="head" x="-3" y="-51"/><int name="delay" value="120"/></canvas><canvas name="2" width="36" height="36"><vector name="origin" x="18" y="58"/><vector name="lt" x="-18" y="-58"/><vector name="rb" x="18" y="-22"/><vector name="head" x="-3" y="-55"/><int name="delay" value="250"/></canvas><canvas name="3" width="36" height="36"><vector name="origin" x="18" y="54"/><vector name="lt" x="-18" y="-54"/><vector name="rb" x="18" y="-18"/><vector name="head" x="-3" y="-51"/><int name="delay" value="120"/></canvas></imgdir><imgdir name="stand"><canvas name="0" width="36" height="36"><vector name="origin" x="18" y="50"/><vector name="lt" x="-18" y="-50"/><vector name="rb" x="18" y="-14"/><vector name="head" x="-3" y="-47"/><int name="delay" value="800"/></canvas><canvas name="1" width="55" height="43"><vector name="origin" x="26" y="57"/><vector name="lt" x="-18" y="-50"/><vector name="rb" x="18" y="-14"/><vector name="head" x="-3" y="-47"/><int name="delay" value="120"/></canvas><canvas name="2" width="56" height="45"><vector name="origin" x="27" y="59"/><vector name="lt" x="-18" y="-50"/><vector name="rb" x="18" y="-14"/><vector name="head" x="-3" y="-47"/><int name="delay" value="120"/></canvas><canvas name="3" width="59" height="48"><vector name="origin" x="29" y="62"/><vector name="lt" x="-18" y="-62"/><vector name="rb" x="18" y="-14"/><vector name="head" x="-3" y="-47"/><int name="delay" value="120"/></canvas><canvas name="4" width="36" height="47"><vector name="origin" x="18" y="61"/><vector name="lt" x="-18" y="-61"/><vector name="rb" x="18" y="-14"/><vector name="head" x="-3" y="-47"/><int name="delay" value="120"/></canvas><canvas name="5" width="36" height="46"><vector name="origin" x="18" y="60"/><vector name="lt" x="-18" y="-60"/><vector name="rb" x="18" y="-14"/><vector name="head" x="-3" y="-47"/><int name="delay" value="120"/></canvas><canvas name="6" width="36" height="46"><vector name="origin" x="18" y="60"/><vector name="lt" x="-18" y="-60"/><vector name="rb" x="18" y="-14"/><vector name="head" x="-3" y="-47"/><int name="delay" value="120"/></canvas><canvas name="7" width="36" height="46"><vector name="origin" x="18" y="60"/><vector name="lt" x="-18" y="-60"/><vector name="rb" x="18" y="-14"/><vector name="head" x="-3" y="-47"/><int name="delay" value="120"/></canvas><canvas name="8" width="36" height="46"><vector name="origin" x="18" y="60"/><vector name="lt" x="-18" y="-60"/><vector name="rb" x="18" y="-14"/><vector name="head" x="-3" y="-47"/><int name="delay" value="120"/></canvas><canvas name="9" width="36" height="46"><vector name="origin" x="18" y="60"/><vector name="lt" x="-18" y="-60"/><vector name="rb" x="18" y="-14"/><vector name="head" x="-3" y="-47"/><int name="delay" value="120"/></canvas><canvas name="10" width="36" height="46"><vector name="origin" x="18" y="60"/><vector name="lt" x="-18" y="-60"/><vector name="rb" x="18" y="-14"/><vector name="head" x="-3" y="-47"/><int name="delay" value="120"/></canvas><canvas name="11" width="43" height="53"><vector name="origin" x="22" y="67"/><vector name="lt" x="-18" y="-60"/><vector name="rb" x="18" y="-14"/><vector name="head" x="-3" y="-47"/><int name="delay" value="120"/></canvas><canvas name="12" width="47" height="56"><vector name="origin" x="24" y="70"/><vector name="lt" x="-18" y="-60"/><vector name="rb" x="18" y="-14"/><vector name="head" x="-3" y="-47"/><int name="delay" value="120"/></canvas><canvas name="13" width="49" height="58"><vector name="origin" x="26" y="72"/><vector name="lt" x="-18" y="-61"/><vector name="rb" x="18" y="-14"/><vector name="head" x="-3" y="-47"/><int name="delay" value="120"/></canvas><canvas name="14" width="36" height="46"><vector name="origin" x="18" y="60"/><vector name="lt" x="-18" y="-60"/><vector name="rb" x="18" y="-14"/><vector name="head" x="-3" y="-47"/><int name="delay" value="120"/></canvas></imgdir><imgdir name="attack1"><imgdir name="info"><imgdir name="range"><vector name="sp" x="-14" y="-32"/><int name="r" value="280"/></imgdir><imgdir name="hit"><canvas name="0" width="83" height="91"><vector name="origin" x="39" y="62"/><int name="delay" value="150"/></canvas><canvas name="1" width="110" height="113"><vector name="origin" x="50" y="74"/><int name="delay" value="200"/><int name="a0" value="255"/><int name="a1" value="0"/></canvas></imgdir><int name="type" value="1"/><int name="conMP" value="1"/><int name="attackAfter" value="1500"/><int name="magic" value="1"/><string name="elemAttr" value="I"/></imgdir><canvas name="0" width="36" height="36"><vector name="origin" x="18" y="50"/><vector name="lt" x="-18" y="-50"/><vector name="rb" x="18" y="-14"/><vector name="head" x="-3" y="-47"/><int name="delay" value="100"/></canvas><canvas name="1" width="78" height="52"><vector name="origin" x="39" y="66"/><vector name="lt" x="-18" y="-50"/><vector name="rb" x="18" y="-14"/><vector name="head" x="-3" y="-47"/><int name="delay" value="100"/></canvas><canvas name="2" width="83" height="56"><vector name="origin" x="41" y="70"/><vector name="lt" x="-18" y="-50"/><vector name="rb" x="18" y="-14"/><vector name="head" x="-3" y="-47"/><int name="delay" value="100"/></canvas><canvas name="3" width="85" height="56"><vector name="origin" x="43" y="70"/><vector name="lt" x="-18" y="-50"/><vector name="rb" x="18" y="-14"/><vector name="head" x="-3" y="-47"/><int name="delay" value="200"/></canvas><canvas name="4" width="48" height="55"><vector name="origin" x="25" y="62"/><vector name="lt" x="-25" y="-62"/><vector name="rb" x="23" y="-7"/><vector name="head" x="-3" y="-47"/><int name="delay" value="100"/></canvas><canvas name="5" width="46" height="54"><vector name="origin" x="24" y="62"/><vector name="lt" x="-24" y="-62"/><vector name="rb" x="22" y="-8"/><vector name="head" x="-3" y="-47"/><int name="delay" value="100"/></canvas><canvas name="6" width="44" height="53"><vector name="origin" x="23" y="62"/><vector name="lt" x="-23" y="-62"/><vector name="rb" x="21" y="-9"/><vector name="head" x="-3" y="-47"/><int name="delay" value="100"/></canvas><canvas name="7" width="49" height="53"><vector name="origin" x="28" y="62"/><vector name="lt" x="-23" y="-62"/><vector name="rb" x="21" y="-9"/><vector name="head" x="-3" y="-47"/><int name="delay" value="80"/></canvas><canvas name="8" width="49" height="53"><vector name="origin" x="28" y="62"/><vector name="lt" x="-23" y="-62"/><vector name="rb" x="21" y="-9"/><vector name="head" x="-3" y="-47"/><int name="delay" value="80"/></canvas><canvas name="9" width="65" height="56"><vector name="origin" x="44" y="62"/><vector name="lt" x="-23" y="-62"/><vector name="rb" x="21" y="-9"/><vector name="head" x="-3" y="-47"/><int name="delay" value="80"/></canvas><canvas name="10" width="83" height="92"><vector name="origin" x="55" y="77"/><vector name="lt" x="-23" y="-62"/><vector name="rb" x="21" y="-9"/><vector name="head" x="-3" y="-47"/><int name="delay" value="80"/></canvas><canvas name="11" width="68" height="74"><vector name="origin" x="47" y="68"/><vector name="lt" x="-23" y="-62"/><vector name="rb" x="21" y="-9"/><vector name="head" x="-3" y="-47"/><int name="delay" value="80"/></canvas><canvas name="12" width="65" height="56"><vector name="origin" x="44" y="62"/><vector name="lt" x="-23" y="-62"/><vector name="rb" x="21" y="-9"/><vector name="head" x="-3" y="-47"/><int name="delay" value="80"/></canvas><canvas name="13" width="64" height="56"><vector name="origin" x="43" y="62"/><vector name="lt" x="-23" y="-62"/><vector name="rb" x="21" y="-9"/><vector name="head" x="-3" y="-47"/><int name="delay" value="80"/></canvas><canvas name="14" width="110" height="53"><vector name="origin" x="89" y="62"/><vector name="lt" x="-23" y="-62"/><vector name="rb" x="21" y="-9"/><vector name="head" x="-3" y="-47"/><int name="delay" value="80"/></canvas><canvas name="15" width="106" height="53"><vector name="origin" x="85" y="62"/><vector name="lt" x="-23" y="-62"/><vector name="rb" x="21" y="-9"/><vector name="head" x="-3" y="-47"/><int name="delay" value="80"/></canvas><canvas name="16" width="103" height="53"><vector name="origin" x="82" y="62"/><vector name="lt" x="-23" y="-62"/><vector name="rb" x="21" y="-9"/><vector name="head" x="-3" y="-47"/><int name="delay" value="80"/></canvas><canvas name="17" width="41" height="47"><vector name="origin" x="21" y="58"/><vector name="lt" x="-21" y="-58"/><vector name="rb" x="20" y="-11"/><vector name="head" x="-3" y="-47"/><int name="delay" value="80"/></canvas><canvas name="18" width="37" height="41"><vector name="origin" x="19" y="54"/><vector name="lt" x="-19" y="-54"/><vector name="rb" x="18" y="-13"/><vector name="head" x="-3" y="-47"/><int name="delay" value="80"/></canvas></imgdir><imgdir name="hit1"><canvas name="0" width="51" height="49"><vector name="origin" x="23" y="61"/><vector name="lt" x="-23" y="-61"/><vector name="rb" x="28" y="-12"/><vector name="head" x="-4" y="-47"/><int name="delay" value="600"/></canvas></imgdir><imgdir name="die1"><canvas name="0" width="36" height="36"><vector name="origin" x="18" y="50"/><vector name="head" x="-3" y="-47"/><int name="delay" value="180"/></canvas><canvas name="1" width="36" height="36"><vector name="head" x="-3" y="-47"/><vector name="origin" x="18" y="50"/><int name="delay" value="180"/></canvas><canvas name="2" width="36" height="36"><vector name="origin" x="18" y="50"/><vector name="head" x="-3" y="-47"/><int name="delay" value="180"/></canvas><canvas name="3" width="61" height="58"><vector name="origin" x="30" y="63"/><vector name="head" x="-3" y="-47"/><int name="delay" value="100"/></canvas><canvas name="4" width="80" height="72"><vector name="origin" x="40" y="72"/><vector name="head" x="-3" y="-47"/><int name="delay" value="110"/></canvas><canvas name="5" width="89" height="82"><vector name="origin" x="46" y="76"/><vector name="head" x="-3" y="-47"/><int name="delay" value="120"/><int name="a0" value="255"/><int name="a1" value="0"/></canvas></imgdir></imgdir>