<?xml version="1.0" encoding="UTF-8" standalone="yes"?><imgdir name="5220004.img"><imgdir name="info"><int name="bodyAttack" value="1"/><int name="level" value="50"/><int name="maxHP" value="15000"/><int name="maxMP" value="200"/><int name="speed" value="-20"/><int name="PADamage" value="180"/><int name="PDDamage" value="150"/><int name="MADamage" value="200"/><int name="MDDamage" value="150"/><int name="acc" value="150"/><int name="eva" value="27"/><int name="exp" value="425"/><int name="undead" value="0"/><int name="pushed" value="1000"/><float name="fs" value="10.0"/><int name="summonType" value="1"/><int name="boss" value="1"/><imgdir name="speak"><imgdir name="0"><int name="hp" value="13000"/><string name="0" value="Grr...How dare a lowly human challenge me!"/></imgdir><int name="chatBalloon" value="0"/></imgdir><int name="category" value="1"/></imgdir><imgdir name="move"><canvas name="0" width="195" height="137"><vector name="origin" x="97" y="137"/><vector name="lt" x="-97" y="-137"/><vector name="rb" x="98" y="0"/><vector name="head" x="-64" y="-84"/><int name="delay" value="240"/></canvas><canvas name="1" width="188" height="138"><vector name="origin" x="94" y="137"/><vector name="lt" x="-94" y="-137"/><vector name="rb" x="94" y="1"/><vector name="head" x="-62" y="-83"/><int name="delay" value="240"/></canvas><canvas name="2" width="184" height="135"><vector name="origin" x="91" y="136"/><vector name="lt" x="-91" y="-136"/><vector name="rb" x="93" y="-1"/><vector name="head" x="-59" y="-83"/><int name="delay" value="240"/></canvas><canvas name="3" width="188" height="138"><vector name="origin" x="93" y="137"/><vector name="lt" x="-93" y="-137"/><vector name="rb" x="95" y="1"/><vector name="head" x="-61" y="-84"/><int name="delay" value="240"/></canvas></imgdir><imgdir name="stand"><canvas name="0" width="189" height="137"><vector name="origin" x="97" y="137"/><vector name="lt" x="-97" y="-137"/><vector name="rb" x="92" y="0"/><vector name="head" x="-64" y="-84"/><int name="delay" value="240"/></canvas><canvas name="1" width="188" height="138"><vector name="origin" x="94" y="138"/><vector name="lt" x="-94" y="-138"/><vector name="rb" x="94" y="0"/><vector name="head" x="-61" y="-85"/><int name="delay" value="240"/></canvas><canvas name="2" width="191" height="136"><vector name="origin" x="92" y="136"/><vector name="lt" x="-92" y="-136"/><vector name="rb" x="99" y="0"/><vector name="head" x="-61" y="-83"/><int name="delay" value="240"/></canvas><canvas name="3" width="191" height="132"><vector name="origin" x="90" y="132"/><vector name="lt" x="-90" y="-132"/><vector name="rb" x="101" y="0"/><vector name="head" x="-59" y="-81"/><int name="delay" value="240"/></canvas><canvas name="4" width="191" height="136"><vector name="origin" x="92" y="136"/><vector name="lt" x="-92" y="-136"/><vector name="rb" x="99" y="0"/><vector name="head" x="-60" y="-83"/><int name="delay" value="240"/></canvas><canvas name="5" width="189" height="138"><vector name="origin" x="95" y="138"/><vector name="lt" x="-95" y="-138"/><vector name="rb" x="94" y="0"/><vector name="head" x="-61" y="-84"/><int name="delay" value="240"/></canvas></imgdir><imgdir name="attack1"><imgdir name="info"><imgdir name="range"><vector name="lt" x="-136" y="-139"/><vector name="rb" x="146" y="6"/></imgdir><imgdir name="hit"><canvas name="0" width="49" height="46"><vector name="origin" x="24" y="73"/><int name="delay" value="120"/></canvas><canvas name="1" width="62" height="59"><vector name="origin" x="31" y="79"/><int name="delay" value="120"/></canvas><canvas name="2" width="67" height="64"><vector name="origin" x="33" y="82"/><int name="delay" value="120"/></canvas><canvas name="3" width="73" height="66"><vector name="origin" x="36" y="86"/><int name="delay" value="120"/></canvas><canvas name="4" width="77" height="71"><vector name="origin" x="38" y="85"/><int name="delay" value="120"/></canvas><canvas name="5" width="81" height="75"><vector name="origin" x="40" y="87"/><int name="delay" value="120"/></canvas><canvas name="6" width="84" height="79"><vector name="origin" x="42" y="89"/><int name="delay" value="120"/></canvas><int name="attach" value="1"/></imgdir><int name="type" value="0"/><int name="conMP" value="1"/><int name="attackAfter" value="840"/><string name="elemAttr" value="S"/><int name="magic" value="1"/></imgdir><canvas name="0" width="189" height="137"><vector name="origin" x="97" y="137"/><vector name="lt" x="-97" y="-137"/><vector name="rb" x="92" y="0"/><vector name="head" x="-64" y="-84"/><int name="delay" value="120"/></canvas><canvas name="1" width="188" height="138"><vector name="origin" x="94" y="138"/><vector name="lt" x="-94" y="-138"/><vector name="rb" x="94" y="0"/><vector name="head" x="-61" y="-85"/><int name="delay" value="120"/></canvas><canvas name="2" width="191" height="136"><vector name="origin" x="92" y="136"/><vector name="lt" x="-92" y="-136"/><vector name="rb" x="99" y="0"/><vector name="head" x="-60" y="-83"/><int name="delay" value="120"/></canvas><canvas name="3" width="191" height="132"><vector name="origin" x="90" y="132"/><vector name="lt" x="-90" y="-132"/><vector name="rb" x="101" y="0"/><vector name="head" x="-59" y="-81"/><int name="delay" value="120"/></canvas><canvas name="4" width="189" height="131"><vector name="origin" x="89" y="131"/><vector name="lt" x="-89" y="-131"/><vector name="rb" x="100" y="0"/><vector name="head" x="-58" y="-81"/><int name="delay" value="120"/></canvas><canvas name="5" width="184" height="137"><vector name="origin" x="88" y="130"/><vector name="lt" x="-89" y="-131"/><vector name="rb" x="95" y="6"/><vector name="head" x="-55" y="-79"/><int name="delay" value="120"/></canvas><canvas name="6" width="193" height="137"><vector name="origin" x="92" y="130"/><vector name="lt" x="-98" y="-133"/><vector name="rb" x="95" y="4"/><vector name="head" x="-60" y="-81"/><int name="delay" value="120"/></canvas><canvas name="7" width="269" height="147"><vector name="origin" x="130" y="139"/><vector name="lt" x="-107" y="-139"/><vector name="rb" x="112" y="8"/><vector name="head" x="-69" y="-80"/><int name="delay" value="120"/></canvas><canvas name="8" width="277" height="147"><vector name="origin" x="134" y="139"/><vector name="lt" x="-107" y="-139"/><vector name="rb" x="112" y="8"/><vector name="head" x="-72" y="-81"/><int name="delay" value="120"/></canvas><canvas name="9" width="281" height="147"><vector name="origin" x="136" y="139"/><vector name="lt" x="-107" y="-139"/><vector name="rb" x="112" y="8"/><vector name="head" x="-70" y="-80"/><int name="delay" value="120"/></canvas><canvas name="10" width="282" height="146"><vector name="origin" x="136" y="139"/><vector name="lt" x="-107" y="-139"/><vector name="rb" x="112" y="8"/><vector name="head" x="-72" y="-81"/><int name="delay" value="120"/></canvas><canvas name="11" width="207" height="146"><vector name="origin" x="105" y="139"/><vector name="lt" x="-105" y="-139"/><vector name="rb" x="102" y="6"/><vector name="head" x="-71" y="-81"/><int name="delay" value="120"/></canvas><canvas name="12" width="269" height="147"><vector name="origin" x="130" y="139"/><vector name="lt" x="-107" y="-139"/><vector name="rb" x="112" y="8"/><vector name="head" x="-70" y="-80"/><int name="delay" value="120"/></canvas><canvas name="13" width="277" height="147"><vector name="origin" x="134" y="139"/><vector name="lt" x="-107" y="-139"/><vector name="rb" x="112" y="8"/><vector name="head" x="-72" y="-81"/><int name="delay" value="120"/></canvas><canvas name="14" width="281" height="147"><vector name="origin" x="136" y="139"/><vector name="lt" x="-107" y="-139"/><vector name="rb" x="112" y="8"/><vector name="head" x="-70" y="-81"/><int name="delay" value="120"/></canvas><canvas name="15" width="282" height="145"><vector name="origin" x="136" y="139"/><vector name="lt" x="-107" y="-139"/><vector name="rb" x="109" y="6"/><vector name="head" x="-71" y="-81"/><int name="delay" value="120"/></canvas><imgdir name="speak"><int name="prob" value="100"/><string name="0" value="I will curse you!"/></imgdir></imgdir><imgdir name="attack2"><imgdir name="info"><imgdir name="range"><vector name="lt" x="-248" y="-102"/><vector name="rb" x="282" y="8"/></imgdir><imgdir name="hit"><canvas name="0" width="78" height="73"><vector name="origin" x="39" y="71"/><int name="delay" value="120"/></canvas><canvas name="1" width="85" height="80"><vector name="origin" x="42" y="75"/><int name="delay" value="120"/></canvas><canvas name="2" width="85" height="84"><vector name="origin" x="42" y="77"/><int name="delay" value="120"/></canvas><canvas name="3" width="83" height="84"><vector name="origin" x="41" y="77"/><int name="delay" value="120"/></canvas><int name="attach" value="1"/></imgdir><imgdir name="effect"><canvas name="0" width="16" height="2"><vector name="origin" x="77" y="2"/><int name="delay" value="120"/></canvas><canvas name="1" width="241" height="11"><vector name="origin" x="129" y="7"/><int name="delay" value="120"/></canvas><canvas name="2" width="396" height="42"><vector name="origin" x="181" y="35"/><int name="delay" value="120"/></canvas><canvas name="3" width="495" height="106"><vector name="origin" x="228" y="99"/><int name="delay" value="120"/></canvas><canvas name="4" width="501" height="107"><vector name="origin" x="231" y="100"/><int name="delay" value="120"/></canvas><canvas name="5" width="515" height="108"><vector name="origin" x="240" y="100"/><int name="delay" value="120"/></canvas><canvas name="6" width="521" height="109"><vector name="origin" x="243" y="101"/><int name="delay" value="120"/></canvas><canvas name="7" width="529" height="107"><vector name="origin" x="247" y="100"/><int name="delay" value="120"/></canvas><canvas name="8" width="507" height="106"><vector name="origin" x="235" y="98"/><int name="delay" value="120"/></canvas><canvas name="9" width="525" height="44"><vector name="origin" x="245" y="37"/><int name="delay" value="120"/></canvas></imgdir><int name="type" value="0"/><int name="conMP" value="1"/><int name="attackAfter" value="1520"/><int name="effectAfter" value="1040"/><int name="magic" value="1"/></imgdir><canvas name="0" width="188" height="137"><vector name="origin" x="106" y="137"/><vector name="lt" x="-92" y="-137"/><vector name="rb" x="82" y="0"/><vector name="head" x="-60" y="-83"/><int name="delay" value="120"/></canvas><canvas name="1" width="186" height="137"><vector name="origin" x="106" y="137"/><vector name="lt" x="-92" y="-137"/><vector name="rb" x="82" y="0"/><vector name="head" x="-60" y="-81"/><int name="delay" value="120"/></canvas><canvas name="2" width="213" height="137"><vector name="origin" x="132" y="137"/><vector name="lt" x="-92" y="-137"/><vector name="rb" x="82" y="0"/><vector name="head" x="-60" y="-80"/><int name="delay" value="120"/></canvas><canvas name="3" width="211" height="145"><vector name="origin" x="132" y="139"/><vector name="lt" x="-107" y="-139"/><vector name="rb" x="78" y="6"/><vector name="head" x="-69" y="-77"/><int name="delay" value="120"/></canvas><canvas name="4" width="210" height="172"><vector name="origin" x="132" y="166"/><vector name="lt" x="-107" y="-139"/><vector name="rb" x="82" y="0"/><vector name="head" x="-70" y="-77"/><int name="delay" value="120"/></canvas><canvas name="5" width="244" height="172"><vector name="origin" x="131" y="166"/><vector name="lt" x="-107" y="-139"/><vector name="rb" x="82" y="0"/><vector name="head" x="-71" y="-81"/><int name="delay" value="120"/></canvas><canvas name="6" width="257" height="172"><vector name="origin" x="142" y="166"/><vector name="lt" x="-107" y="-139"/><vector name="rb" x="82" y="0"/><vector name="head" x="-71" y="-77"/><int name="delay" value="120"/></canvas><canvas name="7" width="259" height="172"><vector name="origin" x="142" y="166"/><vector name="lt" x="-107" y="-139"/><vector name="rb" x="82" y="0"/><vector name="head" x="-71" y="-75"/><int name="delay" value="120"/></canvas><canvas name="8" width="236" height="172"><vector name="origin" x="141" y="166"/><vector name="lt" x="-107" y="-139"/><vector name="rb" x="82" y="0"/><vector name="head" x="-72" y="-76"/><int name="delay" value="120"/></canvas><canvas name="9" width="236" height="170"><vector name="origin" x="141" y="165"/><vector name="lt" x="-107" y="-139"/><vector name="rb" x="82" y="0"/><vector name="head" x="-72" y="-75"/><int name="delay" value="120"/></canvas><canvas name="10" width="235" height="170"><vector name="origin" x="140" y="165"/><vector name="lt" x="-107" y="-139"/><vector name="rb" x="82" y="0"/><vector name="head" x="-72" y="-77"/><int name="delay" value="120"/></canvas><canvas name="11" width="216" height="168"><vector name="origin" x="125" y="164"/><vector name="lt" x="-107" y="-139"/><vector name="rb" x="82" y="0"/><vector name="head" x="-72" y="-80"/><int name="delay" value="120"/></canvas><canvas name="12" width="182" height="138"><vector name="origin" x="105" y="138"/><vector name="lt" x="-105" y="-139"/><vector name="rb" x="78" y="0"/><vector name="head" x="-72" y="-80"/><int name="delay" value="120"/></canvas><canvas name="13" width="182" height="139"><vector name="origin" x="105" y="138"/><vector name="lt" x="-107" y="-139"/><vector name="rb" x="78" y="0"/><vector name="head" x="-71" y="-80"/><int name="delay" value="120"/></canvas><canvas name="14" width="182" height="138"><vector name="origin" x="105" y="137"/><vector name="lt" x="-107" y="-139"/><vector name="rb" x="77" y="0"/><vector name="head" x="-72" y="-79"/><int name="delay" value="120"/></canvas><canvas name="15" width="198" height="137"><vector name="origin" x="97" y="136"/><vector name="lt" x="-96" y="-136"/><vector name="rb" x="100" y="0"/><vector name="head" x="-63" y="-83"/><int name="delay" value="120"/></canvas><imgdir name="speak"><int name="prob" value="60"/><string name="0" value="How foolish!!"/></imgdir></imgdir><imgdir name="attack3"><imgdir name="info"><imgdir name="range"><vector name="lt" x="-300" y="-139"/><vector name="rb" x="0" y="0"/></imgdir><imgdir name="hit"><canvas name="0" width="16" height="2"><vector name="origin" x="8" y="2"/><int name="delay" value="120"/></canvas><canvas name="1" width="22" height="11"><vector name="origin" x="11" y="11"/><int name="delay" value="120"/></canvas><canvas name="2" width="78" height="73"><vector name="origin" x="35" y="69"/><int name="delay" value="120"/></canvas><canvas name="3" width="85" height="111"><vector name="origin" x="40" y="103"/><int name="delay" value="120"/></canvas><canvas name="4" width="85" height="115"><vector name="origin" x="37" y="103"/><int name="delay" value="120"/></canvas><canvas name="5" width="86" height="115"><vector name="origin" x="37" y="102"/><int name="delay" value="120"/></canvas><canvas name="6" width="83" height="84"><vector name="origin" x="36" y="72"/><int name="delay" value="120"/></canvas><int name="attach" value="1"/></imgdir><int name="type" value="0"/><int name="conMP" value="1"/><int name="attackAfter" value="1520"/><int name="effectAfter" value="1040"/><int name="magic" value="1"/></imgdir><canvas name="0" width="198" height="137"><vector name="origin" x="97" y="137"/><vector name="lt" x="-97" y="-137"/><vector name="rb" x="101" y="0"/><vector name="head" x="-64" y="-82"/><int name="delay" value="120"/></canvas><canvas name="1" width="183" height="136"><vector name="origin" x="92" y="136"/><vector name="lt" x="-92" y="-136"/><vector name="rb" x="91" y="0"/><vector name="head" x="-60" y="-82"/><int name="delay" value="120"/></canvas><canvas name="2" width="174" height="132"><vector name="origin" x="90" y="132"/><vector name="lt" x="-90" y="-132"/><vector name="rb" x="84" y="0"/><vector name="head" x="-59" y="-80"/><int name="delay" value="120"/></canvas><canvas name="3" width="183" height="131"><vector name="origin" x="89" y="131"/><vector name="lt" x="-89" y="-131"/><vector name="rb" x="80" y="0"/><vector name="head" x="-59" y="-79"/><int name="delay" value="120"/></canvas><canvas name="4" width="186" height="130"><vector name="origin" x="88" y="130"/><vector name="lt" x="-88" y="-130"/><vector name="rb" x="79" y="0"/><vector name="head" x="-58" y="-78"/><int name="delay" value="120"/></canvas><canvas name="5" width="198" height="139"><vector name="origin" x="104" y="139"/><vector name="lt" x="-104" y="-139"/><vector name="rb" x="80" y="0"/><vector name="head" x="-70" y="-79"/><int name="delay" value="120"/></canvas><canvas name="6" width="221" height="139"><vector name="origin" x="105" y="139"/><vector name="lt" x="-105" y="-139"/><vector name="rb" x="96" y="0"/><vector name="head" x="-72" y="-79"/><int name="delay" value="120"/></canvas><canvas name="7" width="223" height="138"><vector name="origin" x="105" y="138"/><vector name="lt" x="-105" y="-138"/><vector name="rb" x="96" y="0"/><vector name="head" x="-72" y="-78"/><int name="delay" value="120"/></canvas><canvas name="8" width="225" height="139"><vector name="origin" x="105" y="139"/><vector name="lt" x="-105" y="-139"/><vector name="rb" x="96" y="0"/><vector name="head" x="-72" y="-79"/><int name="delay" value="120"/></canvas><canvas name="9" width="203" height="138"><vector name="origin" x="105" y="138"/><vector name="lt" x="-105" y="-138"/><vector name="rb" x="81" y="0"/><vector name="head" x="-72" y="-78"/><int name="delay" value="120"/></canvas><canvas name="10" width="203" height="139"><vector name="origin" x="105" y="139"/><vector name="lt" x="-105" y="-139"/><vector name="rb" x="79" y="0"/><vector name="head" x="-72" y="-79"/><int name="delay" value="120"/></canvas><canvas name="11" width="203" height="138"><vector name="origin" x="105" y="138"/><vector name="lt" x="-105" y="-138"/><vector name="rb" x="77" y="0"/><vector name="head" x="-72" y="-78"/><int name="delay" value="120"/></canvas><canvas name="12" width="199" height="139"><vector name="origin" x="105" y="139"/><vector name="lt" x="-105" y="-139"/><vector name="rb" x="77" y="0"/><vector name="head" x="-72" y="-79"/><int name="delay" value="120"/></canvas><canvas name="13" width="182" height="138"><vector name="origin" x="105" y="138"/><vector name="lt" x="-105" y="-138"/><vector name="rb" x="77" y="0"/><vector name="head" x="-72" y="-78"/><int name="delay" value="120"/></canvas></imgdir><imgdir name="hit1"><canvas name="1" width="197" height="136"><vector name="origin" x="105" y="136"/><vector name="lt" x="-105" y="-136"/><vector name="rb" x="92" y="0"/><vector name="head" x="-57" y="-82"/><int name="delay" value="600"/></canvas></imgdir><imgdir name="die1"><canvas name="0" width="197" height="136"><vector name="origin" x="105" y="136"/><vector name="head" x="-57" y="-82"/><int name="delay" value="120"/></canvas><canvas name="1" width="197" height="136"><vector name="origin" x="105" y="136"/><vector name="head" x="-51" y="-38"/><int name="delay" value="120"/></canvas><canvas name="2" width="199" height="136"><vector name="origin" x="107" y="136"/><vector name="head" x="-51" y="-38"/><int name="delay" value="120"/></canvas><canvas name="3" width="202" height="154"><vector name="origin" x="110" y="154"/><vector name="head" x="-51" y="-38"/><int name="delay" value="120"/></canvas><canvas name="4" width="205" height="161"><vector name="origin" x="113" y="161"/><vector name="head" x="-51" y="-38"/><int name="delay" value="120"/></canvas><canvas name="5" width="205" height="162"><vector name="origin" x="113" y="162"/><vector name="head" x="-51" y="-38"/><int name="delay" value="120"/></canvas><canvas name="6" width="206" height="164"><vector name="origin" x="114" y="164"/><vector name="head" x="-51" y="-38"/><int name="delay" value="120"/></canvas><canvas name="7" width="192" height="164"><vector name="origin" x="100" y="164"/><vector name="head" x="-51" y="-38"/><int name="delay" value="120"/></canvas><canvas name="8" width="193" height="166"><vector name="origin" x="101" y="166"/><vector name="head" x="-51" y="-38"/><int name="delay" value="120"/></canvas><canvas name="9" width="158" height="166"><vector name="origin" x="66" y="166"/><vector name="head" x="-51" y="-38"/><int name="delay" value="120"/></canvas><canvas name="10" width="154" height="136"><vector name="origin" x="62" y="136"/><vector name="head" x="-51" y="-38"/><int name="delay" value="120"/></canvas><canvas name="11" width="157" height="115"><vector name="origin" x="65" y="113"/><vector name="head" x="-51" y="-38"/><int name="delay" value="120"/></canvas><canvas name="12" width="160" height="123"><vector name="origin" x="68" y="115"/><vector name="head" x="-51" y="-38"/><int name="delay" value="120"/></canvas><canvas name="13" width="160" height="127"><vector name="origin" x="68" y="115"/><vector name="head" x="-51" y="-38"/><int name="delay" value="120"/></canvas><canvas name="14" width="168" height="129"><vector name="origin" x="69" y="117"/><vector name="head" x="-51" y="-38"/><int name="delay" value="120"/></canvas><canvas name="15" width="154" height="105"><vector name="origin" x="52" y="88"/><vector name="head" x="-51" y="-38"/><int name="delay" value="120"/></canvas><canvas name="16" width="151" height="89"><vector name="origin" x="46" y="70"/><vector name="head" x="-51" y="-38"/><int name="delay" value="120"/></canvas><canvas name="17" width="153" height="93"><vector name="origin" x="47" y="70"/><vector name="head" x="-51" y="-38"/><int name="delay" value="120"/></canvas><canvas name="18" width="119" height="83"><vector name="origin" x="9" y="72"/><vector name="head" x="-51" y="-38"/><int name="delay" value="120"/><int name="a0" value="255"/><int name="a1" value="0"/></canvas><imgdir name="speak"><int name="prob" value="100"/><string name="0" value="I&apos;ve lived a hundred years and this is how I meet my end?"/></imgdir></imgdir></imgdir>