<?xml version="1.0" encoding="UTF-8" standalone="yes"?><imgdir name="5220003.img"><imgdir name="info"><int name="bodyAttack" value="1"/><int name="level" value="59"/><int name="maxHP" value="21000"/><int name="maxMP" value="200"/><int name="speed" value="-30"/><int name="PADamage" value="200"/><int name="PDDamage" value="180"/><int name="MADamage" value="205"/><int name="MDDamage" value="230"/><int name="acc" value="150"/><int name="eva" value="20"/><int name="exp" value="650"/><int name="undead" value="0"/><int name="pushed" value="1100"/><int name="hpRecovery" value="1200"/><int name="mpRecovery" value="50"/><int name="boss" value="1"/><float name="fs" value="10.0"/><int name="summonType" value="1"/><int name="hpTagColor" value="1"/><int name="hpTagBgcolor" value="5"/><int name="HPgaugeHide" value="1"/><int name="firstAttack" value="1"/><int name="rareItemDropLevel" value="2"/><imgdir name="skill"><imgdir name="0"><int name="skill" value="114"/><int name="action" value="1"/><int name="level" value="17"/><int name="effectAfter" value="0"/></imgdir><imgdir name="1"><int name="skill" value="110"/><int name="action" value="1"/><int name="level" value="1"/><int name="effectAfter" value="0"/></imgdir><imgdir name="2"><int name="skill" value="112"/><int name="action" value="1"/><int name="level" value="1"/><int name="effectAfter" value="0"/></imgdir><imgdir name="3"><int name="skill" value="113"/><int name="action" value="1"/><int name="level" value="1"/><int name="effectAfter" value="0"/></imgdir><imgdir name="4"><int name="skill" value="123"/><int name="action" value="1"/><int name="level" value="1"/><int name="effectAfter" value="0"/></imgdir><imgdir name="5"><int name="skill" value="140"/><int name="action" value="1"/><int name="level" value="12"/><int name="effectAfter" value="0"/></imgdir><imgdir name="6"><int name="skill" value="141"/><int name="action" value="1"/><int name="level" value="3"/><int name="effectAfter" value="0"/></imgdir></imgdir><imgdir name="speak"><imgdir name="con"><imgdir name="0"></imgdir></imgdir><int name="chatBalloon" value="0"/><imgdir name="0"><int name="hp" value="19500"/><string name="0" value="Kek...Time can&apos;t be stopped!"/></imgdir></imgdir><int name="category" value="5"/></imgdir><imgdir name="move"><canvas name="0" width="146" height="146"><vector name="origin" x="70" y="148"/><vector name="lt" x="-71" y="-149"/><vector name="rb" x="76" y="-3"/><vector name="head" x="-4" y="-149"/><int name="delay" value="120"/></canvas><canvas name="1" width="144" height="147"><vector name="origin" x="69" y="149"/><vector name="lt" x="-71" y="-151"/><vector name="rb" x="74" y="-6"/><vector name="head" x="-4" y="-149"/><int name="delay" value="120"/></canvas><canvas name="2" width="144" height="145"><vector name="origin" x="70" y="150"/><vector name="lt" x="-71" y="-151"/><vector name="rb" x="74" y="-7"/><vector name="head" x="-5" y="-150"/><int name="delay" value="120"/></canvas><canvas name="3" width="144" height="145"><vector name="origin" x="69" y="151"/><vector name="lt" x="-71" y="-152"/><vector name="rb" x="75" y="-7"/><vector name="head" x="-4" y="-151"/><int name="delay" value="120"/></canvas><canvas name="4" width="144" height="146"><vector name="origin" x="68" y="150"/><vector name="lt" x="-71" y="-151"/><vector name="rb" x="76" y="-4"/><vector name="head" x="-3" y="-150"/><int name="delay" value="120"/></canvas><canvas name="5" width="146" height="147"><vector name="origin" x="69" y="149"/><vector name="lt" x="-70" y="-150"/><vector name="rb" x="77" y="-2"/><vector name="head" x="-2" y="-149"/><int name="delay" value="120"/></canvas></imgdir><imgdir name="stand"><canvas name="0" width="146" height="145"><vector name="origin" x="70" y="148"/><vector name="lt" x="-71" y="-149"/><vector name="rb" x="76" y="-3"/><vector name="head" x="-4" y="-149"/><int name="delay" value="120"/></canvas><canvas name="1" width="145" height="144"><vector name="origin" x="70" y="149"/><vector name="lt" x="-71" y="-151"/><vector name="rb" x="74" y="-6"/><vector name="head" x="-4" y="-149"/><int name="delay" value="120"/></canvas><canvas name="2" width="144" height="143"><vector name="origin" x="70" y="150"/><vector name="lt" x="-71" y="-151"/><vector name="rb" x="74" y="-7"/><vector name="head" x="-4" y="-150"/><int name="delay" value="120"/></canvas><canvas name="3" width="145" height="145"><vector name="origin" x="70" y="151"/><vector name="lt" x="-71" y="-152"/><vector name="rb" x="75" y="-7"/><vector name="head" x="-4" y="-151"/><int name="delay" value="120"/></canvas><canvas name="4" width="146" height="146"><vector name="origin" x="70" y="150"/><vector name="lt" x="-71" y="-151"/><vector name="rb" x="76" y="-4"/><vector name="head" x="-4" y="-150"/><int name="delay" value="120"/></canvas><canvas name="5" width="147" height="147"><vector name="origin" x="70" y="149"/><vector name="lt" x="-70" y="-150"/><vector name="rb" x="77" y="-2"/><vector name="head" x="-2" y="-149"/><int name="delay" value="120"/></canvas><canvas name="6" width="146" height="145"><vector name="origin" x="70" y="148"/><vector name="lt" x="-71" y="-149"/><vector name="rb" x="76" y="-3"/><vector name="head" x="-4" y="-149"/><int name="delay" value="120"/></canvas><canvas name="7" width="145" height="144"><vector name="origin" x="70" y="149"/><vector name="lt" x="-71" y="-151"/><vector name="rb" x="75" y="-5"/><vector name="head" x="-4" y="-149"/><int name="delay" value="120"/></canvas><canvas name="8" width="144" height="143"><vector name="origin" x="70" y="150"/><vector name="lt" x="-70" y="-151"/><vector name="rb" x="74" y="-7"/><vector name="head" x="-4" y="-150"/><int name="delay" value="120"/></canvas><canvas name="9" width="145" height="145"><vector name="origin" x="70" y="151"/><vector name="lt" x="-70" y="-152"/><vector name="rb" x="75" y="-6"/><vector name="head" x="-5" y="-152"/><int name="delay" value="120"/></canvas><canvas name="10" width="146" height="146"><vector name="origin" x="70" y="150"/><vector name="lt" x="-71" y="-150"/><vector name="rb" x="76" y="-5"/><vector name="head" x="-3" y="-150"/><int name="delay" value="120"/></canvas><canvas name="11" width="147" height="147"><vector name="origin" x="70" y="149"/><vector name="lt" x="-70" y="-151"/><vector name="rb" x="77" y="-2"/><vector name="head" x="-3" y="-149"/><int name="delay" value="120"/></canvas></imgdir><imgdir name="attack1"><imgdir name="info"><imgdir name="range"><vector name="sp" x="-41" y="-14"/><int name="r" value="320"/></imgdir><imgdir name="hit"><canvas name="0" width="99" height="107"><vector name="origin" x="52" y="87"/><int name="delay" value="120"/></canvas><canvas name="1" width="80" height="94"><vector name="origin" x="39" y="86"/><int name="delay" value="120"/></canvas><canvas name="2" width="39" height="43"><vector name="origin" x="16" y="95"/><int name="delay" value="120"/></canvas><canvas name="3" width="36" height="44"><vector name="origin" x="14" y="106"/><int name="delay" value="120"/></canvas><canvas name="4" width="14" height="16"><vector name="origin" x="-5" y="90"/><int name="delay" value="120"/></canvas><int name="attachfacing" value="1"/></imgdir><int name="type" value="1"/><int name="magic" value="1"/><int name="attackAfter" value="2160"/><int name="bulletSpeed" value="140"/><int name="knockback" value="1"/></imgdir><canvas name="0" width="146" height="146"><vector name="origin" x="70" y="152"/><vector name="lt" x="-71" y="-149"/><vector name="rb" x="76" y="-3"/><vector name="head" x="2" y="-152"/><int name="delay" value="120"/></canvas><canvas name="1" width="146" height="148"><vector name="origin" x="70" y="153"/><vector name="lt" x="-71" y="-151"/><vector name="rb" x="74" y="-6"/><vector name="head" x="2" y="-152"/><int name="delay" value="120"/></canvas><canvas name="2" width="152" height="156"><vector name="origin" x="74" y="157"/><vector name="lt" x="-71" y="-151"/><vector name="rb" x="74" y="-7"/><vector name="head" x="2" y="-152"/><int name="delay" value="120"/></canvas><canvas name="3" width="154" height="161"><vector name="origin" x="75" y="159"/><vector name="lt" x="-71" y="-152"/><vector name="rb" x="75" y="-7"/><vector name="head" x="2" y="-152"/><int name="delay" value="120"/></canvas><canvas name="4" width="160" height="156"><vector name="origin" x="78" y="158"/><vector name="lt" x="-71" y="-151"/><vector name="rb" x="76" y="-4"/><vector name="head" x="2" y="-152"/><int name="delay" value="120"/></canvas><canvas name="5" width="160" height="156"><vector name="origin" x="78" y="158"/><vector name="lt" x="-70" y="-150"/><vector name="rb" x="77" y="-2"/><vector name="head" x="2" y="-152"/><int name="delay" value="120"/></canvas><canvas name="6" width="164" height="155"><vector name="origin" x="80" y="157"/><vector name="lt" x="-71" y="-149"/><vector name="rb" x="76" y="-3"/><vector name="head" x="2" y="-152"/><int name="delay" value="120"/></canvas><canvas name="7" width="140" height="155"><vector name="origin" x="70" y="157"/><vector name="lt" x="-71" y="-151"/><vector name="rb" x="75" y="-5"/><vector name="head" x="2" y="-152"/><int name="delay" value="120"/></canvas><canvas name="8" width="145" height="155"><vector name="origin" x="69" y="157"/><vector name="lt" x="-70" y="-151"/><vector name="rb" x="74" y="-7"/><vector name="head" x="2" y="-152"/><int name="delay" value="120"/></canvas><canvas name="9" width="141" height="155"><vector name="origin" x="67" y="157"/><vector name="lt" x="-70" y="-152"/><vector name="rb" x="75" y="-6"/><vector name="head" x="2" y="-152"/><int name="delay" value="120"/></canvas><canvas name="10" width="149" height="164"><vector name="origin" x="71" y="162"/><vector name="lt" x="-71" y="-150"/><vector name="rb" x="76" y="-5"/><vector name="head" x="2" y="-152"/><int name="delay" value="120"/></canvas><canvas name="11" width="166" height="169"><vector name="origin" x="73" y="164"/><vector name="lt" x="-70" y="-151"/><vector name="rb" x="77" y="-2"/><vector name="head" x="2" y="-152"/><int name="delay" value="120"/></canvas><canvas name="12" width="175" height="168"><vector name="origin" x="82" y="164"/><vector name="lt" x="-71" y="-149"/><vector name="rb" x="76" y="-3"/><vector name="head" x="2" y="-152"/><int name="delay" value="120"/></canvas><canvas name="13" width="189" height="167"><vector name="origin" x="96" y="163"/><vector name="lt" x="-71" y="-151"/><vector name="rb" x="74" y="-6"/><vector name="head" x="2" y="-152"/><int name="delay" value="120"/></canvas><canvas name="14" width="193" height="165"><vector name="origin" x="106" y="162"/><vector name="lt" x="-71" y="-151"/><vector name="rb" x="74" y="-7"/><vector name="head" x="2" y="-152"/><int name="delay" value="120"/></canvas><canvas name="15" width="200" height="162"><vector name="origin" x="119" y="161"/><vector name="lt" x="-71" y="-152"/><vector name="rb" x="75" y="-7"/><vector name="head" x="2" y="-152"/><int name="delay" value="120"/></canvas><canvas name="16" width="210" height="155"><vector name="origin" x="137" y="157"/><vector name="lt" x="-71" y="-151"/><vector name="rb" x="76" y="-4"/><vector name="head" x="2" y="-152"/><int name="delay" value="120"/></canvas><canvas name="17" width="218" height="155"><vector name="origin" x="142" y="157"/><vector name="lt" x="-70" y="-150"/><vector name="rb" x="77" y="-2"/><vector name="head" x="2" y="-152"/><int name="delay" value="120"/></canvas><canvas name="18" width="189" height="155"><vector name="origin" x="119" y="157"/><vector name="lt" x="-71" y="-149"/><vector name="rb" x="76" y="-3"/><vector name="head" x="2" y="-152"/><int name="delay" value="120"/></canvas><canvas name="19" width="187" height="155"><vector name="origin" x="117" y="157"/><vector name="lt" x="-71" y="-151"/><vector name="rb" x="75" y="-5"/><vector name="head" x="2" y="-152"/><int name="delay" value="120"/></canvas><canvas name="20" width="143" height="156"><vector name="origin" x="70" y="158"/><vector name="lt" x="-70" y="-157"/><vector name="rb" x="75" y="-6"/><vector name="head" x="2" y="-152"/><int name="delay" value="120"/></canvas><canvas name="21" width="144" height="156"><vector name="origin" x="70" y="158"/><vector name="lt" x="-71" y="-158"/><vector name="rb" x="76" y="-5"/><vector name="head" x="2" y="-152"/><int name="delay" value="120"/></canvas><canvas name="22" width="146" height="156"><vector name="origin" x="70" y="158"/><vector name="lt" x="-71" y="-150"/><vector name="rb" x="76" y="-5"/><vector name="head" x="2" y="-152"/><int name="delay" value="120"/></canvas><canvas name="23" width="146" height="157"><vector name="origin" x="70" y="159"/><vector name="lt" x="-71" y="-150"/><vector name="rb" x="76" y="-5"/><vector name="head" x="2" y="-152"/><int name="delay" value="120"/></canvas><canvas name="24" width="146" height="148"><vector name="origin" x="70" y="150"/><vector name="lt" x="-71" y="-150"/><vector name="rb" x="76" y="-5"/><vector name="head" x="2" y="-152"/><int name="delay" value="120"/></canvas><canvas name="25" width="146" height="146"><vector name="origin" x="70" y="148"/><vector name="lt" x="-71" y="-150"/><vector name="rb" x="76" y="-5"/><vector name="head" x="2" y="-152"/><int name="delay" value="120"/></canvas><imgdir name="speak"><int name="prob" value="50"/><string name="0" value="Light and darkness exists even in time. Remember that! "/></imgdir></imgdir><imgdir name="skill1"><canvas name="0" width="146" height="146"><vector name="origin" x="70" y="152"/><vector name="lt" x="-71" y="-149"/><vector name="rb" x="76" y="-3"/><vector name="head" x="2" y="-152"/><int name="delay" value="120"/></canvas><canvas name="1" width="146" height="148"><vector name="origin" x="70" y="153"/><vector name="lt" x="-71" y="-151"/><vector name="rb" x="74" y="-6"/><vector name="head" x="2" y="-152"/><int name="delay" value="120"/></canvas><canvas name="2" width="152" height="156"><vector name="origin" x="74" y="157"/><vector name="lt" x="-71" y="-151"/><vector name="rb" x="74" y="-7"/><vector name="head" x="2" y="-152"/><int name="delay" value="120"/></canvas><canvas name="3" width="154" height="161"><vector name="origin" x="75" y="159"/><vector name="lt" x="-71" y="-152"/><vector name="rb" x="75" y="-7"/><vector name="head" x="2" y="-152"/><int name="delay" value="120"/></canvas><canvas name="4" width="160" height="156"><vector name="origin" x="78" y="158"/><vector name="lt" x="-71" y="-151"/><vector name="rb" x="76" y="-4"/><vector name="head" x="2" y="-152"/><int name="delay" value="120"/></canvas><canvas name="5" width="160" height="156"><vector name="origin" x="78" y="158"/><vector name="lt" x="-70" y="-150"/><vector name="rb" x="77" y="-2"/><vector name="head" x="2" y="-152"/><int name="delay" value="120"/></canvas><canvas name="6" width="164" height="155"><vector name="origin" x="80" y="157"/><vector name="lt" x="-71" y="-149"/><vector name="rb" x="76" y="-3"/><vector name="head" x="2" y="-152"/><int name="delay" value="120"/></canvas><canvas name="7" width="140" height="155"><vector name="origin" x="70" y="157"/><vector name="lt" x="-71" y="-151"/><vector name="rb" x="75" y="-5"/><vector name="head" x="2" y="-152"/><int name="delay" value="120"/></canvas><canvas name="8" width="145" height="155"><vector name="origin" x="69" y="157"/><vector name="lt" x="-70" y="-151"/><vector name="rb" x="74" y="-7"/><vector name="head" x="2" y="-152"/><int name="delay" value="120"/></canvas><canvas name="9" width="141" height="155"><vector name="origin" x="67" y="157"/><vector name="lt" x="-70" y="-152"/><vector name="rb" x="75" y="-6"/><vector name="head" x="2" y="-152"/><int name="delay" value="120"/></canvas><canvas name="10" width="149" height="164"><vector name="origin" x="71" y="162"/><vector name="lt" x="-71" y="-150"/><vector name="rb" x="76" y="-5"/><vector name="head" x="2" y="-152"/><int name="delay" value="120"/></canvas><canvas name="11" width="166" height="169"><vector name="origin" x="73" y="164"/><vector name="lt" x="-70" y="-151"/><vector name="rb" x="77" y="-2"/><vector name="head" x="2" y="-152"/><int name="delay" value="120"/></canvas><canvas name="12" width="175" height="168"><vector name="origin" x="82" y="164"/><vector name="lt" x="-71" y="-149"/><vector name="rb" x="76" y="-3"/><vector name="head" x="2" y="-152"/><int name="delay" value="120"/></canvas><canvas name="13" width="189" height="167"><vector name="origin" x="96" y="163"/><vector name="lt" x="-71" y="-151"/><vector name="rb" x="74" y="-6"/><vector name="head" x="2" y="-152"/><int name="delay" value="120"/></canvas><canvas name="14" width="193" height="165"><vector name="origin" x="106" y="162"/><vector name="lt" x="-71" y="-151"/><vector name="rb" x="74" y="-7"/><vector name="head" x="2" y="-152"/><int name="delay" value="120"/></canvas><canvas name="15" width="200" height="162"><vector name="origin" x="119" y="161"/><vector name="lt" x="-71" y="-152"/><vector name="rb" x="75" y="-7"/><vector name="head" x="2" y="-152"/><int name="delay" value="120"/></canvas><canvas name="16" width="210" height="155"><vector name="origin" x="137" y="157"/><vector name="lt" x="-71" y="-151"/><vector name="rb" x="76" y="-4"/><vector name="head" x="2" y="-152"/><int name="delay" value="120"/></canvas><canvas name="17" width="218" height="155"><vector name="origin" x="142" y="157"/><vector name="lt" x="-70" y="-150"/><vector name="rb" x="77" y="-2"/><vector name="head" x="2" y="-152"/><int name="delay" value="120"/></canvas><canvas name="18" width="189" height="155"><vector name="origin" x="119" y="157"/><vector name="lt" x="-71" y="-149"/><vector name="rb" x="76" y="-3"/><vector name="head" x="2" y="-152"/><int name="delay" value="120"/></canvas><canvas name="19" width="187" height="155"><vector name="origin" x="117" y="157"/><vector name="lt" x="-71" y="-151"/><vector name="rb" x="75" y="-5"/><vector name="head" x="2" y="-152"/><int name="delay" value="120"/></canvas><canvas name="20" width="143" height="156"><vector name="origin" x="70" y="158"/><vector name="lt" x="-70" y="-152"/><vector name="rb" x="75" y="-6"/><vector name="head" x="2" y="-152"/><int name="delay" value="120"/></canvas><canvas name="21" width="144" height="156"><vector name="origin" x="70" y="158"/><vector name="lt" x="-71" y="-150"/><vector name="rb" x="76" y="-5"/><vector name="head" x="2" y="-152"/><int name="delay" value="120"/></canvas><canvas name="22" width="146" height="156"><vector name="origin" x="70" y="158"/><vector name="lt" x="-71" y="-150"/><vector name="rb" x="76" y="-5"/><vector name="head" x="2" y="-152"/><int name="delay" value="120"/></canvas><canvas name="23" width="146" height="157"><vector name="origin" x="70" y="159"/><vector name="lt" x="-71" y="-150"/><vector name="rb" x="76" y="-5"/><vector name="head" x="2" y="-152"/><int name="delay" value="120"/></canvas><canvas name="24" width="146" height="148"><vector name="origin" x="70" y="150"/><vector name="lt" x="-71" y="-150"/><vector name="rb" x="76" y="-5"/><vector name="head" x="2" y="-152"/><int name="delay" value="120"/></canvas><canvas name="25" width="146" height="146"><vector name="origin" x="70" y="148"/><vector name="lt" x="-71" y="-150"/><vector name="rb" x="76" y="-5"/><vector name="head" x="2" y="-152"/><int name="delay" value="120"/></canvas></imgdir><imgdir name="hit1"><canvas name="0" width="166" height="169"><vector name="origin" x="72" y="173"/><vector name="lt" x="-67" y="-165"/><vector name="rb" x="86" y="-8"/><vector name="head" x="4" y="-157"/><int name="delay" value="600"/></canvas></imgdir><imgdir name="die1"><canvas name="0" width="147" height="158"><vector name="origin" x="63" y="162"/><vector name="head" x="4" y="-156"/><int name="delay" value="150"/></canvas><canvas name="1" width="144" height="155"><vector name="origin" x="58" y="157"/><vector name="head" x="7" y="-156"/><int name="delay" value="150"/></canvas><canvas name="2" width="144" height="156"><vector name="origin" x="57" y="152"/><vector name="head" x="7" y="-152"/><int name="delay" value="150"/></canvas><canvas name="3" width="144" height="149"><vector name="origin" x="55" y="145"/><vector name="head" x="9" y="-139"/><int name="delay" value="150"/></canvas><canvas name="4" width="144" height="147"><vector name="origin" x="54" y="141"/><vector name="head" x="10" y="-137"/><int name="delay" value="150"/></canvas><canvas name="5" width="146" height="147"><vector name="origin" x="55" y="139"/><vector name="head" x="1" y="-137"/><int name="delay" value="150"/></canvas><canvas name="6" width="146" height="147"><vector name="origin" x="54" y="138"/><vector name="head" x="12" y="-133"/><int name="delay" value="150"/></canvas><canvas name="7" width="143" height="26"><vector name="origin" x="56" y="32"/><vector name="head" x="14" y="-37"/><int name="delay" value="450"/><int name="a0" value="255"/><int name="a1" value="0"/></canvas><imgdir name="speak"><int name="prob" value="100"/><string name="0" value="Am I returning again to my past..."/></imgdir></imgdir></imgdir>