<?xml version="1.0" encoding="UTF-8" standalone="yes"?><imgdir name="6130208.img"><imgdir name="info"><int name="bodyAttack" value="1"/><int name="level" value="68"/><int name="maxHP" value="12500"/><int name="maxMP" value="100"/><int name="speed" value="0"/><int name="PADamage" value="200"/><int name="PDDamage" value="190"/><int name="MADamage" value="290"/><int name="MDDamage" value="250"/><int name="acc" value="130"/><int name="eva" value="26"/><int name="exp" value="265"/><int name="undead" value="0"/><int name="pushed" value="1300"/><float name="fs" value="10.0"/><int name="summonType" value="1"/><int name="category" value="6"/></imgdir><imgdir name="move"><canvas name="0" width="113" height="83"><vector name="origin" x="66" y="82"/><vector name="lt" x="-52" y="-82"/><vector name="rb" x="29" y="0"/><vector name="head" x="-25" y="-73"/><int name="delay" value="150"/></canvas><canvas name="1" width="115" height="83"><vector name="origin" x="67" y="81"/><vector name="lt" x="-52" y="-81"/><vector name="rb" x="29" y="0"/><vector name="head" x="-24" y="-72"/><int name="delay" value="150"/></canvas><canvas name="2" width="113" height="83"><vector name="origin" x="67" y="82"/><vector name="lt" x="-54" y="-83"/><vector name="rb" x="29" y="0"/><vector name="head" x="-23" y="-73"/><int name="delay" value="150"/></canvas><canvas name="3" width="113" height="83"><vector name="origin" x="67" y="81"/><vector name="lt" x="-51" y="-81"/><vector name="rb" x="30" y="0"/><vector name="head" x="-24" y="-72"/><int name="delay" value="150"/></canvas></imgdir><imgdir name="stand"><canvas name="0" width="113" height="84"><vector name="origin" x="71" y="80"/><vector name="lt" x="-58" y="-81"/><vector name="rb" x="26" y="4"/><vector name="head" x="-29" y="-71"/><int name="delay" value="130"/></canvas><canvas name="1" width="112" height="84"><vector name="origin" x="71" y="81"/><vector name="lt" x="-57" y="-81"/><vector name="rb" x="26" y="0"/><vector name="head" x="-29" y="-72"/><int name="delay" value="130"/></canvas><canvas name="2" width="114" height="85"><vector name="origin" x="71" y="83"/><vector name="lt" x="-56" y="-83"/><vector name="rb" x="25" y="0"/><vector name="head" x="-29" y="-73"/><int name="delay" value="130"/></canvas><canvas name="3" width="115" height="87"><vector name="origin" x="71" y="86"/><vector name="lt" x="-57" y="-86"/><vector name="rb" x="26" y="0"/><vector name="head" x="-29" y="-74"/><int name="delay" value="130"/></canvas><canvas name="4" width="115" height="84"><vector name="origin" x="71" y="82"/><vector name="lt" x="-55" y="-83"/><vector name="rb" x="26" y="0"/><vector name="head" x="-29" y="-73"/><int name="delay" value="130"/></canvas><canvas name="5" width="114" height="84"><vector name="origin" x="71" y="81"/><vector name="lt" x="-56" y="-81"/><vector name="rb" x="26" y="0"/><vector name="head" x="-29" y="-72"/><int name="delay" value="130"/></canvas><uol name="6" value="0"/><uol name="7" value="1"/><uol name="8" value="2"/><uol name="9" value="3"/><uol name="10" value="4"/><uol name="11" value="5"/></imgdir><imgdir name="attack1"><imgdir name="info"><imgdir name="range"><vector name="lt" x="-130" y="-100"/><vector name="rb" x="10" y="0"/></imgdir><imgdir name="hit"><canvas name="0" width="58" height="70"><vector name="origin" x="24" y="70"/><int name="delay" value="90"/></canvas><canvas name="1" width="60" height="83"><vector name="origin" x="28" y="75"/><int name="delay" value="90"/></canvas><canvas name="2" width="59" height="81"><vector name="origin" x="28" y="74"/><int name="delay" value="90"/></canvas><canvas name="3" width="57" height="79"><vector name="origin" x="27" y="73"/><int name="delay" value="90"/></canvas><int name="attach" value="1"/></imgdir><int name="type" value="0"/><int name="attackAfter" value="770"/><int name="PADamage" value="210"/></imgdir><canvas name="0" width="107" height="89"><vector name="origin" x="64" y="87"/><vector name="lt" x="-53" y="-88"/><vector name="head" x="-29" y="-72"/><vector name="rb" x="26" y="0"/><int name="delay" value="110"/></canvas><canvas name="1" width="106" height="93"><vector name="origin" x="65" y="91"/><vector name="lt" x="-55" y="-92"/><vector name="head" x="-30" y="-72"/><vector name="rb" x="25" y="0"/><int name="delay" value="110"/></canvas><canvas name="2" width="106" height="96"><vector name="origin" x="65" y="95"/><vector name="lt" x="-56" y="-92"/><vector name="rb" x="26" y="0"/><vector name="head" x="-30" y="-73"/><int name="delay" value="110"/></canvas><canvas name="3" width="105" height="98"><vector name="origin" x="64" y="97"/><vector name="lt" x="-54" y="-92"/><vector name="rb" x="26" y="0"/><vector name="head" x="-30" y="-73"/><int name="delay" value="110"/></canvas><canvas name="4" width="105" height="100"><vector name="origin" x="64" y="99"/><vector name="lt" x="-55" y="-92"/><vector name="rb" x="26" y="0"/><vector name="head" x="-30" y="-73"/><int name="delay" value="110"/></canvas><canvas name="5" width="104" height="101"><vector name="origin" x="63" y="100"/><vector name="lt" x="-56" y="-96"/><vector name="rb" x="26" y="0"/><vector name="head" x="-30" y="-73"/><int name="delay" value="110"/></canvas><canvas name="6" width="104" height="101"><vector name="origin" x="63" y="100"/><vector name="lt" x="-54" y="-96"/><vector name="rb" x="26" y="0"/><vector name="head" x="-30" y="-73"/><int name="delay" value="110"/></canvas><canvas name="7" width="135" height="99"><vector name="origin" x="93" y="96"/><vector name="lt" x="-56" y="-80"/><vector name="rb" x="26" y="0"/><vector name="head" x="-28" y="-71"/><int name="delay" value="110"/></canvas><canvas name="8" width="134" height="96"><vector name="origin" x="93" y="93"/><vector name="lt" x="-58" y="-82"/><vector name="rb" x="26" y="0"/><vector name="head" x="-27" y="-71"/><int name="delay" value="110"/></canvas><canvas name="9" width="136" height="94"><vector name="origin" x="92" y="91"/><vector name="lt" x="-59" y="-80"/><vector name="rb" x="25" y="0"/><vector name="head" x="-27" y="-71"/><int name="delay" value="110"/></canvas><canvas name="10" width="136" height="93"><vector name="origin" x="91" y="90"/><vector name="lt" x="-58" y="-80"/><vector name="head" x="-27" y="-71"/><vector name="rb" x="26" y="0"/><int name="delay" value="110"/></canvas><canvas name="11" width="134" height="93"><vector name="origin" x="89" y="90"/><vector name="lt" x="-60" y="-80"/><vector name="rb" x="26" y="0"/><vector name="head" x="-27" y="-71"/><int name="delay" value="110"/></canvas><canvas name="12" width="130" height="83"><vector name="origin" x="85" y="80"/><vector name="lt" x="-58" y="-80"/><vector name="rb" x="25" y="0"/><vector name="head" x="-27" y="-71"/><int name="delay" value="110"/></canvas><uol name="13" value="../stand/0"/><uol name="14" value="../stand/1"/><uol name="15" value="../stand/2"/><uol name="16" value="../stand/3"/><uol name="17" value="../stand/4"/><uol name="18" value="../stand/5"/></imgdir><imgdir name="hit1"><canvas name="0" width="122" height="90"><vector name="origin" x="44" y="92"/><vector name="lt" x="-44" y="-92"/><vector name="rb" x="78" y="0"/><vector name="head" x="-3" y="-74"/><int name="delay" value="600"/></canvas></imgdir><imgdir name="die1"><canvas name="0" width="122" height="90"><vector name="origin" x="44" y="92"/><vector name="head" x="-2" y="-74"/><int name="delay" value="130"/></canvas><canvas name="1" width="123" height="116"><vector name="origin" x="36" y="122"/><vector name="head" x="0" y="-73"/><int name="delay" value="130"/></canvas><canvas name="2" width="131" height="121"><vector name="origin" x="38" y="126"/><vector name="head" x="0" y="-71"/><int name="delay" value="130"/></canvas><canvas name="3" width="137" height="135"><vector name="origin" x="40" y="128"/><vector name="head" x="-1" y="-60"/><int name="delay" value="130"/></canvas><canvas name="4" width="145" height="139"><vector name="origin" x="43" y="134"/><vector name="head" x="-19" y="-64"/><int name="delay" value="130"/></canvas><canvas name="5" width="152" height="141"><vector name="origin" x="46" y="137"/><vector name="head" x="-19" y="-64"/><int name="delay" value="130"/></canvas><canvas name="6" width="110" height="76"><vector name="origin" x="41" y="72"/><vector name="head" x="1" y="-64"/><int name="delay" value="130"/></canvas><canvas name="7" width="111" height="74"><vector name="origin" x="40" y="71"/><vector name="head" x="1" y="-64"/><int name="delay" value="130"/></canvas><canvas name="8" width="110" height="74"><vector name="origin" x="42" y="71"/><vector name="head" x="1" y="-64"/><int name="a1" value="0"/><int name="a0" value="255"/><int name="delay" value="300"/></canvas></imgdir></imgdir>