<?xml version="1.0" encoding="UTF-8" standalone="yes"?><imgdir name="6220000.img"><imgdir name="info"><int name="bodyAttack" value="1"/><int name="level" value="65"/><int name="maxHP" value="31000"/><int name="maxMP" value="200"/><int name="speed" value="-30"/><int name="PADamage" value="190"/><int name="PDDamage" value="190"/><int name="MADamage" value="200"/><int name="MDDamage" value="220"/><int name="acc" value="150"/><int name="eva" value="30"/><int name="exp" value="810"/><int name="undead" value="0"/><int name="pushed" value="1500"/><int name="hpRecovery" value="1400"/><int name="mpRecovery" value="50"/><int name="boss" value="1"/><float name="fs" value="10.0"/><int name="summonType" value="1"/><int name="hpTagColor" value="1"/><int name="hpTagBgcolor" value="5"/><int name="HPgaugeHide" value="1"/><int name="firstAttack" value="1"/><int name="rareItemDropLevel" value="2"/><imgdir name="skill"><imgdir name="0"><int name="skill" value="114"/><int name="action" value="1"/><int name="level" value="17"/><int name="effectAfter" value="0"/></imgdir><imgdir name="1"><int name="skill" value="110"/><int name="action" value="1"/><int name="level" value="2"/><int name="effectAfter" value="0"/></imgdir><imgdir name="2"><int name="skill" value="112"/><int name="action" value="1"/><int name="level" value="4"/><int name="effectAfter" value="0"/></imgdir><imgdir name="3"><int name="skill" value="113"/><int name="action" value="1"/><int name="level" value="2"/><int name="effectAfter" value="0"/></imgdir><imgdir name="4"><int name="skill" value="140"/><int name="action" value="1"/><int name="level" value="8"/><int name="effectAfter" value="0"/></imgdir></imgdir><imgdir name="speak"><imgdir name="con"><imgdir name="0"><imgdir name="quest"><int name="questID" value="2213"/><int name="state" value="2"/></imgdir></imgdir><imgdir name="1"><int name="pet" value="5000009"/></imgdir><imgdir name="2"><int name="pet" value="5000010"/></imgdir></imgdir><imgdir name="0"><int name="hp" value="28000"/><string name="0" value="Charge!"/></imgdir><int name="chatBalloon" value="0"/></imgdir><int name="category" value="4"/></imgdir><imgdir name="move"><canvas name="0" width="176" height="150"><vector name="origin" x="99" y="150"/><vector name="lt" x="-99" y="-149"/><vector name="rb" x="77" y="1"/><vector name="head" x="7" y="-149"/><int name="delay" value="210"/></canvas><canvas name="1" width="175" height="150"><vector name="origin" x="99" y="151"/><vector name="lt" x="-99" y="-149"/><vector name="rb" x="77" y="1"/><vector name="head" x="7" y="-149"/><int name="delay" value="210"/></canvas><canvas name="2" width="175" height="150"><vector name="origin" x="99" y="149"/><vector name="lt" x="-99" y="-149"/><vector name="rb" x="77" y="1"/><vector name="head" x="7" y="-149"/><int name="delay" value="210"/></canvas><canvas name="3" width="178" height="150"><vector name="origin" x="99" y="150"/><vector name="lt" x="-99" y="-149"/><vector name="rb" x="77" y="1"/><vector name="head" x="7" y="-149"/><int name="delay" value="210"/></canvas><canvas name="4" width="179" height="150"><vector name="origin" x="99" y="151"/><vector name="lt" x="-99" y="-149"/><vector name="rb" x="77" y="1"/><vector name="head" x="7" y="-149"/><int name="delay" value="210"/></canvas><canvas name="5" width="178" height="150"><vector name="origin" x="99" y="149"/><vector name="lt" x="-99" y="-149"/><vector name="rb" x="77" y="1"/><vector name="head" x="7" y="-149"/><int name="delay" value="210"/></canvas></imgdir><imgdir name="stand"><canvas name="0" width="176" height="151"><vector name="origin" x="99" y="151"/><vector name="lt" x="-99" y="-149"/><vector name="rb" x="77" y="1"/><vector name="head" x="7" y="-149"/><int name="delay" value="150"/></canvas><canvas name="1" width="176" height="154"><vector name="origin" x="99" y="154"/><vector name="lt" x="-99" y="-149"/><vector name="rb" x="77" y="1"/><vector name="head" x="7" y="-149"/><int name="delay" value="150"/></canvas><canvas name="2" width="176" height="145"><vector name="origin" x="99" y="145"/><vector name="lt" x="-99" y="-149"/><vector name="rb" x="77" y="1"/><vector name="head" x="7" y="-149"/><int name="delay" value="150"/></canvas><canvas name="3" width="176" height="154"><vector name="origin" x="99" y="154"/><vector name="lt" x="-99" y="-149"/><vector name="rb" x="77" y="1"/><vector name="head" x="7" y="-149"/><int name="delay" value="150"/></canvas><canvas name="4" width="176" height="145"><vector name="origin" x="99" y="145"/><vector name="lt" x="-99" y="-149"/><vector name="rb" x="77" y="1"/><vector name="head" x="7" y="-149"/><int name="delay" value="150"/></canvas><canvas name="5" width="217" height="151"><vector name="origin" x="128" y="151"/><vector name="lt" x="-99" y="-149"/><vector name="rb" x="89" y="1"/><vector name="head" x="7" y="-149"/><int name="delay" value="150"/></canvas><canvas name="6" width="219" height="151"><vector name="origin" x="130" y="151"/><vector name="lt" x="-99" y="-149"/><vector name="rb" x="88" y="-1"/><vector name="head" x="7" y="-149"/><int name="delay" value="150"/></canvas><canvas name="7" width="220" height="151"><vector name="origin" x="132" y="151"/><vector name="lt" x="-99" y="-149"/><vector name="rb" x="87" y="-1"/><vector name="head" x="7" y="-149"/><int name="delay" value="150"/></canvas><canvas name="8" width="211" height="151"><vector name="origin" x="135" y="151"/><vector name="lt" x="-99" y="-149"/><vector name="rb" x="77" y="1"/><vector name="head" x="7" y="-149"/><int name="delay" value="150"/></canvas></imgdir><imgdir name="skill1"><canvas name="0" width="176" height="151"><vector name="origin" x="99" y="151"/><vector name="lt" x="-99" y="-149"/><vector name="rb" x="77" y="1"/><vector name="head" x="7" y="-149"/><int name="delay" value="120"/></canvas><canvas name="1" width="176" height="192"><vector name="origin" x="99" y="192"/><vector name="lt" x="-99" y="-149"/><vector name="rb" x="77" y="1"/><vector name="head" x="7" y="-149"/><int name="delay" value="120"/></canvas><canvas name="2" width="176" height="190"><vector name="origin" x="99" y="190"/><vector name="lt" x="-99" y="-149"/><vector name="rb" x="77" y="1"/><vector name="head" x="7" y="-149"/><int name="delay" value="120"/></canvas><canvas name="3" width="176" height="190"><vector name="origin" x="99" y="190"/><vector name="lt" x="-99" y="-149"/><vector name="rb" x="77" y="1"/><vector name="head" x="7" y="-149"/><int name="delay" value="120"/></canvas><canvas name="4" width="176" height="190"><vector name="origin" x="99" y="190"/><vector name="lt" x="-99" y="-149"/><vector name="rb" x="77" y="1"/><vector name="head" x="7" y="-149"/><int name="delay" value="120"/></canvas><canvas name="5" width="191" height="191"><vector name="origin" x="99" y="191"/><vector name="lt" x="-99" y="-149"/><vector name="rb" x="77" y="1"/><vector name="head" x="7" y="-149"/><int name="delay" value="120"/></canvas><canvas name="6" width="192" height="194"><vector name="origin" x="99" y="194"/><vector name="lt" x="-99" y="-149"/><vector name="rb" x="77" y="1"/><vector name="head" x="7" y="-149"/><int name="delay" value="120"/></canvas><canvas name="7" width="244" height="173"><vector name="origin" x="124" y="158"/><vector name="lt" x="-99" y="-149"/><vector name="rb" x="77" y="1"/><vector name="head" x="7" y="-149"/><int name="delay" value="120"/></canvas><canvas name="8" width="237" height="169"><vector name="origin" x="123" y="154"/><vector name="lt" x="-99" y="-149"/><vector name="rb" x="77" y="1"/><vector name="head" x="7" y="-149"/><int name="delay" value="120"/></canvas><canvas name="9" width="214" height="168"><vector name="origin" x="117" y="152"/><vector name="lt" x="-99" y="-149"/><vector name="rb" x="77" y="1"/><vector name="head" x="7" y="-149"/><int name="delay" value="120"/></canvas><canvas name="10" width="218" height="165"><vector name="origin" x="117" y="152"/><vector name="lt" x="-99" y="-149"/><vector name="rb" x="77" y="1"/><vector name="head" x="7" y="-149"/><int name="delay" value="120"/></canvas><canvas name="11" width="229" height="165"><vector name="origin" x="125" y="155"/><vector name="lt" x="-99" y="-149"/><vector name="rb" x="77" y="1"/><vector name="head" x="7" y="-149"/><int name="delay" value="120"/></canvas><canvas name="12" width="233" height="161"><vector name="origin" x="121" y="155"/><vector name="lt" x="-99" y="-149"/><vector name="rb" x="77" y="1"/><vector name="head" x="7" y="-149"/><int name="delay" value="120"/></canvas><imgdir name="speak"><int name="prob" value="70"/><string name="0" value="Pull yourself together!"/></imgdir></imgdir><imgdir name="hit1"><canvas name="0" width="219" height="170"><vector name="origin" x="117" y="169"/><vector name="lt" x="-106" y="-146"/><vector name="rb" x="99" y="3"/><vector name="head" x="29" y="-174"/><int name="delay" value="600"/></canvas></imgdir><imgdir name="die1"><canvas name="0" width="176" height="151"><vector name="origin" x="118" y="151"/><vector name="head" x="-13" y="-151"/><int name="delay" value="150"/></canvas><canvas name="1" width="219" height="170"><vector name="origin" x="117" y="169"/><vector name="head" x="34" y="-176"/><int name="delay" value="150"/></canvas><canvas name="2" width="216" height="174"><vector name="origin" x="110" y="173"/><vector name="head" x="45" y="-180"/><int name="delay" value="150"/></canvas><canvas name="3" width="217" height="171"><vector name="origin" x="112" y="170"/><vector name="head" x="54" y="-177"/><int name="delay" value="150"/></canvas><canvas name="4" width="215" height="163"><vector name="origin" x="111" y="162"/><vector name="head" x="63" y="-167"/><int name="delay" value="150"/></canvas><canvas name="5" width="185" height="144"><vector name="origin" x="81" y="142"/><vector name="head" x="42" y="-143"/><int name="delay" value="150"/></canvas><canvas name="6" width="194" height="121"><vector name="origin" x="81" y="116"/><vector name="head" x="17" y="-116"/><int name="delay" value="150"/></canvas><canvas name="7" width="186" height="104"><vector name="origin" x="81" y="97"/><vector name="head" x="18" y="-108"/><int name="delay" value="150"/></canvas><canvas name="8" width="186" height="105"><vector name="origin" x="81" y="96"/><vector name="head" x="22" y="-105"/><int name="delay" value="150"/></canvas><canvas name="9" width="186" height="105"><vector name="origin" x="81" y="95"/><vector name="head" x="16" y="-102"/><int name="delay" value="150"/><int name="a0" value="255"/><int name="a1" value="0"/></canvas><imgdir name="speak"><int name="prob" value="100"/><string name="0" value="I&apos;m sorry Birdie...I couldn&apos;t protect you..."/></imgdir></imgdir></imgdir>