<?xml version="1.0" encoding="UTF-8" standalone="yes"?><imgdir name="6300001.img"><imgdir name="info"><int name="bodyAttack" value="1"/><int name="level" value="65"/><int name="maxHP" value="11000"/><int name="maxMP" value="80"/><int name="speed" value="-50"/><int name="PADamage" value="182"/><int name="PDDamage" value="170"/><int name="MADamage" value="270"/><int name="MDDamage" value="245"/><int name="acc" value="110"/><int name="eva" value="24"/><int name="exp" value="390"/><int name="undead" value="0"/><int name="pushed" value="2000"/><int name="hpRecovery" value="50"/><int name="mpRecovery" value="2"/><string name="elemAttr" value="I2F3"/><string name="link" value="6300000"/><int name="noregen" value="1"/><float name="fs" value="10.0"/><int name="summonType" value="1"/><int name="category" value="1"/></imgdir></imgdir>