<?xml version="1.0" encoding="UTF-8" standalone="yes"?><imgdir name="6400006.img"><imgdir name="info"><int name="bodyAttack" value="1"/><int name="level" value="44"/><int name="maxHP" value="50000"/><int name="maxMP" value="500"/><int name="speed" value="-20"/><int name="PADamage" value="200"/><int name="PDDamage" value="420"/><int name="MADamage" value="400"/><int name="MDDamage" value="450"/><int name="acc" value="20"/><int name="eva" value="30"/><int name="exp" value="10"/><int name="undead" value="0"/><int name="pushed" value="3000"/><float name="fs" value="10.0"/><int name="summonType" value="0"/><string name="link" value="8150000"/><int name="hpRecovery" value="20"/><int name="mpRecovery" value="5"/><string name="elemAttr" value="S1H3D2"/><int name="boss" value="1"/><int name="category" value="6"/></imgdir></imgdir>