<?xml version="1.0" encoding="UTF-8" standalone="yes"?><imgdir name="7130400.img"><imgdir name="info"><int name="bodyAttack" value="1"/><int name="level" value="70"/><int name="maxHP" value="25000"/><int name="maxMP" value="200"/><int name="speed" value="-25"/><int name="PADamage" value="285"/><int name="PDDamage" value="280"/><int name="MADamage" value="335"/><int name="MDDamage" value="280"/><int name="acc" value="120"/><int name="eva" value="15"/><int name="exp" value="400"/><int name="undead" value="0"/><int name="pushed" value="1000"/><int name="hpRecovery" value="30"/><int name="mpRecovery" value="2"/><float name="fs" value="10.0"/><int name="summonType" value="1"/><int name="boss" value="1"/><string name="elemAttr" value="F2I3"/><int name="firstAttack" value="1"/><int name="category" value="6"/></imgdir><imgdir name="move"><canvas name="0" width="129" height="119"><vector name="origin" x="55" y="119"/><vector name="lt" x="-52" y="-108"/><vector name="rb" x="56" y="0"/><vector name="head" x="-24" y="-88"/><int name="delay" value="170"/></canvas><canvas name="1" width="129" height="118"><vector name="origin" x="55" y="118"/><vector name="lt" x="-54" y="-108"/><vector name="rb" x="56" y="0"/><vector name="head" x="-24" y="-87"/><int name="delay" value="170"/></canvas><canvas name="2" width="132" height="116"><vector name="origin" x="58" y="116"/><vector name="lt" x="-58" y="-108"/><vector name="rb" x="56" y="0"/><vector name="head" x="-24" y="-85"/><int name="delay" value="170"/></canvas><canvas name="3" width="129" height="117"><vector name="origin" x="55" y="117"/><vector name="lt" x="-54" y="-108"/><vector name="rb" x="56" y="0"/><vector name="head" x="-24" y="-86"/><int name="delay" value="170"/></canvas><canvas name="4" width="129" height="119"><vector name="origin" x="55" y="119"/><vector name="lt" x="-52" y="-108"/><vector name="rb" x="56" y="0"/><vector name="head" x="-24" y="-88"/><int name="delay" value="170"/></canvas><canvas name="5" width="129" height="117"><vector name="origin" x="55" y="117"/><vector name="lt" x="-51" y="-108"/><vector name="rb" x="56" y="0"/><vector name="head" x="-24" y="-86"/><int name="delay" value="170"/></canvas></imgdir><imgdir name="stand"><canvas name="0" width="129" height="118"><vector name="origin" x="55" y="118"/><vector name="lt" x="-49" y="-108"/><vector name="rb" x="56" y="0"/><vector name="head" x="-24" y="-88"/><int name="delay" value="200"/></canvas><canvas name="1" width="129" height="117"><vector name="origin" x="55" y="117"/><vector name="lt" x="-49" y="-108"/><vector name="rb" x="56" y="0"/><vector name="head" x="-24" y="-88"/><int name="delay" value="200"/></canvas><canvas name="2" width="130" height="116"><vector name="origin" x="56" y="116"/><vector name="lt" x="-49" y="-108"/><vector name="rb" x="56" y="0"/><vector name="head" x="-24" y="-86"/><int name="delay" value="200"/></canvas><canvas name="3" width="129" height="115"><vector name="origin" x="55" y="115"/><vector name="lt" x="-49" y="-108"/><vector name="rb" x="56" y="0"/><vector name="head" x="-24" y="-85"/><int name="delay" value="200"/></canvas><canvas name="4" width="129" height="117"><vector name="origin" x="55" y="117"/><vector name="lt" x="-49" y="-108"/><vector name="rb" x="56" y="0"/><vector name="head" x="-24" y="-87"/><int name="delay" value="200"/></canvas><canvas name="5" width="128" height="119"><vector name="origin" x="54" y="119"/><vector name="lt" x="-49" y="-108"/><vector name="rb" x="56" y="0"/><vector name="head" x="-24" y="-88"/><int name="delay" value="200"/></canvas></imgdir><imgdir name="attack1"><imgdir name="info"><imgdir name="range"><vector name="lt" x="-200" y="-80"/><vector name="rb" x="70" y="0"/></imgdir><imgdir name="hit"><canvas name="0" width="108" height="106"><vector name="origin" x="48" y="103"/><int name="z" value="0"/><int name="delay" value="120"/></canvas><canvas name="1" width="106" height="103"><vector name="origin" x="47" y="102"/><int name="z" value="0"/><int name="delay" value="90"/></canvas><canvas name="2" width="99" height="99"><vector name="origin" x="44" y="98"/><int name="z" value="0"/><int name="delay" value="120"/></canvas></imgdir><int name="type" value="0"/><int name="conMP" value="2"/><int name="attackAfter" value="1300"/><int name="magic" value="1"/><string name="elemAttr" value="F"/></imgdir><canvas name="0" width="163" height="128"><vector name="origin" x="60" y="128"/><vector name="lt" x="-60" y="-110"/><vector name="rb" x="68" y="0"/><vector name="head" x="-21" y="-89"/><string name="delay" value="130"/></canvas><canvas name="1" width="172" height="129"><vector name="origin" x="65" y="129"/><vector name="lt" x="-65" y="-111"/><vector name="rb" x="71" y="0"/><vector name="head" x="-18" y="-90"/><string name="delay" value="130"/></canvas><canvas name="2" width="167" height="128"><vector name="origin" x="59" y="128"/><vector name="lt" x="-59" y="-112"/><vector name="rb" x="73" y="0"/><vector name="head" x="-15" y="-91"/><string name="delay" value="130"/></canvas><canvas name="3" width="168" height="129"><vector name="origin" x="59" y="129"/><vector name="lt" x="-59" y="-112"/><vector name="rb" x="73" y="0"/><vector name="head" x="-15" y="-91"/><string name="delay" value="130"/></canvas><canvas name="4" width="168" height="129"><vector name="origin" x="59" y="129"/><vector name="lt" x="-59" y="-112"/><vector name="rb" x="73" y="0"/><vector name="head" x="-15" y="-91"/><string name="delay" value="130"/></canvas><canvas name="5" width="161" height="135"><vector name="origin" x="109" y="119"/><vector name="lt" x="-90" y="-103"/><vector name="rb" x="44" y="0"/><vector name="head" x="-38" y="-81"/><string name="delay" value="130"/></canvas><canvas name="6" width="159" height="129"><vector name="origin" x="115" y="113"/><vector name="lt" x="-96" y="-103"/><vector name="rb" x="44" y="0"/><vector name="head" x="-38" y="-81"/><string name="delay" value="130"/></canvas><canvas name="7" width="168" height="130"><vector name="origin" x="124" y="111"/><vector name="lt" x="-96" y="-103"/><vector name="rb" x="44" y="0"/><vector name="head" x="-33" y="-82"/><string name="delay" value="130"/></canvas><canvas name="8" width="166" height="165"><vector name="origin" x="122" y="147"/><vector name="lt" x="-96" y="-103"/><vector name="rb" x="44" y="0"/><vector name="head" x="-33" y="-82"/><string name="delay" value="130"/></canvas><canvas name="9" width="169" height="165"><vector name="origin" x="125" y="150"/><vector name="lt" x="-96" y="-103"/><vector name="rb" x="44" y="0"/><vector name="head" x="-33" y="-82"/><string name="delay" value="130"/></canvas><canvas name="10" width="169" height="162"><vector name="origin" x="125" y="153"/><vector name="lt" x="-96" y="-103"/><vector name="rb" x="44" y="0"/><vector name="head" x="-33" y="-82"/><string name="delay" value="130"/></canvas><canvas name="11" width="198" height="174"><vector name="origin" x="126" y="174"/><vector name="lt" x="-60" y="-104"/><vector name="rb" x="54" y="0"/><vector name="head" x="-30" y="-83"/><string name="delay" value="130"/></canvas><uol name="12" value="../stand/3"/><uol name="13" value="../stand/4"/><uol name="14" value="../stand/5"/><uol name="15" value="../stand/0"/><uol name="16" value="../stand/1"/><uol name="17" value="../stand/2"/></imgdir><imgdir name="hit1"><canvas name="0" width="140" height="122"><vector name="origin" x="61" y="122"/><vector name="lt" x="-56" y="-108"/><vector name="rb" x="61" y="0"/><vector name="head" x="-23" y="-86"/><int name="delay" value="600"/></canvas></imgdir><imgdir name="die1"><canvas name="0" width="140" height="122"><vector name="origin" x="61" y="122"/><vector name="head" x="-21" y="-86"/><int name="delay" value="140"/></canvas><canvas name="1" width="156" height="146"><vector name="origin" x="51" y="151"/><vector name="head" x="-16" y="-91"/><int name="delay" value="140"/></canvas><canvas name="2" width="173" height="165"><vector name="origin" x="48" y="171"/><vector name="head" x="-13" y="-92"/><int name="delay" value="140"/></canvas><canvas name="3" width="184" height="159"><vector name="origin" x="46" y="170"/><vector name="head" x="-11" y="-92"/><int name="delay" value="140"/></canvas><canvas name="4" width="198" height="152"><vector name="origin" x="45" y="162"/><vector name="head" x="-9" y="-92"/><int name="delay" value="140"/></canvas><canvas name="5" width="215" height="147"><vector name="origin" x="43" y="143"/><vector name="head" x="0" y="-80"/><int name="delay" value="140"/></canvas><canvas name="6" width="129" height="109"><vector name="origin" x="42" y="106"/><vector name="head" x="0" y="-80"/><int name="delay" value="140"/></canvas><canvas name="7" width="129" height="109"><vector name="origin" x="41" y="104"/><vector name="head" x="0" y="-79"/><int name="delay" value="140"/></canvas><canvas name="8" width="129" height="108"><vector name="origin" x="41" y="103"/><vector name="head" x="0" y="-77"/><int name="delay" value="140"/></canvas><canvas name="9" width="129" height="108"><vector name="origin" x="41" y="103"/><vector name="head" x="0" y="-77"/><int name="delay" value="140"/></canvas><canvas name="10" width="129" height="108"><vector name="origin" x="41" y="103"/><vector name="head" x="0" y="-77"/><int name="delay" value="140"/></canvas><canvas name="11" width="129" height="108"><vector name="origin" x="41" y="103"/><vector name="head" x="0" y="-77"/><int name="delay" value="200"/><int name="a0" value="255"/><int name="a1" value="0"/></canvas></imgdir></imgdir>