<?xml version="1.0" encoding="UTF-8" standalone="yes"?><imgdir name="7130103.img"><imgdir name="info"><int name="bodyAttack" value="1"/><int name="level" value="73"/><int name="maxHP" value="15300"/><int name="maxMP" value="200"/><int name="speed" value="-20"/><int name="PADamage" value="275"/><int name="PDDamage" value="330"/><int name="MADamage" value="300"/><int name="MDDamage" value="300"/><int name="acc" value="190"/><int name="eva" value="32"/><int name="exp" value="315"/><int name="undead" value="1"/><int name="pushed" value="1500"/><string name="elemAttr" value="H3I2S1D2"/><float name="fs" value="10.0"/><int name="summonType" value="1"/><imgdir name="skill"><imgdir name="0"><int name="skill" value="131"/><int name="action" value="1"/><int name="level" value="5"/><int name="effectAfter" value="900"/></imgdir></imgdir><int name="category" value="7"/></imgdir><imgdir name="move"><canvas name="0" width="125" height="126"><vector name="origin" x="60" y="132"/><vector name="lt" x="-61" y="-133"/><vector name="rb" x="65" y="-6"/><vector name="head" x="-7" y="-111"/><int name="delay" value="200"/></canvas><canvas name="1" width="118" height="130"><vector name="origin" x="62" y="130"/><vector name="lt" x="-63" y="-131"/><vector name="rb" x="56" y="0"/><vector name="head" x="-9" y="-109"/><int name="delay" value="200"/></canvas><canvas name="2" width="125" height="126"><vector name="origin" x="60" y="132"/><vector name="lt" x="-61" y="-133"/><vector name="rb" x="65" y="-6"/><vector name="head" x="-7" y="-111"/><int name="delay" value="200"/></canvas><canvas name="3" width="118" height="130"><vector name="origin" x="62" y="130"/><vector name="lt" x="-63" y="-131"/><vector name="rb" x="56" y="0"/><vector name="head" x="-9" y="-109"/><int name="delay" value="200"/></canvas></imgdir><imgdir name="stand"><canvas name="0" width="119" height="134"><vector name="origin" x="59" y="134"/><vector name="lt" x="-60" y="-135"/><vector name="rb" x="60" y="0"/><vector name="head" x="-4" y="-113"/><int name="delay" value="280"/></canvas><canvas name="1" width="119" height="132"><vector name="origin" x="58" y="132"/><vector name="lt" x="-60" y="-133"/><vector name="rb" x="60" y="0"/><vector name="head" x="-5" y="-111"/><int name="delay" value="280"/></canvas><canvas name="2" width="119" height="130"><vector name="origin" x="57" y="130"/><vector name="lt" x="-60" y="-131"/><vector name="rb" x="60" y="0"/><vector name="head" x="-6" y="-109"/><int name="delay" value="280"/></canvas><canvas name="3" width="119" height="132"><vector name="origin" x="58" y="132"/><vector name="lt" x="-60" y="-133"/><vector name="rb" x="60" y="0"/><vector name="head" x="-5" y="-111"/><int name="delay" value="280"/></canvas></imgdir><imgdir name="skill1"><canvas name="0" width="119" height="134"><vector name="origin" x="59" y="134"/><vector name="lt" x="-60" y="-135"/><vector name="rb" x="60" y="0"/><vector name="head" x="-4" y="-113"/><int name="delay" value="130"/></canvas><canvas name="1" width="147" height="132"><vector name="origin" x="86" y="132"/><vector name="lt" x="-59" y="-133"/><vector name="rb" x="61" y="0"/><vector name="head" x="-4" y="-111"/><int name="delay" value="130"/></canvas><canvas name="2" width="150" height="130"><vector name="origin" x="88" y="130"/><vector name="lt" x="-58" y="-131"/><vector name="rb" x="62" y="0"/><vector name="head" x="-4" y="-109"/><int name="delay" value="130"/></canvas><canvas name="3" width="149" height="132"><vector name="origin" x="88" y="132"/><vector name="lt" x="-59" y="-133"/><vector name="rb" x="61" y="0"/><vector name="head" x="-4" y="-111"/><int name="delay" value="130"/></canvas><canvas name="4" width="148" height="134"><vector name="origin" x="88" y="134"/><vector name="lt" x="-60" y="-135"/><vector name="rb" x="60" y="0"/><vector name="head" x="-4" y="-113"/><int name="delay" value="130"/></canvas><canvas name="5" width="149" height="132"><vector name="origin" x="88" y="132"/><vector name="lt" x="-59" y="-133"/><vector name="rb" x="61" y="0"/><vector name="head" x="-4" y="-111"/><int name="delay" value="130"/></canvas><canvas name="6" width="150" height="130"><vector name="origin" x="88" y="130"/><vector name="lt" x="-58" y="-131"/><vector name="rb" x="62" y="0"/><vector name="head" x="-4" y="-109"/><int name="delay" value="130"/></canvas><canvas name="7" width="149" height="132"><vector name="origin" x="88" y="132"/><vector name="lt" x="-59" y="-133"/><vector name="rb" x="61" y="0"/><vector name="head" x="-4" y="-111"/><int name="delay" value="130"/></canvas><uol name="8" value="../stand/0"/><uol name="9" value="../stand/1"/><uol name="10" value="../stand/2"/><uol name="11" value="../stand/3"/></imgdir><imgdir name="hit1"><canvas name="0" width="123" height="141"><vector name="origin" x="34" y="141"/><vector name="lt" x="-35" y="-142"/><vector name="rb" x="89" y="0"/><vector name="head" x="19" y="-106"/><int name="delay" value="600"/></canvas></imgdir><imgdir name="die1"><canvas name="0" width="123" height="141"><vector name="origin" x="34" y="141"/><vector name="head" x="19" y="-106"/><int name="delay" value="150"/></canvas><canvas name="1" width="120" height="135"><vector name="origin" x="31" y="135"/><vector name="head" x="19" y="-106"/><int name="delay" value="150"/></canvas><canvas name="2" width="120" height="132"><vector name="origin" x="29" y="132"/><vector name="head" x="19" y="-106"/><int name="delay" value="150"/></canvas><canvas name="3" width="120" height="127"><vector name="origin" x="27" y="127"/><vector name="head" x="19" y="-106"/><int name="delay" value="150"/></canvas><canvas name="4" width="120" height="125"><vector name="origin" x="25" y="124"/><vector name="head" x="19" y="-106"/><int name="delay" value="150"/></canvas><canvas name="5" width="123" height="119"><vector name="origin" x="21" y="115"/><vector name="head" x="19" y="-106"/><int name="delay" value="150"/></canvas><canvas name="6" width="126" height="118"><vector name="origin" x="21" y="114"/><vector name="head" x="19" y="-106"/><int name="delay" value="150"/></canvas><canvas name="7" width="130" height="86"><vector name="origin" x="21" y="81"/><vector name="head" x="19" y="-106"/><int name="delay" value="200"/></canvas><canvas name="8" width="131" height="85"><vector name="origin" x="21" y="79"/><vector name="head" x="19" y="-106"/><int name="delay" value="150"/></canvas><canvas name="9" width="125" height="27"><vector name="origin" x="12" y="26"/><vector name="head" x="19" y="-106"/><int name="delay" value="150"/></canvas><canvas name="10" width="123" height="22"><vector name="origin" x="12" y="24"/><vector name="head" x="-15" y="-72"/><int name="delay" value="300"/><int name="a0" value="255"/><int name="a1" value="0"/></canvas></imgdir></imgdir>