<?xml version="1.0" encoding="UTF-8" standalone="yes"?><imgdir name="7130500.img"><imgdir name="info"><int name="bodyAttack" value="1"/><int name="level" value="70"/><int name="maxHP" value="14500"/><int name="maxMP" value="150"/><int name="speed" value="-20"/><int name="PADamage" value="245"/><int name="PDDamage" value="235"/><int name="MADamage" value="0"/><int name="MDDamage" value="245"/><int name="acc" value="130"/><int name="eva" value="25"/><int name="exp" value="270"/><int name="undead" value="0"/><int name="pushed" value="1450"/><int name="hpRecovery" value="50"/><int name="mpRecovery" value="10"/><string name="elemAttr" value="S3"/><float name="fs" value="10.0"/><int name="summonType" value="1"/><imgdir name="skill"><imgdir name="0"><int name="skill" value="122"/><int name="action" value="1"/><int name="level" value="5"/><int name="effectAfter" value="0"/></imgdir></imgdir><int name="category" value="1"/></imgdir><imgdir name="move"><canvas name="0" width="61" height="60"><vector name="origin" x="27" y="60"/><vector name="lt" x="-27" y="-58"/><vector name="rb" x="27" y="0"/><vector name="head" x="1" y="-53"/><int name="delay" value="150"/></canvas><canvas name="1" width="61" height="61"><vector name="origin" x="27" y="61"/><vector name="lt" x="-27" y="-59"/><vector name="rb" x="27" y="0"/><vector name="head" x="1" y="-54"/><int name="delay" value="150"/></canvas><canvas name="2" width="61" height="58"><vector name="origin" x="27" y="58"/><vector name="lt" x="-27" y="-56"/><vector name="rb" x="27" y="0"/><vector name="head" x="1" y="-51"/><int name="delay" value="150"/></canvas><canvas name="3" width="61" height="59"><vector name="origin" x="27" y="59"/><vector name="lt" x="-27" y="-57"/><vector name="rb" x="27" y="0"/><vector name="head" x="1" y="-52"/><int name="delay" value="150"/></canvas><canvas name="4" width="61" height="61"><vector name="origin" x="27" y="61"/><vector name="lt" x="-27" y="-59"/><vector name="rb" x="27" y="0"/><vector name="head" x="1" y="-54"/><int name="delay" value="150"/></canvas><canvas name="5" width="67" height="59"><vector name="origin" x="33" y="59"/><vector name="lt" x="-27" y="-57"/><vector name="rb" x="27" y="0"/><vector name="head" x="1" y="-52"/><int name="delay" value="150"/></canvas></imgdir><imgdir name="stand"><canvas name="0" width="61" height="52"><vector name="origin" x="27" y="52"/><vector name="lt" x="-27" y="-50"/><vector name="rb" x="27" y="0"/><vector name="head" x="1" y="-45"/><int name="delay" value="100"/></canvas><canvas name="1" width="61" height="53"><vector name="origin" x="27" y="53"/><vector name="lt" x="-27" y="-51"/><vector name="rb" x="27" y="0"/><vector name="head" x="1" y="-46"/><int name="delay" value="100"/></canvas><canvas name="2" width="61" height="54"><vector name="origin" x="27" y="54"/><vector name="lt" x="-27" y="-52"/><vector name="rb" x="27" y="0"/><vector name="head" x="1" y="-47"/><int name="delay" value="100"/></canvas><canvas name="3" width="61" height="53"><vector name="origin" x="27" y="53"/><vector name="lt" x="-27" y="-51"/><vector name="rb" x="27" y="0"/><vector name="head" x="1" y="-46"/><int name="delay" value="100"/></canvas><canvas name="4" width="61" height="52"><vector name="origin" x="27" y="52"/><vector name="lt" x="-27" y="-50"/><vector name="rb" x="27" y="0"/><vector name="head" x="1" y="-45"/><int name="delay" value="100"/></canvas><canvas name="5" width="61" height="51"><vector name="origin" x="27" y="51"/><vector name="lt" x="-27" y="-49"/><vector name="rb" x="27" y="0"/><vector name="head" x="1" y="-44"/><int name="delay" value="100"/></canvas></imgdir><imgdir name="attack1"><imgdir name="info"><imgdir name="range"><vector name="sp" x="-22" y="-18"/><int name="r" value="270"/></imgdir><imgdir name="ball"><canvas name="0" width="27" height="23"><vector name="origin" x="13" y="12"/><int name="delay" value="50"/></canvas><canvas name="1" width="26" height="24"><vector name="origin" x="13" y="13"/><int name="delay" value="50"/></canvas><canvas name="2" width="24" height="23"><vector name="origin" x="12" y="12"/><int name="delay" value="50"/></canvas><canvas name="3" width="24" height="23"><vector name="origin" x="13" y="12"/><int name="delay" value="50"/></canvas><canvas name="4" width="25" height="23"><vector name="origin" x="12" y="13"/><int name="delay" value="50"/></canvas><canvas name="5" width="27" height="23"><vector name="origin" x="14" y="13"/><int name="delay" value="50"/></canvas></imgdir><imgdir name="hit"><canvas name="0" width="105" height="104"><vector name="origin" x="41" y="92"/></canvas><int name="attach" value="1"/></imgdir><int name="type" value="2"/><int name="attackAfter" value="950"/><int name="PADamage" value="255"/></imgdir><canvas name="0" width="61" height="53"><vector name="origin" x="27" y="53"/><vector name="lt" x="-27" y="-51"/><vector name="rb" x="27" y="0"/><vector name="head" x="1" y="-46"/><int name="delay" value="50"/></canvas><canvas name="1" width="70" height="60"><vector name="origin" x="32" y="60"/><vector name="lt" x="-32" y="-60"/><vector name="rb" x="32" y="0"/><vector name="head" x="2" y="-53"/><int name="delay" value="50"/></canvas><canvas name="2" width="82" height="69"><vector name="origin" x="38" y="69"/><vector name="lt" x="-38" y="-69"/><vector name="rb" x="35" y="0"/><vector name="head" x="3" y="-61"/><int name="delay" value="50"/></canvas><canvas name="3" width="87" height="75"><vector name="origin" x="41" y="75"/><vector name="lt" x="-41" y="-75"/><vector name="rb" x="39" y="0"/><vector name="head" x="1" y="-67"/><int name="delay" value="100"/></canvas><canvas name="4" width="87" height="78"><vector name="origin" x="38" y="78"/><vector name="lt" x="-38" y="-78"/><vector name="rb" x="39" y="0"/><vector name="head" x="-3" y="-73"/><int name="delay" value="100"/></canvas><canvas name="5" width="87" height="79"><vector name="origin" x="38" y="79"/><vector name="lt" x="-38" y="-79"/><vector name="rb" x="38" y="0"/><vector name="head" x="-3" y="-74"/><int name="delay" value="300"/></canvas><canvas name="6" width="82" height="65"><vector name="origin" x="47" y="63"/><vector name="lt" x="-47" y="-63"/><vector name="rb" x="25" y="2"/><vector name="head" x="-5" y="-57"/><int name="delay" value="100"/></canvas><canvas name="7" width="81" height="65"><vector name="origin" x="45" y="62"/><vector name="lt" x="-45" y="-62"/><vector name="rb" x="27" y="0"/><vector name="head" x="-3" y="-54"/><int name="delay" value="100"/></canvas><canvas name="8" width="75" height="59"><vector name="origin" x="41" y="56"/><vector name="lt" x="-41" y="-55"/><vector name="rb" x="24" y="3"/><vector name="head" x="-4" y="-48"/><int name="delay" value="50"/></canvas><canvas name="9" width="61" height="53"><vector name="origin" x="27" y="53"/><vector name="lt" x="-27" y="-51"/><vector name="rb" x="27" y="0"/><vector name="head" x="1" y="-46"/><int name="delay" value="50"/></canvas><uol name="10" value="../stand/0"/><uol name="11" value="../stand/1"/><uol name="12" value="../stand/2"/><uol name="13" value="../stand/3"/><uol name="14" value="../stand/4"/><uol name="15" value="../stand/5"/><uol name="16" value="../stand/0"/><uol name="17" value="../stand/1"/><uol name="18" value="../stand/2"/><uol name="19" value="../stand/3"/><uol name="20" value="../stand/4"/><uol name="21" value="../stand/5"/></imgdir><imgdir name="skill1"><canvas name="0" width="60" height="49"><vector name="origin" x="27" y="49"/><vector name="lt" x="-27" y="-49"/><vector name="rb" x="27" y="0"/><vector name="head" x="1" y="-45"/><int name="delay" value="100"/></canvas><canvas name="1" width="60" height="48"><vector name="origin" x="27" y="48"/><vector name="lt" x="-27" y="-49"/><vector name="rb" x="27" y="0"/><vector name="head" x="1" y="-45"/><int name="delay" value="250"/></canvas><canvas name="2" width="60" height="49"><vector name="origin" x="27" y="49"/><vector name="lt" x="-27" y="-49"/><vector name="rb" x="27" y="0"/><vector name="head" x="1" y="-45"/><int name="delay" value="100"/></canvas><canvas name="3" width="69" height="79"><vector name="origin" x="33" y="78"/><vector name="lt" x="-33" y="-78"/><vector name="rb" x="36" y="-22"/><vector name="head" x="1" y="-71"/><int name="delay" value="100"/></canvas><canvas name="4" width="69" height="85"><vector name="origin" x="34" y="79"/><vector name="lt" x="-35" y="-80"/><vector name="rb" x="35" y="-27"/><vector name="head" x="1" y="-73"/><int name="delay" value="150"/></canvas><canvas name="5" width="79" height="87"><vector name="origin" x="39" y="80"/><vector name="lt" x="-39" y="-80"/><vector name="rb" x="40" y="-28"/><vector name="head" x="2" y="-74"/><int name="delay" value="50"/></canvas><canvas name="6" width="133" height="79"><vector name="origin" x="60" y="75"/><vector name="lt" x="-29" y="-72"/><vector name="rb" x="30" y="-19"/><vector name="head" x="1" y="-67"/><int name="delay" value="50"/></canvas><canvas name="7" width="134" height="65"><vector name="origin" x="60" y="64"/><vector name="lt" x="-27" y="-61"/><vector name="rb" x="28" y="-4"/><vector name="head" x="1" y="-57"/><int name="delay" value="50"/></canvas><canvas name="8" width="133" height="55"><vector name="origin" x="61" y="55"/><vector name="lt" x="-26" y="-52"/><vector name="rb" x="27" y="0"/><vector name="head" x="1" y="-48"/><int name="delay" value="50"/></canvas><canvas name="9" width="133" height="57"><vector name="origin" x="60" y="57"/><vector name="lt" x="-26" y="-54"/><vector name="rb" x="27" y="0"/><vector name="head" x="1" y="-50"/><int name="delay" value="50"/></canvas><canvas name="10" width="132" height="57"><vector name="origin" x="60" y="57"/><vector name="lt" x="-28" y="-55"/><vector name="rb" x="27" y="0"/><vector name="head" x="1" y="-50"/><int name="delay" value="50"/></canvas><canvas name="11" width="129" height="57"><vector name="origin" x="59" y="57"/><vector name="lt" x="-27" y="-54"/><vector name="rb" x="28" y="0"/><vector name="head" x="1" y="-50"/><int name="delay" value="50"/></canvas><canvas name="12" width="61" height="57"><vector name="origin" x="27" y="57"/><vector name="lt" x="-27" y="-55"/><vector name="rb" x="28" y="0"/><vector name="head" x="1" y="-50"/><int name="delay" value="100"/></canvas><uol name="13" value="../stand/0"/><uol name="14" value="../stand/1"/><uol name="15" value="../stand/2"/><uol name="16" value="../stand/3"/><uol name="17" value="../stand/4"/><uol name="18" value="../stand/5"/><uol name="19" value="../stand/0"/><uol name="20" value="../stand/1"/><uol name="21" value="../stand/2"/><uol name="22" value="../stand/3"/><uol name="23" value="../stand/4"/><uol name="24" value="../stand/5"/></imgdir><imgdir name="hit1"><canvas name="0" width="75" height="62"><vector name="origin" x="38" y="62"/><vector name="lt" x="-29" y="-60"/><vector name="rb" x="27" y="0"/><vector name="head" x="1" y="-53"/><int name="delay" value="600"/></canvas></imgdir><imgdir name="die1"><canvas name="0" width="76" height="54"><vector name="origin" x="39" y="60"/><vector name="head" x="1" y="-51"/><int name="delay" value="100"/></canvas><canvas name="1" width="75" height="54"><vector name="origin" x="38" y="59"/><vector name="head" x="1" y="-50"/><int name="delay" value="100"/></canvas><canvas name="2" width="75" height="54"><vector name="origin" x="38" y="55"/><vector name="head" x="1" y="-46"/><int name="delay" value="100"/></canvas><canvas name="3" width="75" height="53"><vector name="origin" x="38" y="53"/><vector name="head" x="1" y="-44"/><int name="delay" value="100"/></canvas><canvas name="4" width="71" height="45"><vector name="origin" x="37" y="45"/><vector name="head" x="1" y="-38"/><int name="delay" value="100"/></canvas><canvas name="5" width="72" height="37"><vector name="origin" x="38" y="37"/><vector name="head" x="1" y="-30"/><int name="delay" value="100"/></canvas><canvas name="6" width="63" height="36"><vector name="origin" x="29" y="36"/><vector name="head" x="1" y="-29"/><int name="delay" value="100"/></canvas><canvas name="7" width="64" height="34"><vector name="origin" x="30" y="34"/><vector name="head" x="1" y="-27"/><int name="delay" value="300"/><int name="a0" value="255"/><int name="a1" value="0"/></canvas></imgdir></imgdir>