<?xml version="1.0" encoding="UTF-8" standalone="yes"?><imgdir name="7220000.img"><imgdir name="info"><int name="bodyAttack" value="1"/><int name="level" value="71"/><int name="maxHP" value="93000"/><int name="maxMP" value="200"/><int name="speed" value="-30"/><int name="PADamage" value="285"/><int name="PDDamage" value="335"/><int name="MADamage" value="310"/><int name="MDDamage" value="265"/><int name="acc" value="175"/><int name="eva" value="30"/><int name="exp" value="1580"/><int name="undead" value="0"/><int name="pushed" value="1500"/><int name="hpRecovery" value="2200"/><int name="mpRecovery" value="10"/><int name="boss" value="1"/><float name="fs" value="10.0"/><int name="summonType" value="1"/><int name="firstAttack" value="1"/><int name="hpTagColor" value="1"/><int name="hpTagBgcolor" value="5"/><int name="HPgaugeHide" value="1"/><int name="rareItemDropLevel" value="2"/><imgdir name="skill"><imgdir name="0"><int name="skill" value="140"/><int name="action" value="1"/><int name="level" value="4"/><int name="effectAfter" value="0"/></imgdir><imgdir name="1"><int name="skill" value="110"/><int name="action" value="1"/><int name="level" value="1"/><int name="effectAfter" value="0"/></imgdir><imgdir name="2"><int name="skill" value="112"/><int name="action" value="1"/><int name="level" value="4"/><int name="effectAfter" value="0"/></imgdir><imgdir name="3"><int name="skill" value="113"/><int name="action" value="1"/><int name="level" value="2"/><int name="effectAfter" value="0"/></imgdir><imgdir name="4"><int name="skill" value="200"/><int name="action" value="1"/><int name="level" value="83"/><int name="effectAfter" value="0"/></imgdir></imgdir><imgdir name="speak"><imgdir name="con"><imgdir name="0"><imgdir name="quest"><int name="questID" value="3835"/><int name="state" value="2"/></imgdir></imgdir></imgdir><int name="chataBalloon" value="0"/><imgdir name="0"><int name="hp" value="88000"/><string name="0" value="Are you strong enough? Attack me if you are!"/></imgdir></imgdir><int name="category" value="1"/></imgdir><imgdir name="move"><canvas name="0" width="172" height="143"><vector name="origin" x="96" y="143"/><vector name="lt" x="-96" y="-143"/><vector name="rb" x="76" y="0"/><vector name="head" x="-50" y="-143"/><int name="delay" value="120"/></canvas><canvas name="1" width="173" height="144"><vector name="origin" x="96" y="144"/><vector name="lt" x="-96" y="-143"/><vector name="rb" x="76" y="0"/><vector name="head" x="-50" y="-143"/><int name="delay" value="120"/></canvas><canvas name="2" width="174" height="143"><vector name="origin" x="97" y="143"/><vector name="lt" x="-96" y="-143"/><vector name="rb" x="76" y="0"/><vector name="head" x="-50" y="-143"/><int name="delay" value="120"/></canvas><canvas name="3" width="172" height="142"><vector name="origin" x="95" y="142"/><vector name="lt" x="-96" y="-143"/><vector name="rb" x="76" y="0"/><vector name="head" x="-50" y="-143"/><int name="delay" value="120"/></canvas><canvas name="4" width="171" height="143"><vector name="origin" x="96" y="142"/><vector name="lt" x="-96" y="-143"/><vector name="rb" x="76" y="0"/><vector name="head" x="-50" y="-143"/><int name="delay" value="120"/></canvas><canvas name="5" width="172" height="143"><vector name="origin" x="96" y="143"/><vector name="lt" x="-96" y="-143"/><vector name="rb" x="76" y="0"/><vector name="head" x="-50" y="-143"/><int name="delay" value="120"/></canvas><canvas name="6" width="176" height="142"><vector name="origin" x="98" y="142"/><vector name="lt" x="-96" y="-143"/><vector name="rb" x="76" y="0"/><vector name="head" x="-50" y="-143"/><int name="delay" value="120"/></canvas><canvas name="7" width="174" height="142"><vector name="origin" x="97" y="141"/><vector name="lt" x="-96" y="-143"/><vector name="rb" x="76" y="0"/><vector name="head" x="-50" y="-143"/><int name="delay" value="120"/></canvas></imgdir><imgdir name="stand"><canvas name="0" width="171" height="143"><vector name="origin" x="95" y="143"/><vector name="lt" x="-95" y="-143"/><vector name="rb" x="76" y="0"/><vector name="head" x="-49" y="-143"/><int name="delay" value="120"/></canvas><canvas name="1" width="176" height="144"><vector name="origin" x="98" y="144"/><vector name="lt" x="-95" y="-143"/><vector name="rb" x="76" y="0"/><vector name="head" x="-49" y="-143"/><int name="delay" value="120"/></canvas><canvas name="2" width="182" height="145"><vector name="origin" x="101" y="145"/><vector name="lt" x="-95" y="-143"/><vector name="rb" x="76" y="0"/><vector name="head" x="-49" y="-143"/><int name="delay" value="120"/></canvas><canvas name="3" width="184" height="145"><vector name="origin" x="102" y="145"/><vector name="lt" x="-95" y="-143"/><vector name="rb" x="76" y="0"/><vector name="head" x="-49" y="-143"/><int name="delay" value="120"/></canvas><canvas name="4" width="180" height="144"><vector name="origin" x="100" y="144"/><vector name="lt" x="-95" y="-143"/><vector name="rb" x="76" y="0"/><vector name="head" x="-49" y="-143"/><int name="delay" value="120"/></canvas><canvas name="5" width="175" height="143"><vector name="origin" x="97" y="143"/><vector name="lt" x="-95" y="-143"/><vector name="rb" x="76" y="0"/><vector name="head" x="-49" y="-143"/><int name="delay" value="120"/></canvas></imgdir><imgdir name="attack1"><imgdir name="info"><imgdir name="range"><vector name="sp" x="-41" y="-14"/><int name="r" value="270"/></imgdir><imgdir name="hit"><canvas name="0" width="99" height="107"><vector name="origin" x="50" y="86"/><int name="delay" value="90"/></canvas><canvas name="1" width="81" height="110"><vector name="origin" x="38" y="96"/><int name="delay" value="90"/></canvas><canvas name="2" width="71" height="110"><vector name="origin" x="41" y="98"/><int name="delay" value="90"/></canvas><canvas name="3" width="71" height="104"><vector name="origin" x="41" y="100"/><int name="delay" value="90"/></canvas><canvas name="4" width="72" height="104"><vector name="origin" x="42" y="114"/><int name="delay" value="90"/><int name="a0" value="255"/><int name="a1" value="0"/></canvas><int name="attachfacing" value="1"/></imgdir><int name="type" value="1"/><int name="attackAfter" value="1200"/><int name="magic" value="1"/><int name="knockback" value="1"/><int name="jumpAttack" value="1"/></imgdir><canvas name="0" width="174" height="147"><vector name="origin" x="97" y="145"/><vector name="lt" x="-96" y="-144"/><vector name="rb" x="75" y="1"/><vector name="head" x="-47" y="-145"/><int name="delay" value="120"/></canvas><canvas name="1" width="188" height="156"><vector name="origin" x="104" y="150"/><vector name="lt" x="-96" y="-144"/><vector name="rb" x="75" y="1"/><vector name="head" x="-47" y="-145"/><int name="delay" value="120"/></canvas><canvas name="2" width="195" height="161"><vector name="origin" x="107" y="153"/><vector name="lt" x="-96" y="-144"/><vector name="rb" x="75" y="1"/><vector name="head" x="-47" y="-145"/><int name="delay" value="120"/></canvas><canvas name="3" width="201" height="162"><vector name="origin" x="110" y="154"/><vector name="lt" x="-96" y="-144"/><vector name="rb" x="75" y="1"/><vector name="head" x="-47" y="-145"/><int name="delay" value="120"/></canvas><canvas name="4" width="205" height="165"><vector name="origin" x="112" y="156"/><vector name="lt" x="-96" y="-144"/><vector name="rb" x="75" y="1"/><vector name="head" x="-47" y="-145"/><int name="delay" value="120"/></canvas><canvas name="5" width="209" height="166"><vector name="origin" x="113" y="157"/><vector name="lt" x="-96" y="-144"/><vector name="rb" x="75" y="1"/><vector name="head" x="-47" y="-145"/><int name="delay" value="120"/></canvas><canvas name="6" width="211" height="167"><vector name="origin" x="114" y="158"/><vector name="lt" x="-114" y="-150"/><vector name="rb" x="89" y="1"/><vector name="head" x="-47" y="-145"/><int name="delay" value="120"/></canvas><canvas name="7" width="213" height="168"><vector name="origin" x="115" y="159"/><vector name="lt" x="-113" y="-146"/><vector name="rb" x="94" y="1"/><vector name="head" x="-47" y="-145"/><int name="delay" value="120"/></canvas><canvas name="8" width="215" height="169"><vector name="origin" x="116" y="160"/><vector name="lt" x="-115" y="-149"/><vector name="rb" x="93" y="1"/><vector name="head" x="-47" y="-145"/><int name="delay" value="120"/></canvas><canvas name="9" width="176" height="152"><vector name="origin" x="125" y="141"/><vector name="lt" x="-119" y="-140"/><vector name="rb" x="37" y="1"/><vector name="head" x="-47" y="-145"/><int name="delay" value="120"/></canvas><canvas name="10" width="172" height="147"><vector name="origin" x="123" y="141"/><vector name="lt" x="-113" y="-140"/><vector name="rb" x="35" y="0"/><vector name="head" x="-47" y="-145"/><int name="delay" value="120"/></canvas><canvas name="11" width="166" height="180"><vector name="origin" x="120" y="174"/><vector name="lt" x="-114" y="-132"/><vector name="rb" x="40" y="1"/><vector name="head" x="-47" y="-145"/><int name="delay" value="120"/></canvas><canvas name="12" width="170" height="163"><vector name="origin" x="120" y="157"/><vector name="lt" x="-118" y="-128"/><vector name="rb" x="40" y="1"/><vector name="head" x="-47" y="-145"/><int name="delay" value="120"/></canvas><canvas name="13" width="187" height="150"><vector name="origin" x="125" y="144"/><vector name="lt" x="-117" y="-140"/><vector name="rb" x="47" y="0"/><vector name="head" x="-47" y="-145"/><int name="delay" value="120"/></canvas><canvas name="14" width="197" height="143"><vector name="origin" x="130" y="137"/><vector name="lt" x="-118" y="-138"/><vector name="rb" x="44" y="2"/><vector name="head" x="-47" y="-145"/><int name="delay" value="120"/></canvas><canvas name="15" width="166" height="142"><vector name="origin" x="117" y="136"/><vector name="lt" x="-120" y="-134"/><vector name="rb" x="41" y="1"/><vector name="head" x="-47" y="-145"/><int name="delay" value="120"/></canvas><canvas name="16" width="179" height="144"><vector name="origin" x="112" y="137"/><vector name="lt" x="-111" y="-136"/><vector name="rb" x="62" y="2"/><vector name="head" x="-47" y="-145"/><int name="delay" value="120"/></canvas><canvas name="17" width="174" height="143"><vector name="origin" x="99" y="142"/><vector name="lt" x="-101" y="-142"/><vector name="rb" x="74" y="1"/><vector name="head" x="-47" y="-145"/><int name="delay" value="120"/></canvas><canvas name="18" width="169" height="143"><vector name="origin" x="96" y="143"/><vector name="lt" x="-98" y="-142"/><vector name="rb" x="72" y="0"/><vector name="head" x="-47" y="-145"/><int name="delay" value="120"/></canvas><canvas name="19" width="169" height="143"><vector name="origin" x="96" y="143"/><vector name="lt" x="-96" y="-144"/><vector name="rb" x="75" y="1"/><vector name="head" x="-47" y="-145"/><int name="delay" value="120"/></canvas><canvas name="20" width="169" height="143"><vector name="origin" x="96" y="143"/><vector name="lt" x="-96" y="-144"/><vector name="rb" x="75" y="1"/><vector name="head" x="-47" y="-145"/><int name="delay" value="120"/></canvas><canvas name="21" width="169" height="143"><vector name="origin" x="96" y="143"/><vector name="lt" x="-96" y="-144"/><vector name="rb" x="75" y="1"/><vector name="head" x="-47" y="-145"/><int name="delay" value="120"/></canvas><uol name="22" value="../stand/0"/><uol name="23" value="../stand/1"/><uol name="24" value="../stand/2"/><uol name="25" value="../stand/3"/><uol name="26" value="../stand/4"/><uol name="27" value="../stand/5"/><imgdir name="speak"><int name="prob" value="50"/><string name="0" value="Move aside little greenhorn!"/></imgdir></imgdir><imgdir name="attack2"><imgdir name="info"><imgdir name="range"><vector name="sp" x="-147" y="-47"/><int name="r" value="270"/></imgdir><imgdir name="ball"><canvas name="0" width="83" height="80"><vector name="origin" x="41" y="39"/><int name="delay" value="90"/></canvas><canvas name="1" width="77" height="80"><vector name="origin" x="38" y="41"/><int name="delay" value="90"/></canvas><canvas name="2" width="79" height="82"><vector name="origin" x="38" y="42"/><int name="delay" value="90"/></canvas><canvas name="3" width="72" height="82"><vector name="origin" x="35" y="43"/><int name="delay" value="90"/></canvas><canvas name="4" width="83" height="78"><vector name="origin" x="41" y="38"/><int name="delay" value="90"/></canvas><canvas name="5" width="77" height="80"><vector name="origin" x="38" y="41"/><int name="delay" value="90"/></canvas></imgdir><imgdir name="hit"><canvas name="0" width="101" height="98"><vector name="origin" x="50" y="85"/><int name="delay" value="90"/></canvas><canvas name="1" width="122" height="103"><vector name="origin" x="62" y="91"/><int name="delay" value="90"/></canvas><canvas name="2" width="142" height="111"><vector name="origin" x="62" y="94"/><int name="delay" value="90"/></canvas><canvas name="3" width="128" height="109"><vector name="origin" x="50" y="94"/><int name="delay" value="90"/></canvas><canvas name="4" width="127" height="106"><vector name="origin" x="55" y="89"/><int name="delay" value="90"/></canvas><canvas name="5" width="112" height="106"><vector name="origin" x="53" y="92"/><int name="delay" value="90"/></canvas><canvas name="6" width="117" height="103"><vector name="origin" x="55" y="87"/><int name="delay" value="90"/></canvas><canvas name="7" width="105" height="98"><vector name="origin" x="44" y="88"/><int name="delay" value="90"/></canvas><int name="attachfacing" value="1"/></imgdir><int name="type" value="2"/><int name="conMP" value="2"/><int name="attackAfter" value="1680"/><int name="magic" value="1"/><int name="bulletSpeed" value="200"/></imgdir><canvas name="0" width="171" height="145"><vector name="origin" x="95" y="144"/><vector name="lt" x="-94" y="-144"/><vector name="rb" x="75" y="-1"/><vector name="head" x="-47" y="-144"/><int name="delay" value="120"/></canvas><canvas name="1" width="183" height="154"><vector name="origin" x="101" y="148"/><vector name="lt" x="-94" y="-144"/><vector name="rb" x="75" y="-1"/><vector name="head" x="-47" y="-144"/><int name="delay" value="120"/></canvas><canvas name="2" width="194" height="158"><vector name="origin" x="108" y="149"/><vector name="lt" x="-94" y="-144"/><vector name="rb" x="75" y="-1"/><vector name="head" x="-47" y="-144"/><int name="delay" value="120"/></canvas><canvas name="3" width="285" height="193"><vector name="origin" x="196" y="149"/><vector name="lt" x="-94" y="-144"/><vector name="rb" x="75" y="-1"/><vector name="head" x="-47" y="-144"/><int name="delay" value="120"/></canvas><canvas name="4" width="281" height="190"><vector name="origin" x="192" y="150"/><vector name="lt" x="-113" y="-144"/><vector name="rb" x="75" y="-1"/><vector name="head" x="-47" y="-144"/><int name="delay" value="120"/></canvas><canvas name="5" width="278" height="187"><vector name="origin" x="188" y="151"/><vector name="lt" x="-103" y="-144"/><vector name="rb" x="75" y="-1"/><vector name="head" x="-47" y="-144"/><int name="delay" value="120"/></canvas><canvas name="6" width="269" height="178"><vector name="origin" x="179" y="151"/><vector name="lt" x="-110" y="-146"/><vector name="rb" x="75" y="-1"/><vector name="head" x="-47" y="-144"/><int name="delay" value="120"/></canvas><canvas name="7" width="256" height="173"><vector name="origin" x="165" y="152"/><vector name="lt" x="-102" y="-145"/><vector name="rb" x="75" y="-1"/><vector name="head" x="-47" y="-144"/><int name="delay" value="120"/></canvas><canvas name="8" width="239" height="171"><vector name="origin" x="148" y="152"/><vector name="lt" x="-102" y="-144"/><vector name="rb" x="75" y="-1"/><vector name="head" x="-47" y="-144"/><int name="delay" value="120"/></canvas><canvas name="9" width="228" height="173"><vector name="origin" x="136" y="152"/><vector name="lt" x="-102" y="-144"/><vector name="rb" x="75" y="-1"/><vector name="head" x="-47" y="-144"/><int name="delay" value="120"/></canvas><canvas name="10" width="226" height="171"><vector name="origin" x="134" y="152"/><vector name="lt" x="-101" y="-144"/><vector name="rb" x="75" y="-1"/><vector name="head" x="-47" y="-144"/><int name="delay" value="120"/></canvas><canvas name="11" width="310" height="191"><vector name="origin" x="232" y="153"/><vector name="lt" x="-164" y="-145"/><vector name="rb" x="75" y="-1"/><vector name="head" x="-47" y="-144"/><int name="delay" value="120"/></canvas><canvas name="12" width="311" height="190"><vector name="origin" x="234" y="150"/><vector name="lt" x="-163" y="-144"/><vector name="rb" x="75" y="-1"/><vector name="head" x="-47" y="-144"/><int name="delay" value="120"/></canvas><canvas name="13" width="323" height="190"><vector name="origin" x="247" y="147"/><vector name="lt" x="-163" y="-148"/><vector name="rb" x="75" y="-1"/><vector name="head" x="-47" y="-144"/><int name="delay" value="120"/></canvas><canvas name="14" width="333" height="183"><vector name="origin" x="256" y="145"/><vector name="lt" x="-161" y="-144"/><vector name="rb" x="75" y="-1"/><vector name="head" x="-47" y="-144"/><int name="delay" value="120"/></canvas><canvas name="15" width="333" height="174"><vector name="origin" x="259" y="144"/><vector name="lt" x="-159" y="-144"/><vector name="rb" x="75" y="-1"/><vector name="head" x="-47" y="-144"/><int name="delay" value="120"/></canvas><canvas name="16" width="330" height="181"><vector name="origin" x="259" y="147"/><vector name="lt" x="-152" y="-147"/><vector name="rb" x="75" y="-1"/><vector name="head" x="-47" y="-144"/><int name="delay" value="120"/></canvas><canvas name="17" width="199" height="142"><vector name="origin" x="140" y="140"/><vector name="lt" x="-140" y="-139"/><vector name="rb" x="75" y="-1"/><vector name="head" x="-47" y="-144"/><int name="delay" value="120"/></canvas><canvas name="18" width="175" height="143"><vector name="origin" x="105" y="141"/><vector name="lt" x="-104" y="-141"/><vector name="rb" x="75" y="-1"/><vector name="head" x="-47" y="-144"/><int name="delay" value="120"/></canvas><canvas name="19" width="176" height="143"><vector name="origin" x="102" y="141"/><vector name="lt" x="-94" y="-144"/><vector name="rb" x="75" y="-1"/><vector name="head" x="-47" y="-144"/><int name="delay" value="120"/></canvas><canvas name="20" width="171" height="143"><vector name="origin" x="95" y="143"/><vector name="lt" x="-94" y="-144"/><vector name="rb" x="75" y="-1"/><vector name="head" x="-47" y="-144"/><int name="delay" value="120"/></canvas><canvas name="21" width="171" height="143"><vector name="origin" x="95" y="143"/><vector name="lt" x="-94" y="-144"/><vector name="rb" x="75" y="-1"/><vector name="head" x="-47" y="-144"/><int name="delay" value="120"/></canvas><uol name="22" value="../stand/0"/><uol name="23" value="../stand/1"/><uol name="24" value="../stand/2"/><uol name="25" value="../stand/3"/><uol name="26" value="../stand/4"/><uol name="27" value="../stand/5"/><imgdir name="speak"><int name="prob" value="50"/><string name="0" value="Is that all you have?"/></imgdir></imgdir><imgdir name="skill1"><uol name="0" value="../attack1/0"/><uol name="1" value="../attack1/1"/><uol name="2" value="../attack1/2"/><uol name="3" value="../attack1/3"/><uol name="4" value="../attack1/4"/><uol name="5" value="../attack1/5"/><uol name="6" value="../attack1/6"/><uol name="7" value="../attack1/7"/><uol name="8" value="../attack1/8"/><uol name="9" value="../attack1/8"/><uol name="10" value="../attack1/7"/><uol name="11" value="../attack1/6"/><uol name="12" value="../attack1/5"/><uol name="13" value="../attack1/4"/><uol name="14" value="../attack1/3"/><uol name="15" value="../attack1/2"/><uol name="16" value="../attack1/1"/><uol name="17" value="../attack1/0"/></imgdir><imgdir name="hit1"><canvas name="0" width="179" height="172"><vector name="origin" x="100" y="176"/><vector name="lt" x="-100" y="-176"/><vector name="rb" x="76" y="-5"/><vector name="head" x="-42" y="-161"/><int name="delay" value="600"/></canvas></imgdir><imgdir name="die1"><canvas name="0" width="179" height="172"><vector name="origin" x="100" y="176"/><vector name="head" x="-43" y="-159"/><int name="delay" value="90"/></canvas><canvas name="1" width="182" height="165"><vector name="origin" x="106" y="170"/><vector name="head" x="-43" y="-159"/><int name="delay" value="90"/></canvas><canvas name="2" width="187" height="161"><vector name="origin" x="109" y="167"/><vector name="head" x="-43" y="-159"/><int name="delay" value="90"/></canvas><canvas name="3" width="182" height="156"><vector name="origin" x="103" y="164"/><vector name="head" x="-43" y="-159"/><int name="delay" value="90"/></canvas><canvas name="4" width="186" height="153"><vector name="origin" x="103" y="160"/><vector name="head" x="-43" y="-159"/><int name="delay" value="90"/></canvas><canvas name="5" width="189" height="153"><vector name="origin" x="102" y="159"/><vector name="head" x="-43" y="-159"/><int name="delay" value="90"/></canvas><canvas name="6" width="256" height="140"><vector name="origin" x="124" y="134"/><vector name="head" x="-43" y="-159"/><int name="delay" value="90"/></canvas><canvas name="7" width="268" height="139"><vector name="origin" x="130" y="134"/><vector name="head" x="-43" y="-159"/><int name="delay" value="90"/></canvas><canvas name="8" width="270" height="139"><vector name="origin" x="129" y="134"/><vector name="head" x="-43" y="-159"/><int name="delay" value="90"/></canvas><canvas name="9" width="279" height="139"><vector name="origin" x="130" y="134"/><vector name="head" x="-43" y="-159"/><int name="delay" value="90"/></canvas><canvas name="10" width="279" height="138"><vector name="origin" x="129" y="134"/><vector name="head" x="-43" y="-159"/><int name="delay" value="90"/></canvas><canvas name="11" width="279" height="137"><vector name="origin" x="136" y="134"/><vector name="head" x="-43" y="-159"/><int name="delay" value="90"/></canvas><canvas name="12" width="175" height="135"><vector name="origin" x="84" y="134"/><vector name="head" x="-43" y="-159"/><int name="delay" value="90"/></canvas><canvas name="13" width="175" height="132"><vector name="origin" x="84" y="134"/><vector name="head" x="-43" y="-159"/><int name="delay" value="90"/><int name="a0" value="255"/><int name="a1" value="0"/></canvas><imgdir name="speak"><int name="prob" value="100"/><string name="0" value="Is my training still not enough...still?"/></imgdir></imgdir></imgdir>