<?xml version="1.0" encoding="UTF-8" standalone="yes"?><imgdir name="8120107.img"><imgdir name="info"><int name="bodyAttack" value="1"/><int name="level" value="89"/><int name="maxHP" value="25000"/><int name="maxMP" value="190"/><int name="flySpeed" value="40"/><int name="PADamage" value="400"/><int name="PDDamage" value="750"/><int name="MADamage" value="450"/><int name="MDDamage" value="480"/><int name="acc" value="180"/><int name="eva" value="28"/><int name="exp" value="2064"/><int name="undead" value="0"/><int name="pushed" value="3200"/><float name="fs" value="10.0"/><int name="summonType" value="0"/><imgdir name="skill"><imgdir name="0"><int name="skill" value="121"/><int name="action" value="1"/><int name="level" value="13"/><int name="effectAfter" value="0"/></imgdir><imgdir name="1"><int name="skill" value="126"/><int name="action" value="1"/><int name="level" value="9"/><int name="effectAfter" value="0"/></imgdir></imgdir><string name="link" value="8120106"/><int name="category" value="8"/></imgdir></imgdir>