<?xml version="1.0" encoding="UTF-8" standalone="yes"?><imgdir name="8120106.img"><imgdir name="info"><int name="bodyAttack" value="1"/><int name="level" value="89"/><int name="maxHP" value="40000"/><int name="maxMP" value="190"/><int name="flySpeed" value="40"/><int name="PADamage" value="400"/><int name="PDDamage" value="750"/><int name="MADamage" value="450"/><int name="MDDamage" value="480"/><int name="acc" value="180"/><int name="eva" value="28"/><int name="exp" value="2064"/><int name="undead" value="0"/><int name="pushed" value="3200"/><float name="fs" value="10.0"/><int name="summonType" value="0"/><imgdir name="skill"><imgdir name="0"><int name="skill" value="126"/><int name="action" value="1"/><int name="level" value="9"/><int name="effectAfter" value="0"/></imgdir></imgdir><int name="category" value="8"/></imgdir><imgdir name="fly"><canvas name="0" width="192" height="135"><vector name="origin" x="91" y="152"/><vector name="lt" x="-91" y="-152"/><vector name="rb" x="100" y="-18"/><vector name="head" x="-5" y="-122"/><int name="delay" value="120"/></canvas><canvas name="1" width="194" height="135"><vector name="origin" x="91" y="152"/><vector name="lt" x="-92" y="-152"/><vector name="rb" x="102" y="-18"/><vector name="head" x="-4" y="-123"/><int name="delay" value="120"/></canvas><canvas name="2" width="182" height="135"><vector name="origin" x="90" y="151"/><vector name="lt" x="-90" y="-151"/><vector name="rb" x="92" y="-17"/><vector name="head" x="-4" y="-122"/><int name="delay" value="120"/></canvas><canvas name="3" width="181" height="135"><vector name="origin" x="90" y="151"/><vector name="lt" x="-90" y="-151"/><vector name="rb" x="92" y="-17"/><vector name="head" x="-5" y="-121"/><int name="delay" value="120"/></canvas><canvas name="4" width="165" height="137"><vector name="origin" x="89" y="150"/><int name="z" value="0"/><int name="delay" value="120"/><vector name="lt" x="-90" y="-151"/><vector name="rb" x="76" y="-13"/><vector name="head" x="-5" y="-121"/></canvas><canvas name="5" width="170" height="137"><vector name="origin" x="89" y="150"/><int name="z" value="0"/><int name="delay" value="120"/><vector name="lt" x="-90" y="-151"/><vector name="rb" x="80" y="-14"/><vector name="head" x="-5" y="-121"/></canvas><canvas name="6" width="173" height="135"><vector name="origin" x="90" y="151"/><int name="z" value="0"/><int name="delay" value="120"/><vector name="lt" x="-90" y="-151"/><vector name="rb" x="82" y="-17"/><vector name="head" x="-5" y="-121"/></canvas><canvas name="7" width="158" height="135"><vector name="origin" x="90" y="151"/><int name="z" value="0"/><int name="delay" value="120"/><vector name="lt" x="-90" y="-151"/><vector name="rb" x="67" y="-16"/><vector name="head" x="-5" y="-121"/></canvas></imgdir><imgdir name="stand"><canvas name="0" width="159" height="143"><vector name="origin" x="95" y="138"/><vector name="lt" x="-96" y="-139"/><vector name="rb" x="64" y="4"/><vector name="head" x="-5" y="-109"/><int name="delay" value="180"/></canvas><canvas name="1" width="159" height="142"><vector name="origin" x="96" y="137"/><vector name="lt" x="-96" y="-139"/><vector name="rb" x="64" y="4"/><vector name="head" x="-5" y="-109"/><int name="delay" value="180"/></canvas><canvas name="2" width="158" height="143"><vector name="origin" x="96" y="138"/><vector name="lt" x="-96" y="-139"/><vector name="rb" x="64" y="4"/><vector name="head" x="-5" y="-109"/><int name="delay" value="180"/></canvas><canvas name="3" width="158" height="144"><vector name="origin" x="95" y="139"/><int name="z" value="0"/><int name="delay" value="180"/><vector name="lt" x="-96" y="-139"/><vector name="rb" x="64" y="4"/><vector name="head" x="-5" y="-109"/></canvas><canvas name="4" width="158" height="143"><vector name="origin" x="94" y="138"/><int name="z" value="0"/><int name="delay" value="180"/><vector name="lt" x="-96" y="-139"/><vector name="rb" x="64" y="4"/><vector name="head" x="-5" y="-109"/></canvas><canvas name="5" width="158" height="142"><vector name="origin" x="94" y="137"/><int name="z" value="0"/><int name="delay" value="180"/><vector name="lt" x="-96" y="-139"/><vector name="rb" x="64" y="4"/><vector name="head" x="-5" y="-109"/></canvas><canvas name="6" width="159" height="143"><vector name="origin" x="94" y="138"/><int name="z" value="0"/><int name="delay" value="180"/><vector name="lt" x="-96" y="-139"/><vector name="rb" x="64" y="4"/><vector name="head" x="-5" y="-109"/></canvas></imgdir><imgdir name="regen"><canvas name="0" width="133" height="131"><vector name="origin" x="77" y="127"/><int name="delay" value="180"/></canvas><canvas name="1" width="154" height="139"><vector name="origin" x="94" y="135"/><int name="delay" value="180"/></canvas><canvas name="2" width="158" height="143"><vector name="origin" x="97" y="139"/><int name="delay" value="180"/></canvas><canvas name="3" width="161" height="144"><vector name="origin" x="98" y="137"/><int name="delay" value="180"/></canvas><canvas name="4" width="161" height="146"><vector name="origin" x="100" y="139"/><int name="delay" value="180"/></canvas><canvas name="5" width="161" height="141"><vector name="origin" x="97" y="136"/><int name="z" value="0"/><int name="delay" value="180"/></canvas><canvas name="6" width="160" height="147"><vector name="origin" x="95" y="139"/><int name="z" value="0"/><int name="delay" value="180"/></canvas><canvas name="7" width="158" height="144"><vector name="origin" x="95" y="139"/><int name="z" value="0"/><int name="delay" value="180"/></canvas><canvas name="8" width="158" height="143"><vector name="origin" x="95" y="138"/><int name="z" value="0"/><int name="delay" value="180"/></canvas><canvas name="9" width="158" height="143"><vector name="origin" x="95" y="138"/><int name="z" value="0"/><int name="delay" value="180"/></canvas></imgdir><imgdir name="attack1"><imgdir name="info"><imgdir name="range"><vector name="lt" x="-221" y="-104"/><vector name="rb" x="36" y="2"/></imgdir><imgdir name="hit"><canvas name="0" width="61" height="56"><vector name="origin" x="32" y="64"/><int name="z" value="0"/><int name="delay" value="120"/></canvas><canvas name="1" width="73" height="80"><vector name="origin" x="37" y="76"/><int name="z" value="0"/><int name="delay" value="120"/></canvas><canvas name="2" width="80" height="82"><vector name="origin" x="46" y="77"/><int name="z" value="0"/><int name="delay" value="120"/></canvas><canvas name="3" width="82" height="80"><vector name="origin" x="52" y="76"/><int name="z" value="0"/><int name="delay" value="120"/></canvas><canvas name="4" width="75" height="71"><vector name="origin" x="47" y="76"/><int name="z" value="0"/><int name="delay" value="60"/></canvas><int name="attach" value="1"/></imgdir><int name="type" value="0"/><int name="attackAfter" value="800"/><int name="knockback" value="1"/><int name="PADamage" value="400"/></imgdir><canvas name="0" width="129" height="143"><vector name="origin" x="65" y="138"/><vector name="lt" x="-65" y="-138"/><vector name="rb" x="64" y="4"/><vector name="head" x="-5" y="-108"/><int name="delay" value="120"/></canvas><canvas name="1" width="124" height="143"><vector name="origin" x="56" y="138"/><vector name="lt" x="-65" y="-138"/><vector name="rb" x="64" y="4"/><vector name="head" x="-5" y="-108"/><int name="delay" value="120"/></canvas><canvas name="2" width="136" height="141"><vector name="origin" x="75" y="136"/><vector name="lt" x="-65" y="-138"/><vector name="rb" x="64" y="4"/><vector name="head" x="-5" y="-108"/><int name="delay" value="120"/></canvas><canvas name="3" width="172" height="155"><vector name="origin" x="115" y="150"/><vector name="lt" x="-65" y="-138"/><vector name="rb" x="64" y="4"/><vector name="head" x="-5" y="-108"/><int name="delay" value="120"/></canvas><canvas name="4" width="166" height="151"><vector name="origin" x="108" y="146"/><vector name="lt" x="-65" y="-138"/><vector name="rb" x="64" y="4"/><vector name="head" x="-5" y="-108"/><int name="delay" value="120"/></canvas><canvas name="5" width="166" height="151"><vector name="origin" x="108" y="146"/><vector name="lt" x="-65" y="-138"/><vector name="rb" x="64" y="4"/><vector name="head" x="-5" y="-108"/><int name="delay" value="120"/></canvas><canvas name="6" width="157" height="150"><vector name="origin" x="99" y="145"/><vector name="lt" x="-65" y="-138"/><vector name="rb" x="64" y="4"/><vector name="head" x="-5" y="-108"/><int name="delay" value="60"/></canvas><canvas name="7" width="136" height="141"><vector name="origin" x="75" y="136"/><vector name="lt" x="-65" y="-138"/><vector name="rb" x="64" y="4"/><vector name="head" x="-5" y="-108"/><int name="delay" value="60"/></canvas></imgdir><imgdir name="attack2"><imgdir name="info"><imgdir name="range"><vector name="lt" x="-277" y="-80"/><vector name="rb" x="36" y="2"/></imgdir><imgdir name="hit"><canvas name="0" width="81" height="79"><vector name="origin" x="41" y="72"/><int name="z" value="0"/><int name="delay" value="96"/></canvas><canvas name="1" width="60" height="65"><vector name="origin" x="32" y="62"/><int name="z" value="0"/><int name="delay" value="96"/></canvas><canvas name="2" width="56" height="68"><vector name="origin" x="28" y="59"/><int name="z" value="0"/><int name="delay" value="96"/></canvas><canvas name="3" width="81" height="79"><vector name="origin" x="41" y="72"/><int name="z" value="0"/><int name="delay" value="96"/></canvas><canvas name="4" width="69" height="65"><vector name="origin" x="32" y="62"/><int name="z" value="0"/><int name="delay" value="96"/></canvas><canvas name="5" width="51" height="54"><vector name="origin" x="27" y="58"/><int name="z" value="0"/><int name="delay" value="96"/></canvas><canvas name="6" width="81" height="79"><vector name="origin" x="41" y="72"/><int name="z" value="0"/><int name="delay" value="96"/></canvas><canvas name="7" width="60" height="65"><vector name="origin" x="32" y="62"/><int name="z" value="0"/><int name="delay" value="96"/></canvas><canvas name="8" width="62" height="67"><vector name="origin" x="27" y="60"/><int name="z" value="0"/><int name="delay" value="96"/></canvas><canvas name="9" width="63" height="50"><vector name="origin" x="33" y="66"/><int name="z" value="0"/><int name="delay" value="96"/></canvas><int name="attach" value="1"/></imgdir><int name="type" value="0"/><int name="attackAfter" value="640"/><int name="PADamage" value="400"/></imgdir><canvas name="0" width="129" height="143"><vector name="origin" x="65" y="138"/><vector name="lt" x="-65" y="-138"/><vector name="rb" x="64" y="4"/><vector name="head" x="-6" y="-110"/><int name="delay" value="120"/></canvas><canvas name="1" width="129" height="139"><vector name="origin" x="65" y="134"/><vector name="lt" x="-65" y="-138"/><vector name="rb" x="64" y="4"/><vector name="head" x="-5" y="-104"/><int name="delay" value="120"/></canvas><canvas name="2" width="129" height="135"><vector name="origin" x="65" y="130"/><vector name="lt" x="-65" y="-138"/><vector name="rb" x="64" y="4"/><vector name="head" x="-6" y="-100"/><int name="delay" value="120"/></canvas><canvas name="3" width="129" height="134"><vector name="origin" x="65" y="129"/><vector name="lt" x="-65" y="-138"/><vector name="rb" x="64" y="4"/><vector name="head" x="-6" y="-99"/><int name="delay" value="120"/></canvas><canvas name="4" width="129" height="132"><vector name="origin" x="65" y="127"/><vector name="lt" x="-65" y="-138"/><vector name="rb" x="64" y="4"/><vector name="head" x="-3" y="-96"/><int name="delay" value="240"/></canvas><canvas name="5" width="126" height="132"><vector name="origin" x="64" y="127"/><vector name="lt" x="-65" y="-138"/><vector name="rb" x="64" y="4"/><vector name="head" x="-6" y="-98"/><int name="delay" value="96"/></canvas><canvas name="6" width="217" height="132"><vector name="origin" x="153" y="127"/><vector name="lt" x="-65" y="-138"/><vector name="rb" x="64" y="4"/><vector name="head" x="-5" y="-97"/><int name="delay" value="96"/></canvas><canvas name="7" width="150" height="132"><vector name="origin" x="88" y="127"/><vector name="lt" x="-65" y="-138"/><vector name="rb" x="64" y="4"/><vector name="head" x="-6" y="-96"/><int name="delay" value="96"/></canvas><canvas name="8" width="207" height="132"><vector name="origin" x="143" y="127"/><vector name="lt" x="-65" y="-138"/><vector name="rb" x="64" y="4"/><vector name="head" x="-6" y="-98"/><int name="delay" value="96"/></canvas><canvas name="9" width="151" height="132"><vector name="origin" x="89" y="127"/><vector name="lt" x="-65" y="-138"/><vector name="rb" x="64" y="4"/><vector name="head" x="-7" y="-97"/><int name="delay" value="96"/></canvas><canvas name="10" width="207" height="132"><vector name="origin" x="143" y="127"/><vector name="lt" x="-65" y="-138"/><vector name="rb" x="64" y="4"/><vector name="head" x="-4" y="-98"/><int name="delay" value="96"/></canvas><canvas name="11" width="157" height="132"><vector name="origin" x="88" y="127"/><vector name="lt" x="-65" y="-138"/><vector name="rb" x="64" y="4"/><vector name="head" x="-5" y="-96"/><int name="delay" value="96"/></canvas><canvas name="12" width="228" height="132"><vector name="origin" x="153" y="127"/><int name="z" value="0"/><int name="delay" value="96"/><vector name="lt" x="-65" y="-138"/><vector name="rb" x="64" y="4"/><vector name="head" x="-6" y="-110"/></canvas><canvas name="13" width="168" height="132"><vector name="origin" x="89" y="127"/><int name="z" value="0"/><int name="delay" value="96"/><vector name="lt" x="-65" y="-138"/><vector name="rb" x="64" y="4"/><vector name="head" x="-6" y="-100"/></canvas><canvas name="14" width="227" height="132"><vector name="origin" x="143" y="127"/><int name="z" value="0"/><int name="delay" value="96"/><vector name="lt" x="-65" y="-138"/><vector name="rb" x="64" y="4"/><vector name="head" x="-4" y="-96"/></canvas><canvas name="15" width="169" height="132"><vector name="origin" x="88" y="127"/><int name="z" value="0"/><int name="delay" value="96"/><vector name="lt" x="-65" y="-138"/><vector name="rb" x="64" y="4"/><vector name="head" x="-7" y="-96"/></canvas></imgdir><imgdir name="attack3"><imgdir name="info"><imgdir name="range"><vector name="lt" x="-631" y="-93"/><vector name="rb" x="57" y="0"/></imgdir><imgdir name="hit"><canvas name="0" width="115" height="91"><vector name="origin" x="59" y="88"/><int name="z" value="0"/><int name="delay" value="0"/></canvas><canvas name="1" width="168" height="101"><vector name="origin" x="78" y="97"/><int name="z" value="0"/><int name="delay" value="0"/></canvas><canvas name="2" width="171" height="107"><vector name="origin" x="80" y="103"/><int name="z" value="0"/><int name="delay" value="0"/></canvas><canvas name="3" width="180" height="93"><vector name="origin" x="85" y="90"/><int name="z" value="0"/><int name="delay" value="0"/></canvas><canvas name="4" width="125" height="98"><vector name="origin" x="67" y="92"/><int name="z" value="0"/><int name="delay" value="0"/></canvas><canvas name="5" width="100" height="46"><vector name="origin" x="53" y="44"/><int name="z" value="0"/><int name="delay" value="0"/></canvas><canvas name="6" width="96" height="28"><vector name="origin" x="51" y="26"/><int name="z" value="0"/><int name="delay" value="0"/></canvas><int name="attach" value="1"/></imgdir><int name="type" value="0"/><int name="conMP" value="10"/><int name="magic" value="1"/><int name="attackAfter" value="700"/><int name="MADamage" value="450"/></imgdir><canvas name="0" width="129" height="143"><vector name="origin" x="65" y="138"/><vector name="lt" x="-65" y="-138"/><vector name="rb" x="64" y="4"/><vector name="head" x="-4" y="-108"/><int name="delay" value="0"/></canvas><canvas name="1" width="139" height="132"><vector name="origin" x="74" y="126"/><vector name="lt" x="-65" y="-138"/><vector name="rb" x="64" y="4"/><vector name="head" x="-3" y="-96"/><int name="delay" value="0"/></canvas><canvas name="2" width="225" height="132"><vector name="origin" x="157" y="126"/><vector name="lt" x="-65" y="-138"/><vector name="rb" x="64" y="4"/><vector name="head" x="0" y="-96"/><int name="delay" value="0"/></canvas><canvas name="3" width="533" height="132"><vector name="origin" x="464" y="126"/><vector name="lt" x="-65" y="-138"/><vector name="rb" x="64" y="4"/><vector name="head" x="-1" y="-94"/><int name="delay" value="0"/></canvas><canvas name="4" width="534" height="131"><vector name="origin" x="467" y="126"/><vector name="lt" x="-65" y="-138"/><vector name="rb" x="64" y="4"/><vector name="head" x="-2" y="-95"/><int name="delay" value="0"/></canvas><canvas name="5" width="533" height="132"><vector name="origin" x="464" y="126"/><vector name="lt" x="-65" y="-138"/><vector name="rb" x="64" y="4"/><vector name="head" x="1" y="-96"/><int name="delay" value="0"/></canvas><canvas name="6" width="535" height="132"><vector name="origin" x="468" y="126"/><vector name="lt" x="-65" y="-138"/><vector name="rb" x="64" y="4"/><vector name="head" x="-3" y="-97"/><int name="delay" value="0"/></canvas><canvas name="7" width="533" height="132"><vector name="origin" x="464" y="126"/><vector name="lt" x="-65" y="-138"/><vector name="rb" x="64" y="4"/><vector name="head" x="-1" y="-95"/><int name="delay" value="0"/></canvas><canvas name="8" width="526" height="131"><vector name="origin" x="459" y="126"/><vector name="lt" x="-65" y="-138"/><vector name="rb" x="64" y="4"/><vector name="head" x="-1" y="-96"/><int name="delay" value="0"/></canvas><canvas name="9" width="533" height="132"><vector name="origin" x="464" y="126"/><vector name="lt" x="-65" y="-138"/><vector name="rb" x="64" y="4"/><vector name="head" x="0" y="-96"/><int name="delay" value="0"/></canvas><canvas name="10" width="524" height="131"><vector name="origin" x="459" y="126"/><vector name="lt" x="-65" y="-138"/><vector name="rb" x="64" y="4"/><vector name="head" x="-3" y="-96"/><int name="delay" value="0"/></canvas><canvas name="11" width="465" height="131"><vector name="origin" x="401" y="126"/><vector name="lt" x="-65" y="-138"/><vector name="rb" x="64" y="4"/><vector name="head" x="-4" y="-97"/><int name="delay" value="0"/></canvas><canvas name="12" width="418" height="131"><vector name="origin" x="353" y="126"/><int name="z" value="0"/><int name="delay" value="0"/><vector name="lt" x="-65" y="-138"/><vector name="rb" x="64" y="4"/><vector name="head" x="-4" y="-97"/></canvas><canvas name="13" width="129" height="131"><vector name="origin" x="63" y="126"/><int name="z" value="0"/><int name="delay" value="92"/><vector name="lt" x="-65" y="-138"/><vector name="rb" x="64" y="4"/><vector name="head" x="-4" y="-97"/></canvas><canvas name="14" width="130" height="131"><vector name="origin" x="65" y="126"/><int name="z" value="0"/><int name="delay" value="0"/><vector name="lt" x="-65" y="-138"/><vector name="rb" x="64" y="4"/><vector name="head" x="-4" y="-97"/></canvas><canvas name="15" width="129" height="132"><vector name="origin" x="65" y="127"/><int name="z" value="0"/><int name="delay" value="92"/><vector name="lt" x="-65" y="-138"/><vector name="rb" x="64" y="4"/><vector name="head" x="-4" y="-97"/></canvas><canvas name="16" width="129" height="134"><vector name="origin" x="65" y="129"/><int name="z" value="0"/><int name="delay" value="92"/><vector name="lt" x="-65" y="-138"/><vector name="rb" x="64" y="4"/><vector name="head" x="-4" y="-97"/></canvas><canvas name="17" width="129" height="139"><vector name="origin" x="65" y="134"/><int name="z" value="0"/><int name="delay" value="92"/><vector name="lt" x="-65" y="-138"/><vector name="rb" x="64" y="4"/><vector name="head" x="-4" y="-97"/></canvas></imgdir><imgdir name="attack4"><imgdir name="info"><imgdir name="range"><vector name="lt" x="-404" y="-98"/><vector name="rb" x="57" y="0"/></imgdir><imgdir name="hit"><canvas name="0" width="82" height="88"><vector name="origin" x="42" y="85"/><int name="z" value="0"/><int name="delay" value="120"/></canvas><canvas name="1" width="89" height="88"><vector name="origin" x="46" y="84"/><int name="z" value="0"/><int name="delay" value="120"/></canvas><canvas name="2" width="98" height="86"><vector name="origin" x="51" y="80"/><int name="z" value="0"/><int name="delay" value="120"/></canvas><canvas name="3" width="104" height="90"><vector name="origin" x="54" y="82"/><int name="z" value="0"/><int name="delay" value="120"/></canvas><canvas name="4" width="106" height="90"><vector name="origin" x="55" y="82"/><int name="z" value="0"/><int name="delay" value="120"/></canvas><canvas name="5" width="104" height="91"><vector name="origin" x="54" y="81"/><int name="z" value="0"/><int name="delay" value="120"/></canvas><int name="attach" value="1"/></imgdir><int name="type" value="0"/><int name="attackAfter" value="640"/><int name="conMP" value="10"/><int name="magic" value="1"/><int name="MADamage" value="450"/></imgdir><canvas name="0" width="129" height="143"><vector name="origin" x="65" y="138"/><vector name="lt" x="-65" y="-138"/><vector name="rb" x="64" y="4"/><vector name="head" x="-5" y="-109"/><int name="delay" value="120"/></canvas><canvas name="1" width="130" height="132"><vector name="origin" x="65" y="126"/><vector name="lt" x="-65" y="-138"/><vector name="rb" x="64" y="4"/><vector name="head" x="-4" y="-97"/><int name="delay" value="120"/></canvas><canvas name="2" width="180" height="132"><vector name="origin" x="79" y="126"/><vector name="lt" x="-65" y="-138"/><vector name="rb" x="64" y="4"/><vector name="head" x="0" y="-96"/><int name="delay" value="120"/></canvas><canvas name="3" width="243" height="134"><vector name="origin" x="106" y="128"/><vector name="lt" x="-65" y="-138"/><vector name="rb" x="64" y="4"/><vector name="head" x="0" y="-95"/><int name="delay" value="120"/></canvas><canvas name="4" width="288" height="137"><vector name="origin" x="116" y="132"/><vector name="lt" x="-65" y="-138"/><vector name="rb" x="64" y="4"/><vector name="head" x="-1" y="-96"/><int name="delay" value="120"/></canvas><canvas name="5" width="316" height="142"><vector name="origin" x="134" y="136"/><vector name="lt" x="-65" y="-138"/><vector name="rb" x="64" y="4"/><vector name="head" x="0" y="-97"/><int name="delay" value="120"/></canvas><canvas name="6" width="323" height="143"><vector name="origin" x="145" y="138"/><vector name="lt" x="-65" y="-138"/><vector name="rb" x="64" y="4"/><vector name="head" x="-3" y="-98"/><int name="delay" value="120"/></canvas><canvas name="7" width="324" height="145"><vector name="origin" x="153" y="139"/><vector name="lt" x="-65" y="-138"/><vector name="rb" x="64" y="4"/><vector name="head" x="-9" y="-99"/><int name="delay" value="120"/></canvas><canvas name="8" width="332" height="144"><vector name="origin" x="163" y="139"/><vector name="lt" x="-65" y="-138"/><vector name="rb" x="64" y="4"/><vector name="head" x="-10" y="-96"/><int name="delay" value="120"/></canvas><canvas name="9" width="262" height="145"><vector name="origin" x="173" y="139"/><vector name="lt" x="-65" y="-138"/><vector name="rb" x="64" y="4"/><vector name="head" x="0" y="-97"/><int name="delay" value="120"/></canvas><canvas name="10" width="267" height="144"><vector name="origin" x="183" y="139"/><vector name="lt" x="-65" y="-138"/><vector name="rb" x="64" y="4"/><vector name="head" x="-4" y="-96"/><int name="delay" value="120"/></canvas><canvas name="11" width="252" height="143"><vector name="origin" x="188" y="138"/><vector name="lt" x="-65" y="-138"/><vector name="rb" x="64" y="4"/><vector name="head" x="-2" y="-94"/><int name="delay" value="120"/></canvas><canvas name="12" width="255" height="141"><vector name="origin" x="190" y="136"/><int name="z" value="0"/><int name="delay" value="120"/><vector name="lt" x="-65" y="-138"/><vector name="rb" x="64" y="4"/><vector name="head" x="-2" y="-94"/></canvas><canvas name="13" width="254" height="138"><vector name="origin" x="190" y="133"/><int name="z" value="0"/><int name="delay" value="120"/><vector name="lt" x="-65" y="-138"/><vector name="rb" x="64" y="4"/><vector name="head" x="-2" y="-94"/></canvas><canvas name="14" width="129" height="139"><vector name="origin" x="65" y="134"/><int name="z" value="0"/><int name="delay" value="120"/><vector name="lt" x="-65" y="-138"/><vector name="rb" x="64" y="4"/><vector name="head" x="-5" y="-103"/></canvas></imgdir><imgdir name="skill1"><canvas name="0" width="129" height="143"><vector name="origin" x="65" y="138"/><vector name="lt" x="-65" y="-138"/><vector name="rb" x="64" y="4"/><vector name="head" x="-5" y="-109"/><int name="delay" value="120"/></canvas><canvas name="1" width="130" height="132"><vector name="origin" x="65" y="126"/><vector name="lt" x="-65" y="-138"/><vector name="rb" x="64" y="4"/><vector name="head" x="-4" y="-97"/><int name="delay" value="120"/></canvas><canvas name="2" width="180" height="132"><vector name="origin" x="79" y="126"/><vector name="lt" x="-65" y="-138"/><vector name="rb" x="64" y="4"/><vector name="head" x="0" y="-96"/><int name="delay" value="120"/></canvas><canvas name="3" width="243" height="134"><vector name="origin" x="106" y="128"/><vector name="lt" x="-65" y="-138"/><vector name="rb" x="64" y="4"/><vector name="head" x="0" y="-95"/><int name="delay" value="120"/></canvas><canvas name="4" width="288" height="137"><vector name="origin" x="116" y="132"/><vector name="lt" x="-65" y="-138"/><vector name="rb" x="64" y="4"/><vector name="head" x="-1" y="-96"/><int name="delay" value="120"/></canvas><canvas name="5" width="316" height="142"><vector name="origin" x="134" y="136"/><vector name="lt" x="-65" y="-138"/><vector name="rb" x="64" y="4"/><vector name="head" x="0" y="-97"/><int name="delay" value="120"/></canvas><canvas name="6" width="323" height="143"><vector name="origin" x="145" y="138"/><vector name="lt" x="-65" y="-138"/><vector name="rb" x="64" y="4"/><vector name="head" x="-3" y="-98"/><int name="delay" value="120"/></canvas><canvas name="7" width="324" height="145"><vector name="origin" x="153" y="139"/><vector name="lt" x="-65" y="-138"/><vector name="rb" x="64" y="4"/><vector name="head" x="-9" y="-99"/><int name="delay" value="120"/></canvas><canvas name="8" width="332" height="144"><vector name="origin" x="163" y="139"/><vector name="lt" x="-65" y="-138"/><vector name="rb" x="64" y="4"/><vector name="head" x="-10" y="-96"/><int name="delay" value="120"/></canvas><canvas name="9" width="262" height="145"><vector name="origin" x="173" y="139"/><vector name="lt" x="-65" y="-138"/><vector name="rb" x="64" y="4"/><vector name="head" x="0" y="-97"/><int name="delay" value="120"/></canvas><canvas name="10" width="267" height="144"><vector name="origin" x="183" y="139"/><vector name="lt" x="-65" y="-138"/><vector name="rb" x="64" y="4"/><vector name="head" x="-4" y="-96"/><int name="delay" value="120"/></canvas><canvas name="11" width="252" height="143"><vector name="origin" x="188" y="138"/><vector name="lt" x="-65" y="-138"/><vector name="rb" x="64" y="4"/><vector name="head" x="-2" y="-94"/><int name="delay" value="120"/></canvas><canvas name="12" width="255" height="141"><vector name="origin" x="190" y="136"/><int name="z" value="0"/><int name="delay" value="120"/><vector name="lt" x="-65" y="-138"/><vector name="rb" x="64" y="4"/><vector name="head" x="-2" y="-94"/></canvas><canvas name="13" width="254" height="138"><vector name="origin" x="190" y="133"/><int name="z" value="0"/><int name="delay" value="120"/><vector name="lt" x="-65" y="-138"/><vector name="rb" x="64" y="4"/><vector name="head" x="-2" y="-94"/></canvas><canvas name="14" width="129" height="139"><vector name="origin" x="65" y="134"/><int name="z" value="0"/><int name="delay" value="120"/><vector name="lt" x="-65" y="-138"/><vector name="rb" x="64" y="4"/><vector name="head" x="-5" y="-103"/></canvas></imgdir><imgdir name="hit1"><canvas name="0" width="170" height="140"><vector name="origin" x="82" y="144"/><vector name="lt" x="-8" y="-114"/><vector name="rb" x="58" y="-13"/><vector name="head" x="9" y="-118"/><int name="delay" value="600"/></canvas></imgdir><imgdir name="die1"><canvas name="0" width="159" height="143"><vector name="origin" x="95" y="138"/><vector name="head" x="-5" y="-109"/><int name="delay" value="150"/></canvas><canvas name="1" width="170" height="140"><vector name="origin" x="82" y="144"/><vector name="head" x="-5" y="-109"/><int name="delay" value="150"/></canvas><canvas name="2" width="176" height="140"><vector name="origin" x="84" y="144"/><vector name="head" x="-5" y="-109"/><int name="delay" value="150"/></canvas><canvas name="3" width="172" height="144"><vector name="origin" x="87" y="143"/><vector name="head" x="4" y="-104"/><int name="delay" value="150"/></canvas><canvas name="4" width="175" height="150"><vector name="origin" x="79" y="140"/><vector name="head" x="5" y="-100"/><int name="delay" value="150"/></canvas><canvas name="5" width="177" height="139"><vector name="origin" x="79" y="136"/><vector name="head" x="6" y="-92"/><int name="delay" value="150"/></canvas><canvas name="6" width="60" height="223"><vector name="origin" x="9" y="188"/><vector name="head" x="15" y="-87"/><int name="delay" value="150"/></canvas><canvas name="7" width="31" height="180"><vector name="origin" x="-6" y="169"/><int name="delay" value="150"/><vector name="head" x="15" y="-87"/></canvas><canvas name="8" width="5" height="189"><vector name="origin" x="-19" y="169"/><int name="z" value="0"/><int name="delay" value="150"/><vector name="head" x="15" y="-87"/></canvas></imgdir></imgdir>