<?xml version="1.0" encoding="UTF-8" standalone="yes"?><imgdir name="8140555.img"><imgdir name="info"><int name="bodyAttack" value="1"/><int name="level" value="90"/><int name="maxHP" value="40500"/><int name="maxMP" value="190"/><int name="speed" value="0"/><int name="PADamage" value="410"/><int name="PDDamage" value="840"/><int name="MADamage" value="450"/><int name="MDDamage" value="530"/><int name="acc" value="196"/><int name="eva" value="35"/><int name="exp" value="0"/><int name="undead" value="0"/><int name="pushed" value="4000"/><float name="fs" value="10.0"/><int name="summonType" value="1"/><string name="elemAttr" value="F2I2L2S2"/><int name="noFlip" value="1"/><imgdir name="revive"><int name="0" value="7130020"/><int name="1" value="7130020"/><int name="2" value="7130020"/><int name="3" value="7130020"/><int name="4" value="7130020"/><int name="5" value="7130020"/></imgdir><imgdir name="skill"><imgdir name="0"><int name="skill" value="140"/><int name="action" value="1"/><int name="level" value="4"/><int name="effectAfter" value="0"/></imgdir></imgdir><int name="mbookID" value="7130020"/><int name="category" value="8"/></imgdir><imgdir name="stand"><canvas name="0" width="139" height="121"><vector name="origin" x="78" y="120"/><vector name="lt" x="-63" y="-64"/><vector name="rb" x="53" y="0"/><vector name="head" x="1" y="-102"/><int name="delay" value="150"/></canvas><canvas name="1" width="139" height="121"><vector name="origin" x="78" y="120"/><vector name="lt" x="-63" y="-64"/><vector name="rb" x="53" y="0"/><vector name="head" x="1" y="-102"/><int name="delay" value="130"/></canvas><canvas name="2" width="139" height="121"><vector name="origin" x="78" y="120"/><vector name="lt" x="-63" y="-64"/><vector name="rb" x="53" y="0"/><vector name="head" x="1" y="-102"/><int name="delay" value="130"/></canvas><canvas name="3" width="139" height="121"><vector name="origin" x="78" y="120"/><vector name="lt" x="-63" y="-64"/><vector name="rb" x="53" y="0"/><vector name="head" x="1" y="-102"/><int name="delay" value="130"/></canvas><canvas name="4" width="139" height="121"><vector name="origin" x="78" y="120"/><vector name="lt" x="-63" y="-64"/><vector name="rb" x="53" y="0"/><vector name="head" x="1" y="-102"/><int name="delay" value="130"/></canvas><canvas name="5" width="139" height="121"><vector name="origin" x="78" y="120"/><vector name="lt" x="-63" y="-64"/><vector name="rb" x="53" y="0"/><vector name="head" x="1" y="-102"/><int name="delay" value="130"/></canvas></imgdir><imgdir name="attack1"><imgdir name="info"><imgdir name="range"><vector name="lt" x="-280" y="-142"/><vector name="rb" x="280" y="0"/></imgdir><imgdir name="hit"><canvas name="0" width="76" height="106"><vector name="origin" x="41" y="59"/></canvas><canvas name="1" width="105" height="118"><vector name="origin" x="60" y="67"/></canvas><canvas name="2" width="79" height="97"><vector name="origin" x="39" y="49"/></canvas></imgdir><int name="type" value="0"/><int name="attackAfter" value="770"/><int name="PADamage" value="500"/></imgdir><canvas name="0" width="154" height="154"><vector name="origin" x="78" y="153"/><vector name="lt" x="-64" y="-64"/><vector name="rb" x="54" y="0"/><vector name="head" x="1" y="-102"/><int name="delay" value="110"/></canvas><canvas name="1" width="148" height="150"><vector name="origin" x="78" y="149"/><vector name="lt" x="-64" y="-64"/><vector name="rb" x="54" y="0"/><vector name="head" x="1" y="-102"/><int name="delay" value="110"/></canvas><canvas name="2" width="139" height="147"><vector name="origin" x="78" y="142"/><vector name="lt" x="-64" y="-64"/><vector name="rb" x="54" y="0"/><vector name="head" x="1" y="-102"/><int name="delay" value="110"/></canvas><canvas name="3" width="139" height="140"><vector name="origin" x="78" y="134"/><vector name="lt" x="-64" y="-64"/><vector name="rb" x="54" y="0"/><vector name="head" x="1" y="-102"/><int name="delay" value="110"/></canvas><canvas name="4" width="139" height="133"><vector name="origin" x="78" y="128"/><vector name="lt" x="-64" y="-64"/><vector name="rb" x="54" y="0"/><vector name="head" x="1" y="-102"/><int name="delay" value="110"/></canvas><canvas name="5" width="145" height="124"><vector name="origin" x="78" y="123"/><vector name="lt" x="-73" y="-64"/><vector name="rb" x="65" y="0"/><vector name="head" x="1" y="-102"/><int name="delay" value="110"/></canvas><canvas name="6" width="145" height="143"><vector name="origin" x="78" y="142"/><vector name="lt" x="-73" y="-64"/><vector name="rb" x="65" y="0"/><vector name="head" x="1" y="-102"/><int name="delay" value="110"/></canvas><canvas name="7" width="149" height="151"><vector name="origin" x="78" y="150"/><vector name="lt" x="-73" y="-64"/><vector name="rb" x="65" y="0"/><vector name="head" x="1" y="-102"/><int name="delay" value="110"/></canvas><canvas name="8" width="145" height="127"><vector name="origin" x="78" y="126"/><vector name="lt" x="-73" y="-64"/><vector name="rb" x="65" y="0"/><vector name="head" x="1" y="-102"/><int name="delay" value="110"/></canvas><canvas name="9" width="145" height="127"><vector name="origin" x="78" y="126"/><vector name="lt" x="-73" y="-64"/><vector name="rb" x="65" y="0"/><vector name="head" x="1" y="-102"/><int name="delay" value="110"/></canvas><canvas name="10" width="145" height="127"><vector name="origin" x="78" y="126"/><vector name="lt" x="-73" y="-64"/><vector name="rb" x="65" y="0"/><vector name="head" x="1" y="-102"/><int name="delay" value="110"/></canvas><canvas name="11" width="142" height="126"><vector name="origin" x="78" y="125"/><vector name="lt" x="-64" y="-64"/><vector name="rb" x="62" y="0"/><vector name="head" x="1" y="-102"/><int name="delay" value="110"/></canvas><canvas name="12" width="139" height="125"><vector name="origin" x="78" y="124"/><vector name="lt" x="-64" y="-64"/><vector name="rb" x="54" y="0"/><vector name="head" x="1" y="-102"/><int name="delay" value="110"/></canvas><canvas name="13" width="139" height="121"><vector name="origin" x="78" y="120"/><vector name="lt" x="-64" y="-64"/><vector name="rb" x="54" y="0"/><vector name="head" x="1" y="-102"/><int name="delay" value="110"/></canvas><uol name="14" value="../stand/0"/><uol name="15" value="../stand/1"/><uol name="16" value="../stand/2"/><uol name="17" value="../stand/3"/><uol name="18" value="../stand/4"/><uol name="19" value="../stand/5"/></imgdir><imgdir name="skill1"><canvas name="0" width="146" height="121"><vector name="origin" x="78" y="120"/><vector name="lt" x="-64" y="-64"/><vector name="rb" x="54" y="0"/><vector name="head" x="1" y="-102"/><int name="delay" value="150"/></canvas><canvas name="1" width="147" height="121"><vector name="origin" x="78" y="120"/><vector name="lt" x="-64" y="-64"/><vector name="rb" x="65" y="0"/><vector name="head" x="1" y="-102"/><int name="delay" value="150"/></canvas><canvas name="2" width="148" height="125"><vector name="origin" x="78" y="124"/><vector name="lt" x="-64" y="-64"/><vector name="rb" x="67" y="0"/><vector name="head" x="1" y="-102"/><int name="delay" value="150"/></canvas><canvas name="3" width="147" height="127"><vector name="origin" x="78" y="126"/><vector name="lt" x="-64" y="-64"/><vector name="rb" x="64" y="0"/><vector name="head" x="1" y="-102"/><int name="delay" value="150"/></canvas><canvas name="4" width="147" height="129"><vector name="origin" x="78" y="128"/><vector name="lt" x="-64" y="-64"/><vector name="rb" x="65" y="0"/><vector name="head" x="1" y="-102"/><int name="delay" value="150"/></canvas><canvas name="5" width="146" height="121"><vector name="origin" x="78" y="120"/><vector name="lt" x="-64" y="-64"/><vector name="rb" x="63" y="0"/><vector name="head" x="1" y="-102"/><int name="delay" value="150"/></canvas><canvas name="6" width="145" height="121"><vector name="origin" x="78" y="120"/><vector name="lt" x="-69" y="-64"/><vector name="rb" x="63" y="0"/><vector name="head" x="1" y="-102"/><int name="delay" value="150"/></canvas><canvas name="7" width="147" height="121"><vector name="origin" x="78" y="120"/><vector name="lt" x="-64" y="-64"/><vector name="rb" x="62" y="0"/><vector name="head" x="1" y="-102"/><int name="delay" value="150"/></canvas><canvas name="8" width="146" height="121"><vector name="origin" x="78" y="120"/><vector name="lt" x="-64" y="-64"/><vector name="rb" x="54" y="0"/><vector name="head" x="1" y="-102"/><int name="delay" value="150"/></canvas><canvas name="9" width="139" height="121"><vector name="origin" x="78" y="120"/><vector name="lt" x="-64" y="-64"/><vector name="rb" x="54" y="0"/><vector name="head" x="1" y="-102"/><int name="delay" value="150"/></canvas></imgdir><imgdir name="hit1"><canvas name="0" width="139" height="125"><vector name="origin" x="78" y="124"/><vector name="lt" x="-64" y="-63"/><vector name="rb" x="58" y="0"/><vector name="head" x="12" y="-104"/><int name="delay" value="600"/></canvas></imgdir><imgdir name="die1"><canvas name="0" width="139" height="126"><vector name="origin" x="78" y="124"/><vector name="head" x="12" y="-104"/><int name="delay" value="130"/></canvas><canvas name="1" width="139" height="125"><vector name="origin" x="78" y="124"/><vector name="head" x="12" y="-104"/><int name="delay" value="130"/></canvas><canvas name="2" width="153" height="138"><vector name="origin" x="83" y="124"/><vector name="head" x="12" y="-104"/><int name="delay" value="130"/></canvas><canvas name="3" width="200" height="148"><vector name="origin" x="99" y="130"/><vector name="head" x="12" y="-104"/><int name="delay" value="130"/></canvas><canvas name="4" width="232" height="163"><vector name="origin" x="119" y="141"/><vector name="head" x="12" y="-104"/><int name="delay" value="130"/></canvas><canvas name="5" width="166" height="159"><vector name="origin" x="84" y="140"/><vector name="head" x="12" y="-104"/><int name="delay" value="90"/></canvas><canvas name="6" width="184" height="155"><vector name="origin" x="90" y="135"/><vector name="head" x="12" y="-104"/><int name="delay" value="90"/></canvas><canvas name="7" width="204" height="179"><vector name="origin" x="99" y="145"/><vector name="head" x="12" y="-104"/><int name="delay" value="90"/></canvas><canvas name="8" width="243" height="216"><vector name="head" x="12" y="-104"/><vector name="origin" x="135" y="170"/><int name="delay" value="90"/></canvas></imgdir></imgdir>