<?xml version="1.0" encoding="UTF-8" standalone="yes"?><imgdir name="8140001.img"><imgdir name="info"><int name="bodyAttack" value="1"/><int name="level" value="80"/><int name="maxHP" value="27000"/><int name="maxMP" value="300"/><int name="speed" value="-10"/><int name="PADamage" value="350"/><int name="PDDamage" value="650"/><int name="MADamage" value="410"/><int name="MDDamage" value="450"/><int name="acc" value="140"/><int name="eva" value="28"/><int name="exp" value="850"/><int name="undead" value="0"/><int name="pushed" value="2800"/><float name="fs" value="10.0"/><int name="summonType" value="1"/><string name="elemAttr" value="S3"/><int name="category" value="1"/></imgdir><imgdir name="move"><canvas name="0" width="66" height="92"><vector name="origin" x="32" y="94"/><vector name="lt" x="-32" y="-92"/><vector name="rb" x="14" y="-29"/><vector name="head" x="0" y="-90"/><int name="delay" value="130"/></canvas><canvas name="1" width="66" height="91"><vector name="origin" x="32" y="93"/><vector name="lt" x="-33" y="-91"/><vector name="rb" x="16" y="-28"/><vector name="head" x="0" y="-90"/><int name="delay" value="130"/></canvas><canvas name="2" width="66" height="91"><vector name="origin" x="32" y="92"/><vector name="lt" x="-32" y="-90"/><vector name="rb" x="15" y="-28"/><vector name="head" x="0" y="-88"/><int name="delay" value="130"/></canvas><canvas name="3" width="66" height="91"><vector name="origin" x="32" y="91"/><vector name="lt" x="-33" y="-89"/><vector name="rb" x="16" y="-27"/><vector name="head" x="0" y="-87"/><int name="delay" value="130"/></canvas><canvas name="4" width="66" height="92"><vector name="origin" x="32" y="92"/><vector name="lt" x="-33" y="-91"/><vector name="rb" x="16" y="-28"/><vector name="head" x="0" y="-89"/><int name="delay" value="150"/></canvas><canvas name="5" width="66" height="92"><vector name="origin" x="32" y="93"/><vector name="lt" x="-32" y="-81"/><vector name="rb" x="17" y="-28"/><vector name="head" x="-2" y="-90"/><int name="delay" value="130"/></canvas></imgdir><imgdir name="stand"><canvas name="0" width="64" height="92"><vector name="origin" x="30" y="96"/><vector name="lt" x="-31" y="-94"/><vector name="rb" x="19" y="-28"/><vector name="head" x="0" y="-90"/><int name="delay" value="130"/></canvas><canvas name="1" width="64" height="92"><vector name="origin" x="30" y="95"/><vector name="lt" x="-31" y="-93"/><vector name="rb" x="16" y="-29"/><vector name="head" x="0" y="-90"/><int name="delay" value="130"/></canvas><canvas name="2" width="64" height="92"><vector name="origin" x="30" y="94"/><vector name="lt" x="-31" y="-91"/><vector name="rb" x="20" y="-27"/><vector name="head" x="0" y="-90"/><int name="delay" value="130"/></canvas><canvas name="3" width="64" height="94"><vector name="origin" x="30" y="95"/><vector name="lt" x="-31" y="-93"/><vector name="rb" x="17" y="-27"/><vector name="head" x="0" y="-90"/><int name="delay" value="130"/></canvas><canvas name="4" width="64" height="94"><vector name="origin" x="30" y="96"/><vector name="lt" x="-30" y="-94"/><vector name="rb" x="20" y="-27"/><vector name="head" x="0" y="-91"/><int name="delay" value="130"/></canvas><canvas name="5" width="64" height="94"><vector name="origin" x="30" y="97"/><vector name="lt" x="-31" y="-96"/><vector name="rb" x="15" y="-29"/><vector name="head" x="0" y="-90"/><int name="delay" value="130"/></canvas></imgdir><imgdir name="attack1"><imgdir name="info"><imgdir name="range"><vector name="sp" x="-32" y="-51"/><int name="r" value="290"/></imgdir><imgdir name="hit"><canvas name="0" width="42" height="49"><vector name="origin" x="42" y="81"/><int name="z" value="0"/><int name="delay" value="130"/></canvas><canvas name="1" width="80" height="63"><vector name="origin" x="55" y="84"/><int name="z" value="0"/><int name="delay" value="130"/></canvas><canvas name="2" width="67" height="71"><vector name="origin" x="35" y="75"/><int name="z" value="0"/><int name="delay" value="130"/></canvas><canvas name="3" width="59" height="59"><vector name="origin" x="46" y="57"/><int name="z" value="0"/><int name="delay" value="130"/></canvas><int name="attach" value="1"/></imgdir><int name="type" value="1"/><int name="disease" value="121"/><int name="level" value="2"/><int name="conMP" value="1"/><int name="attackAfter" value="650"/></imgdir><canvas name="0" width="64" height="93"><vector name="origin" x="30" y="96"/><vector name="lt" x="-33" y="-93"/><vector name="rb" x="12" y="-28"/><vector name="head" x="-3" y="-89"/><int name="delay" value="130"/></canvas><canvas name="1" width="65" height="91"><vector name="origin" x="31" y="94"/><vector name="lt" x="-33" y="-91"/><vector name="rb" x="13" y="-29"/><vector name="head" x="-3" y="-88"/><int name="delay" value="130"/></canvas><canvas name="2" width="92" height="89"><vector name="origin" x="58" y="91"/><vector name="lt" x="-32" y="-88"/><vector name="rb" x="14" y="-29"/><vector name="head" x="-5" y="-84"/><int name="delay" value="130"/></canvas><canvas name="3" width="91" height="89"><vector name="origin" x="57" y="91"/><vector name="lt" x="-32" y="-86"/><vector name="rb" x="14" y="-27"/><vector name="head" x="-5" y="-83"/><int name="delay" value="120"/></canvas><canvas name="4" width="95" height="90"><vector name="origin" x="61" y="90"/><vector name="lt" x="-32" y="-87"/><vector name="rb" x="12" y="-27"/><vector name="head" x="-4" y="-85"/><int name="delay" value="120"/></canvas><canvas name="5" width="100" height="90"><vector name="origin" x="66" y="91"/><vector name="lt" x="-32" y="-89"/><vector name="rb" x="12" y="-28"/><vector name="head" x="-4" y="-86"/><int name="delay" value="250"/></canvas><canvas name="6" width="95" height="89"><vector name="origin" x="61" y="92"/><vector name="lt" x="-32" y="-89"/><vector name="rb" x="9" y="-27"/><vector name="head" x="-4" y="-87"/><int name="delay" value="130"/></canvas><canvas name="7" width="95" height="88"><vector name="origin" x="61" y="91"/><vector name="lt" x="-32" y="-89"/><vector name="rb" x="13" y="-27"/><vector name="head" x="-3" y="-86"/><int name="delay" value="140"/></canvas><canvas name="8" width="100" height="88"><vector name="origin" x="66" y="90"/><vector name="lt" x="-34" y="-87"/><vector name="rb" x="13" y="-28"/><vector name="head" x="-3" y="-85"/><int name="delay" value="150"/></canvas><canvas name="9" width="94" height="88"><vector name="origin" x="60" y="89"/><vector name="lt" x="-36" y="-86"/><vector name="rb" x="13" y="-27"/><vector name="head" x="-3" y="-83"/><int name="delay" value="150"/></canvas><canvas name="10" width="94" height="92"><vector name="origin" x="60" y="93"/><vector name="lt" x="-33" y="-90"/><vector name="rb" x="13" y="-27"/><vector name="head" x="-5" y="-86"/><int name="delay" value="150"/></canvas><canvas name="11" width="100" height="93"><vector name="origin" x="66" y="95"/><vector name="lt" x="-33" y="-90"/><vector name="rb" x="10" y="-27"/><vector name="head" x="-4" y="-87"/><int name="delay" value="150"/></canvas><uol name="12" value="../move/0"/><uol name="13" value="../move/1"/><uol name="14" value="../move/2"/><uol name="15" value="../move/3"/><uol name="16" value="../move/4"/><uol name="17" value="../move/5"/></imgdir><imgdir name="hit1"><canvas name="0" width="81" height="103"><vector name="origin" x="40" y="107"/><vector name="lt" x="-29" y="-86"/><vector name="rb" x="15" y="-29"/><vector name="head" x="-2" y="-91"/><int name="delay" value="600"/></canvas></imgdir><imgdir name="die1"><canvas name="0" width="81" height="103"><vector name="origin" x="40" y="107"/><vector name="head" x="-2" y="-91"/><int name="delay" value="130"/></canvas><canvas name="1" width="80" height="103"><vector name="origin" x="43" y="107"/><vector name="head" x="1" y="-93"/><int name="delay" value="130"/></canvas><canvas name="2" width="82" height="103"><vector name="origin" x="44" y="107"/><vector name="head" x="2" y="-93"/><int name="delay" value="130"/></canvas><canvas name="3" width="64" height="102"><vector name="origin" x="25" y="106"/><vector name="head" x="3" y="-92"/><int name="delay" value="130"/></canvas><canvas name="4" width="64" height="93"><vector name="origin" x="25" y="96"/><vector name="head" x="3" y="-90"/><int name="delay" value="130"/></canvas><canvas name="5" width="64" height="92"><vector name="origin" x="25" y="93"/><vector name="head" x="4" y="-88"/><int name="delay" value="130"/></canvas><canvas name="6" width="64" height="92"><vector name="origin" x="25" y="90"/><vector name="head" x="5" y="-85"/><int name="delay" value="130"/></canvas><canvas name="7" width="64" height="92"><vector name="origin" x="25" y="87"/><vector name="head" x="5" y="-83"/><int name="delay" value="300"/><int name="a1" value="0"/><int name="a0" value="255"/></canvas></imgdir></imgdir>