<?xml version="1.0" encoding="UTF-8" standalone="yes"?><imgdir name="8140512.img"><imgdir name="info"><int name="bodyAttack" value="1"/><int name="level" value="93"/><int name="maxHP" value="50000"/><int name="maxMP" value="250"/><int name="speed" value="0"/><int name="PADamage" value="450"/><int name="PDDamage" value="830"/><int name="MADamage" value="500"/><int name="MDDamage" value="530"/><int name="acc" value="200"/><int name="eva" value="37"/><int name="exp" value="2520"/><int name="undead" value="0"/><int name="pushed" value="5000"/><string name="elemAttr" value="S2"/><float name="fs" value="10.0"/><int name="summonType" value="1"/><imgdir name="skill"><imgdir name="0"><int name="skill" value="114"/><int name="action" value="1"/><int name="level" value="34"/><int name="effectAfter" value="0"/></imgdir></imgdir><int name="category" value="8"/></imgdir><imgdir name="regen"><canvas name="0" width="143" height="189"><vector name="origin" x="-1" y="260"/><int name="delay" value="180"/></canvas><canvas name="1" width="149" height="188"><vector name="origin" x="24" y="188"/><int name="delay" value="180"/></canvas><canvas name="2" width="246" height="172"><vector name="origin" x="91" y="143"/><int name="delay" value="180"/></canvas><canvas name="3" width="247" height="169"><vector name="origin" x="92" y="126"/><int name="delay" value="180"/></canvas><canvas name="4" width="249" height="187"><vector name="origin" x="93" y="143"/><int name="z" value="0"/><int name="delay" value="180"/></canvas><canvas name="5" width="251" height="192"><vector name="origin" x="94" y="149"/><int name="z" value="0"/><int name="delay" value="180"/></canvas><canvas name="6" width="269" height="202"><vector name="origin" x="114" y="160"/><int name="z" value="0"/><int name="delay" value="180"/></canvas><canvas name="7" width="330" height="196"><vector name="origin" x="139" y="167"/><int name="z" value="0"/><int name="delay" value="180"/></canvas><canvas name="8" width="129" height="174"><vector name="origin" x="77" y="162"/><int name="z" value="0"/><int name="delay" value="180"/></canvas><canvas name="9" width="125" height="175"><vector name="origin" x="65" y="174"/><int name="z" value="0"/><int name="delay" value="180"/></canvas></imgdir><imgdir name="stand"><canvas name="0" width="125" height="175"><vector name="origin" x="65" y="174"/><vector name="lt" x="-57" y="-160"/><vector name="rb" x="45" y="-3"/><vector name="head" x="-20" y="-122"/><int name="delay" value="180"/></canvas><canvas name="1" width="128" height="174"><vector name="origin" x="70" y="173"/><vector name="lt" x="-57" y="-160"/><vector name="rb" x="45" y="-3"/><vector name="head" x="-20" y="-122"/><int name="delay" value="180"/></canvas><canvas name="2" width="130" height="173"><vector name="origin" x="75" y="172"/><vector name="lt" x="-57" y="-160"/><vector name="rb" x="45" y="-3"/><vector name="head" x="-20" y="-122"/><int name="delay" value="180"/></canvas><canvas name="3" width="130" height="172"><vector name="origin" x="76" y="171"/><int name="z" value="0"/><int name="delay" value="180"/><vector name="lt" x="-57" y="-160"/><vector name="rb" x="45" y="-3"/><vector name="head" x="-20" y="-122"/></canvas><canvas name="4" width="130" height="173"><vector name="origin" x="75" y="172"/><int name="z" value="0"/><int name="delay" value="180"/><vector name="lt" x="-57" y="-160"/><vector name="rb" x="45" y="-3"/><vector name="head" x="-20" y="-122"/></canvas><canvas name="5" width="128" height="174"><vector name="origin" x="70" y="173"/><int name="z" value="0"/><vector name="lt" x="-57" y="-160"/><vector name="rb" x="45" y="-3"/><vector name="head" x="-20" y="-122"/><int name="delay" value="180"/></canvas></imgdir><imgdir name="move"><canvas name="0" width="216" height="195"><vector name="origin" x="87" y="192"/><vector name="lt" x="-48" y="-147"/><vector name="rb" x="72" y="-5"/><vector name="head" x="-7" y="-113"/><int name="delay" value="180"/></canvas><canvas name="1" width="214" height="164"><vector name="origin" x="86" y="161"/><vector name="lt" x="-48" y="-147"/><vector name="rb" x="72" y="-5"/><vector name="head" x="-7" y="-113"/><int name="delay" value="180"/></canvas><canvas name="2" width="215" height="193"><vector name="origin" x="87" y="192"/><vector name="lt" x="-48" y="-147"/><vector name="rb" x="72" y="-5"/><vector name="head" x="-7" y="-113"/><int name="delay" value="180"/></canvas><canvas name="3" width="215" height="162"><vector name="origin" x="86" y="161"/><vector name="lt" x="-48" y="-147"/><vector name="rb" x="72" y="-5"/><vector name="head" x="-7" y="-113"/><int name="delay" value="180"/></canvas></imgdir><imgdir name="attack1"><imgdir name="info"><imgdir name="range"><vector name="lt" x="-511" y="-223"/><vector name="rb" x="-65" y="16"/></imgdir><imgdir name="hit"><canvas name="0" width="102" height="135"><vector name="origin" x="52" y="121"/><int name="z" value="0"/><int name="delay" value="120"/></canvas><canvas name="1" width="106" height="149"><vector name="origin" x="50" y="135"/><int name="z" value="0"/><int name="delay" value="120"/></canvas><canvas name="2" width="116" height="154"><vector name="origin" x="59" y="140"/><int name="z" value="0"/><int name="delay" value="120"/></canvas><canvas name="3" width="116" height="138"><vector name="origin" x="59" y="127"/><int name="z" value="0"/><int name="delay" value="120"/></canvas><canvas name="4" width="110" height="135"><vector name="origin" x="53" y="129"/><int name="z" value="0"/><int name="delay" value="120"/></canvas><canvas name="5" width="105" height="135"><vector name="origin" x="50" y="131"/><int name="z" value="0"/><int name="delay" value="120"/></canvas><canvas name="6" width="105" height="97"><vector name="origin" x="50" y="134"/><int name="z" value="0"/><int name="delay" value="120"/></canvas><int name="attach" value="1"/></imgdir><int name="type" value="0"/><int name="conMP" value="10"/><int name="attackAfter" value="1920"/><int name="PADamage" value="450"/></imgdir><canvas name="0" width="144" height="204"><vector name="origin" x="75" y="203"/><vector name="lt" x="-60" y="-156"/><vector name="rb" x="44" y="-2"/><vector name="head" x="-21" y="-122"/><int name="delay" value="120"/></canvas><canvas name="1" width="130" height="172"><vector name="origin" x="76" y="171"/><vector name="lt" x="-60" y="-156"/><vector name="rb" x="41" y="-1"/><vector name="head" x="-21" y="-122"/><int name="delay" value="120"/></canvas><canvas name="2" width="147" height="179"><vector name="origin" x="100" y="178"/><vector name="lt" x="-70" y="-164"/><vector name="rb" x="32" y="1"/><vector name="head" x="-33" y="-128"/><int name="delay" value="120"/></canvas><canvas name="3" width="177" height="183"><vector name="origin" x="121" y="182"/><vector name="lt" x="-72" y="-161"/><vector name="rb" x="38" y="0"/><vector name="head" x="-32" y="-130"/><int name="delay" value="120"/></canvas><canvas name="4" width="173" height="182"><vector name="origin" x="118" y="181"/><vector name="lt" x="-71" y="-163"/><vector name="rb" x="33" y="-1"/><vector name="head" x="-29" y="-134"/><int name="delay" value="120"/></canvas><canvas name="5" width="162" height="165"><vector name="origin" x="88" y="164"/><vector name="lt" x="-51" y="-143"/><vector name="rb" x="68" y="1"/><vector name="head" x="-10" y="-115"/><int name="delay" value="120"/></canvas><canvas name="6" width="156" height="163"><vector name="origin" x="72" y="162"/><vector name="lt" x="-49" y="-139"/><vector name="rb" x="72" y="-3"/><vector name="head" x="-8" y="-110"/><int name="delay" value="120"/></canvas><canvas name="7" width="180" height="161"><vector name="origin" x="85" y="160"/><vector name="lt" x="-49" y="-135"/><vector name="rb" x="70" y="-2"/><vector name="head" x="-10" y="-110"/><int name="delay" value="120"/></canvas><canvas name="8" width="189" height="160"><vector name="origin" x="92" y="159"/><vector name="lt" x="-45" y="-136"/><vector name="rb" x="72" y="-2"/><vector name="head" x="-9" y="-110"/><int name="delay" value="120"/></canvas><canvas name="9" width="192" height="160"><vector name="origin" x="95" y="159"/><vector name="lt" x="-47" y="-135"/><vector name="rb" x="74" y="-1"/><vector name="head" x="-4" y="-111"/><int name="delay" value="120"/></canvas><canvas name="10" width="193" height="160"><vector name="origin" x="96" y="159"/><vector name="lt" x="-45" y="-136"/><vector name="rb" x="73" y="0"/><vector name="head" x="-9" y="-110"/><int name="delay" value="120"/></canvas><canvas name="11" width="274" height="160"><vector name="origin" x="177" y="159"/><int name="z" value="0"/><int name="delay" value="120"/><vector name="lt" x="-42" y="-136"/><vector name="rb" x="71" y="-2"/><vector name="head" x="-8" y="-109"/></canvas><canvas name="12" width="309" height="160"><vector name="origin" x="209" y="159"/><int name="z" value="0"/><int name="delay" value="120"/><vector name="lt" x="-46" y="-135"/><vector name="rb" x="72" y="-2"/><vector name="head" x="4" y="-112"/></canvas><canvas name="13" width="425" height="161"><vector name="origin" x="324" y="159"/><int name="z" value="0"/><int name="delay" value="120"/><vector name="lt" x="-80" y="-123"/><vector name="rb" x="74" y="-4"/><vector name="head" x="-6" y="-109"/></canvas><canvas name="14" width="460" height="160"><vector name="origin" x="360" y="159"/><int name="z" value="0"/><int name="delay" value="120"/><vector name="lt" x="-49" y="-134"/><vector name="rb" x="71" y="-5"/><vector name="head" x="-6" y="-110"/></canvas><canvas name="15" width="515" height="160"><vector name="origin" x="418" y="159"/><int name="z" value="0"/><int name="delay" value="120"/><vector name="lt" x="-63" y="-123"/><vector name="rb" x="74" y="-1"/><vector name="head" x="-6" y="-110"/></canvas><canvas name="16" width="618" height="217"><vector name="origin" x="521" y="214"/><int name="z" value="0"/><int name="delay" value="120"/><vector name="lt" x="-56" y="-128"/><vector name="rb" x="73" y="-2"/><vector name="head" x="-5" y="-110"/></canvas><canvas name="17" width="612" height="254"><vector name="origin" x="515" y="226"/><int name="z" value="0"/><int name="delay" value="120"/><vector name="lt" x="-62" y="-125"/><vector name="rb" x="76" y="-3"/><vector name="head" x="-4" y="-110"/></canvas><canvas name="18" width="609" height="256"><vector name="origin" x="512" y="224"/><int name="z" value="0"/><int name="delay" value="120"/><vector name="lt" x="-56" y="-127"/><vector name="rb" x="75" y="-1"/><vector name="head" x="-7" y="-110"/></canvas><canvas name="19" width="610" height="228"><vector name="origin" x="513" y="217"/><int name="z" value="0"/><int name="delay" value="120"/><vector name="lt" x="-61" y="-129"/><vector name="rb" x="75" y="-1"/><vector name="head" x="-7" y="-110"/></canvas><canvas name="20" width="598" height="224"><vector name="origin" x="501" y="217"/><int name="z" value="0"/><int name="delay" value="120"/><vector name="lt" x="-59" y="-127"/><vector name="rb" x="80" y="-5"/><vector name="head" x="-7" y="-110"/></canvas><canvas name="21" width="594" height="227"><vector name="origin" x="497" y="226"/><int name="z" value="0"/><int name="delay" value="120"/><vector name="lt" x="-57" y="-129"/><vector name="rb" x="79" y="-1"/><vector name="head" x="-8" y="-113"/></canvas><canvas name="22" width="607" height="225"><vector name="origin" x="510" y="224"/><int name="z" value="0"/><int name="delay" value="120"/><vector name="lt" x="-53" y="-141"/><vector name="rb" x="72" y="-2"/><vector name="head" x="-13" y="-117"/></canvas><canvas name="23" width="607" height="208"><vector name="origin" x="512" y="207"/><int name="z" value="0"/><int name="delay" value="120"/><vector name="lt" x="-58" y="-152"/><vector name="rb" x="54" y="-3"/><vector name="head" x="-21" y="-122"/></canvas><canvas name="24" width="573" height="205"><vector name="origin" x="489" y="204"/><int name="z" value="0"/><int name="delay" value="120"/><vector name="lt" x="-42" y="-148"/><vector name="rb" x="74" y="-1"/><vector name="head" x="-13" y="-114"/></canvas><canvas name="25" width="165" height="165"><vector name="origin" x="92" y="164"/><int name="z" value="0"/><int name="delay" value="120"/><vector name="lt" x="-58" y="-152"/><vector name="rb" x="70" y="1"/><vector name="head" x="-12" y="-114"/></canvas><canvas name="26" width="142" height="171"><vector name="origin" x="81" y="170"/><int name="z" value="0"/><int name="delay" value="120"/><vector name="lt" x="-47" y="-147"/><vector name="rb" x="58" y="-1"/><vector name="head" x="-15" y="-121"/></canvas></imgdir><imgdir name="attack2"><imgdir name="info"><imgdir name="range"><vector name="lt" x="-384" y="-160"/><vector name="rb" x="47" y="16"/></imgdir><imgdir name="hit"><canvas name="0" width="70" height="65"><vector name="origin" x="20" y="63"/><int name="z" value="0"/><int name="delay" value="120"/></canvas><canvas name="1" width="129" height="85"><vector name="origin" x="72" y="73"/><int name="z" value="0"/><int name="delay" value="120"/></canvas><canvas name="2" width="146" height="85"><vector name="origin" x="87" y="77"/><int name="z" value="0"/><int name="delay" value="120"/></canvas><canvas name="3" width="149" height="89"><vector name="origin" x="88" y="79"/><int name="z" value="0"/><int name="delay" value="120"/></canvas><int name="attach" value="1"/></imgdir><int name="type" value="0"/><int name="conMP" value="10"/><int name="attackAfter" value="1080"/><int name="knockback" value="1"/></imgdir><canvas name="0" width="125" height="175"><vector name="origin" x="65" y="174"/><vector name="lt" x="-62" y="-157"/><vector name="rb" x="44" y="-3"/><vector name="head" x="-27" y="-124"/><int name="delay" value="180"/></canvas><canvas name="1" width="129" height="174"><vector name="origin" x="77" y="162"/><vector name="lt" x="-57" y="-145"/><vector name="rb" x="44" y="-3"/><vector name="head" x="-23" y="-117"/><int name="delay" value="180"/></canvas><canvas name="2" width="145" height="169"><vector name="origin" x="97" y="143"/><vector name="lt" x="-69" y="-126"/><vector name="rb" x="39" y="-1"/><vector name="head" x="-34" y="-95"/><int name="delay" value="180"/></canvas><canvas name="3" width="153" height="169"><vector name="origin" x="98" y="142"/><vector name="lt" x="-68" y="-122"/><vector name="rb" x="35" y="3"/><vector name="head" x="-28" y="-92"/><int name="delay" value="180"/></canvas><canvas name="4" width="159" height="169"><vector name="origin" x="98" y="142"/><vector name="lt" x="-65" y="-124"/><vector name="rb" x="48" y="-2"/><vector name="head" x="-34" y="-92"/><int name="delay" value="180"/></canvas><canvas name="5" width="247" height="189"><vector name="origin" x="130" y="162"/><vector name="lt" x="-98" y="-144"/><vector name="rb" x="32" y="-2"/><vector name="head" x="-39" y="-107"/><int name="delay" value="90"/></canvas><canvas name="6" width="284" height="163"><vector name="origin" x="169" y="162"/><vector name="lt" x="-137" y="-143"/><vector name="rb" x="44" y="-3"/><vector name="head" x="-77" y="-110"/><int name="delay" value="90"/></canvas><canvas name="7" width="546" height="163"><vector name="origin" x="431" y="162"/><vector name="lt" x="-401" y="-148"/><vector name="rb" x="-244" y="-5"/><vector name="head" x="-344" y="-113"/><int name="delay" value="90"/></canvas><canvas name="8" width="612" height="199"><vector name="origin" x="495" y="170"/><vector name="lt" x="-430" y="-163"/><vector name="rb" x="-270" y="-4"/><vector name="head" x="-359" y="-122"/><int name="delay" value="60"/></canvas><canvas name="9" width="281" height="194"><vector name="origin" x="521" y="193"/><vector name="lt" x="-424" y="-180"/><vector name="rb" x="-287" y="-6"/><vector name="head" x="-371" y="-122"/><int name="delay" value="60"/></canvas><canvas name="10" width="268" height="196"><vector name="origin" x="509" y="195"/><vector name="lt" x="-408" y="-181"/><vector name="rb" x="-287" y="-2"/><vector name="head" x="-371" y="-125"/><int name="delay" value="60"/></canvas><canvas name="11" width="179" height="183"><vector name="origin" x="422" y="182"/><vector name="lt" x="-405" y="-183"/><vector name="rb" x="-283" y="0"/><vector name="head" x="-370" y="-122"/><int name="delay" value="60"/></canvas><canvas name="12" width="186" height="166"><vector name="origin" x="441" y="165"/><int name="z" value="0"/><int name="delay" value="90"/><vector name="lt" x="-430" y="-164"/><vector name="rb" x="-284" y="-1"/><vector name="head" x="-369" y="-129"/></canvas><canvas name="13" width="163" height="166"><vector name="origin" x="445" y="165"/><int name="z" value="0"/><int name="delay" value="90"/><vector name="lt" x="-423" y="-151"/><vector name="rb" x="-287" y="-2"/><vector name="head" x="-368" y="-116"/></canvas><canvas name="14" width="191" height="166"><vector name="origin" x="441" y="165"/><int name="z" value="0"/><vector name="lt" x="-410" y="-145"/><vector name="rb" x="-256" y="-3"/><vector name="head" x="-373" y="-119"/><int name="delay" value="90"/></canvas><canvas name="15" width="430" height="160"><vector name="origin" x="438" y="159"/><int name="z" value="0"/><vector name="lt" x="-149" y="-145"/><vector name="rb" x="-14" y="-3"/><vector name="head" x="-116" y="-114"/><int name="delay" value="90"/></canvas><canvas name="16" width="475" height="165"><vector name="origin" x="438" y="164"/><int name="z" value="0"/><vector name="lt" x="-62" y="-157"/><vector name="rb" x="44" y="-3"/><vector name="head" x="-47" y="-110"/><int name="delay" value="90"/></canvas><canvas name="17" width="497" height="165"><vector name="origin" x="440" y="164"/><int name="z" value="0"/><vector name="lt" x="-70" y="-146"/><vector name="rb" x="51" y="0"/><vector name="head" x="-33" y="-115"/><int name="delay" value="90"/></canvas><canvas name="18" width="237" height="165"><vector name="origin" x="167" y="164"/><int name="z" value="0"/><vector name="lt" x="-56" y="-147"/><vector name="rb" x="63" y="3"/><vector name="head" x="-17" y="-120"/><int name="delay" value="90"/></canvas><canvas name="19" width="216" height="171"><vector name="origin" x="155" y="170"/><int name="z" value="0"/><vector name="lt" x="-58" y="-153"/><vector name="rb" x="56" y="-1"/><vector name="head" x="-19" y="-116"/><int name="delay" value="180"/></canvas></imgdir><imgdir name="attack3"><imgdir name="info"><imgdir name="range"><vector name="sp" x="-32" y="-121"/><int name="r" value="350"/></imgdir><imgdir name="ball"><canvas name="0" width="67" height="63"><vector name="origin" x="32" y="75"/><int name="delay" value="180"/></canvas><canvas name="1" width="75" height="71"><vector name="origin" x="36" y="78"/><int name="z" value="0"/><int name="delay" value="180"/></canvas><canvas name="2" width="81" height="75"><vector name="origin" x="40" y="81"/><int name="z" value="0"/><int name="delay" value="180"/></canvas><canvas name="3" width="88" height="77"><vector name="origin" x="43" y="82"/><int name="z" value="0"/><int name="delay" value="180"/></canvas></imgdir><imgdir name="hit"><canvas name="0" width="118" height="116"><vector name="origin" x="56" y="95"/><int name="delay" value="120"/></canvas><canvas name="1" width="129" height="124"><vector name="origin" x="64" y="98"/><int name="delay" value="120"/><int name="a0" value="255"/><int name="a1" value="0"/></canvas><canvas name="2" width="138" height="132"><vector name="origin" x="69" y="101"/><int name="z" value="0"/><int name="delay" value="120"/></canvas><canvas name="3" width="140" height="138"><vector name="origin" x="71" y="103"/><int name="z" value="0"/><int name="delay" value="120"/></canvas><canvas name="4" width="142" height="138"><vector name="origin" x="73" y="105"/><int name="z" value="0"/><int name="delay" value="120"/></canvas><canvas name="5" width="83" height="139"><vector name="origin" x="67" y="102"/><int name="z" value="0"/><int name="delay" value="120"/></canvas><int name="attach" value="1"/></imgdir><int name="type" value="2"/><int name="conMP" value="2"/><int name="attackAfter" value="900"/><int name="magic" value="1"/><int name="MADamage" value="480"/></imgdir><canvas name="0" width="130" height="173"><vector name="origin" x="75" y="172"/><vector name="lt" x="-59" y="-154"/><vector name="rb" x="44" y="-3"/><vector name="head" x="-27" y="-124"/><int name="delay" value="180"/></canvas><canvas name="1" width="162" height="176"><vector name="origin" x="88" y="175"/><vector name="lt" x="-59" y="-154"/><vector name="rb" x="72" y="0"/><vector name="head" x="-7" y="-116"/><int name="delay" value="180"/></canvas><canvas name="2" width="148" height="174"><vector name="origin" x="64" y="173"/><vector name="lt" x="-59" y="-154"/><vector name="rb" x="75" y="1"/><vector name="head" x="-11" y="-112"/><int name="delay" value="180"/></canvas><canvas name="3" width="161" height="187"><vector name="origin" x="66" y="186"/><vector name="lt" x="-59" y="-154"/><vector name="rb" x="77" y="-1"/><vector name="head" x="-10" y="-114"/><int name="delay" value="180"/></canvas><canvas name="4" width="165" height="188"><vector name="origin" x="70" y="187"/><vector name="lt" x="-45" y="-150"/><vector name="rb" x="73" y="-1"/><vector name="head" x="-4" y="-111"/><int name="delay" value="180"/></canvas><canvas name="5" width="265" height="206"><vector name="origin" x="108" y="198"/><vector name="lt" x="-44" y="-144"/><vector name="rb" x="80" y="-3"/><vector name="head" x="0" y="-106"/><int name="delay" value="180"/></canvas><canvas name="6" width="273" height="218"><vector name="origin" x="112" y="211"/><vector name="lt" x="-32" y="-144"/><vector name="rb" x="73" y="-6"/><vector name="head" x="2" y="-107"/><int name="delay" value="180"/></canvas><canvas name="7" width="276" height="234"><vector name="origin" x="113" y="227"/><vector name="lt" x="-37" y="-146"/><vector name="rb" x="78" y="1"/><vector name="head" x="-1" y="-106"/><int name="delay" value="180"/></canvas><canvas name="8" width="282" height="236"><vector name="origin" x="119" y="230"/><vector name="lt" x="-36" y="-143"/><vector name="rb" x="73" y="-2"/><vector name="head" x="-6" y="-111"/><int name="delay" value="180"/></canvas><canvas name="9" width="148" height="161"><vector name="origin" x="53" y="160"/><vector name="lt" x="-31" y="-144"/><vector name="rb" x="73" y="-2"/><vector name="head" x="-1" y="-108"/><int name="delay" value="180"/></canvas><canvas name="10" width="162" height="165"><vector name="origin" x="88" y="164"/><vector name="lt" x="-35" y="-151"/><vector name="rb" x="72" y="-2"/><vector name="head" x="-6" y="-116"/><int name="delay" value="180"/></canvas></imgdir><imgdir name="skill1"><canvas name="0" width="176" height="173"><vector name="origin" x="114" y="153"/><int name="z" value="0"/><int name="delay" value="240"/><vector name="lt" x="-93" y="-153"/><vector name="rb" x="21" y="-2"/><vector name="head" x="-45" y="-107"/></canvas><canvas name="1" width="166" height="179"><vector name="origin" x="103" y="159"/><int name="z" value="0"/><int name="delay" value="240"/><vector name="lt" x="-93" y="-153"/><vector name="rb" x="21" y="-2"/><vector name="head" x="-45" y="-107"/></canvas><canvas name="2" width="163" height="174"><vector name="origin" x="104" y="154"/><int name="z" value="0"/><int name="delay" value="240"/><vector name="lt" x="-93" y="-153"/><vector name="rb" x="21" y="-2"/><vector name="head" x="-45" y="-107"/></canvas><canvas name="3" width="160" height="176"><vector name="origin" x="94" y="156"/><vector name="lt" x="-93" y="-153"/><vector name="rb" x="21" y="-2"/><vector name="head" x="-45" y="-107"/><int name="delay" value="240"/></canvas><canvas name="4" width="144" height="169"><vector name="origin" x="87" y="149"/><vector name="lt" x="-93" y="-153"/><vector name="rb" x="21" y="-2"/><vector name="head" x="-45" y="-107"/><int name="delay" value="240"/></canvas><canvas name="5" width="131" height="169"><vector name="origin" x="75" y="149"/><vector name="lt" x="-93" y="-153"/><vector name="rb" x="21" y="-2"/><vector name="head" x="-45" y="-107"/><int name="delay" value="600"/></canvas></imgdir><imgdir name="hit1"><canvas name="0" width="189" height="175"><vector name="origin" x="101" y="173"/><vector name="lt" x="-50" y="-164"/><vector name="rb" x="44" y="-2"/><vector name="head" x="-18" y="-123"/><int name="delay" value="600"/></canvas></imgdir><imgdir name="die1"><canvas name="0" width="189" height="175"><vector name="origin" x="103" y="173"/><vector name="head" x="-17" y="-128"/><int name="delay" value="120"/></canvas><canvas name="1" width="161" height="172"><vector name="origin" x="96" y="143"/><vector name="head" x="-27" y="-93"/><int name="delay" value="120"/></canvas><canvas name="2" width="177" height="168"><vector name="origin" x="99" y="127"/><vector name="head" x="-33" y="-79"/><int name="delay" value="120"/></canvas><canvas name="3" width="181" height="169"><vector name="origin" x="100" y="126"/><vector name="head" x="-34" y="-77"/><int name="delay" value="120"/></canvas><canvas name="4" width="189" height="169"><vector name="origin" x="104" y="125"/><vector name="head" x="-32" y="-75"/><int name="delay" value="120"/></canvas><canvas name="5" width="189" height="180"><vector name="origin" x="105" y="136"/><vector name="head" x="-33" y="-75"/><int name="delay" value="120"/></canvas><canvas name="6" width="167" height="185"><vector name="origin" x="88" y="141"/><vector name="head" x="-31" y="-76"/><int name="delay" value="120"/></canvas><canvas name="7" width="230" height="190"><vector name="origin" x="128" y="144"/><int name="delay" value="120"/><vector name="head" x="-32" y="-87"/></canvas><canvas name="8" width="241" height="194"><vector name="origin" x="136" y="142"/><int name="z" value="0"/><int name="delay" value="120"/><vector name="head" x="-31" y="-102"/></canvas><canvas name="9" width="262" height="202"><vector name="origin" x="143" y="143"/><int name="z" value="0"/><int name="delay" value="120"/><vector name="head" x="-20" y="-88"/></canvas><canvas name="10" width="278" height="194"><vector name="origin" x="155" y="154"/><int name="z" value="0"/><int name="delay" value="120"/><vector name="head" x="-23" y="-89"/></canvas><canvas name="11" width="199" height="160"><vector name="origin" x="101" y="156"/><int name="z" value="0"/><int name="delay" value="120"/><vector name="head" x="-13" y="-104"/></canvas><canvas name="12" width="201" height="176"><vector name="origin" x="103" y="172"/><int name="z" value="0"/><int name="delay" value="120"/><vector name="head" x="-9" y="-104"/></canvas><canvas name="13" width="190" height="181"><vector name="origin" x="100" y="178"/><int name="z" value="0"/><int name="delay" value="120"/><vector name="head" x="-10" y="-98"/></canvas><canvas name="14" width="174" height="189"><vector name="origin" x="96" y="188"/><int name="z" value="0"/><int name="delay" value="120"/><vector name="head" x="-3" y="-101"/></canvas><canvas name="15" width="161" height="191"><vector name="origin" x="90" y="190"/><int name="z" value="0"/><int name="delay" value="120"/><vector name="head" x="-1" y="-97"/></canvas><canvas name="16" width="152" height="200"><vector name="origin" x="89" y="199"/><int name="z" value="0"/><int name="delay" value="120"/><vector name="head" x="-1" y="-94"/></canvas><canvas name="17" width="152" height="208"><vector name="origin" x="89" y="207"/><int name="z" value="0"/><int name="delay" value="120"/><vector name="head" x="-1" y="-97"/></canvas><canvas name="18" width="100" height="210"><vector name="origin" x="57" y="209"/><int name="z" value="0"/><int name="delay" value="120"/><vector name="head" x="-4" y="-63"/></canvas><canvas name="19" width="100" height="114"><vector name="origin" x="57" y="211"/><int name="z" value="0"/><int name="delay" value="120"/><vector name="head" x="-3" y="-97"/></canvas></imgdir></imgdir>