<?xml version="1.0" encoding="UTF-8" standalone="yes"?><imgdir name="8140000.img"><imgdir name="info"><int name="bodyAttack" value="1"/><int name="level" value="80"/><int name="maxHP" value="27000"/><int name="maxMP" value="300"/><int name="speed" value="-30"/><int name="PADamage" value="350"/><int name="PDDamage" value="650"/><int name="MADamage" value="410"/><int name="MDDamage" value="520"/><int name="acc" value="140"/><int name="eva" value="28"/><int name="exp" value="850"/><int name="undead" value="0"/><int name="pushed" value="5000"/><int name="hpRecovery" value="150"/><int name="mpRecovery" value="5"/><string name="elemAttr" value="I2F3"/><float name="fs" value="10.0"/><int name="summonType" value="1"/><imgdir name="skill"><imgdir name="0"><int name="skill" value="101"/><int name="action" value="1"/><int name="level" value="2"/><int name="effectAfter" value="0"/></imgdir><imgdir name="1"><int name="skill" value="103"/><int name="action" value="1"/><int name="level" value="2"/><int name="effectAfter" value="0"/></imgdir><imgdir name="2"><int name="skill" value="200"/><int name="action" value="1"/><int name="level" value="1"/><int name="effectAfter" value="0"/></imgdir></imgdir><int name="category" value="1"/></imgdir><imgdir name="move"><canvas name="0" width="137" height="166"><vector name="origin" x="68" y="166"/><vector name="lt" x="-65" y="-164"/><vector name="rb" x="63" y="0"/><vector name="head" x="-51" y="-149"/><int name="delay" value="200"/></canvas><canvas name="1" width="163" height="165"><vector name="origin" x="67" y="165"/><vector name="lt" x="-65" y="-163"/><vector name="rb" x="80" y="0"/><vector name="head" x="-50" y="-148"/><int name="delay" value="200"/></canvas><canvas name="2" width="155" height="166"><vector name="origin" x="68" y="166"/><vector name="lt" x="-65" y="-164"/><vector name="rb" x="63" y="0"/><vector name="head" x="-51" y="-151"/><int name="delay" value="200"/></canvas><canvas name="3" width="160" height="164"><vector name="origin" x="74" y="164"/><vector name="lt" x="-74" y="-164"/><vector name="rb" x="69" y="0"/><vector name="head" x="-51" y="-149"/><int name="delay" value="200"/></canvas></imgdir><imgdir name="stand"><canvas name="0" width="134" height="163"><vector name="origin" x="69" y="163"/><vector name="lt" x="-71" y="-160"/><vector name="rb" x="48" y="0"/><vector name="head" x="-44" y="-148"/><int name="delay" value="500"/></canvas><canvas name="1" width="139" height="160"><vector name="origin" x="73" y="160"/><vector name="lt" x="-71" y="-158"/><vector name="rb" x="48" y="0"/><vector name="head" x="-47" y="-145"/><int name="delay" value="150"/></canvas><canvas name="2" width="139" height="160"><vector name="origin" x="73" y="160"/><vector name="lt" x="-70" y="-157"/><vector name="rb" x="48" y="0"/><vector name="head" x="-47" y="-144"/><int name="delay" value="150"/></canvas><uol name="3" value="1"/><uol name="4" value="2"/><uol name="5" value="1"/><uol name="6" value="2"/></imgdir><imgdir name="attack1"><imgdir name="info"><imgdir name="range"><vector name="lt" x="-290" y="-144"/><vector name="rb" x="57" y="0"/></imgdir><imgdir name="hit"><canvas name="0" width="78" height="72"><vector name="origin" x="39" y="36"/><int name="z" value="0"/><int name="delay" value="120"/></canvas><canvas name="1" width="77" height="78"><vector name="origin" x="48" y="32"/><int name="z" value="0"/><int name="delay" value="90"/></canvas><canvas name="2" width="83" height="94"><vector name="origin" x="55" y="49"/><int name="z" value="0"/><int name="delay" value="120"/></canvas><canvas name="3" width="77" height="78"><vector name="origin" x="42" y="43"/><int name="z" value="0"/><int name="delay" value="90"/></canvas><canvas name="4" width="77" height="78"><vector name="origin" x="31" y="34"/><int name="z" value="0"/><int name="delay" value="150"/></canvas></imgdir><int name="type" value="0"/><int name="conMP" value="2"/><int name="attackAfter" value="640"/><int name="magic" value="1"/></imgdir><canvas name="0" width="156" height="153"><vector name="origin" x="82" y="153"/><vector name="lt" x="-80" y="-149"/><vector name="rb" x="63" y="0"/><vector name="head" x="-55" y="-130"/><int name="delay" value="120"/></canvas><canvas name="1" width="291" height="166"><vector name="origin" x="153" y="151"/><vector name="lt" x="-100" y="-148"/><vector name="rb" x="88" y="0"/><vector name="head" x="-58" y="-127"/><int name="delay" value="120"/></canvas><canvas name="2" width="285" height="162"><vector name="origin" x="151" y="151"/><vector name="lt" x="-100" y="-148"/><vector name="rb" x="88" y="0"/><vector name="head" x="-58" y="-127"/><int name="delay" value="200"/></canvas><canvas name="3" width="275" height="155"><vector name="origin" x="132" y="155"/><vector name="lt" x="-80" y="-149"/><vector name="rb" x="96" y="0"/><vector name="head" x="-54" y="-119"/><int name="delay" value="100"/></canvas><canvas name="4" width="335" height="146"><vector name="origin" x="213" y="146"/><vector name="lt" x="-112" y="-144"/><vector name="rb" x="57" y="0"/><vector name="head" x="-69" y="-122"/><int name="delay" value="100"/></canvas><canvas name="5" width="239" height="149"><vector name="origin" x="181" y="149"/><vector name="lt" x="-116" y="-149"/><vector name="rb" x="53" y="0"/><vector name="head" x="-63" y="-129"/><int name="delay" value="120"/></canvas><canvas name="6" width="203" height="150"><vector name="origin" x="145" y="150"/><vector name="lt" x="-116" y="-149"/><vector name="rb" x="53" y="0"/><vector name="head" x="-63" y="-129"/><int name="delay" value="120"/></canvas><canvas name="7" width="187" height="223"><vector name="origin" x="117" y="223"/><vector name="lt" x="-112" y="-176"/><vector name="rb" x="59" y="0"/><vector name="head" x="-68" y="-123"/><int name="delay" value="100"/></canvas><canvas name="8" width="308" height="200"><vector name="origin" x="248" y="200"/><vector name="lt" x="-144" y="-141"/><vector name="rb" x="53" y="0"/><vector name="head" x="-70" y="-117"/><int name="delay" value="100"/></canvas><canvas name="9" width="203" height="158"><vector name="origin" x="146" y="158"/><vector name="lt" x="-80" y="-151"/><vector name="rb" x="57" y="0"/><vector name="head" x="-58" y="-123"/><int name="delay" value="120"/></canvas><canvas name="10" width="138" height="158"><vector name="origin" x="81" y="158"/><vector name="lt" x="-77" y="-149"/><vector name="rb" x="57" y="0"/><vector name="head" x="-59" y="-122"/><int name="delay" value="120"/></canvas><canvas name="11" width="138" height="154"><vector name="origin" x="81" y="154"/><vector name="lt" x="-76" y="-149"/><vector name="rb" x="57" y="0"/><vector name="head" x="-59" y="-122"/><int name="delay" value="200"/></canvas></imgdir><imgdir name="skill1"><canvas name="0" width="155" height="153"><vector name="origin" x="81" y="153"/><vector name="lt" x="-80" y="-149"/><vector name="rb" x="66" y="0"/><vector name="head" x="-55" y="-129"/><int name="delay" value="150"/></canvas><canvas name="1" width="155" height="153"><vector name="origin" x="81" y="153"/><vector name="lt" x="-80" y="-149"/><vector name="rb" x="66" y="0"/><vector name="head" x="-55" y="-129"/><int name="delay" value="150"/></canvas><uol name="2" value="0"/><uol name="3" value="1"/><canvas name="4" width="155" height="156"><vector name="origin" x="79" y="156"/><vector name="lt" x="-79" y="-154"/><vector name="rb" x="66" y="0"/><vector name="head" x="-44" y="-141"/><int name="delay" value="150"/></canvas><canvas name="5" width="155" height="158"><vector name="origin" x="79" y="158"/><vector name="lt" x="-79" y="-154"/><vector name="rb" x="66" y="0"/><vector name="head" x="-43" y="-143"/><int name="delay" value="150"/></canvas><canvas name="6" width="156" height="182"><vector name="origin" x="79" y="182"/><vector name="lt" x="-76" y="-179"/><vector name="rb" x="66" y="0"/><vector name="head" x="-20" y="-168"/><int name="delay" value="200"/></canvas><canvas name="7" width="157" height="181"><vector name="origin" x="80" y="181"/><vector name="lt" x="-77" y="-179"/><vector name="rb" x="66" y="0"/><vector name="head" x="-21" y="-167"/><int name="delay" value="250"/></canvas><canvas name="8" width="158" height="180"><vector name="origin" x="82" y="180"/><vector name="lt" x="-80" y="-179"/><vector name="rb" x="66" y="0"/><vector name="head" x="-24" y="-166"/><int name="delay" value="200"/></canvas></imgdir><imgdir name="hit1"><canvas name="0" width="171" height="170"><vector name="origin" x="77" y="170"/><vector name="lt" x="-75" y="-160"/><vector name="rb" x="72" y="0"/><vector name="head" x="-44" y="-133"/><int name="delay" value="600"/></canvas></imgdir><imgdir name="die1"><canvas name="0" width="148" height="143"><vector name="origin" x="74" y="142"/><vector name="head" x="-48" y="-128"/><int name="delay" value="150"/></canvas><canvas name="1" width="149" height="143"><vector name="origin" x="75" y="142"/><vector name="head" x="-48" y="-128"/><int name="delay" value="130"/></canvas><canvas name="2" width="149" height="143"><vector name="origin" x="75" y="142"/><vector name="head" x="-48" y="-128"/><int name="delay" value="130"/></canvas><canvas name="3" width="148" height="142"><vector name="origin" x="74" y="142"/><vector name="head" x="-48" y="-128"/><int name="delay" value="150"/></canvas><canvas name="4" width="207" height="90"><vector name="origin" x="168" y="89"/><vector name="head" x="-124" y="-23"/><int name="delay" value="150"/></canvas><canvas name="5" width="211" height="76"><vector name="origin" x="172" y="75"/><vector name="head" x="-124" y="-23"/><int name="delay" value="130"/></canvas><canvas name="6" width="219" height="58"><vector name="origin" x="180" y="57"/><vector name="head" x="-124" y="-23"/><int name="delay" value="130"/></canvas><canvas name="7" width="199" height="58"><vector name="origin" x="160" y="57"/><vector name="head" x="-124" y="-23"/><int name="delay" value="300"/><int name="a0" value="255"/><int name="a1" value="0"/></canvas></imgdir></imgdir>