<?xml version="1.0" encoding="UTF-8" standalone="yes"?><imgdir name="8141100.img"><imgdir name="info"><int name="bodyAttack" value="1"/><int name="level" value="98"/><int name="maxHP" value="58000"/><int name="maxMP" value="220"/><int name="speed" value="-50"/><int name="PADamage" value="460"/><int name="PDDamage" value="845"/><int name="MADamage" value="520"/><int name="MDDamage" value="580"/><int name="acc" value="205"/><int name="eva" value="38"/><int name="exp" value="2600"/><int name="undead" value="0"/><int name="pushed" value="5300"/><float name="fs" value="10.0"/><int name="summonType" value="1"/><string name="elemAttr" value="F2L3"/><int name="category" value="6"/></imgdir><imgdir name="move"><canvas name="0" width="212" height="224"><vector name="origin" x="91" y="224"/><vector name="lt" x="-84" y="-173"/><vector name="rb" x="82" y="-14"/><vector name="head" x="3" y="-128"/><int name="delay" value="100"/></canvas><canvas name="1" width="212" height="222"><vector name="origin" x="92" y="224"/><vector name="lt" x="-84" y="-173"/><vector name="rb" x="78" y="-14"/><vector name="head" x="2" y="-128"/><int name="delay" value="100"/></canvas><canvas name="2" width="212" height="223"><vector name="origin" x="93" y="222"/><vector name="lt" x="-84" y="-173"/><vector name="rb" x="78" y="-14"/><vector name="head" x="0" y="-126"/><int name="delay" value="100"/></canvas><canvas name="3" width="212" height="221"><vector name="origin" x="93" y="220"/><vector name="lt" x="-84" y="-173"/><vector name="rb" x="78" y="-14"/><vector name="head" x="0" y="-124"/><int name="delay" value="100"/></canvas><canvas name="4" width="212" height="224"><vector name="origin" x="91" y="223"/><vector name="lt" x="-84" y="-173"/><vector name="rb" x="78" y="-14"/><vector name="head" x="2" y="-124"/><int name="delay" value="100"/></canvas><canvas name="5" width="212" height="225"><vector name="origin" x="90" y="223"/><vector name="lt" x="-84" y="-173"/><vector name="rb" x="78" y="-14"/><vector name="head" x="3" y="-126"/><int name="delay" value="100"/></canvas></imgdir><imgdir name="stand"><canvas name="0" width="215" height="223"><vector name="origin" x="91" y="223"/><vector name="lt" x="-84" y="-173"/><vector name="rb" x="78" y="-14"/><vector name="head" x="2" y="-128"/><int name="delay" value="110"/></canvas><canvas name="1" width="215" height="222"><vector name="origin" x="92" y="223"/><vector name="lt" x="-84" y="-173"/><vector name="rb" x="78" y="-14"/><vector name="head" x="1" y="-128"/><int name="delay" value="110"/></canvas><canvas name="2" width="215" height="224"><vector name="origin" x="93" y="222"/><vector name="lt" x="-84" y="-173"/><vector name="rb" x="78" y="-14"/><vector name="head" x="0" y="-128"/><int name="delay" value="110"/></canvas><canvas name="3" width="215" height="222"><vector name="origin" x="93" y="220"/><vector name="lt" x="-84" y="-173"/><vector name="rb" x="78" y="-14"/><vector name="head" x="1" y="-126"/><int name="delay" value="110"/></canvas><canvas name="4" width="216" height="222"><vector name="origin" x="92" y="220"/><vector name="lt" x="-84" y="-173"/><vector name="rb" x="78" y="-14"/><vector name="head" x="2" y="-124"/><int name="delay" value="110"/></canvas><canvas name="5" width="215" height="225"><vector name="origin" x="90" y="222"/><vector name="lt" x="-84" y="-173"/><vector name="rb" x="78" y="-14"/><vector name="head" x="3" y="-127"/><int name="delay" value="110"/></canvas></imgdir><imgdir name="attack1"><imgdir name="info"><imgdir name="range"><vector name="sp" x="-94" y="-64"/><int name="r" value="300"/></imgdir><imgdir name="ball"><canvas name="0" width="63" height="43"><vector name="origin" x="21" y="21"/></canvas><canvas name="1" width="68" height="43"><vector name="origin" x="21" y="21"/></canvas></imgdir><imgdir name="hit"><canvas name="0" width="81" height="96"><vector name="origin" x="40" y="49"/></canvas><canvas name="1" width="101" height="100"><vector name="origin" x="55" y="49"/></canvas><canvas name="2" width="77" height="80"><vector name="origin" x="44" y="40"/><int name="delay" value="300"/><int name="a0" value="255"/><int name="a1" value="0"/></canvas></imgdir><int name="type" value="2"/><int name="attackAfter" value="540"/><string name="elemAttr" value="F"/><int name="magic" value="1"/></imgdir><canvas name="0" width="266" height="231"><vector name="origin" x="145" y="223"/><vector name="lt" x="-84" y="-173"/><vector name="rb" x="78" y="-14"/><vector name="head" x="3" y="-127"/><int name="delay" value="90"/></canvas><canvas name="1" width="265" height="226"><vector name="origin" x="145" y="224"/><vector name="lt" x="-84" y="-173"/><vector name="rb" x="78" y="-14"/><vector name="head" x="2" y="-128"/><int name="delay" value="90"/></canvas><canvas name="2" width="250" height="223"><vector name="origin" x="131" y="222"/><vector name="lt" x="-84" y="-173"/><vector name="rb" x="78" y="-14"/><vector name="head" x="0" y="-126"/><int name="delay" value="90"/></canvas><canvas name="3" width="265" height="227"><vector name="origin" x="146" y="220"/><vector name="lt" x="-84" y="-173"/><vector name="rb" x="78" y="-14"/><vector name="head" x="0" y="-124"/><int name="delay" value="90"/></canvas><canvas name="4" width="235" height="224"><vector name="origin" x="114" y="223"/><vector name="lt" x="-84" y="-173"/><vector name="rb" x="78" y="-14"/><vector name="head" x="2" y="-124"/><int name="delay" value="90"/></canvas><canvas name="5" width="237" height="225"><vector name="origin" x="115" y="223"/><vector name="lt" x="-84" y="-173"/><vector name="rb" x="78" y="-14"/><vector name="head" x="3" y="-126"/><int name="delay" value="90"/></canvas><canvas name="6" width="231" height="224"><vector name="origin" x="110" y="224"/><vector name="lt" x="-84" y="-173"/><vector name="rb" x="78" y="-14"/><vector name="head" x="3" y="-128"/><int name="delay" value="90"/></canvas><canvas name="7" width="236" height="222"><vector name="origin" x="116" y="224"/><vector name="lt" x="-84" y="-173"/><vector name="rb" x="78" y="-14"/><vector name="head" x="2" y="-128"/><int name="delay" value="90"/></canvas><canvas name="8" width="238" height="223"><vector name="origin" x="119" y="222"/><vector name="lt" x="-84" y="-173"/><vector name="rb" x="78" y="-14"/><vector name="head" x="0" y="-126"/><int name="delay" value="90"/></canvas><canvas name="9" width="245" height="221"><vector name="origin" x="126" y="220"/><vector name="lt" x="-84" y="-173"/><vector name="rb" x="78" y="-14"/><vector name="head" x="0" y="-124"/><int name="delay" value="90"/></canvas><canvas name="10" width="243" height="224"><vector name="origin" x="122" y="223"/><vector name="lt" x="-84" y="-173"/><vector name="rb" x="78" y="-14"/><vector name="head" x="2" y="-124"/><int name="delay" value="90"/></canvas><canvas name="11" width="212" height="225"><vector name="origin" x="90" y="223"/><vector name="lt" x="-84" y="-173"/><vector name="rb" x="78" y="-14"/><vector name="head" x="3" y="-127"/><int name="delay" value="90"/></canvas><uol name="12" value="../stand/0"/><uol name="13" value="../stand/1"/><uol name="14" value="../stand/2"/><uol name="15" value="../stand/3"/><uol name="16" value="../stand/4"/><uol name="17" value="../stand/5"/></imgdir><imgdir name="hit1"><canvas name="0" width="209" height="222"><vector name="origin" x="90" y="222"/><vector name="lt" x="-84" y="-173"/><vector name="rb" x="80" y="-10"/><vector name="head" x="4" y="-129"/><int name="delay" value="600"/></canvas></imgdir><imgdir name="die1"><canvas name="0" width="200" height="200"><vector name="origin" x="88" y="213"/><vector name="head" x="4" y="-129"/><int name="delay" value="100"/></canvas><canvas name="1" width="200" height="202"><vector name="origin" x="88" y="221"/><vector name="head" x="4" y="-127"/><int name="delay" value="100"/></canvas><canvas name="2" width="200" height="176"><vector name="origin" x="88" y="207"/><vector name="head" x="4" y="-123"/><int name="delay" value="100"/></canvas><canvas name="3" width="200" height="157"><vector name="origin" x="88" y="199"/><vector name="head" x="4" y="-116"/><int name="delay" value="100"/></canvas><canvas name="4" width="200" height="124"><vector name="origin" x="88" y="180"/><vector name="head" x="5" y="-95"/><int name="delay" value="300"/><int name="a0" value="255"/><int name="a1" value="0"/></canvas></imgdir></imgdir>