<?xml version="1.0" encoding="UTF-8" standalone="yes"?><imgdir name="8143000.img"><imgdir name="info"><int name="bodyAttack" value="1"/><int name="level" value="99"/><int name="maxHP" value="60000"/><int name="maxMP" value="220"/><int name="speed" value="-10"/><int name="PADamage" value="465"/><int name="PDDamage" value="850"/><int name="MADamage" value="530"/><int name="MDDamage" value="570"/><int name="acc" value="205"/><int name="eva" value="38"/><int name="exp" value="2800"/><int name="undead" value="1"/><int name="pushed" value="6000"/><float name="fs" value="10.0"/><int name="summonType" value="1"/><string name="elemAttr" value="H3F3I1D2"/><int name="category" value="6"/></imgdir><imgdir name="move"><canvas name="0" width="163" height="143"><vector name="origin" x="81" y="142"/><vector name="lt" x="-70" y="-131"/><vector name="rb" x="68" y="-20"/><vector name="head" x="-44" y="-118"/><int name="delay" value="100"/></canvas><canvas name="1" width="164" height="143"><vector name="origin" x="82" y="141"/><vector name="lt" x="-68" y="-130"/><vector name="rb" x="67" y="-19"/><vector name="head" x="-44" y="-117"/><int name="delay" value="100"/></canvas><canvas name="2" width="166" height="144"><vector name="origin" x="84" y="140"/><vector name="lt" x="-72" y="-128"/><vector name="rb" x="67" y="-17"/><vector name="head" x="-44" y="-116"/><int name="delay" value="100"/></canvas><canvas name="3" width="163" height="144"><vector name="origin" x="80" y="141"/><vector name="lt" x="-69" y="-129"/><vector name="rb" x="67" y="-16"/><vector name="head" x="-44" y="-117"/><int name="delay" value="100"/></canvas><canvas name="4" width="164" height="143"><vector name="origin" x="82" y="142"/><vector name="lt" x="-70" y="-131"/><vector name="rb" x="68" y="-14"/><vector name="head" x="-44" y="-118"/><int name="delay" value="100"/></canvas><canvas name="5" width="165" height="143"><vector name="origin" x="83" y="143"/><vector name="lt" x="-64" y="-131"/><vector name="rb" x="66" y="-19"/><vector name="head" x="-44" y="-119"/><int name="delay" value="100"/></canvas></imgdir><imgdir name="stand"><canvas name="0" width="163" height="143"><vector name="origin" x="81" y="142"/><vector name="lt" x="-68" y="-128"/><vector name="rb" x="66" y="-22"/><vector name="head" x="-44" y="-118"/><int name="delay" value="130"/></canvas><canvas name="1" width="164" height="143"><vector name="origin" x="82" y="141"/><vector name="lt" x="-68" y="-130"/><vector name="rb" x="65" y="-15"/><vector name="head" x="-44" y="-117"/><int name="delay" value="130"/></canvas><canvas name="2" width="167" height="144"><vector name="origin" x="85" y="140"/><vector name="lt" x="-71" y="-127"/><vector name="rb" x="66" y="-15"/><vector name="head" x="-44" y="-116"/><int name="delay" value="130"/></canvas><canvas name="3" width="169" height="143"><vector name="origin" x="87" y="141"/><vector name="lt" x="-70" y="-130"/><vector name="rb" x="66" y="-19"/><vector name="head" x="-44" y="-117"/><int name="delay" value="130"/></canvas><canvas name="4" width="173" height="143"><vector name="origin" x="91" y="142"/><vector name="lt" x="-67" y="-130"/><vector name="rb" x="66" y="-19"/><vector name="head" x="-44" y="-118"/><int name="delay" value="130"/></canvas><canvas name="5" width="165" height="143"><vector name="origin" x="83" y="143"/><vector name="lt" x="-68" y="-128"/><vector name="rb" x="66" y="-19"/><vector name="head" x="-44" y="-119"/><int name="delay" value="130"/></canvas></imgdir><imgdir name="attack1"><imgdir name="info"><imgdir name="range"><vector name="lt" x="-33" y="-109"/><vector name="rb" x="44" y="4"/><int name="start" value="-5"/><int name="areaCount" value="9"/><int name="attackCount" value="3"/></imgdir><imgdir name="areaWarning"><canvas name="0" width="71" height="55"><vector name="origin" x="37" y="47"/><int name="delay" value="130"/></canvas><canvas name="1" width="80" height="85"><vector name="origin" x="44" y="77"/><int name="delay" value="130"/></canvas><canvas name="2" width="81" height="117"><vector name="origin" x="42" y="108"/><int name="delay" value="130"/></canvas><canvas name="3" width="96" height="116"><vector name="origin" x="41" y="110"/><int name="delay" value="130"/></canvas><canvas name="4" width="95" height="126"><vector name="origin" x="40" y="122"/><int name="delay" value="130"/></canvas><canvas name="5" width="93" height="123"><vector name="origin" x="38" y="119"/><int name="delay" value="130"/><int name="a0" value="255"/><int name="a1" value="0"/></canvas></imgdir><imgdir name="hit"><canvas name="0" width="79" height="78"><vector name="origin" x="34" y="43"/><int name="delay" value="300"/><int name="a0" value="255"/><int name="a1" value="0"/></canvas></imgdir><int name="type" value="3"/><int name="conMP" value="2"/><int name="attackAfter" value="520"/><string name="elemAttr" value="I"/><int name="magic" value="1"/></imgdir><canvas name="0" width="187" height="145"><vector name="origin" x="105" y="144"/><vector name="lt" x="-69" y="-128"/><vector name="rb" x="65" y="-15"/><vector name="head" x="-44" y="-118"/><int name="delay" value="130"/></canvas><canvas name="1" width="189" height="147"><vector name="origin" x="107" y="145"/><vector name="lt" x="-112" y="-129"/><vector name="rb" x="65" y="-15"/><vector name="head" x="-44" y="-119"/><int name="delay" value="130"/></canvas><canvas name="2" width="193" height="149"><vector name="origin" x="111" y="145"/><vector name="lt" x="-119" y="-131"/><vector name="rb" x="65" y="-15"/><vector name="head" x="-44" y="-121"/><int name="delay" value="130"/></canvas><canvas name="3" width="197" height="147"><vector name="origin" x="115" y="145"/><vector name="lt" x="-128" y="-132"/><vector name="rb" x="65" y="-15"/><vector name="head" x="-44" y="-123"/><int name="delay" value="130"/></canvas><canvas name="4" width="197" height="146"><vector name="origin" x="115" y="145"/><vector name="lt" x="-119" y="-130"/><vector name="rb" x="65" y="-15"/><vector name="head" x="-44" y="-119"/><int name="delay" value="130"/></canvas><canvas name="5" width="197" height="143"><vector name="origin" x="115" y="143"/><vector name="lt" x="-70" y="-130"/><vector name="rb" x="66" y="-19"/><vector name="head" x="-44" y="-118"/><int name="delay" value="130"/></canvas><uol name="6" value="../stand/0"/><uol name="7" value="../stand/1"/><uol name="8" value="../stand/2"/><uol name="9" value="../stand/3"/><uol name="10" value="../stand/4"/><uol name="11" value="../stand/5"/></imgdir><imgdir name="hit1"><canvas name="0" width="160" height="139"><vector name="origin" x="83" y="142"/><vector name="lt" x="-80" y="-137"/><vector name="rb" x="66" y="-16"/><vector name="head" x="-44" y="-118"/><int name="delay" value="600"/></canvas></imgdir><imgdir name="die1"><canvas name="0" width="149" height="128"><vector name="origin" x="79" y="129"/><vector name="head" x="-44" y="-118"/><int name="delay" value="130"/></canvas><canvas name="1" width="195" height="176"><vector name="origin" x="125" y="177"/><vector name="head" x="-44" y="-118"/><int name="delay" value="130"/></canvas><canvas name="2" width="243" height="225"><vector name="origin" x="155" y="212"/><vector name="head" x="-44" y="-118"/><int name="delay" value="130"/></canvas><canvas name="3" width="252" height="249"><vector name="origin" x="154" y="208"/><vector name="head" x="-44" y="-118"/><int name="delay" value="130"/></canvas><canvas name="4" width="216" height="214"><vector name="origin" x="131" y="179"/><vector name="head" x="-44" y="-118"/><int name="delay" value="130"/></canvas><canvas name="5" width="253" height="249"><vector name="origin" x="154" y="208"/><vector name="head" x="-44" y="-118"/><int name="delay" value="130"/></canvas><canvas name="6" width="176" height="178"><vector name="origin" x="102" y="162"/><vector name="head" x="-44" y="-118"/><imgdir name="rect"><imgdir name="0"><vector name="lt" x="-108" y="-172"/><vector name="rb" x="78" y="15"/></imgdir></imgdir><int name="delay" value="130"/></canvas><canvas name="7" width="198" height="189"><vector name="origin" x="119" y="175"/><vector name="head" x="-44" y="-118"/><imgdir name="0"><vector name="lt" x="-116" y="-174"/><vector name="rb" x="80" y="16"/></imgdir><int name="delay" value="130"/></canvas><canvas name="8" width="213" height="202"><vector name="origin" x="128" y="179"/><vector name="head" x="-44" y="-118"/><imgdir name="0"><vector name="lt" x="-129" y="-176"/><vector name="rb" x="83" y="16"/></imgdir><int name="delay" value="130"/></canvas><canvas name="9" width="207" height="200"><vector name="origin" x="126" y="178"/><vector name="head" x="-44" y="-118"/><imgdir name="0"><vector name="lt" x="-129" y="-176"/><vector name="rb" x="83" y="16"/></imgdir><int name="delay" value="130"/></canvas><canvas name="10" width="198" height="190"><vector name="origin" x="121" y="175"/><vector name="head" x="-44" y="-118"/><imgdir name="0"><vector name="lt" x="-129" y="-176"/><vector name="rb" x="83" y="16"/></imgdir><int name="delay" value="300"/><int name="a0" value="255"/><int name="a1" value="0"/></canvas></imgdir></imgdir>