<?xml version="1.0" encoding="UTF-8" standalone="yes"?><imgdir name="8150101.img"><imgdir name="info"><int name="bodyAttack" value="1"/><int name="level" value="102"/><int name="maxHP" value="58500"/><int name="maxMP" value="240"/><int name="speed" value="-40"/><int name="PADamage" value="500"/><int name="PDDamage" value="855"/><int name="MADamage" value="535"/><int name="MDDamage" value="575"/><int name="acc" value="205"/><int name="eva" value="38"/><int name="exp" value="3100"/><int name="undead" value="0"/><int name="pushed" value="5500"/><float name="fs" value="10.0"/><int name="summonType" value="1"/><string name="elemAttr" value="F2I2"/><imgdir name="skill"><imgdir name="0"><int name="skill" value="126"/><int name="action" value="1"/><int name="level" value="2"/><int name="effectAfter" value="0"/></imgdir></imgdir><int name="category" value="3"/></imgdir><imgdir name="move"><canvas name="0" width="139" height="102"><vector name="origin" x="69" y="102"/><vector name="lt" x="-69" y="-102"/><vector name="rb" x="70" y="-1"/><vector name="head" x="1" y="-77"/><int name="delay" value="100"/></canvas><canvas name="1" width="137" height="103"><vector name="origin" x="69" y="104"/><vector name="lt" x="-69" y="-104"/><vector name="rb" x="67" y="-1"/><vector name="head" x="0" y="-79"/><int name="delay" value="100"/></canvas><canvas name="2" width="129" height="103"><vector name="origin" x="69" y="106"/><vector name="lt" x="-69" y="-106"/><vector name="rb" x="59" y="-3"/><vector name="head" x="0" y="-80"/><int name="delay" value="100"/></canvas><canvas name="3" width="122" height="102"><vector name="origin" x="69" y="104"/><vector name="lt" x="-69" y="-104"/><vector name="rb" x="52" y="-2"/><vector name="head" x="0" y="-78"/><int name="delay" value="100"/></canvas><canvas name="4" width="127" height="102"><vector name="origin" x="69" y="102"/><vector name="lt" x="-69" y="-102"/><vector name="rb" x="58" y="-1"/><vector name="head" x="1" y="-76"/><int name="delay" value="100"/></canvas><canvas name="5" width="129" height="103"><vector name="origin" x="69" y="104"/><vector name="lt" x="-69" y="-105"/><vector name="rb" x="60" y="-1"/><vector name="head" x="0" y="-79"/><int name="delay" value="100"/></canvas><canvas name="6" width="136" height="102"><vector name="origin" x="69" y="105"/><vector name="lt" x="-69" y="-105"/><vector name="rb" x="66" y="-3"/><vector name="head" x="1" y="-80"/><int name="delay" value="100"/></canvas><canvas name="7" width="142" height="102"><vector name="origin" x="69" y="104"/><vector name="lt" x="-69" y="-105"/><vector name="rb" x="72" y="-2"/><vector name="head" x="-2" y="-78"/><int name="delay" value="100"/></canvas></imgdir><imgdir name="stand"><canvas name="0" width="139" height="103"><vector name="origin" x="69" y="103"/><vector name="lt" x="-70" y="-103"/><vector name="rb" x="70" y="0"/><vector name="head" x="1" y="-78"/><int name="delay" value="120"/></canvas><canvas name="1" width="140" height="104"><vector name="origin" x="69" y="104"/><vector name="lt" x="-69" y="-104"/><vector name="rb" x="71" y="0"/><vector name="head" x="2" y="-78"/><int name="delay" value="120"/></canvas><canvas name="2" width="141" height="103"><vector name="origin" x="69" y="103"/><vector name="lt" x="-69" y="-103"/><vector name="rb" x="72" y="0"/><vector name="head" x="0" y="-77"/><int name="delay" value="120"/></canvas><canvas name="3" width="140" height="101"><vector name="origin" x="69" y="101"/><vector name="lt" x="-69" y="-101"/><vector name="rb" x="71" y="0"/><vector name="head" x="0" y="-75"/><int name="delay" value="120"/></canvas><canvas name="4" width="139" height="100"><vector name="origin" x="69" y="100"/><vector name="lt" x="-69" y="-100"/><vector name="rb" x="68" y="0"/><vector name="head" x="1" y="-74"/><int name="delay" value="120"/></canvas><canvas name="5" width="138" height="100"><vector name="origin" x="69" y="100"/><vector name="lt" x="-69" y="-100"/><vector name="rb" x="69" y="0"/><vector name="head" x="-1" y="-75"/><int name="delay" value="120"/></canvas><canvas name="6" width="138" height="101"><vector name="origin" x="69" y="101"/><vector name="lt" x="-69" y="-101"/><vector name="rb" x="69" y="0"/><vector name="head" x="0" y="-76"/><int name="delay" value="120"/></canvas></imgdir><imgdir name="attack1"><imgdir name="info"><imgdir name="range"><vector name="lt" x="-297" y="-112"/><vector name="rb" x="131" y="1"/></imgdir><imgdir name="hit"><canvas name="0" width="101" height="101"><vector name="origin" x="53" y="60"/><int name="delay" value="100"/></canvas><canvas name="1" width="102" height="103"><vector name="origin" x="54" y="58"/><int name="delay" value="100"/></canvas><canvas name="2" width="99" height="98"><vector name="origin" x="52" y="55"/><int name="delay" value="100"/></canvas></imgdir><int name="type" value="0"/><int name="conMP" value="2"/><int name="attackAfter" value="960"/><int name="magic" value="1"/></imgdir><canvas name="0" width="200" height="109"><vector name="origin" x="130" y="109"/><vector name="lt" x="-65" y="-103"/><vector name="rb" x="64" y="0"/><vector name="head" x="4" y="-76"/><int name="delay" value="120"/></canvas><canvas name="1" width="199" height="109"><vector name="origin" x="127" y="109"/><vector name="lt" x="-61" y="-101"/><vector name="rb" x="69" y="0"/><vector name="head" x="9" y="-75"/><int name="delay" value="120"/></canvas><canvas name="2" width="196" height="117"><vector name="origin" x="123" y="109"/><vector name="lt" x="-55" y="-99"/><vector name="rb" x="66" y="0"/><vector name="head" x="14" y="-74"/><int name="delay" value="120"/></canvas><canvas name="3" width="196" height="117"><vector name="origin" x="122" y="109"/><vector name="head" x="17" y="-73"/><vector name="lt" x="-52" y="-99"/><vector name="rb" x="70" y="0"/><int name="delay" value="120"/></canvas><canvas name="4" width="200" height="112"><vector name="origin" x="125" y="109"/><vector name="lt" x="-51" y="-99"/><vector name="rb" x="71" y="0"/><vector name="head" x="19" y="-73"/><int name="delay" value="120"/></canvas><canvas name="5" width="196" height="121"><vector name="origin" x="121" y="118"/><vector name="lt" x="-51" y="-99"/><vector name="rb" x="70" y="0"/><vector name="head" x="19" y="-73"/><int name="delay" value="120"/></canvas><canvas name="6" width="193" height="140"><vector name="origin" x="118" y="124"/><vector name="lt" x="-50" y="-99"/><vector name="rb" x="69" y="0"/><vector name="head" x="19" y="-73"/><int name="delay" value="120"/></canvas><canvas name="7" width="187" height="134"><vector name="origin" x="112" y="121"/><vector name="lt" x="-50" y="-99"/><vector name="rb" x="70" y="0"/><vector name="head" x="19" y="-73"/><int name="delay" value="120"/></canvas><canvas name="8" width="193" height="123"><vector name="origin" x="125" y="115"/><vector name="lt" x="-72" y="-105"/><vector name="rb" x="63" y="0"/><vector name="head" x="-2" y="-78"/><int name="delay" value="120"/></canvas><canvas name="9" width="193" height="123"><vector name="origin" x="127" y="115"/><vector name="lt" x="-73" y="-104"/><vector name="rb" x="63" y="0"/><vector name="head" x="-4" y="-79"/><int name="delay" value="120"/></canvas><canvas name="10" width="198" height="127"><vector name="origin" x="130" y="117"/><vector name="lt" x="-72" y="-105"/><vector name="rb" x="62" y="0"/><vector name="head" x="-2" y="-79"/><int name="delay" value="120"/></canvas><canvas name="11" width="201" height="126"><vector name="origin" x="133" y="116"/><vector name="lt" x="-72" y="-104"/><vector name="rb" x="63" y="0"/><vector name="head" x="-2" y="-78"/><int name="delay" value="120"/></canvas><uol name="12" value="../stand/0"/><uol name="13" value="../stand/1"/><uol name="14" value="../stand/2"/><uol name="15" value="../stand/3"/><uol name="16" value="../stand/4"/><uol name="17" value="../stand/5"/><uol name="18" value="../stand/6"/></imgdir><imgdir name="skill1"><canvas name="0" width="136" height="102"><vector name="origin" x="65" y="102"/><vector name="lt" x="-65" y="-102"/><vector name="rb" x="67" y="0"/><vector name="head" x="4" y="-77"/><int name="delay" value="100"/></canvas><canvas name="1" width="132" height="100"><vector name="origin" x="59" y="100"/><vector name="lt" x="-59" y="-100"/><vector name="rb" x="69" y="0"/><vector name="head" x="10" y="-75"/><int name="delay" value="100"/></canvas><canvas name="2" width="186" height="126"><vector name="origin" x="116" y="123"/><vector name="lt" x="-91" y="-100"/><vector name="rb" x="49" y="0"/><vector name="head" x="-22" y="-74"/><int name="delay" value="100"/></canvas><canvas name="3" width="200" height="116"><vector name="origin" x="130" y="113"/><vector name="head" x="-23" y="-74"/><vector name="lt" x="-91" y="-100"/><vector name="rb" x="54" y="0"/><int name="delay" value="100"/></canvas><canvas name="4" width="207" height="123"><vector name="origin" x="137" y="117"/><vector name="lt" x="-90" y="-99"/><vector name="rb" x="60" y="0"/><vector name="head" x="-22" y="-73"/><int name="delay" value="100"/></canvas><canvas name="5" width="212" height="126"><vector name="origin" x="142" y="118"/><vector name="lt" x="-92" y="-100"/><vector name="rb" x="60" y="0"/><vector name="head" x="-22" y="-74"/><int name="delay" value="100"/></canvas><canvas name="6" width="161" height="126"><vector name="origin" x="91" y="123"/><vector name="lt" x="-91" y="-100"/><vector name="rb" x="60" y="0"/><vector name="head" x="-22" y="-74"/><int name="delay" value="100"/></canvas><canvas name="7" width="161" height="110"><vector name="origin" x="91" y="108"/><vector name="lt" x="-91" y="-99"/><vector name="rb" x="58" y="0"/><vector name="head" x="-22" y="-74"/><int name="delay" value="100"/></canvas><canvas name="8" width="139" height="104"><vector name="origin" x="72" y="104"/><vector name="lt" x="-72" y="-104"/><vector name="rb" x="61" y="0"/><vector name="head" x="-4" y="-79"/><int name="delay" value="100"/></canvas></imgdir><imgdir name="hit1"><canvas name="0" width="128" height="101"><vector name="origin" x="60" y="108"/><vector name="lt" x="-60" y="-108"/><vector name="rb" x="67" y="-7"/><vector name="head" x="9" y="-83"/><int name="delay" value="600"/></canvas></imgdir><imgdir name="die1"><canvas name="0" width="128" height="101"><vector name="origin" x="60" y="108"/><vector name="head" x="7" y="-83"/><int name="delay" value="100"/></canvas><canvas name="1" width="135" height="101"><vector name="origin" x="63" y="111"/><vector name="head" x="12" y="-86"/><int name="delay" value="100"/></canvas><canvas name="2" width="144" height="100"><vector name="origin" x="69" y="112"/><vector name="head" x="16" y="-86"/><int name="delay" value="100"/></canvas><canvas name="3" width="151" height="100"><vector name="origin" x="74" y="113"/><vector name="head" x="18" y="-87"/><int name="delay" value="100"/></canvas><canvas name="4" width="128" height="100"><vector name="origin" x="45" y="109"/><vector name="head" x="23" y="-84"/><int name="delay" value="100"/></canvas><canvas name="5" width="128" height="94"><vector name="origin" x="41" y="95"/><vector name="head" x="28" y="-69"/><int name="delay" value="300"/><int name="a0" value="255"/><int name="a1" value="0"/></canvas></imgdir></imgdir>