<?xml version="1.0" encoding="UTF-8" standalone="yes"?><imgdir name="8190001.img"><imgdir name="info"><int name="bodyAttack" value="1"/><int name="level" value="105"/><int name="maxHP" value="68000"/><int name="maxMP" value="200"/><int name="speed" value="0"/><int name="PADamage" value="500"/><int name="PDDamage" value="750"/><int name="MADamage" value="550"/><int name="MDDamage" value="680"/><int name="acc" value="205"/><int name="eva" value="38"/><int name="exp" value="0"/><int name="undead" value="0"/><int name="pushed" value="5000"/><int name="firstAttack" value="1"/><int name="summonType" value="1"/><imgdir name="revive"><int name="0" value="8190002"/></imgdir><int name="mbookID" value="8190000"/><int name="category" value="4"/></imgdir><imgdir name="stand"><canvas name="0" width="91" height="92"><vector name="origin" x="46" y="76"/><vector name="lt" x="-46" y="-76"/><vector name="rb" x="45" y="0"/><vector name="head" x="-12" y="-61"/><int name="delay" value="130"/></canvas><canvas name="1" width="91" height="86"><vector name="origin" x="46" y="70"/><vector name="lt" x="-46" y="-71"/><vector name="rb" x="45" y="0"/><vector name="head" x="-12" y="-55"/><int name="delay" value="130"/></canvas><canvas name="2" width="91" height="79"><vector name="origin" x="46" y="63"/><vector name="lt" x="-46" y="-63"/><vector name="rb" x="45" y="0"/><vector name="head" x="-12" y="-48"/><int name="delay" value="130"/></canvas><canvas name="3" width="91" height="77"><vector name="origin" x="46" y="61"/><vector name="lt" x="-46" y="-61"/><vector name="rb" x="45" y="0"/><vector name="head" x="-12" y="-46"/><int name="delay" value="130"/></canvas><canvas name="4" width="91" height="78"><vector name="origin" x="46" y="62"/><vector name="lt" x="-46" y="-62"/><vector name="rb" x="45" y="0"/><vector name="head" x="-12" y="-47"/><int name="delay" value="130"/></canvas><canvas name="5" width="91" height="78"><vector name="origin" x="46" y="62"/><vector name="lt" x="-46" y="-62"/><vector name="rb" x="45" y="0"/><vector name="head" x="-12" y="-47"/><int name="delay" value="130"/></canvas><canvas name="6" width="91" height="78"><vector name="origin" x="46" y="62"/><vector name="lt" x="-46" y="-62"/><vector name="rb" x="45" y="0"/><vector name="head" x="-12" y="-47"/><int name="delay" value="130"/></canvas><canvas name="7" width="91" height="78"><vector name="origin" x="46" y="62"/><vector name="lt" x="-46" y="-62"/><vector name="rb" x="45" y="0"/><vector name="head" x="-12" y="-47"/><int name="delay" value="130"/></canvas><canvas name="8" width="91" height="78"><vector name="origin" x="46" y="62"/><vector name="lt" x="-46" y="-62"/><vector name="rb" x="45" y="0"/><vector name="head" x="-12" y="-47"/><int name="delay" value="130"/></canvas><canvas name="9" width="91" height="78"><vector name="origin" x="46" y="62"/><vector name="lt" x="-46" y="-62"/><vector name="rb" x="45" y="0"/><vector name="head" x="-12" y="-47"/><int name="delay" value="500"/></canvas><canvas name="10" width="91" height="77"><vector name="origin" x="46" y="61"/><vector name="lt" x="-46" y="-61"/><vector name="rb" x="45" y="0"/><vector name="head" x="-12" y="-46"/><int name="delay" value="130"/></canvas><canvas name="11" width="91" height="79"><vector name="origin" x="46" y="63"/><vector name="lt" x="-46" y="-63"/><vector name="rb" x="45" y="0"/><vector name="head" x="-12" y="-48"/><int name="delay" value="130"/></canvas><canvas name="12" width="91" height="86"><vector name="origin" x="46" y="70"/><vector name="lt" x="-46" y="-71"/><vector name="rb" x="45" y="0"/><vector name="head" x="-12" y="-55"/><int name="delay" value="130"/></canvas></imgdir><imgdir name="attack1"><imgdir name="info"><imgdir name="range"><vector name="sp" x="-5" y="-50"/><int name="r" value="300"/></imgdir><imgdir name="hit"><canvas name="0" width="52" height="57"><vector name="origin" x="8" y="29"/><int name="delay" value="130"/></canvas><canvas name="1" width="68" height="70"><vector name="origin" x="13" y="35"/><int name="delay" value="130"/></canvas><canvas name="2" width="59" height="70"><vector name="origin" x="14" y="34"/><int name="delay" value="130"/></canvas><canvas name="3" width="17" height="48"><vector name="origin" x="15" y="24"/><int name="delay" value="130"/></canvas></imgdir><int name="type" value="1"/><int name="attackAfter" value="1040"/><int name="PADamage" value="510"/></imgdir><canvas name="0" width="126" height="104"><vector name="origin" x="80" y="88"/><vector name="lt" x="-47" y="-76"/><vector name="rb" x="45" y="0"/><vector name="head" x="-12" y="-61"/><int name="delay" value="130"/></canvas><canvas name="1" width="121" height="120"><vector name="origin" x="74" y="104"/><vector name="lt" x="-47" y="-82"/><vector name="rb" x="45" y="0"/><vector name="head" x="-12" y="-67"/><int name="delay" value="130"/></canvas><canvas name="2" width="114" height="128"><vector name="origin" x="67" y="112"/><vector name="lt" x="-44" y="-91"/><vector name="rb" x="45" y="0"/><vector name="head" x="-11" y="-75"/><int name="delay" value="130"/></canvas><canvas name="3" width="106" height="117"><vector name="origin" x="61" y="101"/><vector name="lt" x="-46" y="-91"/><vector name="rb" x="45" y="0"/><vector name="head" x="-9" y="-75"/><int name="delay" value="130"/></canvas><canvas name="4" width="91" height="106"><vector name="origin" x="46" y="90"/><vector name="lt" x="-46" y="-90"/><vector name="rb" x="45" y="0"/><vector name="head" x="-9" y="-75"/><int name="delay" value="130"/></canvas><canvas name="5" width="97" height="101"><vector name="origin" x="52" y="85"/><vector name="lt" x="-46" y="-85"/><vector name="rb" x="45" y="0"/><vector name="head" x="-12" y="-70"/><int name="delay" value="130"/></canvas><canvas name="6" width="113" height="99"><vector name="origin" x="68" y="83"/><vector name="lt" x="-46" y="-83"/><vector name="rb" x="45" y="0"/><vector name="head" x="-13" y="-68"/><int name="delay" value="130"/></canvas><canvas name="7" width="130" height="99"><vector name="origin" x="85" y="83"/><vector name="lt" x="-46" y="-79"/><vector name="rb" x="45" y="0"/><vector name="head" x="-13" y="-64"/><int name="delay" value="130"/></canvas><canvas name="8" width="158" height="102"><vector name="origin" x="113" y="85"/><vector name="lt" x="-46" y="-77"/><vector name="rb" x="45" y="0"/><vector name="head" x="-12" y="-62"/><int name="delay" value="130"/></canvas><canvas name="9" width="177" height="105"><vector name="origin" x="131" y="88"/><vector name="lt" x="-46" y="-77"/><vector name="rb" x="49" y="0"/><vector name="head" x="-8" y="-61"/><int name="delay" value="130"/></canvas><canvas name="10" width="91" height="91"><vector name="origin" x="46" y="75"/><vector name="lt" x="-42" y="-77"/><vector name="rb" x="49" y="0"/><vector name="head" x="-8" y="-61"/><int name="delay" value="130"/></canvas><uol name="11" value="../stand/0"/><uol name="12" value="../stand/1"/><uol name="13" value="../stand/2"/><uol name="14" value="../stand/3"/><uol name="15" value="../stand/4"/><uol name="16" value="../stand/5"/><uol name="17" value="../stand/6"/><uol name="18" value="../stand/7"/><uol name="19" value="../stand/8"/><uol name="20" value="../stand/9"/><uol name="21" value="../stand/10"/><uol name="22" value="../stand/11"/><uol name="23" value="../stand/12"/></imgdir><imgdir name="attack2"><imgdir name="info"><imgdir name="range"><vector name="lt" x="-250" y="-150"/><vector name="rb" x="10" y="30"/></imgdir><imgdir name="hit"><canvas name="0" width="36" height="37"><vector name="origin" x="23" y="122"/></canvas><canvas name="1" width="63" height="48"><vector name="origin" x="37" y="125"/></canvas><canvas name="2" width="80" height="131"><vector name="origin" x="45" y="127"/></canvas><canvas name="3" width="89" height="137"><vector name="origin" x="50" y="128"/></canvas><canvas name="4" width="99" height="138"><vector name="origin" x="54" y="129"/></canvas><canvas name="5" width="123" height="138"><vector name="origin" x="68" y="129"/></canvas><canvas name="6" width="141" height="137"><vector name="origin" x="73" y="128"/></canvas><canvas name="7" width="148" height="128"><vector name="origin" x="73" y="119"/></canvas><canvas name="8" width="86" height="126"><vector name="origin" x="48" y="117"/></canvas><int name="attach" value="1"/></imgdir><int name="type" value="0"/><int name="attackAfter" value="260"/><int name="PADamage" value="515"/></imgdir><canvas name="0" width="148" height="110"><vector name="origin" x="103" y="93"/><vector name="lt" x="-44" y="-80"/><vector name="rb" x="45" y="0"/><vector name="head" x="-14" y="-65"/><int name="delay" value="130"/></canvas><canvas name="1" width="144" height="133"><vector name="origin" x="99" y="108"/><vector name="lt" x="-44" y="-78"/><vector name="rb" x="45" y="0"/><vector name="head" x="-14" y="-61"/><int name="delay" value="130"/></canvas><canvas name="2" width="141" height="131"><vector name="origin" x="96" y="102"/><vector name="lt" x="-44" y="-77"/><vector name="rb" x="45" y="0"/><vector name="head" x="-15" y="-62"/><int name="delay" value="130"/></canvas><canvas name="3" width="135" height="117"><vector name="origin" x="90" y="97"/><vector name="lt" x="-44" y="-77"/><vector name="rb" x="45" y="0"/><vector name="head" x="-13" y="-63"/><int name="delay" value="130"/></canvas><canvas name="4" width="131" height="106"><vector name="origin" x="86" y="90"/><vector name="lt" x="-44" y="-77"/><vector name="rb" x="45" y="0"/><vector name="head" x="-12" y="-63"/><int name="delay" value="130"/></canvas><canvas name="5" width="130" height="103"><vector name="origin" x="85" y="87"/><vector name="lt" x="-44" y="-76"/><vector name="rb" x="45" y="0"/><vector name="head" x="-12" y="-62"/><int name="delay" value="130"/></canvas><canvas name="6" width="129" height="101"><vector name="origin" x="84" y="85"/><vector name="lt" x="-44" y="-79"/><vector name="rb" x="45" y="0"/><vector name="head" x="-14" y="-65"/><int name="delay" value="130"/></canvas><canvas name="7" width="130" height="102"><vector name="origin" x="85" y="86"/><vector name="lt" x="-44" y="-78"/><vector name="rb" x="45" y="0"/><vector name="head" x="-14" y="-63"/><int name="delay" value="130"/></canvas><canvas name="8" width="129" height="101"><vector name="origin" x="84" y="85"/><vector name="lt" x="-44" y="-77"/><vector name="rb" x="45" y="0"/><vector name="head" x="-14" y="-62"/><int name="delay" value="130"/></canvas><canvas name="9" width="130" height="102"><vector name="origin" x="85" y="86"/><vector name="lt" x="-44" y="-78"/><vector name="rb" x="45" y="0"/><vector name="head" x="-13" y="-63"/><int name="delay" value="130"/></canvas><canvas name="10" width="131" height="99"><vector name="origin" x="86" y="83"/><vector name="lt" x="-44" y="-78"/><vector name="rb" x="45" y="0"/><vector name="head" x="-12" y="-63"/><int name="delay" value="130"/></canvas><canvas name="11" width="130" height="100"><vector name="origin" x="85" y="84"/><vector name="lt" x="-44" y="-77"/><vector name="rb" x="45" y="0"/><vector name="head" x="-12" y="-62"/><int name="delay" value="130"/></canvas><uol name="12" value="../stand/0"/><uol name="13" value="../stand/1"/><uol name="14" value="../stand/2"/><uol name="15" value="../stand/3"/><uol name="16" value="../stand/4"/><uol name="17" value="../stand/5"/><uol name="18" value="../stand/6"/><uol name="19" value="../stand/7"/><uol name="20" value="../stand/8"/><uol name="21" value="../stand/9"/><uol name="22" value="../stand/10"/><uol name="23" value="../stand/11"/><uol name="24" value="../stand/12"/></imgdir><imgdir name="hit1"><canvas name="0" width="96" height="115"><vector name="origin" x="46" y="99"/><vector name="lt" x="-47" y="-90"/><vector name="rb" x="49" y="0"/><vector name="head" x="-5" y="-76"/><int name="delay" value="600"/></canvas></imgdir><imgdir name="die1"><canvas name="0" width="91" height="93"><vector name="origin" x="46" y="77"/><vector name="head" x="-12" y="-62"/><int name="delay" value="150"/></canvas><canvas name="1" width="91" height="95"><vector name="origin" x="46" y="79"/><vector name="head" x="-13" y="-64"/><int name="delay" value="150"/></canvas><canvas name="2" width="91" height="96"><vector name="origin" x="46" y="80"/><vector name="head" x="-13" y="-65"/><int name="delay" value="150"/></canvas><canvas name="3" width="91" height="95"><vector name="origin" x="46" y="79"/><vector name="head" x="-13" y="-64"/><int name="delay" value="150"/></canvas><canvas name="4" width="91" height="93"><vector name="origin" x="46" y="77"/><vector name="head" x="-12" y="-62"/><int name="delay" value="150"/></canvas><canvas name="5" width="91" height="92"><vector name="origin" x="46" y="76"/><vector name="head" x="-12" y="-61"/><int name="delay" value="150"/></canvas><canvas name="6" width="130" height="81"><vector name="origin" x="61" y="77"/><vector name="head" x="-12" y="-62"/><int name="delay" value="150"/></canvas><canvas name="7" width="138" height="82"><vector name="origin" x="66" y="78"/><vector name="head" x="-13" y="-63"/><int name="delay" value="150"/></canvas><canvas name="8" width="130" height="86"><vector name="origin" x="61" y="82"/><vector name="head" x="-13" y="-67"/><int name="delay" value="150"/></canvas><canvas name="9" width="138" height="84"><vector name="origin" x="66" y="80"/><vector name="head" x="-13" y="-65"/><int name="delay" value="150"/></canvas><canvas name="10" width="130" height="86"><vector name="origin" x="61" y="82"/><vector name="head" x="-12" y="-67"/><int name="delay" value="150"/></canvas><canvas name="11" width="138" height="87"><vector name="origin" x="66" y="83"/><vector name="head" x="-12" y="-68"/><int name="delay" value="150"/></canvas><canvas name="12" width="130" height="92"><vector name="origin" x="61" y="88"/><vector name="head" x="-12" y="-73"/><int name="delay" value="150"/></canvas><canvas name="13" width="138" height="104"><vector name="origin" x="66" y="100"/><vector name="head" x="-13" y="-85"/><int name="delay" value="150"/></canvas><canvas name="14" width="130" height="117"><vector name="origin" x="61" y="113"/><vector name="head" x="-13" y="-99"/><int name="delay" value="150"/></canvas><canvas name="15" width="138" height="123"><vector name="origin" x="66" y="119"/><vector name="head" x="-13" y="-104"/><int name="delay" value="150"/></canvas><canvas name="16" width="130" height="123"><vector name="origin" x="61" y="119"/><vector name="head" x="-12" y="-104"/><int name="delay" value="150"/></canvas><canvas name="17" width="138" height="124"><vector name="origin" x="66" y="120"/><vector name="head" x="-12" y="-105"/><int name="delay" value="150"/></canvas><canvas name="18" width="130" height="126"><vector name="origin" x="61" y="122"/><vector name="head" x="-12" y="-107"/><int name="delay" value="150"/></canvas><canvas name="19" width="138" height="145"><vector name="origin" x="66" y="141"/><vector name="head" x="-13" y="-126"/><int name="delay" value="150"/></canvas><canvas name="20" width="147" height="157"><vector name="origin" x="70" y="152"/><vector name="head" x="-13" y="-137"/><int name="delay" value="150"/></canvas><canvas name="21" width="154" height="156"><vector name="origin" x="75" y="151"/><vector name="head" x="-13" y="-136"/><int name="delay" value="150"/></canvas><canvas name="22" width="156" height="150"><vector name="origin" x="74" y="149"/><vector name="head" x="-12" y="-134"/><int name="delay" value="150"/></canvas><canvas name="23" width="155" height="153"><vector name="origin" x="76" y="148"/><vector name="head" x="-12" y="-134"/><int name="delay" value="150"/></canvas><canvas name="24" width="112" height="160"><vector name="origin" x="50" y="149"/><vector name="head" x="-8" y="-134"/><int name="delay" value="300"/></canvas></imgdir></imgdir>