<?xml version="1.0" encoding="UTF-8" standalone="yes"?><imgdir name="8190005.img"><imgdir name="info"><int name="bodyAttack" value="1"/><int name="level" value="110"/><int name="maxHP" value="80000"/><int name="maxMP" value="240"/><int name="speed" value="-50"/><int name="PADamage" value="580"/><int name="PDDamage" value="900"/><int name="MADamage" value="650"/><int name="MDDamage" value="600"/><int name="acc" value="210"/><int name="eva" value="38"/><int name="exp" value="4450"/><int name="undead" value="0"/><int name="pushed" value="5000"/><int name="fs" value="10"/><int name="summonType" value="1"/><string name="link" value="8190002"/><int name="category" value="8"/></imgdir></imgdir>