<?xml version="1.0" encoding="UTF-8" standalone="yes"?><imgdir name="8200009.img"><imgdir name="info"><int name="bodyAttack" value="1"/><int name="level" value="121"/><int name="maxHP" value="115000"/><int name="maxMP" value="300"/><int name="speed" value="-70"/><int name="PADamage" value="605"/><int name="PDDamage" value="740"/><int name="MADamage" value="685"/><int name="MDDamage" value="870"/><int name="acc" value="215"/><int name="eva" value="41"/><int name="exp" value="5750"/><int name="undead" value="0"/><int name="pushed" value="9000"/><float name="fs" value="10.0"/><string name="elemAttr" value="S3I3L3"/><int name="summonType" value="1"/><int name="category" value="6"/></imgdir><imgdir name="stand"><canvas name="0" width="67" height="186"><vector name="origin" x="31" y="186"/><vector name="lt" x="-24" y="-119"/><vector name="rb" x="25" y="-1"/><vector name="head" x="-3" y="-187"/><int name="delay" value="120"/></canvas><canvas name="1" width="67" height="185"><vector name="origin" x="31" y="185"/><vector name="lt" x="-24" y="-119"/><vector name="rb" x="25" y="-1"/><vector name="head" x="-3" y="-187"/><int name="delay" value="120"/></canvas><canvas name="2" width="67" height="184"><vector name="origin" x="31" y="184"/><vector name="lt" x="-24" y="-119"/><vector name="rb" x="25" y="-1"/><vector name="head" x="-3" y="-187"/><int name="delay" value="120"/></canvas><canvas name="3" width="67" height="183"><vector name="origin" x="31" y="183"/><vector name="lt" x="-24" y="-119"/><vector name="rb" x="25" y="-1"/><vector name="head" x="-3" y="-187"/><int name="delay" value="120"/></canvas><canvas name="4" width="67" height="184"><vector name="origin" x="31" y="184"/><vector name="lt" x="-24" y="-119"/><vector name="rb" x="25" y="-1"/><vector name="head" x="-3" y="-187"/><int name="delay" value="120"/></canvas><canvas name="5" width="67" height="185"><vector name="origin" x="31" y="185"/><vector name="lt" x="-24" y="-119"/><vector name="rb" x="25" y="-1"/><vector name="head" x="-3" y="-187"/><int name="delay" value="120"/></canvas><canvas name="6" width="67" height="186"><vector name="origin" x="31" y="186"/><vector name="lt" x="-24" y="-119"/><vector name="rb" x="25" y="-1"/><vector name="head" x="-3" y="-187"/><int name="delay" value="120"/></canvas><canvas name="7" width="67" height="185"><vector name="origin" x="31" y="185"/><vector name="lt" x="-24" y="-119"/><vector name="rb" x="25" y="-1"/><vector name="head" x="-3" y="-187"/><int name="delay" value="120"/></canvas><canvas name="8" width="67" height="184"><vector name="origin" x="31" y="184"/><vector name="lt" x="-24" y="-119"/><vector name="rb" x="25" y="-1"/><vector name="head" x="-3" y="-187"/><int name="delay" value="120"/></canvas><canvas name="9" width="67" height="183"><vector name="origin" x="31" y="183"/><vector name="lt" x="-24" y="-119"/><vector name="rb" x="25" y="-1"/><vector name="head" x="-3" y="-187"/><int name="delay" value="120"/></canvas><canvas name="10" width="67" height="184"><vector name="origin" x="31" y="184"/><vector name="lt" x="-24" y="-119"/><vector name="rb" x="25" y="-1"/><vector name="head" x="-3" y="-187"/><int name="delay" value="120"/></canvas><canvas name="11" width="67" height="185"><vector name="origin" x="31" y="185"/><vector name="lt" x="-24" y="-119"/><vector name="rb" x="25" y="-1"/><vector name="head" x="-3" y="-187"/><int name="delay" value="120"/></canvas></imgdir><imgdir name="move"><canvas name="0" width="66" height="186"><vector name="origin" x="30" y="186"/><vector name="lt" x="-24" y="-119"/><vector name="rb" x="25" y="-1"/><vector name="head" x="-3" y="-187"/><int name="delay" value="120"/></canvas><canvas name="1" width="65" height="185"><vector name="origin" x="31" y="185"/><vector name="lt" x="-24" y="-119"/><vector name="rb" x="25" y="-1"/><vector name="head" x="-3" y="-187"/><int name="delay" value="120"/></canvas><canvas name="2" width="64" height="184"><vector name="origin" x="32" y="184"/><vector name="lt" x="-24" y="-119"/><vector name="rb" x="25" y="-1"/><vector name="head" x="-3" y="-187"/><int name="delay" value="120"/></canvas><canvas name="3" width="63" height="183"><vector name="origin" x="33" y="183"/><vector name="lt" x="-24" y="-119"/><vector name="rb" x="25" y="-1"/><vector name="head" x="-3" y="-187"/><int name="delay" value="120"/></canvas><canvas name="4" width="64" height="184"><vector name="origin" x="32" y="184"/><vector name="lt" x="-24" y="-119"/><vector name="rb" x="25" y="-1"/><vector name="head" x="-3" y="-187"/><int name="delay" value="120"/></canvas><canvas name="5" width="65" height="185"><vector name="origin" x="31" y="185"/><vector name="lt" x="-24" y="-119"/><vector name="rb" x="25" y="-1"/><vector name="head" x="-3" y="-187"/><int name="delay" value="120"/></canvas></imgdir><imgdir name="attack1"><imgdir name="info"><imgdir name="range"><vector name="lt" x="-350" y="-200"/><vector name="rb" x="-50" y="0"/></imgdir><imgdir name="hit"><canvas name="0" width="104" height="98"><vector name="origin" x="58" y="82"/><int name="delay" value="90"/></canvas><canvas name="1" width="102" height="96"><vector name="origin" x="57" y="80"/><int name="delay" value="90"/></canvas><canvas name="2" width="98" height="100"><vector name="origin" x="53" y="79"/><int name="delay" value="90"/></canvas><canvas name="3" width="92" height="94"><vector name="origin" x="48" y="76"/><int name="delay" value="90"/></canvas><int name="attach" value="1"/></imgdir><int name="type" value="0"/><int name="conMP" value="1"/><int name="attackAfter" value="1200"/><int name="magic" value="1"/></imgdir><canvas name="0" width="67" height="186"><vector name="origin" x="31" y="186"/><vector name="lt" x="-24" y="-119"/><vector name="rb" x="25" y="-1"/><vector name="head" x="-3" y="-187"/><int name="delay" value="120"/></canvas><canvas name="1" width="89" height="183"><vector name="origin" x="53" y="183"/><vector name="lt" x="-24" y="-119"/><vector name="rb" x="25" y="-1"/><vector name="head" x="-3" y="-187"/><int name="delay" value="120"/></canvas><canvas name="2" width="121" height="181"><vector name="origin" x="74" y="181"/><vector name="lt" x="-24" y="-119"/><vector name="rb" x="25" y="-1"/><vector name="head" x="-3" y="-187"/><int name="delay" value="120"/></canvas><canvas name="3" width="118" height="183"><vector name="origin" x="73" y="178"/><vector name="lt" x="-24" y="-119"/><vector name="rb" x="25" y="-1"/><vector name="head" x="-3" y="-187"/><int name="delay" value="120"/></canvas><canvas name="4" width="112" height="192"><vector name="origin" x="68" y="181"/><vector name="lt" x="-24" y="-119"/><vector name="rb" x="25" y="-1"/><vector name="head" x="-3" y="-187"/><int name="delay" value="120"/></canvas><canvas name="5" width="108" height="199"><vector name="origin" x="60" y="185"/><vector name="lt" x="-24" y="-119"/><vector name="rb" x="25" y="-1"/><vector name="head" x="-3" y="-187"/><int name="delay" value="120"/></canvas><canvas name="6" width="102" height="203"><vector name="origin" x="52" y="187"/><vector name="lt" x="-24" y="-119"/><vector name="rb" x="25" y="-1"/><vector name="head" x="-3" y="-187"/><int name="delay" value="120"/></canvas><canvas name="7" width="100" height="205"><vector name="origin" x="49" y="188"/><vector name="lt" x="-24" y="-119"/><vector name="rb" x="25" y="-1"/><vector name="head" x="-3" y="-187"/><int name="delay" value="120"/></canvas><canvas name="8" width="101" height="207"><vector name="origin" x="49" y="189"/><vector name="lt" x="-24" y="-119"/><vector name="rb" x="25" y="-1"/><vector name="head" x="-3" y="-187"/><int name="delay" value="120"/></canvas><canvas name="9" width="108" height="207"><vector name="origin" x="55" y="189"/><vector name="lt" x="-24" y="-119"/><vector name="rb" x="25" y="-1"/><vector name="head" x="-3" y="-187"/><int name="delay" value="120"/></canvas><canvas name="10" width="168" height="230"><vector name="origin" x="93" y="202"/><vector name="lt" x="-44" y="-119"/><vector name="rb" x="39" y="-1"/><vector name="head" x="-3" y="-187"/><int name="delay" value="120"/></canvas><canvas name="11" width="171" height="228"><vector name="origin" x="93" y="200"/><vector name="lt" x="-44" y="-119"/><vector name="rb" x="39" y="-1"/><vector name="head" x="-3" y="-187"/><int name="delay" value="120"/></canvas><canvas name="12" width="171" height="223"><vector name="origin" x="93" y="196"/><vector name="lt" x="-44" y="-119"/><vector name="rb" x="39" y="-1"/><vector name="head" x="-3" y="-187"/><int name="delay" value="120"/></canvas><canvas name="13" width="170" height="215"><vector name="origin" x="93" y="189"/><vector name="lt" x="-44" y="-119"/><vector name="rb" x="39" y="-1"/><vector name="head" x="-3" y="-187"/><int name="delay" value="120"/></canvas><canvas name="14" width="100" height="188"><vector name="origin" x="60" y="188"/><vector name="lt" x="-44" y="-119"/><vector name="rb" x="39" y="-1"/><vector name="head" x="-3" y="-187"/><int name="delay" value="120"/></canvas><canvas name="15" width="84" height="187"><vector name="origin" x="44" y="187"/><vector name="lt" x="-44" y="-119"/><vector name="rb" x="39" y="-1"/><vector name="head" x="-3" y="-187"/><int name="delay" value="120"/></canvas><canvas name="16" width="82" height="186"><vector name="origin" x="43" y="186"/><vector name="lt" x="-44" y="-119"/><vector name="rb" x="39" y="-1"/><vector name="head" x="-3" y="-187"/><int name="delay" value="120"/></canvas></imgdir><imgdir name="hit1"><canvas name="0" width="80" height="183"><vector name="origin" x="23" y="183"/><vector name="lt" x="-9" y="-120"/><vector name="rb" x="46" y="-2"/><vector name="head" x="-3" y="-187"/><int name="delay" value="600"/></canvas></imgdir><imgdir name="die1"><canvas name="0" width="71" height="183"><vector name="origin" x="25" y="183"/><vector name="head" x="-3" y="-187"/><int name="delay" value="120"/></canvas><canvas name="1" width="65" height="183"><vector name="origin" x="18" y="184"/><vector name="head" x="-3" y="-187"/><int name="delay" value="120"/></canvas><canvas name="2" width="63" height="182"><vector name="origin" x="16" y="185"/><vector name="head" x="-3" y="-187"/><int name="delay" value="120"/></canvas><canvas name="3" width="63" height="183"><vector name="origin" x="15" y="187"/><vector name="head" x="-3" y="-187"/><int name="delay" value="120"/></canvas><canvas name="4" width="63" height="182"><vector name="origin" x="14" y="188"/><vector name="head" x="-3" y="-187"/><int name="delay" value="120"/></canvas><canvas name="5" width="63" height="183"><vector name="origin" x="12" y="186"/><vector name="head" x="-3" y="-187"/><int name="delay" value="120"/></canvas><canvas name="6" width="63" height="182"><vector name="origin" x="10" y="184"/><vector name="head" x="-3" y="-187"/><int name="delay" value="120"/></canvas><canvas name="7" width="63" height="183"><vector name="origin" x="8" y="182"/><vector name="head" x="-3" y="-187"/><int name="delay" value="120"/></canvas><canvas name="8" width="63" height="182"><vector name="origin" x="7" y="181"/><vector name="head" x="-3" y="-187"/><int name="delay" value="120"/><int name="a0" value="255"/><int name="a1" value="0"/></canvas></imgdir></imgdir>