<?xml version="1.0" encoding="UTF-8" standalone="yes"?><imgdir name="8220011.img"><imgdir name="info"><int name="bodyAttack" value="1"/><int name="level" value="85"/><int name="maxHP" value="410000"/><int name="maxMP" value="1500"/><int name="speed" value="0"/><int name="PADamage" value="530"/><int name="PDDamage" value="700"/><int name="MADamage" value="670"/><int name="MDDamage" value="200"/><int name="acc" value="200"/><int name="eva" value="32"/><int name="exp" value="4300"/><int name="undead" value="0"/><int name="pushed" value="5500"/><int name="hpTagColor" value="1"/><int name="hpTagBgcolor" value="5"/><int name="boss" value="1"/><float name="fs" value="10.0"/><string name="elemAttr" value="I3S3"/><int name="summonType" value="1"/><imgdir name="skill"><imgdir name="0"><int name="skill" value="102"/><int name="action" value="1"/><int name="level" value="6"/><int name="effectAfter" value="0"/></imgdir></imgdir><int name="category" value="6"/></imgdir><imgdir name="regen"><canvas name="0" width="135" height="135"><vector name="origin" x="62" y="203"/><int name="delay" value="120"/></canvas><canvas name="1" width="135" height="135"><vector name="origin" x="62" y="203"/><int name="delay" value="120"/></canvas><canvas name="2" width="133" height="133"><vector name="origin" x="61" y="202"/><int name="delay" value="120"/></canvas><canvas name="3" width="139" height="139"><vector name="origin" x="64" y="205"/><int name="delay" value="120"/></canvas><canvas name="4" width="141" height="141"><vector name="origin" x="65" y="206"/><int name="delay" value="120"/></canvas><canvas name="5" width="137" height="137"><vector name="origin" x="63" y="204"/><int name="delay" value="120"/></canvas><canvas name="6" width="165" height="165"><vector name="origin" x="77" y="218"/><int name="delay" value="120"/></canvas><canvas name="7" width="161" height="161"><vector name="origin" x="75" y="216"/><int name="delay" value="120"/></canvas><canvas name="8" width="153" height="153"><vector name="origin" x="71" y="212"/><int name="delay" value="120"/></canvas><canvas name="9" width="200" height="209"><vector name="origin" x="94" y="240"/><int name="delay" value="120"/></canvas><canvas name="10" width="198" height="209"><vector name="origin" x="93" y="240"/><int name="delay" value="120"/></canvas><canvas name="11" width="218" height="235"><vector name="origin" x="103" y="253"/><int name="delay" value="120"/></canvas><canvas name="12" width="254" height="275"><vector name="origin" x="121" y="273"/><int name="delay" value="120"/></canvas><canvas name="13" width="182" height="191"><vector name="origin" x="85" y="231"/><int name="delay" value="120"/></canvas><canvas name="14" width="178" height="191"><vector name="origin" x="80" y="231"/><int name="delay" value="120"/></canvas><canvas name="15" width="174" height="191"><vector name="origin" x="75" y="231"/><int name="delay" value="120"/></canvas><canvas name="16" width="173" height="191"><vector name="origin" x="73" y="231"/><int name="delay" value="120"/></canvas><canvas name="17" width="171" height="191"><vector name="origin" x="70" y="231"/><int name="delay" value="120"/></canvas><canvas name="18" width="171" height="191"><vector name="origin" x="70" y="231"/><int name="delay" value="120"/></canvas><canvas name="19" width="221" height="191"><vector name="origin" x="94" y="231"/><int name="delay" value="120"/></canvas><canvas name="20" width="478" height="244"><vector name="origin" x="203" y="250"/><vector name="lt" x="-95" y="-187"/><vector name="rb" x="142" y="-24"/><vector name="head" x="-5" y="-130"/><int name="delay" value="120"/></canvas><canvas name="21" width="492" height="247"><vector name="origin" x="210" y="259"/><int name="delay" value="120"/><vector name="lt" x="-95" y="-187"/><vector name="rb" x="142" y="-24"/><vector name="head" x="-5" y="-130"/></canvas><canvas name="22" width="500" height="259"><vector name="origin" x="214" y="265"/><int name="delay" value="120"/><vector name="lt" x="-95" y="-187"/><vector name="rb" x="142" y="-24"/><vector name="head" x="-5" y="-130"/></canvas><canvas name="23" width="494" height="259"><vector name="origin" x="211" y="264"/><int name="delay" value="120"/><vector name="lt" x="-95" y="-187"/><vector name="rb" x="142" y="-24"/><vector name="head" x="-5" y="-130"/></canvas><canvas name="24" width="236" height="214"><vector name="origin" x="94" y="231"/><int name="delay" value="120"/><vector name="lt" x="-95" y="-187"/><vector name="rb" x="142" y="-24"/><vector name="head" x="-5" y="-130"/></canvas><canvas name="25" width="236" height="201"><vector name="origin" x="94" y="231"/><vector name="lt" x="-95" y="-187"/><vector name="rb" x="142" y="-24"/><vector name="head" x="-5" y="-130"/><int name="delay" value="120"/></canvas><canvas name="26" width="239" height="200"><vector name="origin" x="95" y="231"/><vector name="lt" x="-95" y="-187"/><vector name="rb" x="142" y="-24"/><vector name="head" x="-5" y="-130"/><int name="delay" value="120"/></canvas><canvas name="27" width="238" height="265"><vector name="origin" x="94" y="230"/><vector name="lt" x="-95" y="-187"/><vector name="rb" x="142" y="-24"/><vector name="head" x="-5" y="-130"/><int name="delay" value="120"/></canvas><canvas name="28" width="239" height="243"><vector name="origin" x="95" y="231"/><vector name="lt" x="-95" y="-187"/><vector name="rb" x="142" y="-24"/><vector name="head" x="-5" y="-130"/><int name="delay" value="120"/></canvas><canvas name="29" width="236" height="244"><vector name="origin" x="94" y="231"/><vector name="lt" x="-95" y="-187"/><vector name="rb" x="142" y="-24"/><vector name="head" x="-5" y="-130"/><int name="delay" value="120"/></canvas><canvas name="30" width="236" height="243"><vector name="origin" x="94" y="231"/><vector name="lt" x="-95" y="-187"/><vector name="rb" x="142" y="-24"/><vector name="head" x="-5" y="-130"/><int name="delay" value="120"/></canvas><canvas name="31" width="236" height="242"><vector name="origin" x="94" y="231"/><vector name="lt" x="-95" y="-187"/><vector name="rb" x="142" y="-24"/><vector name="head" x="-5" y="-130"/><int name="delay" value="120"/></canvas><canvas name="32" width="239" height="243"><vector name="origin" x="95" y="231"/><vector name="lt" x="-95" y="-187"/><vector name="rb" x="142" y="-24"/><vector name="head" x="-5" y="-130"/><int name="delay" value="120"/></canvas><canvas name="33" width="236" height="244"><vector name="origin" x="94" y="231"/><vector name="lt" x="-95" y="-187"/><vector name="rb" x="142" y="-24"/><vector name="head" x="-5" y="-130"/><int name="delay" value="120"/></canvas><canvas name="34" width="239" height="243"><vector name="origin" x="95" y="231"/><vector name="lt" x="-95" y="-187"/><vector name="rb" x="142" y="-24"/><vector name="head" x="-5" y="-130"/><int name="delay" value="120"/></canvas><canvas name="35" width="236" height="244"><vector name="origin" x="94" y="231"/><vector name="lt" x="-95" y="-187"/><vector name="rb" x="142" y="-24"/><vector name="head" x="-5" y="-130"/><int name="delay" value="120"/></canvas></imgdir><imgdir name="move"><canvas name="0" width="240" height="243"><vector name="origin" x="93" y="231"/><vector name="lt" x="-95" y="-187"/><vector name="rb" x="142" y="-24"/><vector name="head" x="-5" y="-130"/><int name="delay" value="180"/></canvas><canvas name="1" width="244" height="243"><vector name="origin" x="98" y="233"/><vector name="lt" x="-95" y="-187"/><vector name="rb" x="142" y="-24"/><vector name="head" x="-5" y="-130"/><int name="delay" value="180"/></canvas><canvas name="2" width="307" height="243"><vector name="origin" x="96" y="234"/><vector name="lt" x="-95" y="-187"/><vector name="rb" x="142" y="-24"/><vector name="head" x="-5" y="-130"/><int name="delay" value="180"/></canvas><canvas name="3" width="369" height="242"><vector name="origin" x="96" y="232"/><vector name="lt" x="-95" y="-187"/><vector name="rb" x="142" y="-24"/><vector name="head" x="-5" y="-130"/><int name="delay" value="180"/></canvas><canvas name="4" width="339" height="243"><vector name="origin" x="94" y="232"/><vector name="lt" x="-95" y="-187"/><vector name="rb" x="142" y="-24"/><vector name="head" x="-5" y="-130"/><int name="delay" value="180"/></canvas><canvas name="5" width="244" height="243"><vector name="origin" x="96" y="231"/><vector name="lt" x="-95" y="-187"/><vector name="rb" x="142" y="-24"/><vector name="head" x="-5" y="-130"/><int name="delay" value="180"/></canvas></imgdir><imgdir name="stand"><canvas name="0" width="236" height="243"><vector name="origin" x="94" y="231"/><vector name="lt" x="-95" y="-187"/><vector name="rb" x="142" y="-24"/><vector name="head" x="-5" y="-130"/><int name="delay" value="180"/></canvas><canvas name="1" width="236" height="242"><vector name="origin" x="94" y="231"/><vector name="lt" x="-95" y="-187"/><vector name="rb" x="142" y="-24"/><vector name="head" x="-5" y="-130"/><int name="delay" value="180"/></canvas><canvas name="2" width="239" height="241"><vector name="origin" x="95" y="231"/><vector name="lt" x="-95" y="-187"/><vector name="rb" x="142" y="-24"/><vector name="head" x="-5" y="-130"/><int name="delay" value="180"/></canvas><canvas name="3" width="238" height="241"><vector name="origin" x="94" y="230"/><vector name="lt" x="-95" y="-187"/><vector name="rb" x="142" y="-24"/><vector name="head" x="-5" y="-130"/><int name="delay" value="180"/></canvas><canvas name="4" width="239" height="243"><vector name="origin" x="95" y="231"/><vector name="lt" x="-95" y="-187"/><vector name="rb" x="142" y="-24"/><vector name="head" x="-5" y="-130"/><int name="delay" value="180"/></canvas><canvas name="5" width="236" height="244"><vector name="origin" x="94" y="231"/><vector name="lt" x="-95" y="-187"/><vector name="rb" x="142" y="-24"/><vector name="head" x="-5" y="-130"/><int name="delay" value="180"/></canvas></imgdir><imgdir name="attack1"><imgdir name="info"><imgdir name="range"><vector name="lt" x="-300" y="-250"/><vector name="rb" x="57" y="45"/></imgdir><imgdir name="hit"><canvas name="0" width="91" height="106"><vector name="origin" x="43" y="105"/><int name="delay" value="120"/></canvas><canvas name="1" width="108" height="97"><vector name="origin" x="42" y="95"/><int name="delay" value="120"/></canvas><canvas name="2" width="102" height="101"><vector name="origin" x="36" y="100"/><int name="delay" value="120"/></canvas><canvas name="3" width="86" height="80"><vector name="origin" x="38" y="92"/><int name="delay" value="120"/></canvas><int name="attach" value="1"/></imgdir><int name="type" value="0"/><int name="attackAfter" value="360"/><int name="PADamage" value="560"/></imgdir><canvas name="0" width="236" height="243"><vector name="origin" x="94" y="231"/><vector name="lt" x="-95" y="-187"/><vector name="rb" x="142" y="-24"/><vector name="head" x="-5" y="-130"/><int name="delay" value="120"/></canvas><canvas name="1" width="236" height="197"><vector name="origin" x="96" y="231"/><vector name="lt" x="-95" y="-187"/><vector name="rb" x="142" y="-24"/><vector name="head" x="-5" y="-130"/><int name="delay" value="120"/></canvas><canvas name="2" width="239" height="196"><vector name="origin" x="97" y="231"/><vector name="lt" x="-95" y="-187"/><vector name="rb" x="142" y="-24"/><vector name="head" x="-5" y="-130"/><int name="delay" value="120"/></canvas><canvas name="3" width="323" height="232"><vector name="origin" x="171" y="230"/><vector name="lt" x="-95" y="-187"/><vector name="rb" x="142" y="-24"/><vector name="head" x="-5" y="-130"/><int name="delay" value="120"/></canvas><canvas name="4" width="333" height="233"><vector name="origin" x="177" y="231"/><vector name="lt" x="-95" y="-187"/><vector name="rb" x="142" y="-24"/><vector name="head" x="-5" y="-130"/><int name="delay" value="120"/></canvas><canvas name="5" width="326" height="230"><vector name="origin" x="174" y="231"/><vector name="lt" x="-95" y="-187"/><vector name="rb" x="142" y="-24"/><vector name="head" x="-5" y="-130"/><int name="delay" value="120"/></canvas></imgdir><imgdir name="attack2"><imgdir name="info"><imgdir name="range"><vector name="lt" x="-900" y="-350"/><vector name="rb" x="0" y="60"/></imgdir><imgdir name="hit"><canvas name="0" width="98" height="103"><vector name="origin" x="49" y="103"/><int name="delay" value="120"/></canvas><canvas name="1" width="112" height="106"><vector name="origin" x="57" y="96"/><int name="delay" value="120"/></canvas><canvas name="2" width="143" height="121"><vector name="origin" x="65" y="109"/><int name="delay" value="120"/></canvas><canvas name="3" width="161" height="131"><vector name="origin" x="84" y="110"/><int name="delay" value="120"/></canvas><canvas name="4" width="96" height="34"><vector name="origin" x="40" y="48"/><int name="delay" value="120"/></canvas><canvas name="5" width="93" height="16"><vector name="origin" x="34" y="37"/><int name="delay" value="120"/></canvas><int name="attachfacing" value="1"/></imgdir><imgdir name="effect"><canvas name="0" width="95" height="94"><vector name="origin" x="98" y="184"/><int name="delay" value="120"/></canvas><canvas name="1" width="171" height="170"><vector name="origin" x="166" y="222"/><int name="delay" value="120"/></canvas><canvas name="2" width="391" height="332"><vector name="origin" x="379" y="296"/><int name="delay" value="120"/></canvas><canvas name="3" width="402" height="330"><vector name="origin" x="476" y="302"/><int name="delay" value="120"/></canvas><canvas name="4" width="436" height="347"><vector name="origin" x="587" y="308"/><int name="delay" value="120"/></canvas><canvas name="5" width="423" height="366"><vector name="origin" x="664" y="318"/><int name="delay" value="120"/></canvas><canvas name="6" width="434" height="345"><vector name="origin" x="773" y="312"/><int name="delay" value="120"/></canvas><canvas name="7" width="424" height="361"><vector name="origin" x="860" y="316"/><int name="delay" value="120"/></canvas><canvas name="8" width="368" height="372"><vector name="origin" x="895" y="326"/><int name="delay" value="120"/></canvas><canvas name="9" width="388" height="397"><vector name="origin" x="946" y="339"/><int name="delay" value="120"/></canvas><canvas name="10" width="93" height="94"><vector name="origin" x="877" y="184"/><int name="delay" value="120"/></canvas><canvas name="11" width="37" height="38"><vector name="origin" x="859" y="156"/><int name="delay" value="120"/></canvas></imgdir><int name="type" value="0"/><int name="attackAfter" value="1200"/><int name="magic" value="1"/><int name="MADamage" value="670"/><int name="conMP" value="2"/><int name="effectAfter" value="1200"/></imgdir><canvas name="0" width="236" height="243"><vector name="origin" x="94" y="231"/><vector name="lt" x="-95" y="-187"/><vector name="rb" x="142" y="-24"/><vector name="head" x="-5" y="-130"/><int name="delay" value="120"/></canvas><canvas name="1" width="236" height="242"><vector name="origin" x="94" y="231"/><vector name="lt" x="-95" y="-187"/><vector name="rb" x="142" y="-24"/><vector name="head" x="-5" y="-130"/><int name="delay" value="120"/></canvas><canvas name="2" width="239" height="241"><vector name="origin" x="95" y="231"/><vector name="lt" x="-95" y="-187"/><vector name="rb" x="142" y="-24"/><vector name="head" x="-5" y="-130"/><int name="delay" value="120"/></canvas><canvas name="3" width="238" height="239"><vector name="origin" x="94" y="230"/><vector name="lt" x="-95" y="-187"/><vector name="rb" x="142" y="-24"/><vector name="head" x="-5" y="-130"/><int name="delay" value="120"/></canvas><canvas name="4" width="239" height="239"><vector name="origin" x="95" y="231"/><vector name="lt" x="-95" y="-187"/><vector name="rb" x="142" y="-24"/><vector name="head" x="-5" y="-130"/><int name="delay" value="120"/></canvas><canvas name="5" width="237" height="238"><vector name="origin" x="89" y="231"/><vector name="lt" x="-90" y="-188"/><vector name="rb" x="148" y="-25"/><vector name="head" x="1" y="-130"/><int name="delay" value="120"/></canvas><canvas name="6" width="245" height="237"><vector name="origin" x="93" y="231"/><vector name="lt" x="-94" y="-187"/><vector name="rb" x="142" y="-24"/><vector name="head" x="3" y="-130"/><int name="delay" value="120"/></canvas><canvas name="7" width="366" height="277"><vector name="origin" x="148" y="276"/><vector name="lt" x="-55" y="-187"/><vector name="rb" x="191" y="-24"/><vector name="head" x="38" y="-130"/><int name="delay" value="120"/></canvas><canvas name="8" width="436" height="301"><vector name="origin" x="186" y="300"/><vector name="lt" x="-49" y="-187"/><vector name="rb" x="183" y="-24"/><vector name="head" x="39" y="-130"/><int name="delay" value="120"/></canvas><canvas name="9" width="370" height="301"><vector name="origin" x="87" y="293"/><vector name="lt" x="-45" y="-187"/><vector name="rb" x="182" y="-24"/><vector name="head" x="38" y="-130"/><int name="delay" value="120"/></canvas><canvas name="10" width="348" height="243"><vector name="origin" x="67" y="228"/><vector name="lt" x="-68" y="-187"/><vector name="rb" x="162" y="-24"/><vector name="head" x="24" y="-130"/><int name="delay" value="120"/></canvas><canvas name="11" width="355" height="245"><vector name="origin" x="80" y="227"/><vector name="lt" x="-81" y="-187"/><vector name="rb" x="142" y="-24"/><vector name="head" x="9" y="-130"/><int name="delay" value="120"/></canvas><canvas name="12" width="236" height="243"><vector name="origin" x="94" y="231"/><vector name="lt" x="-95" y="-187"/><vector name="rb" x="142" y="-24"/><vector name="head" x="-5" y="-130"/><int name="delay" value="120"/></canvas><canvas name="13" width="236" height="242"><vector name="origin" x="94" y="231"/><vector name="lt" x="-95" y="-187"/><vector name="rb" x="142" y="-24"/><vector name="head" x="-5" y="-130"/><int name="delay" value="120"/></canvas><canvas name="14" width="239" height="241"><vector name="origin" x="95" y="231"/><vector name="lt" x="-95" y="-187"/><vector name="rb" x="142" y="-24"/><vector name="head" x="-5" y="-130"/><int name="delay" value="120"/></canvas><canvas name="15" width="238" height="241"><vector name="origin" x="94" y="230"/><vector name="lt" x="-95" y="-187"/><vector name="rb" x="142" y="-24"/><vector name="head" x="-5" y="-130"/><int name="delay" value="120"/></canvas><canvas name="16" width="239" height="243"><vector name="origin" x="95" y="231"/><vector name="lt" x="-95" y="-187"/><vector name="rb" x="142" y="-24"/><vector name="head" x="-5" y="-130"/><int name="delay" value="120"/></canvas><canvas name="17" width="236" height="244"><vector name="origin" x="94" y="231"/><vector name="lt" x="-95" y="-187"/><vector name="rb" x="142" y="-24"/><vector name="head" x="-5" y="-130"/><int name="delay" value="120"/></canvas></imgdir><imgdir name="attack3"><imgdir name="info"><imgdir name="range"><vector name="lt" x="-224" y="-336"/><vector name="rb" x="287" y="16"/></imgdir><imgdir name="hit"><canvas name="0" width="49" height="72"><vector name="origin" x="11" y="66"/><int name="delay" value="120"/></canvas><canvas name="1" width="84" height="143"><vector name="origin" x="59" y="139"/><int name="delay" value="120"/></canvas><canvas name="2" width="101" height="154"><vector name="origin" x="94" y="149"/><int name="delay" value="120"/></canvas><canvas name="3" width="121" height="167"><vector name="origin" x="131" y="152"/><int name="delay" value="120"/></canvas><int name="attach" value="1"/></imgdir><int name="type" value="0"/><int name="attackAfter" value="1320"/><int name="knockback" value="1"/><int name="PADamage" value="540"/></imgdir><canvas name="0" width="236" height="243"><vector name="origin" x="94" y="231"/><vector name="lt" x="-95" y="-187"/><vector name="rb" x="142" y="-24"/><vector name="head" x="-5" y="-130"/><int name="delay" value="120"/></canvas><canvas name="1" width="260" height="244"><vector name="origin" x="118" y="231"/><vector name="lt" x="-95" y="-187"/><vector name="rb" x="142" y="-24"/><vector name="head" x="-5" y="-130"/><int name="delay" value="120"/></canvas><canvas name="2" width="241" height="245"><vector name="origin" x="97" y="231"/><vector name="lt" x="-95" y="-187"/><vector name="rb" x="142" y="-24"/><vector name="head" x="-5" y="-130"/><int name="delay" value="120"/></canvas><canvas name="3" width="238" height="245"><vector name="origin" x="94" y="230"/><vector name="lt" x="-95" y="-187"/><vector name="rb" x="142" y="-24"/><vector name="head" x="-5" y="-130"/><int name="delay" value="120"/></canvas><canvas name="4" width="239" height="228"><vector name="origin" x="95" y="231"/><vector name="lt" x="-95" y="-187"/><vector name="rb" x="142" y="-24"/><vector name="head" x="-5" y="-130"/><int name="delay" value="120"/></canvas><canvas name="5" width="478" height="318"><vector name="origin" x="202" y="303"/><vector name="lt" x="-95" y="-187"/><vector name="rb" x="142" y="-24"/><vector name="head" x="-5" y="-130"/><int name="delay" value="120"/></canvas><canvas name="6" width="492" height="344"><vector name="origin" x="209" y="327"/><vector name="lt" x="-95" y="-187"/><vector name="rb" x="142" y="-24"/><vector name="head" x="-5" y="-130"/><int name="delay" value="120"/></canvas><canvas name="7" width="500" height="393"><vector name="origin" x="213" y="378"/><vector name="lt" x="-95" y="-187"/><vector name="rb" x="142" y="-24"/><vector name="head" x="-5" y="-130"/><int name="delay" value="120"/></canvas><canvas name="8" width="497" height="374"><vector name="origin" x="213" y="360"/><vector name="lt" x="-95" y="-187"/><vector name="rb" x="142" y="-24"/><vector name="head" x="-5" y="-130"/><int name="delay" value="120"/></canvas><canvas name="9" width="474" height="228"><vector name="origin" x="223" y="230"/><vector name="lt" x="-95" y="-187"/><vector name="rb" x="142" y="-24"/><vector name="head" x="-5" y="-130"/><int name="delay" value="120"/></canvas><canvas name="10" width="239" height="242"><vector name="origin" x="95" y="231"/><vector name="lt" x="-95" y="-187"/><vector name="rb" x="142" y="-24"/><vector name="head" x="-5" y="-130"/><int name="delay" value="120"/></canvas><canvas name="11" width="236" height="242"><vector name="origin" x="94" y="231"/><vector name="lt" x="-95" y="-187"/><vector name="rb" x="142" y="-24"/><vector name="head" x="-5" y="-130"/><int name="delay" value="120"/></canvas></imgdir><imgdir name="attack4"><imgdir name="info"><imgdir name="range"><vector name="lt" x="-550" y="-300"/><vector name="rb" x="-90" y="0"/></imgdir><imgdir name="hit"><canvas name="0" width="113" height="77"><vector name="origin" x="31" y="80"/><int name="delay" value="120"/></canvas><canvas name="1" width="96" height="103"><vector name="origin" x="48" y="89"/><int name="delay" value="120"/></canvas><canvas name="2" width="109" height="116"><vector name="origin" x="50" y="100"/><int name="delay" value="120"/></canvas><canvas name="3" width="95" height="80"><vector name="origin" x="47" y="92"/><int name="delay" value="120"/></canvas><canvas name="4" width="75" height="60"><vector name="origin" x="39" y="66"/><int name="delay" value="120"/></canvas><int name="attach" value="1"/></imgdir><int name="type" value="0"/><int name="attackAfter" value="2040"/><int name="magic" value="1"/><int name="disease" value="123"/><int name="level" value="22"/><int name="conMP" value="2"/><int name="MADamage" value="680"/></imgdir><canvas name="0" width="236" height="243"><vector name="origin" x="94" y="231"/><vector name="lt" x="-95" y="-187"/><vector name="rb" x="142" y="-24"/><vector name="head" x="-5" y="-130"/><int name="delay" value="120"/></canvas><canvas name="1" width="236" height="239"><vector name="origin" x="96" y="273"/><vector name="lt" x="-95" y="-187"/><vector name="rb" x="142" y="-24"/><vector name="head" x="-5" y="-130"/><int name="delay" value="120"/></canvas><canvas name="2" width="239" height="274"><vector name="origin" x="97" y="309"/><vector name="lt" x="-95" y="-187"/><vector name="rb" x="142" y="-24"/><vector name="head" x="-5" y="-130"/><int name="delay" value="120"/></canvas><canvas name="3" width="319" height="308"><vector name="origin" x="167" y="337"/><vector name="lt" x="-95" y="-187"/><vector name="rb" x="142" y="-24"/><vector name="head" x="-5" y="-130"/><int name="delay" value="120"/></canvas><canvas name="4" width="310" height="307"><vector name="origin" x="165" y="334"/><vector name="lt" x="-95" y="-187"/><vector name="rb" x="142" y="-24"/><vector name="head" x="-5" y="-130"/><int name="delay" value="120"/></canvas><canvas name="5" width="294" height="285"><vector name="origin" x="152" y="320"/><vector name="lt" x="-95" y="-187"/><vector name="rb" x="142" y="-24"/><vector name="head" x="-5" y="-130"/><int name="delay" value="120"/></canvas><canvas name="6" width="350" height="253"><vector name="origin" x="135" y="252"/><vector name="lt" x="-126" y="-187"/><vector name="rb" x="142" y="-24"/><vector name="head" x="-47" y="-130"/><int name="delay" value="120"/></canvas><canvas name="7" width="452" height="288"><vector name="origin" x="180" y="281"/><vector name="lt" x="-161" y="-187"/><vector name="rb" x="113" y="-24"/><vector name="head" x="-79" y="-130"/><int name="delay" value="120"/></canvas><canvas name="8" width="447" height="299"><vector name="origin" x="164" y="286"/><vector name="lt" x="-164" y="-187"/><vector name="rb" x="73" y="-24"/><vector name="head" x="-76" y="-130"/><int name="delay" value="120"/></canvas><canvas name="9" width="445" height="231"><vector name="origin" x="200" y="230"/><vector name="lt" x="-200" y="-187"/><vector name="rb" x="73" y="-24"/><vector name="head" x="-112" y="-130"/><int name="delay" value="120"/></canvas><canvas name="10" width="412" height="232"><vector name="origin" x="279" y="231"/><vector name="lt" x="-228" y="-187"/><vector name="rb" x="40" y="-24"/><vector name="head" x="-146" y="-130"/><int name="delay" value="120"/></canvas><canvas name="11" width="387" height="267"><vector name="origin" x="266" y="266"/><vector name="lt" x="-251" y="-187"/><vector name="rb" x="29" y="-24"/><vector name="head" x="-147" y="-130"/><int name="delay" value="120"/></canvas><canvas name="12" width="486" height="325"><vector name="origin" x="303" y="324"/><vector name="lt" x="-289" y="-187"/><vector name="rb" x="-11" y="-24"/><vector name="head" x="-171" y="-130"/><int name="delay" value="120"/></canvas><canvas name="13" width="451" height="345"><vector name="origin" x="296" y="344"/><vector name="lt" x="-290" y="-187"/><vector name="rb" x="-57" y="-24"/><vector name="head" x="-216" y="-130"/><int name="delay" value="120"/></canvas><canvas name="14" width="587" height="363"><vector name="origin" x="566" y="339"/><vector name="lt" x="-374" y="-187"/><vector name="rb" x="-50" y="-24"/><vector name="head" x="-278" y="-130"/><int name="delay" value="120"/></canvas><canvas name="15" width="600" height="356"><vector name="origin" x="572" y="336"/><vector name="lt" x="-374" y="-187"/><vector name="rb" x="-50" y="-24"/><vector name="head" x="-278" y="-130"/><int name="delay" value="120"/></canvas><canvas name="16" width="649" height="280"><vector name="origin" x="576" y="273"/><vector name="lt" x="-374" y="-187"/><vector name="rb" x="-50" y="-24"/><vector name="head" x="-278" y="-130"/><int name="delay" value="120"/></canvas><canvas name="17" width="622" height="270"><vector name="origin" x="577" y="272"/><vector name="lt" x="-374" y="-187"/><vector name="rb" x="-50" y="-24"/><vector name="head" x="-278" y="-130"/><int name="delay" value="120"/></canvas><canvas name="18" width="564" height="284"><vector name="origin" x="560" y="294"/><vector name="lt" x="-374" y="-187"/><vector name="rb" x="-50" y="-24"/><vector name="head" x="-278" y="-130"/><int name="delay" value="120"/></canvas><canvas name="19" width="536" height="318"><vector name="origin" x="560" y="308"/><int name="delay" value="120"/></canvas><canvas name="20" width="56" height="304"><vector name="origin" x="290" y="290"/><int name="delay" value="120"/></canvas><canvas name="21" width="51" height="45"><vector name="origin" x="289" y="42"/><int name="delay" value="120"/></canvas><canvas name="22" width="49" height="29"><vector name="origin" x="287" y="26"/><int name="delay" value="120"/></canvas><canvas name="23" width="369" height="231"><vector name="origin" x="282" y="227"/><int name="delay" value="120"/></canvas><canvas name="24" width="143" height="153"><vector name="origin" x="56" y="223"/><int name="delay" value="120"/></canvas><canvas name="25" width="150" height="188"><vector name="origin" x="58" y="219"/><int name="delay" value="120"/></canvas><canvas name="26" width="303" height="247"><vector name="origin" x="85" y="277"/><vector name="lt" x="-69" y="-187"/><vector name="rb" x="108" y="-24"/><vector name="head" x="-5" y="-130"/><int name="delay" value="120"/></canvas><canvas name="27" width="348" height="232"><vector name="origin" x="102" y="263"/><vector name="lt" x="-95" y="-187"/><vector name="rb" x="142" y="-24"/><vector name="head" x="-5" y="-130"/><int name="delay" value="120"/></canvas><canvas name="28" width="318" height="235"><vector name="origin" x="102" y="253"/><vector name="lt" x="-95" y="-187"/><vector name="rb" x="142" y="-24"/><vector name="head" x="-5" y="-130"/><int name="delay" value="120"/></canvas><canvas name="29" width="301" height="243"><vector name="origin" x="109" y="231"/><vector name="lt" x="-95" y="-187"/><vector name="rb" x="142" y="-24"/><vector name="head" x="-5" y="-130"/><int name="delay" value="120"/></canvas><canvas name="30" width="236" height="265"><vector name="origin" x="94" y="231"/><vector name="lt" x="-95" y="-187"/><vector name="rb" x="142" y="-24"/><vector name="head" x="-5" y="-130"/><int name="delay" value="120"/></canvas><canvas name="31" width="239" height="241"><vector name="origin" x="95" y="231"/><vector name="lt" x="-95" y="-187"/><vector name="rb" x="142" y="-24"/><vector name="head" x="-5" y="-130"/><int name="delay" value="120"/></canvas><canvas name="32" width="238" height="241"><vector name="origin" x="94" y="230"/><vector name="lt" x="-95" y="-187"/><vector name="rb" x="142" y="-24"/><vector name="head" x="-5" y="-130"/><int name="delay" value="120"/></canvas><canvas name="33" width="239" height="243"><vector name="origin" x="95" y="231"/><vector name="lt" x="-95" y="-187"/><vector name="rb" x="142" y="-24"/><vector name="head" x="-5" y="-130"/><int name="delay" value="120"/></canvas><canvas name="34" width="236" height="244"><vector name="origin" x="94" y="231"/><vector name="lt" x="-95" y="-187"/><vector name="rb" x="142" y="-24"/><vector name="head" x="-5" y="-130"/><int name="delay" value="120"/></canvas></imgdir><imgdir name="attack5"><imgdir name="info"><imgdir name="range"><vector name="lt" x="-544" y="-350"/><vector name="rb" x="514" y="256"/></imgdir><imgdir name="hit"><canvas name="0" width="91" height="106"><vector name="origin" x="34" y="103"/><int name="delay" value="120"/></canvas><canvas name="1" width="95" height="91"><vector name="origin" x="43" y="89"/><int name="delay" value="120"/></canvas><canvas name="2" width="94" height="94"><vector name="origin" x="41" y="87"/><int name="delay" value="120"/></canvas><canvas name="3" width="89" height="90"><vector name="origin" x="38" y="85"/><int name="delay" value="120"/></canvas><canvas name="4" width="77" height="81"><vector name="origin" x="31" y="81"/><int name="delay" value="120"/></canvas><canvas name="5" width="75" height="60"><vector name="origin" x="39" y="66"/><int name="delay" value="120"/></canvas><int name="attachfacing" value="1"/></imgdir><imgdir name="effect"><canvas name="0" width="931" height="34"><vector name="origin" x="513" y="20"/><int name="z" value="0"/><int name="delay" value="150"/></canvas><canvas name="1" width="993" height="98"><vector name="origin" x="541" y="84"/><int name="z" value="0"/><int name="delay" value="150"/></canvas><canvas name="2" width="1017" height="138"><vector name="origin" x="543" y="120"/><int name="z" value="0"/><int name="delay" value="150"/></canvas><canvas name="3" width="1040" height="593"><vector name="origin" x="541" y="575"/><int name="z" value="0"/><int name="delay" value="150"/></canvas><canvas name="4" width="1042" height="593"><vector name="origin" x="537" y="575"/><int name="z" value="0"/><int name="delay" value="150"/></canvas><canvas name="5" width="1045" height="593"><vector name="origin" x="534" y="579"/><int name="z" value="0"/><int name="delay" value="150"/></canvas><canvas name="6" width="1047" height="593"><vector name="origin" x="537" y="579"/><int name="z" value="0"/><int name="delay" value="150"/></canvas><canvas name="7" width="1028" height="593"><vector name="origin" x="520" y="579"/><int name="z" value="0"/><int name="delay" value="150"/></canvas><canvas name="8" width="1028" height="592"><vector name="origin" x="529" y="578"/><int name="z" value="0"/><int name="delay" value="150"/></canvas><canvas name="9" width="1006" height="592"><vector name="origin" x="536" y="578"/><int name="z" value="0"/><int name="delay" value="150"/></canvas><canvas name="10" width="936" height="591"><vector name="origin" x="466" y="576"/><int name="z" value="0"/><int name="delay" value="150"/></canvas><canvas name="11" width="808" height="590"><vector name="origin" x="442" y="576"/><int name="z" value="0"/><int name="delay" value="150"/></canvas><canvas name="12" width="558" height="64"><vector name="origin" x="191" y="55"/><int name="z" value="0"/><int name="delay" value="150"/></canvas><int name="pos" value="1"/></imgdir><int name="type" value="0"/><int name="attackAfter" value="1680"/><int name="effectAfter" value="1200"/><int name="conMP" value="2"/></imgdir><canvas name="0" width="236" height="243"><vector name="origin" x="94" y="231"/><vector name="lt" x="-95" y="-187"/><vector name="rb" x="142" y="-24"/><vector name="head" x="-5" y="-130"/><int name="delay" value="120"/></canvas><canvas name="1" width="236" height="260"><vector name="origin" x="94" y="251"/><vector name="lt" x="-95" y="-196"/><vector name="rb" x="142" y="-39"/><vector name="head" x="-5" y="-152"/><int name="delay" value="120"/></canvas><canvas name="2" width="236" height="278"><vector name="origin" x="94" y="271"/><vector name="lt" x="-95" y="-208"/><vector name="rb" x="142" y="-62"/><vector name="head" x="-5" y="-175"/><int name="delay" value="120"/></canvas><canvas name="3" width="239" height="302"><vector name="origin" x="95" y="290"/><vector name="lt" x="-95" y="-231"/><vector name="rb" x="142" y="-76"/><vector name="head" x="-5" y="-197"/><int name="delay" value="120"/></canvas><canvas name="4" width="239" height="385"><vector name="origin" x="95" y="311"/><vector name="lt" x="-95" y="-252"/><vector name="rb" x="142" y="-105"/><vector name="head" x="-5" y="-213"/><int name="delay" value="120"/></canvas><canvas name="5" width="242" height="377"><vector name="origin" x="98" y="331"/><vector name="lt" x="-95" y="-263"/><vector name="rb" x="142" y="-134"/><vector name="head" x="-5" y="-237"/><int name="delay" value="120"/></canvas><canvas name="6" width="238" height="261"><vector name="origin" x="94" y="351"/><vector name="lt" x="-95" y="-282"/><vector name="rb" x="142" y="-154"/><vector name="head" x="-5" y="-258"/><int name="delay" value="120"/></canvas><canvas name="7" width="237" height="261"><vector name="origin" x="95" y="371"/><vector name="lt" x="-95" y="-313"/><vector name="rb" x="142" y="-175"/><vector name="head" x="-5" y="-278"/><int name="delay" value="120"/></canvas><canvas name="8" width="244" height="331"><vector name="origin" x="97" y="391"/><vector name="lt" x="-95" y="-347"/><vector name="rb" x="142" y="-194"/><vector name="head" x="-5" y="-296"/><int name="delay" value="120"/></canvas><canvas name="9" width="242" height="405"><vector name="origin" x="95" y="403"/><vector name="lt" x="-95" y="-341"/><vector name="rb" x="142" y="-216"/><vector name="head" x="-5" y="-306"/><int name="delay" value="120"/></canvas><canvas name="10" width="244" height="393"><vector name="origin" x="97" y="403"/><vector name="lt" x="-95" y="-341"/><vector name="rb" x="142" y="-216"/><vector name="head" x="-5" y="-306"/><int name="delay" value="120"/></canvas><canvas name="11" width="234" height="366"><vector name="origin" x="95" y="404"/><vector name="lt" x="-95" y="-341"/><vector name="rb" x="142" y="-216"/><vector name="head" x="-5" y="-306"/><int name="delay" value="120"/></canvas><canvas name="12" width="236" height="236"><vector name="origin" x="95" y="405"/><vector name="lt" x="-95" y="-341"/><vector name="rb" x="142" y="-216"/><vector name="head" x="-5" y="-306"/><int name="delay" value="120"/></canvas><canvas name="13" width="236" height="242"><vector name="origin" x="94" y="405"/><vector name="lt" x="-95" y="-341"/><vector name="rb" x="142" y="-216"/><vector name="head" x="-5" y="-306"/><int name="delay" value="120"/></canvas><canvas name="14" width="478" height="453"><vector name="origin" x="202" y="436"/><vector name="lt" x="-131" y="-341"/><vector name="rb" x="172" y="-216"/><vector name="head" x="-5" y="-306"/><int name="delay" value="120"/></canvas><canvas name="15" width="492" height="460"><vector name="origin" x="209" y="442"/><vector name="lt" x="-131" y="-341"/><vector name="rb" x="172" y="-216"/><vector name="head" x="-5" y="-306"/><int name="delay" value="120"/></canvas><canvas name="16" width="500" height="465"><vector name="origin" x="213" y="450"/><vector name="lt" x="-95" y="-341"/><vector name="rb" x="142" y="-216"/><vector name="head" x="-5" y="-306"/><int name="delay" value="120"/></canvas><canvas name="17" width="494" height="446"><vector name="origin" x="210" y="431"/><vector name="lt" x="-95" y="-341"/><vector name="rb" x="142" y="-216"/><vector name="head" x="-5" y="-306"/><int name="delay" value="120"/></canvas><canvas name="18" width="236" height="403"><vector name="origin" x="94" y="388"/><vector name="lt" x="-95" y="-341"/><vector name="rb" x="142" y="-216"/><vector name="head" x="-5" y="-306"/><int name="delay" value="120"/></canvas><canvas name="19" width="236" height="394"><vector name="origin" x="94" y="388"/><vector name="lt" x="-95" y="-325"/><vector name="rb" x="142" y="-198"/><vector name="head" x="-5" y="-290"/><int name="delay" value="120"/></canvas><canvas name="20" width="234" height="344"><vector name="origin" x="95" y="358"/><vector name="lt" x="-95" y="-291"/><vector name="rb" x="142" y="-171"/><vector name="head" x="-5" y="-258"/><int name="delay" value="120"/></canvas><canvas name="21" width="244" height="246"><vector name="origin" x="97" y="318"/><vector name="lt" x="-95" y="-256"/><vector name="rb" x="142" y="-132"/><vector name="head" x="-5" y="-222"/><int name="delay" value="120"/></canvas><canvas name="22" width="240" height="282"><vector name="origin" x="93" y="275"/><vector name="lt" x="-95" y="-213"/><vector name="rb" x="142" y="-68"/><vector name="head" x="-5" y="-180"/><int name="delay" value="120"/></canvas><canvas name="23" width="339" height="241"><vector name="origin" x="163" y="224"/><vector name="lt" x="-95" y="-187"/><vector name="rb" x="142" y="-24"/><vector name="head" x="-5" y="-130"/><int name="delay" value="120"/></canvas><canvas name="24" width="395" height="242"><vector name="origin" x="191" y="223"/><vector name="lt" x="-95" y="-187"/><vector name="rb" x="142" y="-24"/><vector name="head" x="-5" y="-130"/><int name="delay" value="120"/></canvas><canvas name="25" width="415" height="243"><vector name="origin" x="201" y="223"/><vector name="lt" x="-95" y="-187"/><vector name="rb" x="142" y="-24"/><vector name="head" x="-5" y="-130"/><int name="delay" value="120"/></canvas><canvas name="26" width="239" height="244"><vector name="origin" x="95" y="227"/><vector name="lt" x="-95" y="-187"/><vector name="rb" x="142" y="-24"/><vector name="head" x="-5" y="-130"/><int name="delay" value="120"/></canvas><canvas name="27" width="238" height="243"><vector name="origin" x="94" y="228"/><vector name="lt" x="-95" y="-187"/><vector name="rb" x="142" y="-24"/><vector name="head" x="-5" y="-130"/><int name="delay" value="120"/></canvas><canvas name="28" width="239" height="244"><vector name="origin" x="95" y="230"/><vector name="lt" x="-95" y="-187"/><vector name="rb" x="142" y="-24"/><vector name="head" x="-5" y="-130"/><int name="delay" value="120"/></canvas><canvas name="29" width="236" height="244"><vector name="origin" x="94" y="231"/><vector name="lt" x="-95" y="-187"/><vector name="rb" x="142" y="-24"/><vector name="head" x="-5" y="-130"/><int name="delay" value="120"/></canvas></imgdir><imgdir name="attack6"><imgdir name="info"><imgdir name="range"><vector name="sp" x="-530" y="-100"/><int name="r" value="150"/></imgdir><imgdir name="hit"><canvas name="0" width="113" height="78"><vector name="origin" x="48" y="100"/><int name="delay" value="120"/></canvas><canvas name="1" width="110" height="115"><vector name="origin" x="59" y="107"/><int name="delay" value="120"/></canvas><canvas name="2" width="124" height="128"><vector name="origin" x="65" y="109"/><int name="delay" value="120"/></canvas><canvas name="3" width="129" height="129"><vector name="origin" x="69" y="115"/><int name="delay" value="120"/></canvas><canvas name="4" width="132" height="142"><vector name="origin" x="80" y="117"/><int name="delay" value="120"/></canvas><canvas name="5" width="80" height="86"><vector name="origin" x="72" y="72"/><int name="delay" value="120"/></canvas><canvas name="6" width="75" height="60"><vector name="origin" x="39" y="66"/><int name="delay" value="120"/></canvas><int name="attach" value="1"/></imgdir><imgdir name="effect"><canvas name="0" width="547" height="177"><vector name="origin" x="546" y="173"/><int name="delay" value="120"/></canvas><canvas name="1" width="389" height="199"><vector name="origin" x="607" y="195"/><int name="delay" value="120"/></canvas><canvas name="2" width="450" height="198"><vector name="origin" x="606" y="193"/><int name="delay" value="120"/></canvas><canvas name="3" width="625" height="202"><vector name="origin" x="609" y="197"/><int name="delay" value="120"/></canvas><canvas name="4" width="261" height="199"><vector name="origin" x="568" y="195"/><int name="delay" value="120"/></canvas><canvas name="5" width="318" height="200"><vector name="origin" x="607" y="195"/><int name="delay" value="120"/></canvas><canvas name="6" width="411" height="218"><vector name="origin" x="629" y="213"/><int name="delay" value="120"/></canvas><canvas name="7" width="501" height="234"><vector name="origin" x="657" y="229"/><int name="delay" value="120"/></canvas><canvas name="8" width="699" height="254"><vector name="origin" x="683" y="238"/><int name="delay" value="120"/></canvas><canvas name="9" width="686" height="249"><vector name="origin" x="685" y="233"/><int name="delay" value="120"/></canvas><canvas name="10" width="510" height="220"><vector name="origin" x="717" y="204"/><int name="delay" value="120"/></canvas><canvas name="11" width="399" height="181"><vector name="origin" x="607" y="203"/><int name="delay" value="120"/></canvas><canvas name="12" width="320" height="177"><vector name="origin" x="530" y="201"/><int name="delay" value="120"/></canvas></imgdir><int name="type" value="1"/><int name="PADamage" value="535"/><int name="attackAfter" value="1200"/><int name="knockback" value="1"/></imgdir><canvas name="0" width="236" height="243"><vector name="origin" x="94" y="231"/><vector name="lt" x="-95" y="-187"/><vector name="rb" x="142" y="-24"/><vector name="head" x="-5" y="-130"/><int name="delay" value="120"/></canvas><canvas name="1" width="236" height="200"><vector name="origin" x="104" y="231"/><vector name="lt" x="-104" y="-187"/><vector name="rb" x="131" y="-40"/><vector name="head" x="-15" y="-130"/><int name="delay" value="120"/></canvas><canvas name="2" width="239" height="210"><vector name="origin" x="115" y="231"/><vector name="lt" x="-116" y="-168"/><vector name="rb" x="118" y="-38"/><vector name="head" x="-25" y="-130"/><int name="delay" value="120"/></canvas><canvas name="3" width="238" height="213"><vector name="origin" x="117" y="231"/><vector name="lt" x="-117" y="-157"/><vector name="rb" x="118" y="-37"/><vector name="head" x="-27" y="-130"/><int name="delay" value="120"/></canvas><canvas name="4" width="324" height="275"><vector name="origin" x="187" y="268"/><vector name="lt" x="-185" y="-152"/><vector name="rb" x="110" y="-45"/><vector name="head" x="-97" y="-130"/><int name="delay" value="120"/></canvas><canvas name="5" width="344" height="323"><vector name="origin" x="186" y="297"/><vector name="lt" x="-185" y="-152"/><vector name="rb" x="110" y="-45"/><vector name="head" x="-97" y="-130"/><int name="delay" value="120"/></canvas><canvas name="6" width="349" height="339"><vector name="origin" x="185" y="305"/><vector name="lt" x="-185" y="-152"/><vector name="rb" x="110" y="-45"/><vector name="head" x="-97" y="-130"/><int name="delay" value="120"/></canvas><canvas name="7" width="209" height="246"><vector name="origin" x="69" y="231"/><int name="delay" value="120"/></canvas><canvas name="8" width="209" height="240"><vector name="origin" x="69" y="231"/><int name="delay" value="120"/></canvas><canvas name="9" width="168" height="189"><vector name="origin" x="68" y="230"/><int name="delay" value="120"/></canvas><canvas name="10" width="170" height="191"><vector name="origin" x="69" y="231"/><int name="delay" value="120"/></canvas><canvas name="11" width="170" height="191"><vector name="origin" x="69" y="231"/><int name="delay" value="120"/></canvas><canvas name="12" width="170" height="191"><vector name="origin" x="69" y="231"/><int name="delay" value="120"/></canvas><canvas name="13" width="170" height="232"><vector name="origin" x="69" y="231"/><int name="delay" value="120"/></canvas><canvas name="14" width="306" height="241"><vector name="origin" x="162" y="231"/><vector name="lt" x="-95" y="-187"/><vector name="rb" x="142" y="-24"/><vector name="head" x="-5" y="-130"/><int name="delay" value="120"/></canvas><canvas name="15" width="400" height="241"><vector name="origin" x="256" y="230"/><vector name="lt" x="-95" y="-187"/><vector name="rb" x="142" y="-24"/><vector name="head" x="-5" y="-130"/><int name="delay" value="120"/></canvas><canvas name="16" width="400" height="243"><vector name="origin" x="256" y="231"/><vector name="lt" x="-95" y="-187"/><vector name="rb" x="142" y="-24"/><vector name="head" x="-5" y="-130"/><int name="delay" value="120"/></canvas><canvas name="17" width="307" height="244"><vector name="origin" x="165" y="231"/><vector name="lt" x="-95" y="-187"/><vector name="rb" x="142" y="-24"/><vector name="head" x="-5" y="-130"/><int name="delay" value="120"/></canvas></imgdir><imgdir name="skill1"><canvas name="0" width="236" height="243"><vector name="origin" x="94" y="231"/><vector name="lt" x="-47" y="-76"/><vector name="rb" x="41" y="0"/><vector name="head" x="-16" y="-71"/><int name="delay" value="120"/></canvas><canvas name="1" width="256" height="281"><vector name="origin" x="114" y="270"/><vector name="lt" x="-47" y="-76"/><vector name="rb" x="41" y="0"/><vector name="head" x="-16" y="-71"/><int name="delay" value="120"/></canvas><canvas name="2" width="245" height="226"><vector name="origin" x="101" y="264"/><vector name="lt" x="-71" y="-129"/><vector name="rb" x="68" y="0"/><vector name="head" x="-16" y="-118"/><int name="delay" value="120"/></canvas><canvas name="3" width="238" height="215"><vector name="origin" x="94" y="255"/><vector name="lt" x="-84" y="-145"/><vector name="rb" x="75" y="0"/><vector name="head" x="-16" y="-134"/><int name="delay" value="120"/></canvas><canvas name="4" width="239" height="248"><vector name="origin" x="95" y="288"/><vector name="lt" x="-84" y="-145"/><vector name="rb" x="75" y="0"/><vector name="head" x="-16" y="-134"/><int name="delay" value="120"/></canvas><canvas name="5" width="240" height="287"><vector name="origin" x="98" y="324"/><vector name="lt" x="-84" y="-145"/><vector name="rb" x="75" y="0"/><vector name="head" x="-16" y="-134"/><int name="delay" value="120"/></canvas><canvas name="6" width="319" height="313"><vector name="origin" x="174" y="352"/><vector name="lt" x="-84" y="-145"/><vector name="rb" x="75" y="0"/><vector name="head" x="-16" y="-134"/><int name="delay" value="120"/></canvas><canvas name="7" width="314" height="318"><vector name="origin" x="172" y="349"/><vector name="lt" x="-84" y="-145"/><vector name="rb" x="75" y="0"/><vector name="head" x="-16" y="-134"/><int name="delay" value="120"/></canvas><canvas name="8" width="303" height="298"><vector name="origin" x="159" y="335"/><vector name="lt" x="-84" y="-145"/><vector name="rb" x="75" y="0"/><vector name="head" x="-16" y="-134"/><int name="delay" value="120"/></canvas><canvas name="9" width="238" height="195"><vector name="origin" x="94" y="230"/><vector name="lt" x="-84" y="-145"/><vector name="rb" x="75" y="0"/><vector name="head" x="-16" y="-134"/><int name="delay" value="120"/></canvas><canvas name="10" width="239" height="245"><vector name="origin" x="95" y="231"/><vector name="lt" x="-84" y="-145"/><vector name="rb" x="75" y="0"/><vector name="head" x="-16" y="-134"/><int name="delay" value="120"/></canvas><canvas name="11" width="236" height="245"><vector name="origin" x="94" y="231"/><vector name="lt" x="-84" y="-145"/><vector name="rb" x="75" y="0"/><vector name="head" x="-16" y="-134"/><int name="delay" value="120"/></canvas></imgdir><imgdir name="hit1"><canvas name="0" width="236" height="243"><vector name="origin" x="94" y="231"/><vector name="lt" x="-47" y="-76"/><vector name="rb" x="41" y="0"/><vector name="head" x="-16" y="-71"/><int name="delay" value="180"/></canvas><canvas name="1" width="236" height="242"><vector name="origin" x="94" y="231"/><vector name="lt" x="-47" y="-76"/><vector name="rb" x="41" y="0"/><vector name="head" x="-16" y="-71"/><int name="delay" value="180"/></canvas><canvas name="2" width="239" height="241"><vector name="origin" x="95" y="231"/><vector name="lt" x="-47" y="-76"/><vector name="rb" x="41" y="0"/><vector name="head" x="-16" y="-71"/><int name="delay" value="180"/></canvas><canvas name="3" width="238" height="241"><vector name="origin" x="94" y="230"/><vector name="lt" x="-47" y="-76"/><vector name="rb" x="41" y="0"/><vector name="head" x="-16" y="-71"/><int name="delay" value="180"/></canvas><canvas name="4" width="239" height="243"><vector name="origin" x="95" y="231"/><vector name="lt" x="-47" y="-76"/><vector name="rb" x="41" y="0"/><vector name="head" x="-16" y="-71"/><int name="delay" value="180"/></canvas><canvas name="5" width="236" height="244"><vector name="origin" x="94" y="231"/><vector name="lt" x="-47" y="-76"/><vector name="rb" x="41" y="0"/><vector name="head" x="-16" y="-71"/><int name="delay" value="180"/></canvas></imgdir><imgdir name="die1"><canvas name="0" width="236" height="243"><vector name="origin" x="94" y="231"/><int name="delay" value="150"/></canvas><canvas name="1" width="301" height="224"><vector name="origin" x="85" y="240"/><int name="delay" value="150"/></canvas><canvas name="2" width="318" height="236"><vector name="origin" x="78" y="238"/><int name="delay" value="150"/></canvas><canvas name="3" width="348" height="293"><vector name="origin" x="78" y="278"/><int name="delay" value="150"/></canvas><canvas name="4" width="286" height="311"><vector name="origin" x="44" y="292"/><int name="delay" value="150"/></canvas><canvas name="5" width="180" height="702"><vector name="origin" x="45" y="682"/><int name="delay" value="150"/></canvas><canvas name="6" width="176" height="702"><vector name="origin" x="43" y="682"/><int name="delay" value="150"/></canvas><canvas name="7" width="180" height="702"><vector name="origin" x="45" y="682"/><int name="delay" value="150"/></canvas><canvas name="8" width="176" height="702"><vector name="origin" x="43" y="682"/><int name="delay" value="150"/></canvas><canvas name="9" width="180" height="702"><vector name="origin" x="45" y="682"/><int name="delay" value="150"/></canvas><canvas name="10" width="144" height="702"><vector name="origin" x="27" y="682"/><int name="delay" value="150"/></canvas><canvas name="11" width="288" height="699"><vector name="origin" x="92" y="682"/><int name="delay" value="150"/></canvas><canvas name="12" width="308" height="481"><vector name="origin" x="102" y="464"/><int name="delay" value="150"/></canvas><canvas name="13" width="298" height="239"><vector name="origin" x="97" y="222"/><int name="delay" value="150"/></canvas><canvas name="14" width="292" height="193"><vector name="origin" x="94" y="174"/><int name="delay" value="150"/></canvas><canvas name="15" width="290" height="120"><vector name="origin" x="93" y="103"/><int name="delay" value="150"/><int name="a0" value="255"/><int name="a1" value="0"/></canvas></imgdir></imgdir>