<?xml version="1.0" encoding="UTF-8" standalone="yes"?><imgdir name="8220003.img"><imgdir name="info"><int name="bodyAttack" value="1"/><int name="level" value="120"/><int name="maxHP" value="13400000"/><int name="maxMP" value="3500"/><int name="speed" value="-20"/><int name="PADamage" value="620"/><int name="PDDamage" value="950"/><int name="MADamage" value="710"/><int name="MDDamage" value="1050"/><int name="acc" value="230"/><int name="eva" value="41"/><int name="exp" value="47355"/><int name="undead" value="0"/><int name="pushed" value="10000"/><int name="hpRecovery" value="1000"/><int name="mpRecovery" value="100"/><string name="elemAttr" value="F2I2"/><float name="fs" value="10.0"/><int name="summonType" value="1"/><int name="boss" value="1"/><int name="firstAttack" value="1"/><int name="hpTagColor" value="1"/><int name="hpTagBgcolor" value="5"/><int name="HPgaugeHide" value="1"/><int name="rareItemDropLevel" value="2"/><imgdir name="skill"><imgdir name="0"><int name="skill" value="132"/><int name="action" value="1"/><int name="level" value="2"/><int name="effectAfter" value="0"/></imgdir><imgdir name="1"><int name="skill" value="122"/><int name="action" value="1"/><int name="level" value="3"/><int name="effectAfter" value="0"/></imgdir><imgdir name="2"><int name="skill" value="200"/><int name="action" value="1"/><int name="level" value="89"/><int name="effectAfter" value="0"/></imgdir><imgdir name="3"><int name="skill" value="200"/><int name="action" value="1"/><int name="level" value="90"/><int name="effectAfter" value="0"/></imgdir><imgdir name="4"><int name="skill" value="200"/><int name="action" value="1"/><int name="level" value="91"/><int name="effectAfter" value="0"/></imgdir></imgdir><imgdir name="speak"><imgdir name="0"><int name="hp" value="13000000"/><string name="0" value="If you don&apos;t know about fear, I will teach you! "/></imgdir><int name="chatBalloon" value="0"/></imgdir><int name="category" value="4"/></imgdir><imgdir name="move"><canvas name="0" width="204" height="226"><vector name="origin" x="91" y="240"/><vector name="lt" x="-91" y="-244"/><vector name="rb" x="80" y="-11"/><vector name="head" x="-49" y="-205"/><int name="delay" value="150"/></canvas><canvas name="1" width="205" height="231"><vector name="origin" x="90" y="241"/><vector name="lt" x="-91" y="-244"/><vector name="rb" x="80" y="-11"/><vector name="head" x="-48" y="-206"/><int name="delay" value="150"/></canvas><canvas name="2" width="204" height="233"><vector name="origin" x="89" y="242"/><vector name="lt" x="-91" y="-244"/><vector name="rb" x="80" y="-11"/><vector name="head" x="-47" y="-207"/><int name="delay" value="150"/></canvas><canvas name="3" width="204" height="234"><vector name="origin" x="88" y="243"/><vector name="lt" x="-91" y="-244"/><vector name="rb" x="80" y="-11"/><vector name="head" x="-46" y="-208"/><int name="delay" value="150"/></canvas><canvas name="4" width="200" height="234"><vector name="origin" x="90" y="245"/><vector name="lt" x="-91" y="-244"/><vector name="rb" x="80" y="-11"/><vector name="head" x="-48" y="-210"/><int name="delay" value="150"/></canvas><canvas name="5" width="208" height="231"><vector name="origin" x="91" y="244"/><vector name="lt" x="-91" y="-244"/><vector name="rb" x="80" y="-11"/><vector name="head" x="-49" y="-209"/><int name="delay" value="150"/></canvas></imgdir><imgdir name="stand"><canvas name="0" width="205" height="232"><vector name="origin" x="91" y="243"/><vector name="lt" x="-91" y="-244"/><vector name="rb" x="80" y="-11"/><vector name="head" x="-49" y="-208"/><int name="delay" value="150"/></canvas><canvas name="1" width="205" height="234"><vector name="origin" x="91" y="244"/><vector name="lt" x="-91" y="-244"/><vector name="rb" x="80" y="-11"/><vector name="head" x="-49" y="-209"/><int name="delay" value="150"/></canvas><canvas name="2" width="201" height="235"><vector name="origin" x="91" y="243"/><vector name="lt" x="-91" y="-244"/><vector name="rb" x="80" y="-11"/><vector name="head" x="-49" y="-208"/><int name="delay" value="150"/></canvas><canvas name="3" width="211" height="235"><vector name="origin" x="91" y="241"/><vector name="lt" x="-91" y="-244"/><vector name="rb" x="80" y="-11"/><vector name="head" x="-49" y="-206"/><int name="delay" value="150"/></canvas><canvas name="4" width="205" height="235"><vector name="origin" x="91" y="240"/><vector name="lt" x="-91" y="-244"/><vector name="rb" x="80" y="-11"/><vector name="head" x="-49" y="-205"/><int name="delay" value="150"/></canvas><canvas name="5" width="205" height="233"><vector name="origin" x="91" y="239"/><vector name="lt" x="-91" y="-244"/><vector name="rb" x="80" y="-11"/><vector name="head" x="-49" y="-204"/><int name="delay" value="150"/></canvas><canvas name="6" width="201" height="232"><vector name="origin" x="91" y="240"/><vector name="lt" x="-91" y="-244"/><vector name="rb" x="80" y="-11"/><vector name="head" x="-49" y="-205"/><int name="delay" value="150"/></canvas><canvas name="7" width="211" height="232"><vector name="origin" x="91" y="242"/><vector name="lt" x="-91" y="-244"/><vector name="rb" x="80" y="-11"/><vector name="head" x="-49" y="-207"/><int name="delay" value="150"/></canvas></imgdir><imgdir name="attack1"><imgdir name="info"><imgdir name="range"><vector name="lt" x="-416" y="-300"/><vector name="rb" x="-100" y="10"/></imgdir><imgdir name="hit"><canvas name="0" width="54" height="21"><vector name="origin" x="25" y="20"/><int name="delay" value="120"/></canvas><canvas name="1" width="104" height="96"><vector name="origin" x="50" y="95"/><int name="delay" value="120"/></canvas><canvas name="2" width="81" height="91"><vector name="origin" x="38" y="90"/><int name="delay" value="120"/></canvas><canvas name="3" width="78" height="89"><vector name="origin" x="38" y="88"/><int name="delay" value="120"/></canvas><canvas name="4" width="84" height="85"><vector name="origin" x="47" y="84"/><int name="delay" value="120"/></canvas><canvas name="5" width="90" height="88"><vector name="origin" x="49" y="88"/><int name="delay" value="120"/></canvas><canvas name="6" width="96" height="43"><vector name="origin" x="49" y="43"/><int name="delay" value="120"/></canvas><canvas name="7" width="17" height="27"><vector name="origin" x="11" y="28"/><int name="delay" value="120"/></canvas><int name="attach" value="1"/><int name="hitAfter" value="240"/></imgdir><int name="type" value="0"/><int name="conMP" value="1"/><int name="attackAfter" value="1800"/><int name="magic" value="1"/><string name="elemAttr" value="I"/></imgdir><canvas name="0" width="205" height="233"><vector name="origin" x="91" y="243"/><vector name="lt" x="-91" y="-244"/><vector name="rb" x="80" y="-11"/><vector name="head" x="-49" y="-208"/><int name="delay" value="120"/></canvas><canvas name="1" width="241" height="253"><vector name="origin" x="117" y="273"/><vector name="lt" x="-81" y="-219"/><vector name="rb" x="88" y="-20"/><vector name="head" x="-39" y="-217"/><int name="delay" value="120"/></canvas><canvas name="2" width="252" height="252"><vector name="origin" x="119" y="273"/><vector name="lt" x="-69" y="-224"/><vector name="rb" x="96" y="-21"/><vector name="head" x="-32" y="-224"/><int name="delay" value="120"/></canvas><canvas name="3" width="251" height="246"><vector name="origin" x="115" y="269"/><vector name="lt" x="-68" y="-228"/><vector name="rb" x="96" y="-23"/><vector name="head" x="-27" y="-229"/><int name="delay" value="120"/></canvas><canvas name="4" width="246" height="251"><vector name="origin" x="111" y="275"/><vector name="lt" x="-64" y="-236"/><vector name="rb" x="99" y="-24"/><vector name="head" x="-22" y="-234"/><int name="delay" value="120"/></canvas><canvas name="5" width="240" height="256"><vector name="origin" x="101" y="281"/><vector name="lt" x="-63" y="-236"/><vector name="rb" x="101" y="-33"/><vector name="head" x="-19" y="-239"/><int name="delay" value="120"/></canvas><canvas name="6" width="230" height="258"><vector name="origin" x="88" y="285"/><vector name="lt" x="-58" y="-241"/><vector name="rb" x="104" y="-34"/><vector name="head" x="-16" y="-243"/><int name="delay" value="120"/></canvas><canvas name="7" width="218" height="259"><vector name="origin" x="73" y="288"/><vector name="lt" x="-54" y="-242"/><vector name="rb" x="107" y="-36"/><vector name="head" x="-14" y="-245"/><int name="delay" value="120"/></canvas><canvas name="8" width="213" height="260"><vector name="origin" x="67" y="289"/><vector name="lt" x="-54" y="-242"/><vector name="rb" x="106" y="-40"/><vector name="head" x="-13" y="-246"/><int name="delay" value="120"/></canvas><canvas name="9" width="210" height="260"><vector name="origin" x="63" y="290"/><vector name="lt" x="-51" y="-241"/><vector name="rb" x="106" y="-40"/><vector name="head" x="-12" y="-247"/><int name="delay" value="120"/></canvas><canvas name="10" width="210" height="260"><vector name="origin" x="62" y="291"/><vector name="lt" x="-48" y="-248"/><vector name="rb" x="112" y="-41"/><vector name="head" x="-11" y="-248"/><int name="delay" value="120"/></canvas><canvas name="11" width="472" height="239"><vector name="origin" x="345" y="230"/><vector name="lt" x="-160" y="-186"/><vector name="rb" x="113" y="-3"/><vector name="head" x="-123" y="-188"/><int name="delay" value="120"/></canvas><canvas name="12" width="515" height="237"><vector name="origin" x="394" y="225"/><vector name="lt" x="-167" y="-189"/><vector name="rb" x="112" y="-2"/><vector name="head" x="-127" y="-184"/><int name="delay" value="120"/></canvas><canvas name="13" width="540" height="251"><vector name="origin" x="421" y="222"/><vector name="lt" x="-166" y="-192"/><vector name="rb" x="112" y="-1"/><vector name="head" x="-128" y="-183"/><int name="delay" value="120"/></canvas><canvas name="14" width="533" height="255"><vector name="origin" x="422" y="220"/><vector name="lt" x="-168" y="-192"/><vector name="rb" x="109" y="-1"/><vector name="head" x="-128" y="-185"/><int name="delay" value="120"/></canvas><canvas name="15" width="533" height="263"><vector name="origin" x="423" y="223"/><vector name="lt" x="-161" y="-192"/><vector name="rb" x="109" y="-3"/><vector name="head" x="-120" y="-188"/><int name="delay" value="120"/></canvas><canvas name="16" width="526" height="262"><vector name="origin" x="423" y="238"/><vector name="lt" x="-130" y="-202"/><vector name="rb" x="95" y="-5"/><vector name="head" x="-91" y="-203"/><int name="delay" value="120"/></canvas><canvas name="17" width="205" height="232"><vector name="origin" x="96" y="238"/><vector name="lt" x="-96" y="-204"/><vector name="rb" x="80" y="-6"/><vector name="head" x="-54" y="-203"/><int name="delay" value="120"/></canvas><canvas name="18" width="205" height="232"><vector name="origin" x="95" y="239"/><vector name="lt" x="-95" y="-208"/><vector name="rb" x="84" y="-7"/><vector name="head" x="-53" y="-204"/><int name="delay" value="120"/></canvas><canvas name="19" width="205" height="232"><vector name="origin" x="94" y="240"/><vector name="lt" x="-94" y="-208"/><vector name="rb" x="83" y="-8"/><vector name="head" x="-52" y="-205"/><int name="delay" value="120"/></canvas><uol name="20" value="../stand/0"/><uol name="21" value="../stand/1"/><uol name="22" value="../stand/2"/><uol name="23" value="../stand/3"/><uol name="24" value="../stand/4"/><uol name="25" value="../stand/5"/><uol name="26" value="../stand/6"/><uol name="27" value="../stand/7"/></imgdir><imgdir name="attack2"><imgdir name="info"><imgdir name="range"><vector name="lt" x="-810" y="-304"/><vector name="rb" x="-20" y="10"/></imgdir><imgdir name="hit"><canvas name="0" width="81" height="80"><vector name="origin" x="31" y="73"/><int name="delay" value="120"/></canvas><canvas name="1" width="61" height="48"><vector name="origin" x="32" y="41"/><int name="delay" value="120"/></canvas><canvas name="2" width="91" height="82"><vector name="origin" x="51" y="75"/><int name="delay" value="120"/></canvas><canvas name="3" width="90" height="84"><vector name="origin" x="50" y="74"/><int name="delay" value="120"/></canvas><canvas name="4" width="92" height="92"><vector name="origin" x="52" y="87"/><int name="delay" value="120"/></canvas><canvas name="5" width="92" height="86"><vector name="origin" x="52" y="84"/><int name="delay" value="120"/></canvas><canvas name="6" width="53" height="76"><vector name="origin" x="53" y="84"/><int name="delay" value="120"/></canvas><int name="attach" value="1"/></imgdir><int name="type" value="0"/><int name="conMP" value="1"/><int name="attackAfter" value="1440"/><int name="magic" value="1"/><string name="elemAttr" value="F"/><int name="knockback" value="1"/><int name="jumpAttack" value="1"/></imgdir><canvas name="0" width="205" height="233"><vector name="origin" x="91" y="243"/><vector name="lt" x="-91" y="-244"/><vector name="rb" x="80" y="-11"/><vector name="head" x="-49" y="-208"/><int name="delay" value="120"/></canvas><canvas name="1" width="241" height="253"><vector name="origin" x="117" y="273"/><vector name="lt" x="-81" y="-219"/><vector name="rb" x="88" y="-20"/><vector name="head" x="-39" y="-217"/><int name="delay" value="120"/></canvas><canvas name="2" width="252" height="252"><vector name="origin" x="119" y="273"/><vector name="lt" x="-69" y="-224"/><vector name="rb" x="96" y="-21"/><vector name="head" x="-32" y="-224"/><int name="delay" value="120"/></canvas><canvas name="3" width="251" height="246"><vector name="origin" x="115" y="269"/><vector name="lt" x="-68" y="-228"/><vector name="rb" x="96" y="-23"/><vector name="head" x="-27" y="-229"/><int name="delay" value="120"/></canvas><canvas name="4" width="246" height="251"><vector name="origin" x="111" y="275"/><vector name="lt" x="-64" y="-236"/><vector name="rb" x="99" y="-24"/><vector name="head" x="-22" y="-234"/><int name="delay" value="120"/></canvas><canvas name="5" width="240" height="256"><vector name="origin" x="101" y="281"/><vector name="lt" x="-63" y="-236"/><vector name="rb" x="101" y="-33"/><vector name="head" x="-19" y="-239"/><int name="delay" value="120"/></canvas><canvas name="6" width="230" height="258"><vector name="origin" x="88" y="285"/><vector name="lt" x="-58" y="-241"/><vector name="rb" x="104" y="-34"/><vector name="head" x="-16" y="-243"/><int name="delay" value="120"/></canvas><canvas name="7" width="218" height="259"><vector name="origin" x="73" y="288"/><vector name="lt" x="-54" y="-242"/><vector name="rb" x="107" y="-36"/><vector name="head" x="-14" y="-245"/><int name="delay" value="120"/></canvas><canvas name="8" width="213" height="260"><vector name="origin" x="67" y="289"/><vector name="lt" x="-54" y="-242"/><vector name="rb" x="106" y="-40"/><vector name="head" x="-13" y="-246"/><int name="delay" value="120"/></canvas><canvas name="9" width="210" height="260"><vector name="origin" x="63" y="290"/><vector name="lt" x="-51" y="-241"/><vector name="rb" x="106" y="-40"/><vector name="head" x="-12" y="-247"/><int name="delay" value="120"/></canvas><canvas name="10" width="210" height="260"><vector name="origin" x="63" y="290"/><vector name="lt" x="-48" y="-248"/><vector name="rb" x="112" y="-41"/><vector name="head" x="-11" y="-248"/><int name="delay" value="120"/></canvas><canvas name="11" width="316" height="237"><vector name="origin" x="188" y="232"/><vector name="lt" x="-160" y="-186"/><vector name="rb" x="113" y="-3"/><vector name="head" x="-123" y="-188"/><int name="delay" value="120"/></canvas><canvas name="12" width="343" height="241"><vector name="origin" x="217" y="229"/><vector name="lt" x="-167" y="-189"/><vector name="rb" x="112" y="-2"/><vector name="head" x="-124" y="-187"/><int name="delay" value="120"/></canvas><canvas name="13" width="355" height="245"><vector name="origin" x="232" y="227"/><vector name="lt" x="-166" y="-192"/><vector name="rb" x="112" y="-1"/><vector name="head" x="-125" y="-186"/><int name="delay" value="120"/></canvas><canvas name="14" width="356" height="237"><vector name="origin" x="237" y="222"/><vector name="lt" x="-168" y="-192"/><vector name="rb" x="109" y="-1"/><vector name="head" x="-126" y="-185"/><int name="delay" value="120"/></canvas><canvas name="15" width="335" height="235"><vector name="origin" x="219" y="219"/><vector name="lt" x="-161" y="-192"/><vector name="rb" x="109" y="-3"/><vector name="head" x="-127" y="-184"/><int name="delay" value="120"/></canvas><canvas name="16" width="354" height="235"><vector name="origin" x="239" y="218"/><vector name="lt" x="-169" y="-192"/><vector name="rb" x="113" y="-1"/><vector name="head" x="-128" y="-183"/><int name="delay" value="120"/></canvas><canvas name="17" width="305" height="230"><vector name="origin" x="191" y="217"/><vector name="lt" x="-171" y="-192"/><vector name="rb" x="107" y="-1"/><vector name="head" x="-129" y="-182"/><int name="delay" value="120"/></canvas><canvas name="18" width="285" height="217"><vector name="origin" x="172" y="216"/><vector name="lt" x="-172" y="-192"/><vector name="rb" x="107" y="1"/><vector name="head" x="-130" y="-181"/><int name="delay" value="120"/></canvas><canvas name="19" width="285" height="217"><vector name="origin" x="173" y="215"/><vector name="lt" x="-173" y="-190"/><vector name="rb" x="107" y="0"/><vector name="head" x="-131" y="-180"/><int name="delay" value="120"/></canvas><canvas name="20" width="281" height="219"><vector name="origin" x="170" y="218"/><vector name="lt" x="-170" y="-192"/><vector name="rb" x="106" y="0"/><vector name="head" x="-128" y="-183"/><int name="delay" value="120"/></canvas><canvas name="21" width="272" height="221"><vector name="origin" x="162" y="223"/><vector name="lt" x="-162" y="-193"/><vector name="rb" x="107" y="-2"/><vector name="head" x="-120" y="-188"/><int name="delay" value="120"/></canvas><canvas name="22" width="230" height="233"><vector name="origin" x="133" y="238"/><vector name="lt" x="-133" y="-206"/><vector name="rb" x="96" y="-5"/><vector name="head" x="-91" y="-203"/><int name="delay" value="120"/></canvas><uol name="23" value="../stand/0"/><uol name="24" value="../stand/1"/><uol name="25" value="../stand/2"/><uol name="26" value="../stand/3"/><uol name="27" value="../stand/4"/><uol name="28" value="../stand/5"/><uol name="29" value="../stand/6"/><uol name="30" value="../stand/7"/></imgdir><imgdir name="skill1"><canvas name="0" width="205" height="232"><vector name="origin" x="91" y="243"/><vector name="lt" x="-91" y="-244"/><vector name="rb" x="80" y="-11"/><vector name="head" x="-49" y="-208"/><int name="delay" value="120"/></canvas><canvas name="1" width="295" height="244"><vector name="origin" x="179" y="249"/><vector name="lt" x="-87" y="-211"/><vector name="rb" x="82" y="-10"/><vector name="head" x="-46" y="-210"/><int name="delay" value="120"/></canvas><canvas name="2" width="290" height="251"><vector name="origin" x="176" y="253"/><vector name="lt" x="-83" y="-214"/><vector name="rb" x="86" y="-10"/><vector name="head" x="-43" y="-212"/><int name="delay" value="120"/></canvas><canvas name="3" width="287" height="256"><vector name="origin" x="171" y="256"/><vector name="lt" x="-83" y="-215"/><vector name="rb" x="85" y="-10"/><vector name="head" x="-41" y="-214"/><int name="delay" value="120"/></canvas><canvas name="4" width="281" height="260"><vector name="origin" x="162" y="258"/><vector name="lt" x="-82" y="-215"/><vector name="rb" x="85" y="-9"/><vector name="head" x="-39" y="-215"/><int name="delay" value="120"/></canvas><canvas name="5" width="268" height="260"><vector name="origin" x="148" y="258"/><vector name="lt" x="-100" y="-216"/><vector name="rb" x="84" y="-7"/><vector name="head" x="-38" y="-215"/><int name="delay" value="120"/></canvas><canvas name="6" width="266" height="260"><vector name="origin" x="145" y="258"/><vector name="lt" x="-74" y="-216"/><vector name="rb" x="86" y="-7"/><vector name="head" x="-37" y="-215"/><int name="delay" value="120"/></canvas><canvas name="7" width="267" height="260"><vector name="origin" x="145" y="258"/><vector name="lt" x="-70" y="-215"/><vector name="rb" x="85" y="-7"/><vector name="head" x="-36" y="-215"/><int name="delay" value="120"/></canvas><canvas name="8" width="266" height="260"><vector name="origin" x="143" y="258"/><vector name="lt" x="-78" y="-217"/><vector name="rb" x="86" y="-8"/><vector name="head" x="-35" y="-215"/><int name="delay" value="120"/></canvas><canvas name="9" width="269" height="259"><vector name="origin" x="145" y="258"/><vector name="lt" x="-74" y="-212"/><vector name="rb" x="89" y="-10"/><vector name="head" x="-34" y="-215"/><int name="delay" value="120"/></canvas><canvas name="10" width="265" height="256"><vector name="origin" x="142" y="256"/><vector name="lt" x="-75" y="-217"/><vector name="rb" x="89" y="-8"/><vector name="head" x="-33" y="-215"/><int name="delay" value="120"/></canvas><canvas name="11" width="261" height="252"><vector name="origin" x="139" y="254"/><vector name="lt" x="-73" y="-216"/><vector name="rb" x="90" y="-8"/><vector name="head" x="-32" y="-215"/><int name="delay" value="120"/></canvas><canvas name="12" width="247" height="243"><vector name="origin" x="128" y="250"/><vector name="lt" x="-71" y="-218"/><vector name="rb" x="88" y="-7"/><vector name="head" x="-31" y="-215"/><int name="delay" value="120"/></canvas><canvas name="13" width="193" height="238"><vector name="origin" x="76" y="247"/><vector name="lt" x="-76" y="-213"/><vector name="rb" x="96" y="-9"/><vector name="head" x="-34" y="-212"/><int name="delay" value="120"/></canvas><canvas name="14" width="200" height="235"><vector name="origin" x="80" y="245"/><vector name="lt" x="-80" y="-211"/><vector name="rb" x="93" y="-10"/><vector name="head" x="-38" y="-210"/><int name="delay" value="120"/></canvas><uol name="15" value="../stand/0"/><uol name="16" value="../stand/1"/><uol name="17" value="../stand/2"/><uol name="18" value="../stand/3"/><uol name="19" value="../stand/4"/><uol name="20" value="../stand/5"/><uol name="21" value="../stand/6"/><uol name="22" value="../stand/7"/></imgdir><imgdir name="hit1"><canvas name="0" width="213" height="254"><vector name="origin" x="85" y="270"/><vector name="lt" x="-84" y="-263"/><vector name="rb" x="66" y="-19"/><vector name="head" x="-47" y="-231"/><int name="delay" value="600"/></canvas></imgdir><imgdir name="die1"><canvas name="0" width="209" height="250"><vector name="origin" x="68" y="274"/><vector name="head" x="-28" y="-236"/><int name="delay" value="180"/></canvas><canvas name="1" width="210" height="240"><vector name="origin" x="63" y="265"/><vector name="head" x="-21" y="-228"/><int name="delay" value="180"/></canvas><canvas name="2" width="201" height="235"><vector name="origin" x="62" y="259"/><vector name="head" x="-21" y="-225"/><int name="delay" value="180"/></canvas><canvas name="3" width="205" height="242"><vector name="origin" x="57" y="227"/><vector name="head" x="-16" y="-191"/><int name="delay" value="180"/></canvas><canvas name="4" width="208" height="240"><vector name="origin" x="61" y="225"/><vector name="head" x="-17" y="-190"/><int name="delay" value="180"/></canvas><canvas name="5" width="212" height="238"><vector name="origin" x="65" y="222"/><vector name="head" x="-17" y="-187"/><int name="delay" value="180"/></canvas><canvas name="6" width="218" height="237"><vector name="origin" x="71" y="221"/><int name="delay" value="180"/></canvas><canvas name="7" width="178" height="40"><vector name="origin" x="70" y="28"/><int name="delay" value="180"/></canvas><canvas name="8" width="177" height="32"><vector name="origin" x="72" y="30"/><int name="delay" value="180"/></canvas><imgdir name="speak"><int name="prob" value="100"/><string name="0" value="Anyone who steps into the Valley of the Dragons will pay a price."/></imgdir></imgdir></imgdir>