<?xml version="1.0" encoding="UTF-8" standalone="yes"?><imgdir name="8220005.img"><imgdir name="info"><int name="bodyAttack" value="1"/><int name="level" value="131"/><int name="maxHP" value="7600000"/><int name="maxMP" value="2500"/><int name="speed" value="-20"/><int name="PADamage" value="665"/><int name="PDDamage" value="1020"/><int name="MADamage" value="735"/><int name="MDDamage" value="1110"/><int name="acc" value="232"/><int name="eva" value="47"/><int name="exp" value="26850"/><int name="undead" value="0"/><int name="pushed" value="13000"/><int name="hpRecovery" value="7000"/><int name="mpRecovery" value="220"/><string name="elemAttr" value="I2L3"/><float name="fs" value="10.0"/><int name="hpTagColor" value="1"/><int name="hpTagBgcolor" value="5"/><int name="HPgaugeHide" value="1"/><int name="summonType" value="1"/><int name="boss" value="1"/><int name="firstAttack" value="1"/><int name="rareItemDropLevel" value="2"/><imgdir name="skill"><imgdir name="0"><int name="skill" value="114"/><int name="action" value="1"/><int name="level" value="23"/><int name="effectAfter" value="0"/></imgdir><imgdir name="1"><int name="skill" value="145"/><int name="action" value="2"/><int name="level" value="1"/><int name="effectAfter" value="0"/></imgdir></imgdir><imgdir name="speak"><imgdir name="con"><imgdir name="0"><imgdir name="quest"><int name="questID" value="3508"/><int name="state" value="2"/></imgdir></imgdir></imgdir><imgdir name="0"><int name="hp" value="7000000"/><string name="0" value="Hehehehe! It&apos;s too late for regrets!"/></imgdir><int name="chatBalloon" value="0"/></imgdir><int name="category" value="5"/></imgdir><imgdir name="move"><canvas name="0" width="203" height="233"><vector name="origin" x="99" y="238"/><vector name="lt" x="-99" y="-238"/><vector name="rb" x="104" y="-5"/><vector name="head" x="-23" y="-218"/><int name="delay" value="150"/></canvas><canvas name="1" width="189" height="241"><vector name="origin" x="90" y="239"/><vector name="lt" x="-90" y="-239"/><vector name="rb" x="99" y="2"/><vector name="head" x="-23" y="-218"/><int name="delay" value="150"/></canvas><canvas name="2" width="191" height="242"><vector name="origin" x="92" y="240"/><vector name="lt" x="-92" y="-240"/><vector name="rb" x="99" y="2"/><vector name="head" x="-23" y="-219"/><int name="delay" value="150"/></canvas><canvas name="3" width="214" height="239"><vector name="origin" x="104" y="241"/><vector name="lt" x="-104" y="-241"/><vector name="rb" x="110" y="-2"/><vector name="head" x="-23" y="-220"/><int name="delay" value="150"/></canvas><canvas name="4" width="195" height="245"><vector name="origin" x="93" y="242"/><vector name="lt" x="-93" y="-242"/><vector name="rb" x="102" y="3"/><vector name="head" x="-23" y="-221"/><int name="delay" value="150"/></canvas><canvas name="5" width="194" height="244"><vector name="origin" x="94" y="243"/><vector name="lt" x="-94" y="-243"/><vector name="rb" x="100" y="1"/><vector name="head" x="-23" y="-222"/><int name="delay" value="150"/></canvas><canvas name="6" width="215" height="240"><vector name="origin" x="105" y="242"/><vector name="lt" x="-105" y="-242"/><vector name="rb" x="110" y="-2"/><vector name="head" x="-23" y="-221"/><int name="delay" value="150"/></canvas><canvas name="7" width="195" height="245"><vector name="origin" x="93" y="241"/><vector name="lt" x="-93" y="-241"/><vector name="rb" x="102" y="4"/><vector name="head" x="-23" y="-220"/><int name="delay" value="150"/></canvas><canvas name="8" width="193" height="243"><vector name="origin" x="93" y="240"/><vector name="lt" x="-93" y="-240"/><vector name="rb" x="100" y="3"/><vector name="head" x="-23" y="-219"/><int name="delay" value="150"/></canvas><canvas name="9" width="213" height="238"><vector name="origin" x="104" y="239"/><vector name="lt" x="-104" y="-239"/><vector name="rb" x="109" y="-1"/><vector name="head" x="-23" y="-218"/><int name="delay" value="150"/></canvas><canvas name="10" width="189" height="241"><vector name="origin" x="90" y="238"/><vector name="lt" x="-90" y="-238"/><vector name="rb" x="99" y="3"/><vector name="head" x="-23" y="-217"/><int name="delay" value="150"/></canvas><canvas name="11" width="182" height="237"><vector name="origin" x="88" y="237"/><vector name="lt" x="-88" y="-237"/><vector name="rb" x="94" y="0"/><vector name="head" x="-23" y="-216"/><int name="delay" value="150"/></canvas></imgdir><imgdir name="stand"><canvas name="0" width="196" height="233"><vector name="origin" x="95" y="238"/><vector name="lt" x="-95" y="-238"/><vector name="rb" x="101" y="-5"/><vector name="head" x="-23" y="-218"/><int name="delay" value="120"/></canvas><canvas name="1" width="189" height="234"><vector name="origin" x="90" y="239"/><vector name="lt" x="-90" y="-239"/><vector name="rb" x="99" y="-5"/><vector name="head" x="-23" y="-218"/><int name="delay" value="120"/></canvas><canvas name="2" width="176" height="238"><vector name="origin" x="83" y="240"/><vector name="lt" x="-84" y="-240"/><vector name="rb" x="93" y="-2"/><vector name="head" x="-23" y="-219"/><int name="delay" value="120"/></canvas><canvas name="3" width="168" height="238"><vector name="origin" x="76" y="241"/><vector name="lt" x="-76" y="-241"/><vector name="rb" x="92" y="-3"/><vector name="head" x="-23" y="-220"/><int name="delay" value="120"/></canvas><canvas name="4" width="175" height="237"><vector name="origin" x="84" y="242"/><vector name="lt" x="-84" y="-242"/><vector name="rb" x="91" y="-5"/><vector name="head" x="-23" y="-221"/><int name="delay" value="120"/></canvas><canvas name="5" width="184" height="239"><vector name="origin" x="88" y="243"/><vector name="lt" x="-88" y="-243"/><vector name="rb" x="96" y="-4"/><vector name="head" x="-23" y="-222"/><int name="delay" value="120"/></canvas><canvas name="6" width="196" height="233"><vector name="origin" x="95" y="242"/><vector name="lt" x="-95" y="-242"/><vector name="rb" x="101" y="-9"/><vector name="head" x="-23" y="-221"/><int name="delay" value="120"/></canvas><canvas name="7" width="189" height="234"><vector name="origin" x="90" y="241"/><vector name="lt" x="-90" y="-241"/><vector name="rb" x="99" y="-7"/><vector name="head" x="-23" y="-220"/><int name="delay" value="120"/></canvas><canvas name="8" width="176" height="238"><vector name="origin" x="83" y="240"/><vector name="lt" x="-83" y="-240"/><vector name="rb" x="93" y="-2"/><vector name="head" x="-22" y="-219"/><int name="delay" value="120"/></canvas><canvas name="9" width="168" height="238"><vector name="origin" x="76" y="239"/><vector name="lt" x="-76" y="-239"/><vector name="rb" x="92" y="-1"/><vector name="head" x="-23" y="-218"/><int name="delay" value="120"/></canvas><canvas name="10" width="175" height="237"><vector name="origin" x="84" y="238"/><vector name="lt" x="-84" y="-238"/><vector name="rb" x="91" y="-1"/><vector name="head" x="-23" y="-217"/><int name="delay" value="120"/></canvas><canvas name="11" width="184" height="239"><vector name="origin" x="88" y="237"/><vector name="lt" x="-88" y="-237"/><vector name="rb" x="96" y="2"/><vector name="head" x="-23" y="-216"/><int name="delay" value="120"/></canvas></imgdir><imgdir name="attack1"><imgdir name="info"><imgdir name="range"><vector name="lt" x="-416" y="-300"/><vector name="rb" x="-100" y="10"/></imgdir><imgdir name="hit"><canvas name="0" width="16" height="45"><vector name="origin" x="-5" y="236"/><int name="delay" value="90"/></canvas><canvas name="1" width="48" height="106"><vector name="origin" x="27" y="226"/><int name="delay" value="90"/></canvas><canvas name="2" width="48" height="127"><vector name="origin" x="27" y="237"/><int name="delay" value="90"/></canvas><canvas name="3" width="56" height="147"><vector name="origin" x="27" y="227"/><int name="delay" value="90"/></canvas><canvas name="4" width="70" height="232"><vector name="origin" x="41" y="225"/><int name="delay" value="90"/></canvas><canvas name="5" width="106" height="235"><vector name="origin" x="55" y="227"/><int name="delay" value="90"/></canvas><canvas name="6" width="115" height="219"><vector name="origin" x="65" y="217"/><int name="delay" value="90"/></canvas><canvas name="7" width="110" height="193"><vector name="origin" x="73" y="187"/><int name="delay" value="90"/></canvas><canvas name="8" width="108" height="99"><vector name="origin" x="70" y="92"/><int name="delay" value="90"/></canvas><canvas name="9" width="120" height="99"><vector name="origin" x="75" y="92"/><int name="delay" value="90"/></canvas><canvas name="10" width="100" height="100"><vector name="origin" x="36" y="96"/><int name="delay" value="90"/></canvas><canvas name="11" width="68" height="67"><vector name="origin" x="-4" y="88"/><int name="delay" value="90"/></canvas><canvas name="12" width="63" height="49"><vector name="origin" x="-7" y="76"/><int name="delay" value="90"/></canvas><canvas name="13" width="58" height="42"><vector name="origin" x="-13" y="78"/><int name="delay" value="90"/></canvas><int name="attach" value="1"/><int name="hitAfter" value="240"/></imgdir><int name="type" value="0"/><int name="conMP" value="1"/><int name="attackAfter" value="1250"/><int name="magic" value="1"/><string name="elemAttr" value="I"/></imgdir><canvas name="0" width="196" height="240"><vector name="origin" x="95" y="244"/><vector name="lt" x="-95" y="-244"/><vector name="rb" x="101" y="-4"/><vector name="head" x="-23" y="-218"/><int name="delay" value="90"/></canvas><canvas name="1" width="196" height="245"><vector name="origin" x="95" y="247"/><vector name="lt" x="-95" y="-247"/><vector name="rb" x="101" y="-2"/><vector name="head" x="-23" y="-218"/><int name="delay" value="90"/></canvas><canvas name="2" width="196" height="244"><vector name="origin" x="95" y="246"/><vector name="lt" x="-95" y="-246"/><vector name="rb" x="101" y="-2"/><vector name="head" x="-23" y="-218"/><int name="delay" value="90"/></canvas><canvas name="3" width="196" height="243"><vector name="origin" x="95" y="245"/><vector name="lt" x="-95" y="-245"/><vector name="rb" x="101" y="-2"/><vector name="head" x="-23" y="-218"/><int name="delay" value="90"/></canvas><canvas name="4" width="198" height="241"><vector name="origin" x="95" y="243"/><vector name="lt" x="-95" y="-243"/><vector name="rb" x="103" y="-2"/><vector name="head" x="-23" y="-218"/><int name="delay" value="90"/></canvas><canvas name="5" width="203" height="239"><vector name="origin" x="98" y="240"/><vector name="lt" x="-98" y="-240"/><vector name="rb" x="105" y="-1"/><vector name="head" x="-23" y="-218"/><int name="delay" value="90"/></canvas><canvas name="6" width="207" height="233"><vector name="origin" x="100" y="238"/><vector name="lt" x="-100" y="-238"/><vector name="rb" x="107" y="-5"/><vector name="head" x="-23" y="-218"/><int name="delay" value="90"/></canvas><canvas name="7" width="210" height="233"><vector name="origin" x="102" y="238"/><vector name="lt" x="-102" y="-238"/><vector name="rb" x="108" y="-5"/><vector name="head" x="-23" y="-218"/><int name="delay" value="90"/></canvas><canvas name="8" width="211" height="233"><vector name="origin" x="103" y="238"/><vector name="lt" x="-103" y="-238"/><vector name="rb" x="108" y="-5"/><vector name="head" x="-23" y="-218"/><int name="delay" value="90"/></canvas><canvas name="9" width="211" height="335"><vector name="origin" x="103" y="338"/><vector name="lt" x="-103" y="-338"/><vector name="rb" x="108" y="-3"/><vector name="head" x="-23" y="-218"/><int name="delay" value="90"/></canvas><canvas name="10" width="211" height="328"><vector name="origin" x="103" y="330"/><vector name="lt" x="-103" y="-330"/><vector name="rb" x="108" y="-2"/><vector name="head" x="-23" y="-218"/><int name="delay" value="90"/></canvas><canvas name="11" width="210" height="237"><vector name="origin" x="103" y="238"/><vector name="lt" x="-103" y="-238"/><vector name="rb" x="107" y="-1"/><vector name="head" x="-23" y="-218"/><int name="delay" value="90"/></canvas><canvas name="12" width="208" height="326"><vector name="origin" x="102" y="337"/><vector name="lt" x="-102" y="-337"/><vector name="rb" x="106" y="-11"/><vector name="head" x="-23" y="-218"/><int name="delay" value="90"/></canvas><canvas name="13" width="206" height="399"><vector name="origin" x="100" y="411"/><vector name="lt" x="-100" y="-411"/><vector name="rb" x="106" y="-12"/><vector name="head" x="-23" y="-218"/><int name="delay" value="90"/></canvas><canvas name="14" width="159" height="226"><vector name="origin" x="76" y="238"/><vector name="lt" x="-76" y="-238"/><vector name="rb" x="83" y="-12"/><vector name="head" x="-23" y="-218"/><int name="delay" value="90"/></canvas><canvas name="15" width="159" height="306"><vector name="origin" x="76" y="318"/><vector name="lt" x="-76" y="-318"/><vector name="rb" x="83" y="-12"/><vector name="head" x="-23" y="-218"/><int name="delay" value="90"/></canvas><canvas name="16" width="156" height="338"><vector name="origin" x="76" y="350"/><vector name="lt" x="-76" y="-350"/><vector name="rb" x="80" y="-12"/><vector name="head" x="-23" y="-218"/><int name="delay" value="90"/></canvas><canvas name="17" width="134" height="226"><vector name="origin" x="76" y="238"/><vector name="lt" x="-76" y="-238"/><vector name="rb" x="58" y="-12"/><vector name="head" x="-23" y="-218"/><int name="delay" value="90"/></canvas><canvas name="18" width="134" height="226"><vector name="origin" x="76" y="238"/><vector name="lt" x="-76" y="-238"/><vector name="rb" x="58" y="-12"/><vector name="head" x="-23" y="-218"/><int name="delay" value="90"/></canvas><canvas name="19" width="134" height="226"><vector name="origin" x="76" y="238"/><vector name="lt" x="-76" y="-238"/><vector name="rb" x="58" y="-12"/><vector name="head" x="-23" y="-218"/><int name="delay" value="90"/></canvas><canvas name="20" width="134" height="226"><vector name="origin" x="76" y="238"/><vector name="lt" x="-76" y="-238"/><vector name="rb" x="58" y="-12"/><vector name="head" x="-23" y="-218"/><int name="delay" value="90"/></canvas><canvas name="21" width="134" height="226"><vector name="origin" x="76" y="238"/><vector name="lt" x="-76" y="-238"/><vector name="rb" x="58" y="-12"/><vector name="head" x="-23" y="-218"/><int name="delay" value="90"/></canvas><canvas name="22" width="201" height="233"><vector name="origin" x="98" y="238"/><vector name="lt" x="-98" y="-238"/><vector name="rb" x="103" y="-5"/><vector name="head" x="-23" y="-218"/><int name="delay" value="90"/></canvas><canvas name="23" width="201" height="233"><vector name="origin" x="98" y="238"/><vector name="lt" x="-98" y="-238"/><vector name="rb" x="103" y="-5"/><vector name="head" x="-23" y="-218"/><int name="delay" value="90"/></canvas><canvas name="24" width="196" height="233"><vector name="origin" x="95" y="238"/><vector name="lt" x="-95" y="-238"/><vector name="rb" x="101" y="-5"/><vector name="head" x="-23" y="-218"/><int name="delay" value="90"/></canvas><canvas name="25" width="196" height="233"><vector name="origin" x="95" y="238"/><vector name="lt" x="-95" y="-238"/><vector name="rb" x="101" y="-5"/><vector name="head" x="-23" y="-218"/><int name="delay" value="90"/></canvas><canvas name="26" width="196" height="233"><vector name="origin" x="95" y="238"/><vector name="lt" x="-95" y="-238"/><vector name="rb" x="101" y="-5"/><vector name="head" x="-23" y="-218"/><int name="delay" value="90"/></canvas><canvas name="27" width="196" height="233"><vector name="origin" x="95" y="238"/><vector name="lt" x="-95" y="-238"/><vector name="rb" x="101" y="-5"/><vector name="head" x="-23" y="-218"/><int name="delay" value="90"/></canvas><canvas name="28" width="196" height="233"><vector name="origin" x="95" y="238"/><vector name="lt" x="-95" y="-238"/><vector name="rb" x="101" y="-5"/><vector name="head" x="-23" y="-218"/><int name="delay" value="90"/></canvas></imgdir><imgdir name="attack2"><imgdir name="info"><imgdir name="range"><vector name="lt" x="-810" y="-304"/><vector name="rb" x="-20" y="10"/></imgdir><imgdir name="hit"><canvas name="0" width="109" height="138"><vector name="origin" x="55" y="127"/><int name="delay" value="120"/></canvas><canvas name="1" width="106" height="184"><vector name="origin" x="56" y="173"/><int name="z" value="0"/></canvas><canvas name="2" width="95" height="172"><vector name="origin" x="50" y="182"/><int name="z" value="0"/></canvas><canvas name="3" width="79" height="165"><vector name="origin" x="42" y="183"/><int name="z" value="0"/></canvas><canvas name="4" width="76" height="159"><vector name="origin" x="41" y="182"/><int name="z" value="0"/></canvas><int name="attach" value="1"/></imgdir><int name="type" value="0"/><int name="conMP" value="1"/><int name="attackAfter" value="1710"/><int name="magic" value="1"/><string name="elemAttr" value="F"/><int name="knockback" value="1"/><int name="jumpAttack" value="1"/></imgdir><canvas name="0" width="196" height="233"><vector name="origin" x="95" y="238"/><vector name="lt" x="-95" y="-238"/><vector name="rb" x="101" y="-5"/><vector name="head" x="-23" y="-218"/><int name="delay" value="120"/></canvas><canvas name="1" width="189" height="234"><vector name="origin" x="90" y="251"/><vector name="lt" x="-90" y="-251"/><vector name="rb" x="99" y="-17"/><vector name="head" x="-21" y="-231"/><int name="delay" value="120"/></canvas><canvas name="2" width="176" height="238"><vector name="origin" x="83" y="267"/><vector name="lt" x="-83" y="-267"/><vector name="rb" x="93" y="-29"/><vector name="head" x="-22" y="-246"/><int name="delay" value="120"/></canvas><canvas name="3" width="168" height="238"><vector name="origin" x="76" y="301"/><vector name="lt" x="-76" y="-301"/><vector name="rb" x="92" y="-63"/><vector name="head" x="-21" y="-280"/><int name="delay" value="120"/></canvas><canvas name="4" width="175" height="237"><vector name="origin" x="84" y="319"/><vector name="lt" x="-84" y="-319"/><vector name="rb" x="91" y="-82"/><vector name="head" x="-23" y="-298"/><int name="delay" value="120"/></canvas><canvas name="5" width="184" height="242"><vector name="origin" x="88" y="327"/><vector name="lt" x="-88" y="-327"/><vector name="rb" x="96" y="-85"/><vector name="head" x="-22" y="-303"/><int name="delay" value="120"/></canvas><canvas name="6" width="196" height="237"><vector name="origin" x="95" y="329"/><vector name="lt" x="-95" y="-329"/><vector name="rb" x="101" y="-92"/><vector name="head" x="-21" y="-303"/><int name="delay" value="120"/></canvas><canvas name="7" width="189" height="238"><vector name="origin" x="90" y="330"/><vector name="lt" x="-90" y="-330"/><vector name="rb" x="99" y="-92"/><vector name="head" x="-22" y="-305"/><int name="delay" value="120"/></canvas><canvas name="8" width="189" height="237"><vector name="origin" x="90" y="330"/><vector name="lt" x="-90" y="-330"/><vector name="rb" x="99" y="-93"/><vector name="head" x="-23" y="-306"/><int name="delay" value="120"/></canvas><canvas name="9" width="189" height="237"><vector name="origin" x="90" y="330"/><vector name="lt" x="-90" y="-330"/><vector name="rb" x="99" y="-93"/><vector name="head" x="-22" y="-306"/><int name="delay" value="120"/></canvas><canvas name="10" width="189" height="235"><vector name="origin" x="90" y="328"/><vector name="lt" x="-90" y="-328"/><vector name="rb" x="99" y="-93"/><vector name="head" x="-21" y="-306"/><int name="delay" value="120"/></canvas><canvas name="11" width="186" height="243"><vector name="origin" x="90" y="327"/><vector name="lt" x="-90" y="-327"/><vector name="rb" x="96" y="-84"/><vector name="head" x="-23" y="-302"/><int name="delay" value="120"/></canvas><canvas name="12" width="198" height="252"><vector name="origin" x="95" y="328"/><vector name="lt" x="-95" y="-328"/><vector name="rb" x="103" y="-76"/><vector name="head" x="-23" y="-299"/><int name="delay" value="120"/></canvas><canvas name="13" width="226" height="255"><vector name="origin" x="109" y="210"/><vector name="lt" x="-109" y="-210"/><vector name="rb" x="117" y="45"/><vector name="head" x="-23" y="-177"/><int name="delay" value="120"/></canvas><canvas name="14" width="242" height="254"><vector name="origin" x="114" y="220"/><vector name="lt" x="-114" y="-220"/><vector name="rb" x="128" y="34"/><vector name="head" x="-23" y="-190"/><int name="delay" value="120"/></canvas><canvas name="15" width="254" height="251"><vector name="origin" x="120" y="217"/><vector name="lt" x="-121" y="-217"/><vector name="rb" x="134" y="34"/><vector name="head" x="-23" y="-189"/><int name="delay" value="120"/></canvas><canvas name="16" width="292" height="234"><vector name="origin" x="139" y="210"/><vector name="lt" x="-139" y="-210"/><vector name="rb" x="153" y="24"/><vector name="head" x="-23" y="-189"/><int name="delay" value="120"/></canvas><canvas name="17" width="306" height="238"><vector name="origin" x="146" y="210"/><vector name="lt" x="-147" y="-210"/><vector name="rb" x="160" y="28"/><vector name="head" x="-23" y="-189"/><int name="delay" value="120"/></canvas><canvas name="18" width="173" height="238"><vector name="origin" x="79" y="210"/><vector name="lt" x="-79" y="-210"/><vector name="rb" x="94" y="28"/><vector name="head" x="-22" y="-189"/><int name="delay" value="120"/></canvas><canvas name="19" width="179" height="238"><vector name="origin" x="85" y="210"/><vector name="lt" x="-85" y="-211"/><vector name="rb" x="94" y="28"/><vector name="head" x="-22" y="-189"/><int name="delay" value="120"/></canvas><canvas name="20" width="191" height="235"><vector name="origin" x="91" y="232"/><vector name="lt" x="-91" y="-232"/><vector name="rb" x="100" y="3"/><vector name="head" x="-23" y="-211"/><int name="delay" value="120"/></canvas></imgdir><imgdir name="skill1"><canvas name="0" width="196" height="233"><vector name="origin" x="95" y="238"/><vector name="lt" x="-95" y="-238"/><vector name="rb" x="101" y="-5"/><vector name="head" x="-23" y="-218"/><int name="delay" value="90"/></canvas><canvas name="1" width="202" height="250"><vector name="origin" x="101" y="255"/><vector name="lt" x="-101" y="-255"/><vector name="rb" x="101" y="-5"/><vector name="head" x="-23" y="-218"/><int name="delay" value="90"/></canvas><canvas name="2" width="208" height="251"><vector name="origin" x="107" y="256"/><vector name="lt" x="-107" y="-256"/><vector name="rb" x="101" y="-5"/><vector name="head" x="-23" y="-218"/><int name="delay" value="90"/></canvas><canvas name="3" width="208" height="259"><vector name="origin" x="107" y="264"/><vector name="lt" x="-107" y="-264"/><vector name="rb" x="101" y="-5"/><vector name="head" x="-23" y="-218"/><int name="delay" value="90"/></canvas><canvas name="4" width="207" height="255"><vector name="origin" x="106" y="260"/><vector name="lt" x="-106" y="-260"/><vector name="rb" x="101" y="-5"/><vector name="head" x="-23" y="-218"/><int name="delay" value="90"/></canvas><canvas name="5" width="196" height="250"><vector name="origin" x="95" y="255"/><vector name="lt" x="-96" y="-255"/><vector name="rb" x="101" y="-5"/><vector name="head" x="-23" y="-218"/><int name="delay" value="90"/></canvas><canvas name="6" width="196" height="247"><vector name="origin" x="95" y="252"/><vector name="lt" x="-95" y="-252"/><vector name="rb" x="101" y="-5"/><vector name="head" x="-23" y="-218"/><int name="delay" value="90"/></canvas><canvas name="7" width="196" height="241"><vector name="origin" x="95" y="246"/><vector name="lt" x="-95" y="-246"/><vector name="rb" x="101" y="-5"/><vector name="head" x="-23" y="-218"/><int name="delay" value="90"/></canvas><canvas name="8" width="196" height="237"><vector name="origin" x="95" y="242"/><vector name="lt" x="-95" y="-242"/><vector name="rb" x="101" y="-5"/><vector name="head" x="-23" y="-218"/><int name="delay" value="90"/></canvas><canvas name="9" width="196" height="237"><vector name="origin" x="95" y="242"/><vector name="lt" x="-95" y="-242"/><vector name="rb" x="101" y="-5"/><vector name="head" x="-23" y="-218"/><int name="delay" value="90"/></canvas><canvas name="10" width="223" height="252"><vector name="origin" x="109" y="248"/><vector name="lt" x="-109" y="-248"/><vector name="rb" x="114" y="4"/><vector name="head" x="-23" y="-218"/><int name="delay" value="90"/></canvas><canvas name="11" width="221" height="250"><vector name="origin" x="108" y="246"/><vector name="lt" x="-108" y="-246"/><vector name="rb" x="113" y="4"/><vector name="head" x="-23" y="-218"/><int name="delay" value="90"/></canvas><canvas name="12" width="219" height="248"><vector name="origin" x="107" y="245"/><vector name="lt" x="-107" y="-245"/><vector name="rb" x="112" y="3"/><vector name="head" x="-23" y="-218"/><int name="delay" value="90"/></canvas><canvas name="13" width="217" height="245"><vector name="origin" x="106" y="243"/><vector name="lt" x="-106" y="-243"/><vector name="rb" x="111" y="2"/><vector name="head" x="-23" y="-218"/><int name="delay" value="90"/></canvas><canvas name="14" width="215" height="244"><vector name="origin" x="105" y="243"/><vector name="lt" x="-105" y="-243"/><vector name="rb" x="110" y="1"/><vector name="head" x="-23" y="-218"/><int name="delay" value="90"/></canvas><canvas name="15" width="213" height="241"><vector name="origin" x="104" y="242"/><vector name="lt" x="-104" y="-242"/><vector name="rb" x="109" y="-1"/><vector name="head" x="-23" y="-218"/><int name="delay" value="90"/></canvas><canvas name="16" width="209" height="240"><vector name="origin" x="102" y="242"/><vector name="lt" x="-102" y="-242"/><vector name="rb" x="107" y="-2"/><vector name="head" x="-23" y="-218"/><int name="delay" value="90"/></canvas><canvas name="17" width="207" height="238"><vector name="origin" x="101" y="242"/><vector name="lt" x="-101" y="-242"/><vector name="rb" x="106" y="-4"/><vector name="head" x="-23" y="-218"/><int name="delay" value="90"/></canvas><canvas name="18" width="203" height="237"><vector name="origin" x="99" y="242"/><vector name="lt" x="-99" y="-242"/><vector name="rb" x="104" y="-5"/><vector name="head" x="-23" y="-218"/><int name="delay" value="90"/></canvas><canvas name="19" width="196" height="237"><vector name="origin" x="95" y="242"/><vector name="lt" x="-95" y="-242"/><vector name="rb" x="101" y="-5"/><vector name="head" x="-23" y="-218"/><int name="delay" value="90"/></canvas></imgdir><imgdir name="skill2"><canvas name="0" width="196" height="233"><vector name="origin" x="95" y="238"/><vector name="lt" x="-95" y="-238"/><vector name="rb" x="101" y="-5"/><vector name="head" x="-23" y="-218"/><int name="delay" value="120"/></canvas><canvas name="1" width="196" height="233"><vector name="origin" x="95" y="238"/><vector name="lt" x="-95" y="-238"/><vector name="rb" x="101" y="-5"/><vector name="head" x="-23" y="-218"/><int name="delay" value="120"/></canvas><canvas name="2" width="196" height="233"><vector name="origin" x="95" y="238"/><vector name="lt" x="-95" y="-238"/><vector name="rb" x="101" y="-5"/><vector name="head" x="-23" y="-218"/><int name="delay" value="120"/></canvas><canvas name="3" width="214" height="233"><vector name="origin" x="113" y="238"/><vector name="lt" x="-113" y="-238"/><vector name="rb" x="101" y="-5"/><vector name="head" x="-23" y="-218"/><int name="delay" value="120"/></canvas><canvas name="4" width="204" height="233"><vector name="origin" x="103" y="238"/><vector name="lt" x="-103" y="-238"/><vector name="rb" x="101" y="-5"/><vector name="head" x="-23" y="-218"/><int name="delay" value="120"/></canvas><canvas name="5" width="196" height="233"><vector name="origin" x="95" y="238"/><vector name="lt" x="-95" y="-238"/><vector name="rb" x="101" y="-5"/><vector name="head" x="-23" y="-218"/><int name="delay" value="120"/></canvas><canvas name="6" width="196" height="233"><vector name="origin" x="95" y="238"/><vector name="lt" x="-95" y="-238"/><vector name="rb" x="101" y="-5"/><vector name="head" x="-23" y="-218"/><int name="delay" value="120"/></canvas><canvas name="7" width="213" height="240"><vector name="origin" x="104" y="238"/><vector name="lt" x="-104" y="-238"/><vector name="rb" x="109" y="2"/><vector name="head" x="-23" y="-218"/><int name="delay" value="120"/></canvas><canvas name="8" width="216" height="242"><vector name="origin" x="105" y="238"/><vector name="lt" x="-105" y="-238"/><vector name="rb" x="111" y="4"/><vector name="head" x="-23" y="-218"/><int name="delay" value="120"/></canvas><canvas name="9" width="215" height="241"><vector name="origin" x="105" y="238"/><vector name="lt" x="-105" y="-238"/><vector name="rb" x="110" y="3"/><vector name="head" x="-23" y="-218"/><int name="delay" value="120"/></canvas><canvas name="10" width="214" height="241"><vector name="origin" x="104" y="238"/><vector name="lt" x="-104" y="-238"/><vector name="rb" x="110" y="3"/><vector name="head" x="-23" y="-218"/><int name="delay" value="120"/></canvas><canvas name="11" width="213" height="239"><vector name="origin" x="104" y="238"/><vector name="lt" x="-104" y="-238"/><vector name="rb" x="109" y="1"/><vector name="head" x="-23" y="-218"/><int name="delay" value="120"/></canvas><canvas name="12" width="209" height="238"><vector name="origin" x="102" y="238"/><vector name="lt" x="-102" y="-238"/><vector name="rb" x="107" y="0"/><vector name="head" x="-23" y="-218"/><int name="delay" value="120"/></canvas><canvas name="13" width="196" height="233"><vector name="origin" x="95" y="238"/><vector name="lt" x="-95" y="-238"/><vector name="rb" x="101" y="-5"/><vector name="head" x="-23" y="-218"/><int name="delay" value="120"/></canvas><canvas name="14" width="215" height="249"><vector name="origin" x="105" y="247"/><vector name="lt" x="-105" y="-248"/><vector name="rb" x="110" y="2"/><vector name="head" x="-23" y="-218"/><int name="delay" value="120"/></canvas><canvas name="15" width="215" height="249"><vector name="origin" x="105" y="247"/><vector name="lt" x="-105" y="-247"/><vector name="rb" x="110" y="2"/><vector name="head" x="-23" y="-218"/><int name="delay" value="120"/></canvas><canvas name="16" width="211" height="243"><vector name="origin" x="103" y="244"/><vector name="lt" x="-103" y="-244"/><vector name="rb" x="107" y="-1"/><vector name="head" x="-23" y="-218"/><int name="delay" value="120"/></canvas><canvas name="17" width="203" height="235"><vector name="origin" x="99" y="240"/><vector name="lt" x="-99" y="-240"/><vector name="rb" x="104" y="-5"/><vector name="head" x="-23" y="-218"/><int name="delay" value="120"/></canvas><canvas name="18" width="196" height="233"><vector name="origin" x="95" y="238"/><vector name="lt" x="-95" y="-238"/><vector name="rb" x="101" y="-5"/><vector name="head" x="-23" y="-218"/><int name="delay" value="120"/></canvas></imgdir><imgdir name="hit1"><canvas name="0" width="209" height="244"><vector name="origin" x="85" y="238"/><vector name="lt" x="-85" y="-238"/><vector name="rb" x="124" y="6"/><vector name="head" x="-9" y="-217"/><int name="delay" value="600"/></canvas></imgdir><imgdir name="die1"><canvas name="0" width="209" height="244"><vector name="origin" x="85" y="238"/><int name="delay" value="120"/></canvas><canvas name="1" width="228" height="254"><vector name="origin" x="89" y="245"/><int name="delay" value="120"/></canvas><canvas name="2" width="238" height="263"><vector name="origin" x="90" y="249"/><int name="delay" value="120"/></canvas><canvas name="3" width="259" height="273"><vector name="origin" x="97" y="253"/><int name="delay" value="120"/></canvas><canvas name="4" width="134" height="226"><vector name="origin" x="43" y="254"/><int name="delay" value="120"/></canvas><canvas name="5" width="134" height="226"><vector name="origin" x="39" y="240"/><int name="delay" value="120"/></canvas><canvas name="6" width="154" height="213"><vector name="origin" x="39" y="210"/><int name="delay" value="120"/></canvas><canvas name="7" width="158" height="211"><vector name="origin" x="39" y="208"/><int name="delay" value="120"/></canvas><canvas name="8" width="159" height="209"><vector name="origin" x="39" y="207"/><int name="delay" value="120"/></canvas><canvas name="9" width="164" height="208"><vector name="origin" x="39" y="206"/><int name="delay" value="120"/></canvas><canvas name="10" width="158" height="51"><vector name="origin" x="33" y="50"/><int name="delay" value="120"/></canvas><canvas name="11" width="158" height="28"><vector name="origin" x="36" y="52"/><int name="delay" value="120"/></canvas><imgdir name="speak"><int name="prob" value="100"/><string name="0" value="You who walk in the steps of regret...the end will leave only regrets..."/></imgdir></imgdir></imgdir>