<?xml version="1.0" encoding="UTF-8" standalone="yes"?><imgdir name="8800010.img"><imgdir name="info"><int name="bodyAttack" value="1"/><int name="level" value="140"/><int name="maxHP" value="25300000"/><int name="maxMP" value="18000"/><int name="speed" value="0"/><int name="PADamage" value="510"/><int name="PDDamage" value="1050"/><int name="MADamage" value="500"/><int name="MDDamage" value="750"/><int name="acc" value="200"/><int name="eva" value="14"/><int name="exp" value="1030400"/><int name="undead" value="0"/><int name="pushed" value="50000"/><int name="hpRecovery" value="30000"/><int name="mpRecovery" value="1000"/><float name="fs" value="10.0"/><int name="summonType" value="1"/><int name="noFlip" value="1"/><int name="boss" value="1"/><int name="firstAttack" value="1"/><int name="mbookID" value="8800002"/><int name="category" value="6"/></imgdir><imgdir name="regen"><canvas name="0" width="127" height="124"><vector name="origin" x="-207" y="141"/><int name="delay" value="120"/></canvas><canvas name="1" width="145" height="139"><vector name="origin" x="-198" y="149"/><int name="delay" value="120"/></canvas><canvas name="2" width="156" height="156"><vector name="origin" x="-192" y="155"/><int name="delay" value="120"/></canvas><canvas name="3" width="291" height="172"><vector name="origin" x="-61" y="166"/><int name="delay" value="120"/></canvas><canvas name="4" width="301" height="183"><vector name="origin" x="-58" y="169"/><int name="delay" value="120"/></canvas><canvas name="5" width="310" height="190"><vector name="origin" x="-56" y="172"/><int name="delay" value="120"/></canvas><canvas name="6" width="347" height="260"><vector name="origin" x="-55" y="204"/><int name="delay" value="120"/></canvas><canvas name="7" width="312" height="211"><vector name="origin" x="-54" y="178"/><int name="delay" value="120"/></canvas><canvas name="8" width="313" height="196"><vector name="origin" x="-53" y="172"/><int name="delay" value="120"/></canvas></imgdir><imgdir name="stand"><canvas name="0" width="264" height="122"><vector name="origin" x="-56" y="148"/><vector name="lt" x="58" y="-146"/><vector name="rb" x="314" y="-30"/><vector name="head" x="262" y="-83"/><int name="delay" value="130"/></canvas><canvas name="1" width="263" height="135"><vector name="origin" x="-57" y="169"/><vector name="lt" x="61" y="-162"/><vector name="rb" x="316" y="-36"/><vector name="head" x="264" y="-98"/><int name="delay" value="100"/></canvas><canvas name="2" width="262" height="158"><vector name="origin" x="-58" y="198"/><vector name="lt" x="64" y="-192"/><vector name="rb" x="317" y="-43"/><vector name="head" x="264" y="-120"/><int name="delay" value="100"/></canvas><canvas name="3" width="263" height="135"><vector name="origin" x="-57" y="169"/><vector name="lt" x="61" y="-167"/><vector name="rb" x="316" y="-38"/><vector name="head" x="264" y="-100"/><int name="delay" value="100"/></canvas><canvas name="4" width="264" height="122"><vector name="origin" x="-56" y="148"/><vector name="lt" x="60" y="-146"/><vector name="rb" x="316" y="-30"/><vector name="head" x="263" y="-82"/><int name="delay" value="130"/></canvas><canvas name="5" width="251" height="125"><vector name="origin" x="-54" y="140"/><vector name="lt" x="57" y="-128"/><vector name="rb" x="302" y="-18"/><vector name="head" x="263" y="-61"/><int name="delay" value="100"/></canvas><canvas name="6" width="249" height="145"><vector name="origin" x="-53" y="140"/><vector name="lt" x="58" y="-112"/><vector name="rb" x="299" y="0"/><vector name="head" x="257" y="-37"/><int name="delay" value="100"/></canvas><canvas name="7" width="251" height="125"><vector name="origin" x="-54" y="140"/><vector name="lt" x="58" y="-120"/><vector name="rb" x="301" y="-19"/><vector name="head" x="261" y="-59"/><int name="delay" value="100"/></canvas></imgdir><imgdir name="attack1"><imgdir name="info"><imgdir name="range"><vector name="lt" x="-1100" y="-150"/><vector name="rb" x="800" y="0"/></imgdir><imgdir name="hit"><canvas name="0" width="83" height="91"><vector name="origin" x="38" y="65"/><int name="delay" value="120"/></canvas><canvas name="1" width="110" height="113"><vector name="origin" x="50" y="75"/><int name="delay" value="200"/><int name="a0" value="255"/><int name="a1" value="0"/></canvas></imgdir><int name="type" value="0"/><int name="attackAfter" value="800"/><int name="jumpAttack" value="1"/><int name="PADamage" value="530"/><int name="tremble" value="1"/></imgdir><uol name="0" value="../stand/0"/><uol name="1" value="../stand/1"/><uol name="2" value="../stand/2"/><uol name="3" value="../stand/3"/><uol name="4" value="../stand/4"/><uol name="5" value="../stand/5"/><uol name="6" value="../stand/6"/><uol name="7" value="../stand/7"/><canvas name="8" width="249" height="133"><vector name="origin" x="-54" y="140"/><vector name="lt" x="54" y="-113"/><vector name="rb" x="302" y="-10"/><vector name="head" x="259" y="-48"/></canvas><canvas name="9" width="250" height="112"><vector name="origin" x="-57" y="143"/><vector name="lt" x="55" y="-127"/><vector name="rb" x="304" y="-33"/><vector name="head" x="268" y="-79"/></canvas><canvas name="10" width="245" height="125"><vector name="origin" x="-60" y="173"/><vector name="lt" x="62" y="-170"/><vector name="rb" x="301" y="-51"/><vector name="head" x="267" y="-121"/></canvas><canvas name="11" width="249" height="144"><vector name="origin" x="-62" y="199"/><vector name="lt" x="66" y="-197"/><vector name="rb" x="308" y="-59"/><vector name="head" x="257" y="-140"/></canvas><canvas name="12" width="231" height="156"><vector name="origin" x="-63" y="218"/><vector name="lt" x="68" y="-215"/><vector name="rb" x="290" y="-65"/><vector name="head" x="250" y="-164"/></canvas><canvas name="13" width="218" height="151"><vector name="origin" x="-65" y="219"/><vector name="lt" x="69" y="-217"/><vector name="rb" x="279" y="-71"/><vector name="head" x="246" y="-180"/></canvas><canvas name="14" width="203" height="164"><vector name="origin" x="-67" y="236"/><vector name="lt" x="70" y="-232"/><vector name="rb" x="267" y="-77"/><vector name="head" x="231" y="-198"/></canvas><canvas name="15" width="323" height="307"><vector name="origin" x="-61" y="228"/><vector name="lt" x="61" y="-115"/><vector name="rb" x="301" y="-18"/><vector name="head" x="273" y="-47"/></canvas><canvas name="16" width="356" height="351"><vector name="origin" x="-57" y="286"/><vector name="lt" x="61" y="-115"/><vector name="rb" x="290" y="2"/><vector name="head" x="259" y="-27"/></canvas><canvas name="17" width="416" height="415"><vector name="origin" x="-55" y="351"/><vector name="lt" x="61" y="-115"/><vector name="rb" x="280" y="-2"/><vector name="head" x="252" y="-43"/></canvas><canvas name="18" width="473" height="461"><vector name="origin" x="-28" y="398"/><vector name="lt" x="61" y="-115"/><vector name="rb" x="280" y="-2"/><vector name="head" x="252" y="-43"/></canvas><canvas name="19" width="481" height="418"><vector name="origin" x="-25" y="373"/><vector name="lt" x="61" y="-115"/><vector name="rb" x="280" y="-2"/><vector name="head" x="252" y="-43"/></canvas><canvas name="20" width="509" height="351"><vector name="origin" x="-6" y="312"/><vector name="lt" x="61" y="-115"/><vector name="rb" x="275" y="-2"/><vector name="head" x="252" y="-43"/></canvas><canvas name="21" width="276" height="142"><vector name="origin" x="-53" y="138"/><vector name="lt" x="61" y="-115"/><vector name="rb" x="279" y="-2"/><vector name="head" x="252" y="-43"/></canvas><canvas name="22" width="271" height="140"><vector name="origin" x="-55" y="139"/><vector name="lt" x="61" y="-115"/><vector name="rb" x="279" y="-2"/><vector name="head" x="252" y="-43"/></canvas><uol name="23" value="../stand/0"/><uol name="24" value="../stand/1"/><uol name="25" value="../stand/2"/><uol name="26" value="../stand/3"/><uol name="27" value="../stand/4"/><uol name="28" value="../stand/5"/><uol name="29" value="../stand/6"/><uol name="30" value="../stand/7"/><uol name="31" value="../stand/0"/><uol name="32" value="../stand/1"/><uol name="33" value="../stand/2"/><uol name="34" value="../stand/3"/><uol name="35" value="../stand/4"/><uol name="36" value="../stand/5"/><uol name="37" value="../stand/6"/><uol name="38" value="../stand/7"/><uol name="39" value="../stand/0"/><uol name="40" value="../stand/1"/><uol name="41" value="../stand/2"/><uol name="42" value="../stand/3"/><uol name="43" value="../stand/4"/><uol name="44" value="../stand/5"/><uol name="45" value="../stand/6"/><uol name="46" value="../stand/7"/></imgdir><imgdir name="attack2"><imgdir name="info"><imgdir name="range"><vector name="sp" x="214" y="-39"/><int name="r" value="-1000"/></imgdir><imgdir name="hit"><canvas name="0" width="161" height="180"><vector name="origin" x="74" y="112"/><int name="delay" value="120"/></canvas><canvas name="1" width="166" height="240"><vector name="origin" x="77" y="153"/><int name="delay" value="120"/></canvas><canvas name="2" width="165" height="308"><vector name="origin" x="78" y="201"/><int name="delay" value="120"/></canvas><canvas name="3" width="172" height="343"><vector name="origin" x="78" y="221"/><int name="delay" value="120"/></canvas><canvas name="4" width="175" height="342"><vector name="origin" x="79" y="225"/><int name="delay" value="120"/></canvas><canvas name="5" width="183" height="327"><vector name="origin" x="85" y="229"/><int name="delay" value="300"/><int name="a0" value="255"/><int name="a1" value="0"/></canvas></imgdir><int name="type" value="1"/><int name="conMP" value="10"/><int name="attackAfter" value="800"/><int name="PADamage" value="500"/></imgdir><canvas name="0" width="249" height="133"><vector name="origin" x="-54" y="140"/><vector name="lt" x="54" y="-113"/><vector name="rb" x="302" y="-10"/><vector name="head" x="259" y="-48"/></canvas><canvas name="1" width="250" height="112"><vector name="origin" x="-57" y="143"/><vector name="lt" x="55" y="-127"/><vector name="rb" x="304" y="-33"/><vector name="head" x="268" y="-79"/></canvas><canvas name="2" width="245" height="125"><vector name="origin" x="-60" y="173"/><vector name="lt" x="62" y="-170"/><vector name="rb" x="301" y="-51"/><vector name="head" x="267" y="-121"/></canvas><canvas name="3" width="249" height="144"><vector name="origin" x="-62" y="199"/><vector name="lt" x="66" y="-197"/><vector name="rb" x="308" y="-59"/><vector name="head" x="257" y="-140"/></canvas><canvas name="4" width="231" height="156"><vector name="origin" x="-63" y="218"/><vector name="lt" x="68" y="-215"/><vector name="rb" x="290" y="-65"/><vector name="head" x="250" y="-164"/></canvas><canvas name="5" width="218" height="151"><vector name="origin" x="-65" y="219"/><vector name="lt" x="69" y="-217"/><vector name="rb" x="279" y="-71"/><vector name="head" x="246" y="-180"/></canvas><canvas name="6" width="203" height="164"><vector name="origin" x="-67" y="236"/><vector name="lt" x="70" y="-232"/><vector name="rb" x="267" y="-77"/><vector name="head" x="231" y="-198"/></canvas><canvas name="7" width="251" height="183"><vector name="origin" x="-61" y="169"/><vector name="lt" x="61" y="-115"/><vector name="rb" x="301" y="-18"/><vector name="head" x="273" y="-47"/></canvas><canvas name="8" width="254" height="158"><vector name="origin" x="-57" y="142"/><vector name="lt" x="61" y="-115"/><vector name="rb" x="290" y="2"/><vector name="head" x="259" y="-27"/></canvas><canvas name="9" width="274" height="151"><vector name="origin" x="-55" y="140"/><vector name="lt" x="61" y="-115"/><vector name="rb" x="280" y="-2"/><vector name="head" x="252" y="-43"/></canvas><canvas name="10" width="276" height="147"><vector name="origin" x="-53" y="139"/><vector name="lt" x="61" y="-115"/><vector name="rb" x="280" y="-2"/><vector name="head" x="252" y="-43"/></canvas><canvas name="11" width="279" height="146"><vector name="origin" x="-52" y="137"/><vector name="lt" x="61" y="-115"/><vector name="rb" x="280" y="-2"/><vector name="head" x="252" y="-43"/></canvas><canvas name="12" width="302" height="154"><vector name="origin" x="-52" y="147"/><vector name="lt" x="61" y="-115"/><vector name="rb" x="275" y="-2"/><vector name="head" x="252" y="-43"/></canvas><canvas name="13" width="302" height="154"><vector name="origin" x="-53" y="151"/><vector name="lt" x="61" y="-115"/><vector name="rb" x="279" y="-2"/><vector name="head" x="252" y="-43"/></canvas><canvas name="14" width="231" height="163"><vector name="origin" x="-55" y="163"/><vector name="lt" x="61" y="-115"/><vector name="rb" x="279" y="-2"/><vector name="head" x="252" y="-43"/><int name="z" value="-1"/></canvas><uol name="15" value="../stand/0"/><uol name="16" value="../stand/1"/><uol name="17" value="../stand/2"/><uol name="18" value="../stand/3"/><uol name="19" value="../stand/4"/><uol name="20" value="../stand/5"/><uol name="21" value="../stand/6"/><uol name="22" value="../stand/7"/><uol name="23" value="../stand/0"/><uol name="24" value="../stand/1"/><uol name="25" value="../stand/2"/><uol name="26" value="../stand/3"/><uol name="27" value="../stand/4"/><uol name="28" value="../stand/5"/><uol name="29" value="../stand/6"/><uol name="30" value="../stand/7"/><uol name="31" value="../stand/0"/><uol name="32" value="../stand/1"/><uol name="33" value="../stand/2"/><uol name="34" value="../stand/3"/><uol name="35" value="../stand/4"/><uol name="36" value="../stand/5"/><uol name="37" value="../stand/6"/><uol name="38" value="../stand/7"/><uol name="39" value="../stand/0"/><uol name="40" value="../stand/1"/><uol name="41" value="../stand/2"/><uol name="42" value="../stand/3"/><uol name="43" value="../stand/4"/><uol name="44" value="../stand/5"/><uol name="45" value="../stand/6"/><uol name="46" value="../stand/7"/><uol name="47" value="../stand/0"/><uol name="48" value="../stand/1"/><uol name="49" value="../stand/2"/><uol name="50" value="../stand/3"/><uol name="51" value="../stand/4"/><uol name="52" value="../stand/5"/><uol name="53" value="../stand/6"/><uol name="54" value="../stand/7"/></imgdir><imgdir name="hit1"><canvas name="0" width="307" height="166"><vector name="origin" x="-60" y="202"/><vector name="lt" x="70" y="-197"/><vector name="rb" x="360" y="-49"/><vector name="head" x="307" y="-143"/><int name="delay" value="600"/></canvas></imgdir><imgdir name="die1"><canvas name="0" width="284" height="132"><vector name="origin" x="-58" y="158"/><int name="delay" value="110"/></canvas><canvas name="1" width="284" height="132"><vector name="origin" x="-58" y="158"/><int name="delay" value="110"/></canvas><canvas name="2" width="284" height="132"><vector name="origin" x="-58" y="158"/><int name="delay" value="110"/></canvas><canvas name="3" width="284" height="142"><vector name="origin" x="-58" y="158"/><int name="delay" value="110"/></canvas><canvas name="4" width="284" height="142"><vector name="origin" x="-58" y="158"/><int name="delay" value="110"/></canvas><canvas name="5" width="291" height="151"><vector name="origin" x="-58" y="167"/><int name="delay" value="110"/></canvas><canvas name="6" width="303" height="155"><vector name="origin" x="-52" y="172"/><int name="delay" value="110"/></canvas><canvas name="7" width="303" height="155"><vector name="origin" x="-52" y="172"/><int name="delay" value="110"/></canvas><canvas name="8" width="300" height="174"><vector name="origin" x="-52" y="172"/><int name="delay" value="110"/></canvas><canvas name="9" width="297" height="173"><vector name="origin" x="-52" y="171"/><int name="delay" value="110"/></canvas><canvas name="10" width="300" height="173"><vector name="origin" x="-52" y="171"/><int name="delay" value="110"/></canvas><canvas name="11" width="313" height="196"><vector name="origin" x="-53" y="172"/><int name="delay" value="110"/></canvas><canvas name="12" width="312" height="211"><vector name="origin" x="-54" y="178"/><int name="delay" value="110"/></canvas><canvas name="13" width="347" height="260"><vector name="origin" x="-55" y="204"/><int name="delay" value="110"/></canvas><canvas name="14" width="310" height="190"><vector name="origin" x="-56" y="172"/><int name="delay" value="110"/></canvas><canvas name="15" width="301" height="183"><vector name="origin" x="-58" y="169"/><int name="delay" value="110"/></canvas><canvas name="16" width="291" height="172"><vector name="origin" x="-61" y="166"/><int name="delay" value="110"/></canvas><canvas name="17" width="156" height="156"><vector name="origin" x="-192" y="155"/><int name="delay" value="110"/></canvas><canvas name="18" width="145" height="139"><vector name="origin" x="-198" y="149"/><int name="delay" value="110"/></canvas><canvas name="19" width="127" height="124"><vector name="origin" x="-207" y="141"/><int name="delay" value="300"/><int name="a0" value="255"/><int name="a1" value="0"/></canvas></imgdir></imgdir>