<?xml version="1.0" encoding="UTF-8" standalone="yes"?><imgdir name="8800004.img"><imgdir name="info"><int name="bodyAttack" value="1"/><int name="level" value="140"/><int name="maxHP" value="33000000"/><int name="maxMP" value="18000"/><int name="speed" value="0"/><int name="PADamage" value="505"/><int name="PDDamage" value="800"/><int name="MADamage" value="460"/><int name="MDDamage" value="800"/><int name="acc" value="200"/><int name="eva" value="14"/><int name="exp" value="1344000"/><int name="undead" value="0"/><int name="pushed" value="50000"/><int name="hpRecovery" value="20000"/><int name="mpRecovery" value="1000"/><float name="fs" value="10.0"/><int name="summonType" value="1"/><int name="noFlip" value="1"/><int name="boss" value="1"/><int name="firstAttack" value="1"/><int name="mbookID" value="8800002"/><int name="category" value="6"/></imgdir><imgdir name="regen"><canvas name="0" width="125" height="122"><vector name="origin" x="-132" y="403"/><int name="delay" value="120"/></canvas><canvas name="1" width="146" height="139"><vector name="origin" x="-120" y="409"/><int name="delay" value="120"/></canvas><canvas name="2" width="159" height="153"><vector name="origin" x="-116" y="415"/><int name="delay" value="120"/></canvas><canvas name="3" width="242" height="238"><vector name="origin" x="-35" y="420"/><int name="delay" value="120"/></canvas><canvas name="4" width="251" height="246"><vector name="origin" x="-32" y="424"/><int name="delay" value="120"/></canvas><canvas name="5" width="258" height="252"><vector name="origin" x="-31" y="429"/><int name="delay" value="120"/></canvas><canvas name="6" width="302" height="310"><vector name="origin" x="-30" y="486"/><int name="delay" value="120"/></canvas><canvas name="7" width="266" height="259"><vector name="origin" x="-28" y="433"/><int name="delay" value="120"/></canvas><canvas name="8" width="269" height="259"><vector name="origin" x="-28" y="433"/><int name="delay" value="120"/></canvas></imgdir><imgdir name="stand"><canvas name="0" width="160" height="224"><vector name="origin" x="-37" y="411"/><vector name="lt" x="95" y="-409"/><vector name="rb" x="186" y="-256"/><vector name="head" x="156" y="-349"/><imgdir name="rect"><imgdir name="0"><vector name="lt" x="37" y="-257"/><vector name="rb" x="165" y="-201"/></imgdir></imgdir><int name="delay" value="130"/></canvas><canvas name="1" width="179" height="216"><vector name="origin" x="-38" y="402"/><vector name="lt" x="108" y="-402"/><vector name="rb" x="195" y="-256"/><vector name="head" x="170" y="-339"/><imgdir name="rect"><imgdir name="0"><vector name="lt" x="38" y="-257"/><vector name="rb" x="176" y="-196"/></imgdir></imgdir><int name="delay" value="100"/></canvas><canvas name="2" width="192" height="202"><vector name="origin" x="-39" y="387"/><vector name="lt" x="122" y="-387"/><vector name="rb" x="199" y="-256"/><vector name="head" x="182" y="-330"/><imgdir name="rect"><imgdir name="0"><vector name="lt" x="39" y="-257"/><vector name="rb" x="176" y="-201"/></imgdir></imgdir><int name="delay" value="100"/></canvas><canvas name="3" width="199" height="180"><vector name="origin" x="-41" y="365"/><vector name="lt" x="137" y="-365"/><vector name="rb" x="208" y="-250"/><vector name="head" x="199" y="-316"/><imgdir name="rect"><imgdir name="0"><vector name="lt" x="41" y="-251"/><vector name="rb" x="186" y="-201"/></imgdir></imgdir><int name="delay" value="100"/></canvas><canvas name="4" width="207" height="159"><vector name="origin" x="-43" y="344"/><vector name="lt" x="144" y="-344"/><vector name="rb" x="246" y="-240"/><vector name="head" x="212" y="-300"/><imgdir name="rect"><imgdir name="0"><vector name="lt" x="43" y="-241"/><vector name="rb" x="191" y="-192"/></imgdir></imgdir><int name="delay" value="130"/></canvas><canvas name="5" width="199" height="180"><vector name="origin" x="-41" y="365"/><vector name="lt" x="139" y="-363"/><vector name="rb" x="224" y="-252"/><vector name="head" x="198" y="-317"/><imgdir name="rect"><imgdir name="0"><vector name="lt" x="41" y="-253"/><vector name="rb" x="192" y="-192"/></imgdir></imgdir><int name="delay" value="100"/></canvas><canvas name="6" width="192" height="202"><vector name="origin" x="-39" y="387"/><vector name="lt" x="126" y="-384"/><vector name="rb" x="208" y="-256"/><vector name="head" x="181" y="-329"/><imgdir name="rect"><imgdir name="0"><vector name="lt" x="42" y="-257"/><vector name="rb" x="187" y="-200"/></imgdir></imgdir><int name="delay" value="100"/></canvas><canvas name="7" width="179" height="216"><vector name="origin" x="-38" y="402"/><vector name="lt" x="118" y="-400"/><vector name="rb" x="199" y="-256"/><vector name="head" x="170" y="-340"/><imgdir name="rect"><imgdir name="0"><vector name="lt" x="42" y="-257"/><vector name="rb" x="175" y="-200"/></imgdir></imgdir><int name="delay" value="100"/></canvas></imgdir><imgdir name="attack1"><imgdir name="info"><imgdir name="range"><vector name="lt" x="-1100" y="-600"/><vector name="rb" x="800" y="250"/></imgdir><imgdir name="hit"><canvas name="0" width="99" height="173"><vector name="origin" x="49" y="116"/><int name="delay" value="100"/></canvas><canvas name="1" width="122" height="157"><vector name="origin" x="55" y="108"/><int name="delay" value="100"/></canvas><canvas name="2" width="112" height="147"><vector name="origin" x="55" y="99"/><int name="delay" value="100"/></canvas><canvas name="3" width="110" height="139"><vector name="origin" x="57" y="91"/><int name="delay" value="100"/></canvas><canvas name="4" width="108" height="137"><vector name="origin" x="55" y="89"/><int name="delay" value="100"/></canvas><canvas name="5" width="102" height="130"><vector name="origin" x="50" y="88"/><int name="delay" value="100"/></canvas><canvas name="6" width="100" height="122"><vector name="origin" x="49" y="86"/><int name="delay" value="100"/></canvas></imgdir><int name="type" value="0"/><int name="conMP" value="10"/><int name="effectAfter" value="0"/><int name="attackAfter" value="1150"/><int name="magic" value="1"/></imgdir><canvas name="0" width="194" height="249"><vector name="origin" x="-37" y="436"/><vector name="lt" x="109" y="-433"/><vector name="rb" x="196" y="-256"/><vector name="head" x="164" y="-359"/><imgdir name="rect"><imgdir name="0"><vector name="lt" x="37" y="-257"/><vector name="rb" x="170" y="-201"/></imgdir></imgdir><int name="delay" value="115"/></canvas><canvas name="1" width="199" height="253"><vector name="origin" x="-37" y="440"/><vector name="lt" x="109" y="-437"/><vector name="rb" x="196" y="-256"/><vector name="head" x="164" y="-359"/><imgdir name="rect"><imgdir name="0"><vector name="lt" x="37" y="-257"/><vector name="rb" x="170" y="-201"/></imgdir></imgdir><int name="delay" value="115"/></canvas><canvas name="2" width="203" height="260"><vector name="origin" x="-37" y="447"/><vector name="lt" x="109" y="-445"/><vector name="rb" x="196" y="-256"/><vector name="head" x="164" y="-363"/><imgdir name="rect"><imgdir name="0"><vector name="lt" x="37" y="-257"/><vector name="rb" x="170" y="-201"/></imgdir></imgdir><int name="delay" value="115"/></canvas><canvas name="3" width="206" height="267"><vector name="origin" x="-37" y="454"/><vector name="lt" x="106" y="-452"/><vector name="rb" x="196" y="-256"/><vector name="head" x="166" y="-369"/><imgdir name="rect"><imgdir name="0"><vector name="lt" x="37" y="-257"/><vector name="rb" x="170" y="-201"/></imgdir></imgdir><int name="delay" value="115"/></canvas><canvas name="4" width="226" height="278"><vector name="origin" x="-37" y="465"/><vector name="lt" x="106" y="-457"/><vector name="rb" x="196" y="-256"/><vector name="head" x="166" y="-369"/><imgdir name="rect"><imgdir name="0"><vector name="lt" x="37" y="-257"/><vector name="rb" x="170" y="-201"/></imgdir></imgdir><int name="delay" value="115"/></canvas><canvas name="5" width="229" height="281"><vector name="origin" x="-37" y="468"/><vector name="lt" x="100" y="-451"/><vector name="rb" x="196" y="-256"/><vector name="head" x="166" y="-369"/><imgdir name="rect"><imgdir name="0"><vector name="lt" x="37" y="-257"/><vector name="rb" x="170" y="-201"/></imgdir></imgdir><int name="delay" value="115"/></canvas><canvas name="6" width="230" height="282"><vector name="origin" x="-37" y="469"/><vector name="lt" x="97" y="-445"/><vector name="rb" x="196" y="-256"/><vector name="head" x="166" y="-369"/><imgdir name="rect"><imgdir name="0"><vector name="lt" x="37" y="-257"/><vector name="rb" x="170" y="-201"/></imgdir></imgdir><int name="delay" value="115"/></canvas><canvas name="7" width="230" height="282"><vector name="origin" x="-37" y="469"/><vector name="lt" x="97" y="-445"/><vector name="rb" x="196" y="-256"/><vector name="head" x="166" y="-369"/><imgdir name="rect"><imgdir name="0"><vector name="lt" x="37" y="-257"/><vector name="rb" x="170" y="-201"/></imgdir></imgdir><int name="delay" value="115"/></canvas><canvas name="8" width="230" height="283"><vector name="origin" x="-37" y="470"/><vector name="lt" x="97" y="-445"/><vector name="rb" x="196" y="-256"/><vector name="head" x="166" y="-369"/><imgdir name="rect"><imgdir name="0"><vector name="lt" x="37" y="-257"/><vector name="rb" x="170" y="-201"/></imgdir></imgdir><int name="delay" value="115"/></canvas><canvas name="9" width="232" height="284"><vector name="origin" x="-37" y="471"/><vector name="lt" x="97" y="-445"/><vector name="rb" x="196" y="-256"/><vector name="head" x="166" y="-369"/><imgdir name="rect"><imgdir name="0"><vector name="lt" x="37" y="-257"/><vector name="rb" x="170" y="-201"/></imgdir></imgdir><int name="delay" value="115"/></canvas><canvas name="10" width="231" height="284"><vector name="origin" x="-37" y="471"/><vector name="lt" x="97" y="-445"/><vector name="rb" x="196" y="-256"/><vector name="head" x="166" y="-369"/><imgdir name="rect"><imgdir name="0"><vector name="lt" x="37" y="-257"/><vector name="rb" x="170" y="-201"/></imgdir></imgdir><int name="delay" value="115"/></canvas><canvas name="11" width="230" height="283"><vector name="origin" x="-37" y="470"/><vector name="lt" x="97" y="-439"/><vector name="rb" x="196" y="-256"/><vector name="head" x="166" y="-369"/><imgdir name="rect"><imgdir name="0"><vector name="lt" x="37" y="-257"/><vector name="rb" x="170" y="-201"/></imgdir></imgdir><int name="delay" value="115"/></canvas><canvas name="12" width="227" height="279"><vector name="origin" x="-37" y="466"/><vector name="lt" x="97" y="-439"/><vector name="rb" x="196" y="-256"/><vector name="head" x="166" y="-369"/><imgdir name="rect"><imgdir name="0"><vector name="lt" x="37" y="-257"/><vector name="rb" x="170" y="-201"/></imgdir></imgdir><int name="delay" value="115"/></canvas><uol name="13" value="../stand/0"/><uol name="14" value="../stand/1"/><uol name="15" value="../stand/2"/><uol name="16" value="../stand/3"/><uol name="17" value="../stand/4"/><uol name="18" value="../stand/5"/><uol name="19" value="../stand/6"/><uol name="20" value="../stand/7"/><uol name="21" value="../stand/0"/><uol name="22" value="../stand/1"/><uol name="23" value="../stand/2"/><uol name="24" value="../stand/3"/><uol name="25" value="../stand/4"/><uol name="26" value="../stand/5"/><uol name="27" value="../stand/6"/><uol name="28" value="../stand/7"/><uol name="29" value="../stand/0"/><uol name="30" value="../stand/1"/><uol name="31" value="../stand/2"/><uol name="32" value="../stand/3"/><uol name="33" value="../stand/4"/><uol name="34" value="../stand/5"/><uol name="35" value="../stand/6"/><uol name="36" value="../stand/7"/></imgdir><imgdir name="attack2"><imgdir name="info"><imgdir name="range"><vector name="lt" x="-1100" y="-600"/><vector name="rb" x="800" y="250"/></imgdir><imgdir name="hit"><canvas name="0" width="99" height="167"><vector name="origin" x="50" y="116"/><int name="delay" value="100"/></canvas><canvas name="1" width="106" height="152"><vector name="origin" x="50" y="108"/><int name="delay" value="100"/></canvas><canvas name="2" width="122" height="144"><vector name="origin" x="56" y="99"/><int name="delay" value="100"/></canvas><canvas name="3" width="110" height="136"><vector name="origin" x="58" y="91"/><int name="delay" value="100"/></canvas><canvas name="4" width="108" height="134"><vector name="origin" x="56" y="89"/><int name="delay" value="100"/></canvas><canvas name="5" width="102" height="127"><vector name="origin" x="51" y="88"/><int name="delay" value="100"/></canvas><canvas name="6" width="100" height="119"><vector name="origin" x="50" y="86"/><int name="delay" value="100"/></canvas></imgdir><int name="type" value="0"/><int name="conMP" value="10"/><int name="effectAfter" value="0"/><int name="attackAfter" value="1150"/><int name="magic" value="1"/><int name="mpBurn" value="500"/></imgdir><uol name="0" value="../stand/0"/><uol name="1" value="../stand/1"/><uol name="2" value="../stand/2"/><uol name="3" value="../stand/3"/><uol name="4" value="../stand/4"/><uol name="5" value="../stand/5"/><uol name="6" value="../stand/6"/><uol name="7" value="../stand/7"/><canvas name="8" width="194" height="249"><vector name="origin" x="-37" y="436"/><vector name="lt" x="109" y="-433"/><vector name="rb" x="196" y="-256"/><vector name="head" x="164" y="-359"/><imgdir name="rect"><imgdir name="0"><vector name="lt" x="37" y="-257"/><vector name="rb" x="170" y="-201"/></imgdir></imgdir><int name="delay" value="115"/></canvas><canvas name="9" width="199" height="253"><vector name="origin" x="-37" y="440"/><vector name="lt" x="109" y="-437"/><vector name="rb" x="196" y="-256"/><vector name="head" x="164" y="-359"/><imgdir name="rect"><imgdir name="0"><vector name="lt" x="37" y="-257"/><vector name="rb" x="170" y="-201"/></imgdir></imgdir><int name="delay" value="115"/></canvas><canvas name="10" width="203" height="260"><vector name="origin" x="-37" y="447"/><vector name="lt" x="109" y="-445"/><vector name="rb" x="196" y="-256"/><vector name="head" x="164" y="-363"/><imgdir name="rect"><imgdir name="0"><vector name="lt" x="37" y="-257"/><vector name="rb" x="170" y="-201"/></imgdir></imgdir><int name="delay" value="115"/></canvas><canvas name="11" width="206" height="267"><vector name="origin" x="-37" y="454"/><vector name="lt" x="106" y="-452"/><vector name="rb" x="196" y="-256"/><vector name="head" x="166" y="-369"/><imgdir name="rect"><imgdir name="0"><vector name="lt" x="37" y="-257"/><vector name="rb" x="170" y="-201"/></imgdir></imgdir><int name="delay" value="115"/></canvas><canvas name="12" width="226" height="278"><vector name="origin" x="-37" y="465"/><vector name="lt" x="106" y="-457"/><vector name="rb" x="196" y="-256"/><vector name="head" x="166" y="-369"/><imgdir name="rect"><imgdir name="0"><vector name="lt" x="37" y="-257"/><vector name="rb" x="170" y="-201"/></imgdir></imgdir><int name="delay" value="115"/></canvas><canvas name="13" width="229" height="281"><vector name="origin" x="-37" y="468"/><vector name="lt" x="100" y="-451"/><vector name="rb" x="196" y="-256"/><vector name="head" x="166" y="-369"/><imgdir name="rect"><imgdir name="0"><vector name="lt" x="37" y="-257"/><vector name="rb" x="170" y="-201"/></imgdir></imgdir><int name="delay" value="115"/></canvas><canvas name="14" width="230" height="282"><vector name="origin" x="-37" y="469"/><vector name="lt" x="97" y="-445"/><vector name="rb" x="196" y="-256"/><vector name="head" x="166" y="-369"/><imgdir name="rect"><imgdir name="0"><vector name="lt" x="37" y="-257"/><vector name="rb" x="170" y="-201"/></imgdir></imgdir><int name="delay" value="115"/></canvas><canvas name="15" width="230" height="282"><vector name="origin" x="-37" y="469"/><vector name="lt" x="97" y="-445"/><vector name="rb" x="196" y="-256"/><vector name="head" x="166" y="-369"/><imgdir name="rect"><imgdir name="0"><vector name="lt" x="37" y="-257"/><vector name="rb" x="170" y="-201"/></imgdir></imgdir><int name="delay" value="115"/></canvas><canvas name="16" width="230" height="283"><vector name="origin" x="-37" y="470"/><vector name="lt" x="97" y="-445"/><vector name="rb" x="196" y="-256"/><vector name="head" x="166" y="-369"/><imgdir name="rect"><imgdir name="0"><vector name="lt" x="37" y="-257"/><vector name="rb" x="170" y="-201"/></imgdir></imgdir><int name="delay" value="115"/></canvas><canvas name="17" width="232" height="284"><vector name="origin" x="-37" y="471"/><vector name="lt" x="97" y="-445"/><vector name="rb" x="196" y="-256"/><vector name="head" x="166" y="-369"/><imgdir name="rect"><imgdir name="0"><vector name="lt" x="37" y="-257"/><vector name="rb" x="170" y="-201"/></imgdir></imgdir><int name="delay" value="115"/></canvas><canvas name="18" width="231" height="284"><vector name="origin" x="-37" y="471"/><vector name="lt" x="97" y="-445"/><vector name="rb" x="196" y="-256"/><vector name="head" x="166" y="-369"/><imgdir name="rect"><imgdir name="0"><vector name="lt" x="37" y="-257"/><vector name="rb" x="170" y="-201"/></imgdir></imgdir><int name="delay" value="115"/></canvas><canvas name="19" width="230" height="283"><vector name="origin" x="-37" y="470"/><vector name="lt" x="97" y="-439"/><vector name="rb" x="196" y="-256"/><vector name="head" x="166" y="-369"/><imgdir name="rect"><imgdir name="0"><vector name="lt" x="37" y="-257"/><vector name="rb" x="170" y="-201"/></imgdir></imgdir><int name="delay" value="115"/></canvas><canvas name="20" width="227" height="279"><vector name="origin" x="-37" y="466"/><vector name="lt" x="97" y="-439"/><vector name="rb" x="196" y="-256"/><vector name="head" x="166" y="-369"/><imgdir name="rect"><imgdir name="0"><vector name="lt" x="37" y="-257"/><vector name="rb" x="170" y="-201"/></imgdir></imgdir><int name="delay" value="115"/></canvas><uol name="21" value="../stand/0"/><uol name="22" value="../stand/1"/><uol name="23" value="../stand/2"/><uol name="24" value="../stand/3"/><uol name="25" value="../stand/4"/><uol name="26" value="../stand/5"/><uol name="27" value="../stand/6"/><uol name="28" value="../stand/7"/><uol name="29" value="../stand/0"/><uol name="30" value="../stand/1"/><uol name="31" value="../stand/2"/><uol name="32" value="../stand/3"/><uol name="33" value="../stand/4"/><uol name="34" value="../stand/5"/><uol name="35" value="../stand/6"/><uol name="36" value="../stand/7"/><uol name="37" value="../stand/0"/><uol name="38" value="../stand/1"/><uol name="39" value="../stand/2"/><uol name="40" value="../stand/3"/><uol name="41" value="../stand/4"/><uol name="42" value="../stand/5"/><uol name="43" value="../stand/6"/><uol name="44" value="../stand/7"/></imgdir><imgdir name="hit1"><canvas name="0" width="223" height="273"><vector name="origin" x="-37" y="460"/><vector name="lt" x="116" y="-458"/><vector name="rb" x="219" y="-256"/><vector name="head" x="204" y="-393"/><imgdir name="rect"><imgdir name="0"><vector name="lt" x="37" y="-257"/><vector name="rb" x="176" y="-195"/></imgdir></imgdir><int name="delay" value="600"/></canvas></imgdir><imgdir name="die1"><canvas name="0" width="216" height="229"><vector name="origin" x="-40" y="415"/><int name="delay" value="110"/></canvas><canvas name="1" width="216" height="229"><vector name="origin" x="-40" y="415"/><int name="delay" value="110"/></canvas><canvas name="2" width="216" height="229"><vector name="origin" x="-40" y="415"/><int name="delay" value="110"/></canvas><canvas name="3" width="216" height="229"><vector name="origin" x="-40" y="415"/><int name="delay" value="110"/></canvas><canvas name="4" width="216" height="229"><vector name="origin" x="-40" y="415"/><int name="delay" value="110"/></canvas><canvas name="5" width="230" height="243"><vector name="origin" x="-33" y="422"/><int name="delay" value="110"/></canvas><canvas name="6" width="242" height="255"><vector name="origin" x="-27" y="428"/><int name="delay" value="110"/></canvas><canvas name="7" width="242" height="255"><vector name="origin" x="-27" y="428"/><int name="delay" value="110"/></canvas><canvas name="8" width="247" height="249"><vector name="origin" x="-27" y="422"/><int name="delay" value="110"/></canvas><canvas name="9" width="248" height="245"><vector name="origin" x="-28" y="418"/><int name="delay" value="110"/></canvas><canvas name="10" width="246" height="249"><vector name="origin" x="-28" y="422"/><int name="delay" value="110"/></canvas><canvas name="11" width="269" height="259"><vector name="origin" x="-28" y="433"/><int name="delay" value="110"/></canvas><canvas name="12" width="266" height="259"><vector name="origin" x="-28" y="433"/><int name="delay" value="110"/></canvas><canvas name="13" width="302" height="310"><vector name="origin" x="-30" y="486"/><int name="delay" value="110"/></canvas><canvas name="14" width="258" height="252"><vector name="origin" x="-31" y="429"/><int name="delay" value="110"/></canvas><canvas name="15" width="251" height="246"><vector name="origin" x="-32" y="424"/><int name="delay" value="110"/></canvas><canvas name="16" width="242" height="238"><vector name="origin" x="-35" y="420"/><int name="delay" value="110"/></canvas><canvas name="17" width="159" height="153"><vector name="origin" x="-116" y="415"/><int name="delay" value="110"/></canvas><canvas name="18" width="146" height="139"><vector name="origin" x="-120" y="409"/><int name="delay" value="110"/></canvas><canvas name="19" width="125" height="122"><vector name="origin" x="-132" y="403"/><int name="delay" value="300"/><int name="a0" value="255"/><int name="a1" value="0"/></canvas></imgdir></imgdir>