<?xml version="1.0" encoding="UTF-8" standalone="yes"?><imgdir name="8800115.img"><imgdir name="info"><int name="bodyAttack" value="1"/><int name="level" value="70"/><int name="maxHP" value="240000"/><int name="maxMP" value="1500"/><int name="flySpeed" value="20"/><int name="PADamage" value="480"/><int name="PDDamage" value="350"/><string name="MADamage" value="720"/><int name="MDDamage" value="550"/><int name="acc" value="180"/><int name="eva" value="50"/><int name="exp" value="1200"/><int name="undead" value="0"/><int name="pushed" value="100"/><int name="mpRecovery" value="5"/><string name="elemAttr" value="L2H2S2I1F3D2"/><float name="fs" value="10.0"/><int name="summonType" value="1"/><int name="boss" value="1"/><imgdir name="revive"><int name="0" value="8800116"/><int name="1" value="8800116"/></imgdir><int name="category" value="6"/></imgdir><imgdir name="fly"><canvas name="0" width="167" height="189"><vector name="origin" x="79" y="268"/><vector name="lt" x="-72" y="-252"/><vector name="rb" x="79" y="-81"/><vector name="head" x="-4" y="-187"/><int name="delay" value="100"/></canvas><canvas name="1" width="167" height="189"><vector name="origin" x="79" y="268"/><vector name="lt" x="-72" y="-252"/><vector name="rb" x="79" y="-81"/><vector name="head" x="-4" y="-186"/><int name="delay" value="100"/></canvas><canvas name="2" width="167" height="196"><vector name="origin" x="79" y="269"/><vector name="lt" x="-72" y="-252"/><vector name="rb" x="79" y="-81"/><vector name="head" x="-4" y="-185"/><int name="delay" value="100"/></canvas><canvas name="3" width="167" height="202"><vector name="origin" x="79" y="270"/><vector name="lt" x="-72" y="-252"/><vector name="rb" x="79" y="-73"/><vector name="head" x="-4" y="-184"/><int name="delay" value="100"/></canvas><canvas name="4" width="167" height="203"><vector name="origin" x="79" y="269"/><vector name="lt" x="-72" y="-252"/><vector name="rb" x="79" y="-69"/><vector name="head" x="-4" y="-183"/><int name="delay" value="100"/></canvas><canvas name="5" width="167" height="193"><vector name="origin" x="79" y="269"/><vector name="lt" x="-72" y="-252"/><vector name="rb" x="80" y="-84"/><vector name="head" x="-4" y="-185"/><int name="delay" value="100"/></canvas></imgdir><imgdir name="attack1"><imgdir name="info"><imgdir name="range"><vector name="sp" x="-58" y="-145"/><int name="r" value="280"/></imgdir><imgdir name="hit"><canvas name="0" width="89" height="86"><vector name="origin" x="34" y="66"/><int name="delay" value="300"/><int name="a0" value="255"/><int name="a1" value="0"/></canvas></imgdir><int name="type" value="1"/><int name="conMP" value="1"/><int name="attackAfter" value="600"/><int name="effectAfter" value="0"/><int name="magic" value="1"/><string name="elemAttr" value="I"/></imgdir><canvas name="0" width="167" height="189"><vector name="origin" x="79" y="268"/><vector name="lt" x="-72" y="-252"/><vector name="rb" x="79" y="-77"/><vector name="head" x="-3" y="-186"/><int name="delay" value="150"/></canvas><canvas name="1" width="167" height="189"><vector name="origin" x="79" y="269"/><vector name="lt" x="-72" y="-252"/><vector name="rb" x="79" y="-81"/><vector name="head" x="-3" y="-187"/><int name="delay" value="150"/></canvas><canvas name="2" width="167" height="196"><vector name="origin" x="79" y="270"/><vector name="lt" x="-72" y="-252"/><vector name="rb" x="79" y="-88"/><vector name="head" x="-3" y="-186"/><int name="delay" value="150"/></canvas><canvas name="3" width="167" height="202"><vector name="origin" x="79" y="271"/><vector name="lt" x="-72" y="-254"/><vector name="rb" x="80" y="-84"/><vector name="head" x="-3" y="-185"/><int name="delay" value="150"/></canvas><canvas name="4" width="167" height="203"><vector name="origin" x="79" y="270"/><vector name="lt" x="-71" y="-252"/><vector name="rb" x="80" y="-81"/><vector name="head" x="-3" y="-184"/><int name="delay" value="150"/></canvas><canvas name="5" width="167" height="193"><vector name="origin" x="79" y="269"/><vector name="lt" x="-72" y="-252"/><vector name="rb" x="80" y="-85"/><vector name="head" x="-4" y="-185"/><int name="delay" value="150"/></canvas><uol name="6" value="../fly/0"/><uol name="7" value="../fly/1"/><uol name="8" value="../fly/2"/><uol name="9" value="../fly/3"/><uol name="10" value="../fly/4"/><uol name="11" value="../fly/5"/></imgdir><imgdir name="hit1"><canvas name="0" width="177" height="229"><vector name="origin" x="81" y="274"/><vector name="lt" x="-67" y="-254"/><vector name="rb" x="79" y="-57"/><vector name="head" x="-4" y="-188"/><int name="delay" value="600"/></canvas></imgdir><imgdir name="die1"><canvas name="0" width="153" height="180"><vector name="origin" x="81" y="274"/><vector name="head" x="-12" y="-195"/><int name="delay" value="100"/></canvas><canvas name="1" width="153" height="177"><vector name="origin" x="81" y="275"/><vector name="head" x="-12" y="-196"/><int name="delay" value="100"/></canvas><canvas name="2" width="153" height="183"><vector name="origin" x="81" y="276"/><vector name="head" x="-12" y="-198"/><int name="delay" value="100"/></canvas><canvas name="3" width="151" height="159"><vector name="origin" x="80" y="253"/><vector name="head" x="-12" y="-200"/><int name="delay" value="100"/></canvas><canvas name="4" width="151" height="182"><vector name="origin" x="80" y="277"/><vector name="head" x="-12" y="-203"/><int name="delay" value="100"/></canvas><canvas name="5" width="149" height="174"><vector name="origin" x="79" y="271"/><vector name="head" x="-12" y="-205"/><int name="delay" value="100"/></canvas><canvas name="6" width="141" height="170"><vector name="origin" x="75" y="268"/><vector name="head" x="-12" y="-209"/><int name="delay" value="100"/></canvas><canvas name="7" width="127" height="129"><vector name="origin" x="68" y="219"/><vector name="head" x="-12" y="-214"/><int name="delay" value="100"/><int name="a0" value="255"/><int name="a1" value="0"/></canvas></imgdir></imgdir>