<?xml version="1.0" encoding="UTF-8" standalone="yes"?><imgdir name="8800003.img"><imgdir name="info"><int name="bodyAttack" value="1"/><int name="level" value="140"/><int name="maxHP" value="33000000"/><int name="maxMP" value="18000"/><int name="speed" value="0"/><int name="PADamage" value="505"/><int name="PDDamage" value="800"/><int name="MADamage" value="460"/><int name="MDDamage" value="800"/><int name="acc" value="200"/><int name="eva" value="14"/><int name="exp" value="1344000"/><int name="undead" value="0"/><int name="pushed" value="50000"/><int name="hpRecovery" value="20000"/><int name="mpRecovery" value="1000"/><float name="fs" value="10.0"/><int name="summonType" value="1"/><int name="noFlip" value="1"/><int name="boss" value="1"/><int name="firstAttack" value="1"/><int name="mbookID" value="8800002"/><int name="category" value="6"/></imgdir><imgdir name="regen"><canvas name="0" width="128" height="126"><vector name="origin" x="201" y="418"/><int name="delay" value="120"/></canvas><canvas name="1" width="143" height="140"><vector name="origin" x="206" y="423"/><int name="delay" value="120"/></canvas><canvas name="2" width="159" height="154"><vector name="origin" x="217" y="427"/><int name="delay" value="120"/></canvas><canvas name="3" width="227" height="257"><vector name="origin" x="221" y="433"/><int name="delay" value="120"/></canvas><canvas name="4" width="236" height="266"><vector name="origin" x="227" y="439"/><int name="delay" value="120"/></canvas><canvas name="5" width="242" height="273"><vector name="origin" x="232" y="444"/><int name="delay" value="120"/></canvas><canvas name="6" width="283" height="322"><vector name="origin" x="272" y="492"/><int name="delay" value="120"/></canvas><canvas name="7" width="249" height="276"><vector name="origin" x="236" y="445"/><int name="delay" value="120"/></canvas><canvas name="8" width="256" height="273"><vector name="origin" x="243" y="441"/><int name="delay" value="120"/></canvas></imgdir><imgdir name="stand"><canvas name="0" width="155" height="228"><vector name="origin" x="153" y="410"/><vector name="lt" x="-144" y="-400"/><vector name="rb" x="-48" y="-266"/><vector name="head" x="-106" y="-349"/><imgdir name="rect"><imgdir name="0"><vector name="lt" x="-132" y="-267"/><vector name="rb" x="7" y="-192"/></imgdir></imgdir><int name="delay" value="130"/></canvas><canvas name="1" width="174" height="219"><vector name="origin" x="173" y="400"/><vector name="lt" x="-171" y="-398"/><vector name="rb" x="-64" y="-257"/><vector name="head" x="-127" y="-341"/><imgdir name="rect"><imgdir name="0"><vector name="lt" x="-142" y="-258"/><vector name="rb" x="1" y="-192"/></imgdir></imgdir><int name="delay" value="100"/></canvas><canvas name="2" width="188" height="207"><vector name="origin" x="188" y="388"/><vector name="lt" x="-187" y="-387"/><vector name="rb" x="-80" y="-257"/><vector name="head" x="-139" y="-331"/><imgdir name="rect"><imgdir name="0"><vector name="lt" x="-150" y="-258"/><vector name="rb" x="0" y="-192"/></imgdir></imgdir><int name="delay" value="100"/></canvas><canvas name="3" width="196" height="185"><vector name="origin" x="198" y="366"/><vector name="lt" x="-197" y="-365"/><vector name="rb" x="-80" y="-251"/><vector name="head" x="-156" y="-318"/><imgdir name="rect"><imgdir name="0"><vector name="lt" x="-161" y="-252"/><vector name="rb" x="-2" y="-191"/></imgdir></imgdir><int name="delay" value="100"/></canvas><canvas name="4" width="205" height="165"><vector name="origin" x="209" y="346"/><vector name="lt" x="-208" y="-345"/><vector name="rb" x="-87" y="-249"/><vector name="head" x="-156" y="-318"/><imgdir name="rect"><imgdir name="0"><vector name="lt" x="-171" y="-250"/><vector name="rb" x="-4" y="-188"/></imgdir></imgdir><int name="delay" value="130"/></canvas><canvas name="5" width="196" height="185"><vector name="origin" x="198" y="366"/><vector name="lt" x="-196" y="-364"/><vector name="rb" x="-84" y="-253"/><vector name="head" x="-156" y="-318"/><imgdir name="rect"><imgdir name="0"><vector name="lt" x="-161" y="-254"/><vector name="rb" x="-2" y="-189"/></imgdir></imgdir><int name="delay" value="100"/></canvas><canvas name="6" width="188" height="207"><vector name="origin" x="188" y="388"/><vector name="lt" x="-186" y="-386"/><vector name="rb" x="-78" y="-256"/><vector name="head" x="-140" y="-330"/><imgdir name="rect"><imgdir name="0"><vector name="lt" x="-150" y="-257"/><vector name="rb" x="0" y="-192"/></imgdir></imgdir><int name="delay" value="100"/></canvas><canvas name="7" width="174" height="219"><vector name="origin" x="173" y="400"/><vector name="lt" x="-172" y="-399"/><vector name="rb" x="-73" y="-257"/><vector name="head" x="-156" y="-318"/><imgdir name="rect"><imgdir name="0"><vector name="lt" x="-140" y="-258"/><vector name="rb" x="-1" y="-192"/></imgdir></imgdir><int name="delay" value="100"/></canvas></imgdir><imgdir name="attack1"><imgdir name="info"><imgdir name="range"><vector name="lt" x="-800" y="-600"/><vector name="rb" x="1100" y="250"/></imgdir><imgdir name="hit"><canvas name="0" width="99" height="173"><vector name="origin" x="49" y="116"/><int name="delay" value="100"/></canvas><canvas name="1" width="122" height="157"><vector name="origin" x="55" y="108"/><int name="delay" value="100"/></canvas><canvas name="2" width="112" height="147"><vector name="origin" x="55" y="99"/><int name="delay" value="100"/></canvas><canvas name="3" width="110" height="139"><vector name="origin" x="57" y="91"/><int name="delay" value="100"/></canvas><canvas name="4" width="108" height="137"><vector name="origin" x="55" y="89"/><int name="delay" value="100"/></canvas><canvas name="5" width="102" height="130"><vector name="origin" x="50" y="88"/><int name="delay" value="100"/></canvas><canvas name="6" width="100" height="122"><vector name="origin" x="49" y="86"/><int name="delay" value="100"/></canvas></imgdir><int name="type" value="0"/><int name="conMP" value="10"/><int name="effectAfter" value="0"/><int name="attackAfter" value="1150"/><int name="magic" value="1"/></imgdir><canvas name="0" width="189" height="253"><vector name="origin" x="187" y="435"/><vector name="lt" x="-166" y="-434"/><vector name="rb" x="-64" y="-261"/><vector name="head" x="-121" y="-357"/><imgdir name="rect"><imgdir name="0"><vector name="lt" x="-136" y="-262"/><vector name="rb" x="2" y="-191"/></imgdir></imgdir><int name="delay" value="115"/></canvas><canvas name="1" width="194" height="257"><vector name="origin" x="192" y="439"/><vector name="lt" x="-165" y="-437"/><vector name="rb" x="-64" y="-261"/><vector name="head" x="-121" y="-357"/><imgdir name="rect"><imgdir name="0"><vector name="lt" x="-136" y="-262"/><vector name="rb" x="2" y="-191"/></imgdir></imgdir><int name="delay" value="115"/></canvas><canvas name="2" width="198" height="265"><vector name="origin" x="196" y="447"/><vector name="lt" x="-165" y="-443"/><vector name="rb" x="-64" y="-261"/><vector name="head" x="-121" y="-357"/><imgdir name="rect"><imgdir name="0"><vector name="lt" x="-136" y="-262"/><vector name="rb" x="2" y="-191"/></imgdir></imgdir><int name="delay" value="115"/></canvas><canvas name="3" width="201" height="272"><vector name="origin" x="199" y="454"/><vector name="lt" x="-165" y="-450"/><vector name="rb" x="-64" y="-261"/><vector name="head" x="-121" y="-357"/><imgdir name="rect"><imgdir name="0"><vector name="lt" x="-136" y="-262"/><vector name="rb" x="2" y="-191"/></imgdir></imgdir><int name="delay" value="115"/></canvas><canvas name="4" width="221" height="283"><vector name="origin" x="219" y="465"/><vector name="lt" x="-165" y="-455"/><vector name="rb" x="-64" y="-261"/><vector name="head" x="-121" y="-357"/><imgdir name="rect"><imgdir name="0"><vector name="lt" x="-136" y="-262"/><vector name="rb" x="2" y="-191"/></imgdir></imgdir><int name="delay" value="115"/></canvas><canvas name="5" width="224" height="286"><vector name="origin" x="222" y="468"/><vector name="lt" x="-165" y="-449"/><vector name="rb" x="-64" y="-261"/><vector name="head" x="-121" y="-357"/><imgdir name="rect"><imgdir name="0"><vector name="lt" x="-136" y="-262"/><vector name="rb" x="2" y="-191"/></imgdir></imgdir><int name="delay" value="115"/></canvas><canvas name="6" width="225" height="286"><vector name="origin" x="223" y="468"/><vector name="lt" x="-165" y="-444"/><vector name="rb" x="-64" y="-261"/><vector name="head" x="-121" y="-357"/><imgdir name="rect"><imgdir name="0"><vector name="lt" x="-136" y="-262"/><vector name="rb" x="2" y="-191"/></imgdir></imgdir><int name="delay" value="115"/></canvas><canvas name="7" width="225" height="286"><vector name="origin" x="223" y="468"/><vector name="lt" x="-165" y="-441"/><vector name="rb" x="-64" y="-261"/><vector name="head" x="-121" y="-357"/><imgdir name="rect"><imgdir name="0"><vector name="lt" x="-136" y="-262"/><vector name="rb" x="2" y="-191"/></imgdir></imgdir><int name="delay" value="115"/></canvas><canvas name="8" width="226" height="288"><vector name="origin" x="224" y="470"/><vector name="lt" x="-165" y="-441"/><vector name="rb" x="-64" y="-261"/><vector name="head" x="-121" y="-357"/><imgdir name="rect"><imgdir name="0"><vector name="lt" x="-136" y="-262"/><vector name="rb" x="2" y="-191"/></imgdir></imgdir><int name="delay" value="115"/></canvas><canvas name="9" width="227" height="289"><vector name="origin" x="225" y="471"/><vector name="lt" x="-165" y="-441"/><vector name="rb" x="-64" y="-261"/><vector name="head" x="-121" y="-357"/><imgdir name="rect"><imgdir name="0"><vector name="lt" x="-136" y="-262"/><vector name="rb" x="2" y="-191"/></imgdir></imgdir><int name="delay" value="115"/></canvas><canvas name="10" width="226" height="288"><vector name="origin" x="224" y="470"/><vector name="lt" x="-165" y="-441"/><vector name="rb" x="-64" y="-261"/><vector name="head" x="-121" y="-357"/><imgdir name="rect"><imgdir name="0"><vector name="lt" x="-136" y="-262"/><vector name="rb" x="2" y="-191"/></imgdir></imgdir><int name="delay" value="115"/></canvas><canvas name="11" width="225" height="287"><vector name="origin" x="223" y="469"/><vector name="lt" x="-165" y="-441"/><vector name="rb" x="-64" y="-261"/><vector name="head" x="-121" y="-357"/><imgdir name="rect"><imgdir name="0"><vector name="lt" x="-136" y="-262"/><vector name="rb" x="2" y="-191"/></imgdir></imgdir><int name="delay" value="115"/></canvas><canvas name="12" width="223" height="284"><vector name="origin" x="221" y="466"/><vector name="lt" x="-165" y="-441"/><vector name="rb" x="-64" y="-261"/><vector name="head" x="-121" y="-357"/><imgdir name="rect"><imgdir name="0"><vector name="lt" x="-136" y="-262"/><vector name="rb" x="2" y="-191"/></imgdir></imgdir><int name="delay" value="115"/></canvas><uol name="13" value="../stand/0"/><uol name="14" value="../stand/1"/><uol name="15" value="../stand/2"/><uol name="16" value="../stand/3"/><uol name="17" value="../stand/4"/><uol name="18" value="../stand/5"/><uol name="19" value="../stand/6"/><uol name="20" value="../stand/7"/><uol name="21" value="../stand/0"/><uol name="22" value="../stand/1"/><uol name="23" value="../stand/2"/><uol name="24" value="../stand/3"/><uol name="25" value="../stand/4"/><uol name="26" value="../stand/5"/><uol name="27" value="../stand/6"/><uol name="28" value="../stand/7"/><uol name="29" value="../stand/0"/><uol name="30" value="../stand/1"/><uol name="31" value="../stand/2"/><uol name="32" value="../stand/3"/><uol name="33" value="../stand/4"/><uol name="34" value="../stand/5"/><uol name="35" value="../stand/6"/><uol name="36" value="../stand/7"/></imgdir><imgdir name="attack2"><imgdir name="info"><imgdir name="range"><vector name="lt" x="-800" y="-600"/><vector name="rb" x="1100" y="250"/></imgdir><imgdir name="hit"><canvas name="0" width="99" height="167"><vector name="origin" x="50" y="116"/><int name="delay" value="100"/></canvas><canvas name="1" width="106" height="152"><vector name="origin" x="50" y="108"/><int name="delay" value="100"/></canvas><canvas name="2" width="122" height="144"><vector name="origin" x="56" y="99"/><int name="delay" value="100"/></canvas><canvas name="3" width="110" height="136"><vector name="origin" x="58" y="91"/><int name="delay" value="100"/></canvas><canvas name="4" width="108" height="134"><vector name="origin" x="56" y="89"/><int name="delay" value="100"/></canvas><canvas name="5" width="102" height="127"><vector name="origin" x="51" y="88"/><int name="delay" value="100"/></canvas><canvas name="6" width="100" height="119"><vector name="origin" x="50" y="86"/><int name="delay" value="100"/></canvas></imgdir><int name="type" value="0"/><int name="conMP" value="10"/><int name="effectAfter" value="0"/><int name="attackAfter" value="2010"/><int name="magic" value="1"/><int name="mpBurn" value="300"/></imgdir><uol name="0" value="../stand/0"/><uol name="1" value="../stand/1"/><uol name="2" value="../stand/2"/><uol name="3" value="../stand/3"/><uol name="4" value="../stand/4"/><uol name="5" value="../stand/5"/><uol name="6" value="../stand/6"/><uol name="7" value="../stand/7"/><canvas name="8" width="189" height="253"><vector name="origin" x="187" y="435"/><vector name="lt" x="-166" y="-434"/><vector name="rb" x="-64" y="-261"/><vector name="head" x="-121" y="-357"/><imgdir name="rect"><imgdir name="0"><vector name="lt" x="-136" y="-262"/><vector name="rb" x="2" y="-191"/></imgdir></imgdir><int name="delay" value="115"/></canvas><canvas name="9" width="194" height="257"><vector name="origin" x="192" y="439"/><vector name="lt" x="-165" y="-437"/><vector name="rb" x="-64" y="-261"/><vector name="head" x="-121" y="-357"/><imgdir name="rect"><imgdir name="0"><vector name="lt" x="-136" y="-262"/><vector name="rb" x="2" y="-191"/></imgdir></imgdir><int name="delay" value="115"/></canvas><canvas name="10" width="198" height="265"><vector name="origin" x="196" y="447"/><vector name="lt" x="-165" y="-443"/><vector name="rb" x="-64" y="-261"/><vector name="head" x="-121" y="-357"/><imgdir name="rect"><imgdir name="0"><vector name="lt" x="-136" y="-262"/><vector name="rb" x="2" y="-191"/></imgdir></imgdir><int name="delay" value="115"/></canvas><canvas name="11" width="201" height="272"><vector name="origin" x="199" y="454"/><vector name="lt" x="-165" y="-450"/><vector name="rb" x="-64" y="-261"/><vector name="head" x="-121" y="-357"/><imgdir name="rect"><imgdir name="0"><vector name="lt" x="-136" y="-262"/><vector name="rb" x="2" y="-191"/></imgdir></imgdir><int name="delay" value="115"/></canvas><canvas name="12" width="221" height="283"><vector name="origin" x="219" y="465"/><vector name="lt" x="-165" y="-455"/><vector name="rb" x="-64" y="-261"/><vector name="head" x="-121" y="-357"/><imgdir name="rect"><imgdir name="0"><vector name="lt" x="-136" y="-262"/><vector name="rb" x="2" y="-191"/></imgdir></imgdir><int name="delay" value="115"/></canvas><canvas name="13" width="224" height="286"><vector name="origin" x="222" y="468"/><vector name="lt" x="-165" y="-449"/><vector name="rb" x="-64" y="-261"/><vector name="head" x="-121" y="-357"/><imgdir name="rect"><imgdir name="0"><vector name="lt" x="-136" y="-262"/><vector name="rb" x="2" y="-191"/></imgdir></imgdir><int name="delay" value="115"/></canvas><canvas name="14" width="225" height="286"><vector name="origin" x="223" y="468"/><vector name="lt" x="-165" y="-444"/><vector name="rb" x="-64" y="-261"/><vector name="head" x="-121" y="-357"/><imgdir name="rect"><imgdir name="0"><vector name="lt" x="-136" y="-262"/><vector name="rb" x="2" y="-191"/></imgdir></imgdir><int name="delay" value="115"/></canvas><canvas name="15" width="225" height="286"><vector name="origin" x="223" y="468"/><vector name="lt" x="-165" y="-441"/><vector name="rb" x="-64" y="-261"/><vector name="head" x="-121" y="-357"/><imgdir name="rect"><imgdir name="0"><vector name="lt" x="-136" y="-262"/><vector name="rb" x="2" y="-191"/></imgdir></imgdir><int name="delay" value="115"/></canvas><canvas name="16" width="226" height="288"><vector name="origin" x="224" y="470"/><vector name="lt" x="-165" y="-441"/><vector name="rb" x="-64" y="-261"/><vector name="head" x="-121" y="-357"/><imgdir name="rect"><imgdir name="0"><vector name="lt" x="-136" y="-262"/><vector name="rb" x="2" y="-191"/></imgdir></imgdir><int name="delay" value="115"/></canvas><canvas name="17" width="227" height="289"><vector name="origin" x="225" y="471"/><vector name="lt" x="-165" y="-441"/><vector name="rb" x="-64" y="-261"/><vector name="head" x="-121" y="-357"/><imgdir name="rect"><imgdir name="0"><vector name="lt" x="-136" y="-262"/><vector name="rb" x="2" y="-191"/></imgdir></imgdir><int name="delay" value="115"/></canvas><canvas name="18" width="226" height="288"><vector name="origin" x="224" y="470"/><vector name="lt" x="-165" y="-441"/><vector name="rb" x="-64" y="-261"/><vector name="head" x="-121" y="-357"/><imgdir name="rect"><imgdir name="0"><vector name="lt" x="-136" y="-262"/><vector name="rb" x="2" y="-191"/></imgdir></imgdir><int name="delay" value="115"/></canvas><canvas name="19" width="225" height="287"><vector name="origin" x="223" y="469"/><vector name="lt" x="-165" y="-441"/><vector name="rb" x="-64" y="-261"/><vector name="head" x="-121" y="-357"/><imgdir name="rect"><imgdir name="0"><vector name="lt" x="-136" y="-262"/><vector name="rb" x="2" y="-191"/></imgdir></imgdir><int name="delay" value="115"/></canvas><canvas name="20" width="223" height="284"><vector name="origin" x="221" y="466"/><vector name="lt" x="-165" y="-441"/><vector name="rb" x="-64" y="-261"/><vector name="head" x="-121" y="-357"/><imgdir name="rect"><imgdir name="0"><vector name="lt" x="-136" y="-262"/><vector name="rb" x="2" y="-191"/></imgdir></imgdir><int name="delay" value="115"/></canvas><uol name="21" value="../stand/0"/><uol name="22" value="../stand/1"/><uol name="23" value="../stand/2"/><uol name="24" value="../stand/3"/><uol name="25" value="../stand/4"/><uol name="26" value="../stand/5"/><uol name="27" value="../stand/6"/><uol name="28" value="../stand/7"/><uol name="29" value="../stand/0"/><uol name="30" value="../stand/1"/><uol name="31" value="../stand/2"/><uol name="32" value="../stand/3"/><uol name="33" value="../stand/4"/><uol name="34" value="../stand/5"/><uol name="35" value="../stand/6"/><uol name="36" value="../stand/7"/><uol name="37" value="../stand/0"/><uol name="38" value="../stand/1"/><uol name="39" value="../stand/2"/><uol name="40" value="../stand/3"/><uol name="41" value="../stand/4"/><uol name="42" value="../stand/5"/><uol name="43" value="../stand/6"/><uol name="44" value="../stand/7"/></imgdir><imgdir name="hit1"><canvas name="0" width="217" height="279"><vector name="origin" x="215" y="461"/><vector name="lt" x="-214" y="-460"/><vector name="rb" x="-73" y="-268"/><vector name="head" x="-139" y="-331"/><imgdir name="rect"><imgdir name="0"><vector name="lt" x="-142" y="-269"/><vector name="rb" x="0" y="-192"/></imgdir></imgdir><int name="delay" value="600"/></canvas></imgdir><imgdir name="die1"><canvas name="0" width="197" height="245"><vector name="origin" x="196" y="427"/><int name="delay" value="110"/></canvas><canvas name="1" width="197" height="245"><vector name="origin" x="196" y="427"/><int name="delay" value="110"/></canvas><canvas name="2" width="197" height="245"><vector name="origin" x="196" y="427"/><int name="delay" value="110"/></canvas><canvas name="3" width="197" height="245"><vector name="origin" x="196" y="427"/><int name="delay" value="110"/></canvas><canvas name="4" width="197" height="245"><vector name="origin" x="196" y="427"/><int name="delay" value="110"/></canvas><canvas name="5" width="210" height="259"><vector name="origin" x="202" y="434"/><int name="delay" value="110"/></canvas><canvas name="6" width="222" height="271"><vector name="origin" x="209" y="440"/><int name="delay" value="110"/></canvas><canvas name="7" width="222" height="271"><vector name="origin" x="209" y="440"/><int name="delay" value="110"/></canvas><canvas name="8" width="227" height="265"><vector name="origin" x="214" y="434"/><int name="delay" value="110"/></canvas><canvas name="9" width="229" height="261"><vector name="origin" x="216" y="430"/><int name="delay" value="110"/></canvas><canvas name="10" width="227" height="265"><vector name="origin" x="214" y="434"/><int name="delay" value="110"/></canvas><canvas name="11" width="256" height="273"><vector name="origin" x="243" y="443"/><int name="delay" value="110"/></canvas><canvas name="12" width="249" height="276"><vector name="origin" x="236" y="447"/><int name="delay" value="110"/></canvas><canvas name="13" width="283" height="322"><vector name="origin" x="272" y="494"/><int name="delay" value="110"/></canvas><canvas name="14" width="242" height="273"><vector name="origin" x="232" y="446"/><int name="delay" value="110"/></canvas><canvas name="15" width="236" height="266"><vector name="origin" x="227" y="441"/><int name="delay" value="110"/></canvas><canvas name="16" width="227" height="257"><vector name="origin" x="221" y="435"/><int name="delay" value="110"/></canvas><canvas name="17" width="159" height="154"><vector name="origin" x="217" y="429"/><int name="delay" value="110"/></canvas><canvas name="18" width="143" height="140"><vector name="origin" x="206" y="425"/><int name="delay" value="110"/></canvas><canvas name="19" width="128" height="126"><vector name="origin" x="201" y="420"/><int name="delay" value="300"/><int name="a0" value="255"/><int name="a1" value="0"/></canvas></imgdir></imgdir>