<?xml version="1.0" encoding="UTF-8" standalone="yes"?><imgdir name="8800107.img"><imgdir name="info"><int name="bodyAttack" value="1"/><int name="level" value="140"/><int name="maxHP" value="220000000"/><int name="maxMP" value="27000"/><int name="speed" value="0"/><int name="PADamage" value="660"/><int name="PDDamage" value="1050"/><int name="MADamage" value="618"/><int name="MDDamage" value="1050"/><int name="acc" value="400"/><int name="eva" value="28"/><int name="exp" value="2240000"/><int name="undead" value="0"/><int name="pushed" value="50000"/><int name="hpRecovery" value="20000"/><int name="mpRecovery" value="1000"/><float name="fs" value="10.0"/><int name="summonType" value="1"/><int name="noFlip" value="1"/><int name="boss" value="1"/><int name="firstAttack" value="1"/><imgdir name="skill"><imgdir name="0"><int name="skill" value="120"/><int name="action" value="1"/><int name="level" value="3"/><int name="effectAfter" value="0"/></imgdir><imgdir name="1"><int name="skill" value="121"/><int name="action" value="2"/><int name="level" value="3"/><int name="effectAfter" value="0"/></imgdir><imgdir name="2"><int name="skill" value="124"/><int name="action" value="3"/><int name="level" value="3"/><int name="effectAfter" value="0"/></imgdir><imgdir name="3"><int name="skill" value="122"/><int name="action" value="4"/><int name="level" value="3"/><int name="effectAfter" value="0"/></imgdir><imgdir name="4"><int name="skill" value="128"/><int name="action" value="4"/><int name="level" value="16"/><int name="effectAfter" value="0"/></imgdir></imgdir><int name="mbookID" value="8800002"/><int name="category" value="6"/></imgdir><imgdir name="regen"><canvas name="0" width="126" height="124"><vector name="origin" x="283" y="192"/><int name="delay" value="120"/></canvas><canvas name="1" width="146" height="139"><vector name="origin" x="293" y="199"/><int name="delay" value="120"/></canvas><canvas name="2" width="156" height="156"><vector name="origin" x="297" y="206"/><int name="delay" value="120"/></canvas><canvas name="3" width="291" height="171"><vector name="origin" x="301" y="216"/><int name="delay" value="120"/></canvas><canvas name="4" width="303" height="181"><vector name="origin" x="309" y="219"/><int name="delay" value="120"/></canvas><canvas name="5" width="310" height="190"><vector name="origin" x="315" y="223"/><int name="delay" value="120"/></canvas><canvas name="6" width="347" height="262"><vector name="origin" x="351" y="255"/><int name="delay" value="120"/></canvas><canvas name="7" width="314" height="213"><vector name="origin" x="317" y="229"/><int name="delay" value="120"/></canvas><canvas name="8" width="313" height="194"><vector name="origin" x="315" y="222"/><int name="delay" value="120"/></canvas></imgdir><imgdir name="stand"><canvas name="0" width="250" height="111"><vector name="origin" x="259" y="195"/><vector name="lt" x="-257" y="-194"/><vector name="rb" x="-10" y="-87"/><vector name="head" x="-221" y="-143"/><int name="delay" value="130"/></canvas><canvas name="1" width="252" height="112"><vector name="origin" x="260" y="186"/><vector name="lt" x="-256" y="-176"/><vector name="rb" x="-12" y="-80"/><vector name="head" x="-221" y="-118"/><int name="delay" value="100"/></canvas><canvas name="2" width="250" height="111"><vector name="origin" x="259" y="195"/><vector name="lt" x="-256" y="-192"/><vector name="rb" x="-17" y="-89"/><vector name="head" x="-221" y="-144"/><int name="delay" value="100"/></canvas><canvas name="3" width="262" height="134"><vector name="origin" x="272" y="226"/><vector name="lt" x="-269" y="-224"/><vector name="rb" x="-15" y="-96"/><vector name="head" x="-216" y="-165"/><int name="delay" value="100"/></canvas><canvas name="4" width="258" height="159"><vector name="origin" x="269" y="255"/><vector name="lt" x="-266" y="-253"/><vector name="rb" x="-14" y="-99"/><vector name="head" x="-214" y="-181"/><int name="delay" value="130"/></canvas><canvas name="5" width="254" height="178"><vector name="origin" x="266" y="280"/><vector name="lt" x="-262" y="-278"/><vector name="rb" x="-131" y="-177"/><vector name="head" x="-209" y="-202"/><imgdir name="rect"><imgdir name="0"><vector name="lt" x="-229" y="-178"/><vector name="rb" x="-16" y="-107"/></imgdir></imgdir><int name="delay" value="100"/></canvas><canvas name="6" width="258" height="159"><vector name="origin" x="269" y="255"/><vector name="lt" x="-267" y="-253"/><vector name="rb" x="-125" y="-162"/><vector name="head" x="-215" y="-182"/><imgdir name="rect"><imgdir name="0"><vector name="lt" x="-244" y="-163"/><vector name="rb" x="-16" y="-102"/></imgdir></imgdir><int name="delay" value="100"/></canvas><canvas name="7" width="262" height="135"><vector name="origin" x="271" y="226"/><vector name="lt" x="-269" y="-224"/><vector name="rb" x="-16" y="-96"/><vector name="head" x="-217" y="-167"/><int name="delay" value="100"/></canvas></imgdir><imgdir name="skill1"><uol name="0" value="../stand/7"/><uol name="1" value="../stand/0"/><uol name="2" value="../stand/1"/><uol name="3" value="../stand/2"/><uol name="4" value="../stand/3"/><uol name="5" value="../stand/4"/><uol name="6" value="../stand/5"/><uol name="7" value="../stand/6"/><canvas name="8" width="262" height="135"><vector name="origin" x="271" y="226"/><vector name="lt" x="-269" y="-224"/><vector name="rb" x="-16" y="-96"/><vector name="head" x="-217" y="-167"/></canvas><canvas name="9" width="250" height="111"><vector name="origin" x="259" y="195"/><vector name="lt" x="-256" y="-192"/><vector name="rb" x="-17" y="-89"/><vector name="head" x="-221" y="-144"/></canvas><canvas name="10" width="253" height="112"><vector name="origin" x="261" y="186"/><vector name="lt" x="-256" y="-176"/><vector name="rb" x="-12" y="-80"/><vector name="head" x="-221" y="-118"/></canvas><canvas name="11" width="283" height="181"><vector name="origin" x="291" y="219"/><vector name="lt" x="-277" y="-169"/><vector name="rb" x="-16" y="-80"/><vector name="head" x="-239" y="-124"/></canvas><canvas name="12" width="293" height="206"><vector name="origin" x="301" y="231"/><vector name="lt" x="-295" y="-176"/><vector name="rb" x="-16" y="-80"/><vector name="head" x="-255" y="-131"/></canvas><canvas name="13" width="299" height="215"><vector name="origin" x="307" y="233"/><vector name="lt" x="-305" y="-181"/><vector name="rb" x="-16" y="-80"/><vector name="head" x="-265" y="-133"/></canvas><canvas name="14" width="308" height="217"><vector name="origin" x="316" y="233"/><vector name="lt" x="-314" y="-181"/><vector name="rb" x="-16" y="-80"/><vector name="head" x="-273" y="-133"/></canvas><canvas name="15" width="314" height="216"><vector name="origin" x="322" y="233"/><vector name="lt" x="-320" y="-181"/><vector name="rb" x="-16" y="-80"/><vector name="head" x="-279" y="-133"/></canvas><canvas name="16" width="325" height="215"><vector name="origin" x="333" y="233"/><vector name="lt" x="-331" y="-183"/><vector name="rb" x="-16" y="-80"/><vector name="head" x="-290" y="-137"/></canvas><canvas name="17" width="335" height="210"><vector name="origin" x="343" y="233"/><vector name="lt" x="-341" y="-183"/><vector name="rb" x="-16" y="-80"/><vector name="head" x="-300" y="-141"/></canvas><canvas name="18" width="334" height="209"><vector name="origin" x="342" y="231"/><vector name="lt" x="-340" y="-186"/><vector name="rb" x="-16" y="-80"/><vector name="head" x="-300" y="-141"/></canvas><canvas name="19" width="333" height="206"><vector name="origin" x="341" y="228"/><vector name="lt" x="-339" y="-191"/><vector name="rb" x="-16" y="-80"/><vector name="head" x="-299" y="-141"/></canvas><canvas name="20" width="332" height="198"><vector name="origin" x="340" y="226"/><vector name="lt" x="-339" y="-191"/><vector name="rb" x="-16" y="-80"/><vector name="head" x="-297" y="-141"/></canvas><canvas name="21" width="331" height="181"><vector name="origin" x="339" y="219"/><vector name="lt" x="-336" y="-191"/><vector name="rb" x="-16" y="-80"/><vector name="head" x="-297" y="-141"/></canvas><canvas name="22" width="328" height="173"><vector name="origin" x="336" y="211"/><vector name="lt" x="-333" y="-189"/><vector name="rb" x="-16" y="-80"/><vector name="head" x="-293" y="-140"/></canvas></imgdir><imgdir name="skill2"><uol name="0" value="../stand/7"/><uol name="1" value="../stand/0"/><uol name="2" value="../stand/1"/><uol name="3" value="../stand/2"/><uol name="4" value="../stand/3"/><uol name="5" value="../stand/4"/><uol name="6" value="../stand/5"/><uol name="7" value="../stand/6"/><canvas name="8" width="262" height="135"><vector name="origin" x="271" y="226"/><vector name="lt" x="-269" y="-224"/><vector name="rb" x="-16" y="-96"/><vector name="head" x="-217" y="-167"/></canvas><canvas name="9" width="250" height="111"><vector name="origin" x="259" y="195"/><vector name="lt" x="-256" y="-192"/><vector name="rb" x="-17" y="-89"/><vector name="head" x="-221" y="-144"/></canvas><canvas name="10" width="253" height="112"><vector name="origin" x="261" y="186"/><vector name="lt" x="-256" y="-176"/><vector name="rb" x="-12" y="-80"/><vector name="head" x="-221" y="-118"/></canvas><canvas name="11" width="283" height="181"><vector name="origin" x="291" y="219"/><vector name="lt" x="-277" y="-169"/><vector name="rb" x="-16" y="-80"/><vector name="head" x="-239" y="-124"/></canvas><canvas name="12" width="293" height="206"><vector name="origin" x="301" y="231"/><vector name="lt" x="-295" y="-176"/><vector name="rb" x="-16" y="-80"/><vector name="head" x="-255" y="-131"/></canvas><canvas name="13" width="299" height="215"><vector name="origin" x="307" y="233"/><vector name="lt" x="-305" y="-181"/><vector name="rb" x="-16" y="-80"/><vector name="head" x="-265" y="-133"/></canvas><canvas name="14" width="308" height="217"><vector name="origin" x="316" y="233"/><vector name="lt" x="-314" y="-181"/><vector name="rb" x="-16" y="-80"/><vector name="head" x="-273" y="-133"/></canvas><canvas name="15" width="314" height="216"><vector name="origin" x="322" y="233"/><vector name="lt" x="-320" y="-181"/><vector name="rb" x="-16" y="-80"/><vector name="head" x="-279" y="-133"/></canvas><canvas name="16" width="325" height="215"><vector name="origin" x="333" y="233"/><vector name="lt" x="-331" y="-183"/><vector name="rb" x="-16" y="-80"/><vector name="head" x="-290" y="-137"/></canvas><canvas name="17" width="335" height="210"><vector name="origin" x="343" y="233"/><vector name="lt" x="-341" y="-183"/><vector name="rb" x="-16" y="-80"/><vector name="head" x="-300" y="-141"/></canvas><canvas name="18" width="334" height="209"><vector name="origin" x="342" y="231"/><vector name="lt" x="-340" y="-186"/><vector name="rb" x="-16" y="-80"/><vector name="head" x="-300" y="-141"/></canvas><canvas name="19" width="333" height="206"><vector name="origin" x="341" y="228"/><vector name="lt" x="-339" y="-191"/><vector name="rb" x="-16" y="-80"/><vector name="head" x="-299" y="-141"/></canvas><canvas name="20" width="332" height="198"><vector name="origin" x="340" y="226"/><vector name="lt" x="-339" y="-191"/><vector name="rb" x="-16" y="-80"/><vector name="head" x="-297" y="-141"/></canvas><canvas name="21" width="331" height="181"><vector name="origin" x="339" y="219"/><vector name="lt" x="-336" y="-191"/><vector name="rb" x="-16" y="-80"/><vector name="head" x="-297" y="-141"/></canvas><canvas name="22" width="328" height="173"><vector name="origin" x="336" y="211"/><vector name="lt" x="-333" y="-189"/><vector name="rb" x="-16" y="-80"/><vector name="head" x="-293" y="-140"/></canvas></imgdir><imgdir name="skill3"><uol name="0" value="../stand/7"/><uol name="1" value="../stand/0"/><uol name="2" value="../stand/1"/><uol name="3" value="../stand/2"/><uol name="4" value="../stand/3"/><uol name="5" value="../stand/4"/><uol name="6" value="../stand/5"/><uol name="7" value="../stand/6"/><canvas name="8" width="262" height="135"><vector name="origin" x="271" y="226"/><vector name="lt" x="-269" y="-224"/><vector name="rb" x="-16" y="-96"/><vector name="head" x="-217" y="-167"/></canvas><canvas name="9" width="250" height="111"><vector name="origin" x="259" y="195"/><vector name="lt" x="-256" y="-192"/><vector name="rb" x="-17" y="-89"/><vector name="head" x="-221" y="-144"/></canvas><canvas name="10" width="253" height="112"><vector name="origin" x="261" y="186"/><vector name="lt" x="-256" y="-176"/><vector name="rb" x="-12" y="-80"/><vector name="head" x="-221" y="-118"/></canvas><canvas name="11" width="283" height="181"><vector name="origin" x="291" y="219"/><vector name="lt" x="-277" y="-169"/><vector name="rb" x="-16" y="-80"/><vector name="head" x="-239" y="-124"/></canvas><canvas name="12" width="293" height="206"><vector name="origin" x="301" y="231"/><vector name="lt" x="-295" y="-176"/><vector name="rb" x="-16" y="-80"/><vector name="head" x="-255" y="-131"/></canvas><canvas name="13" width="299" height="215"><vector name="origin" x="307" y="233"/><vector name="lt" x="-305" y="-181"/><vector name="rb" x="-16" y="-80"/><vector name="head" x="-265" y="-133"/></canvas><canvas name="14" width="308" height="217"><vector name="origin" x="316" y="233"/><vector name="lt" x="-314" y="-181"/><vector name="rb" x="-16" y="-80"/><vector name="head" x="-273" y="-133"/></canvas><canvas name="15" width="314" height="216"><vector name="origin" x="322" y="233"/><vector name="lt" x="-320" y="-181"/><vector name="rb" x="-16" y="-80"/><vector name="head" x="-279" y="-133"/></canvas><canvas name="16" width="325" height="215"><vector name="origin" x="333" y="233"/><vector name="lt" x="-331" y="-183"/><vector name="rb" x="-16" y="-80"/><vector name="head" x="-290" y="-137"/></canvas><canvas name="17" width="335" height="210"><vector name="origin" x="343" y="233"/><vector name="lt" x="-341" y="-183"/><vector name="rb" x="-16" y="-80"/><vector name="head" x="-300" y="-141"/></canvas><canvas name="18" width="334" height="209"><vector name="origin" x="342" y="231"/><vector name="lt" x="-340" y="-186"/><vector name="rb" x="-16" y="-80"/><vector name="head" x="-300" y="-141"/></canvas><canvas name="19" width="333" height="206"><vector name="origin" x="341" y="228"/><vector name="lt" x="-339" y="-191"/><vector name="rb" x="-16" y="-80"/><vector name="head" x="-299" y="-141"/></canvas><canvas name="20" width="332" height="198"><vector name="origin" x="340" y="226"/><vector name="lt" x="-339" y="-191"/><vector name="rb" x="-16" y="-80"/><vector name="head" x="-297" y="-141"/></canvas><canvas name="21" width="331" height="181"><vector name="origin" x="339" y="219"/><vector name="lt" x="-336" y="-191"/><vector name="rb" x="-16" y="-80"/><vector name="head" x="-297" y="-141"/></canvas><canvas name="22" width="328" height="173"><vector name="origin" x="336" y="211"/><vector name="lt" x="-333" y="-189"/><vector name="rb" x="-16" y="-80"/><vector name="head" x="-293" y="-140"/></canvas></imgdir><imgdir name="skill4"><uol name="0" value="../stand/7"/><uol name="1" value="../stand/0"/><uol name="2" value="../stand/1"/><uol name="3" value="../stand/2"/><uol name="4" value="../stand/3"/><uol name="5" value="../stand/4"/><uol name="6" value="../stand/5"/><uol name="7" value="../stand/6"/><canvas name="8" width="262" height="135"><vector name="origin" x="271" y="226"/><vector name="lt" x="-269" y="-224"/><vector name="rb" x="-16" y="-96"/><vector name="head" x="-217" y="-167"/></canvas><canvas name="9" width="250" height="111"><vector name="origin" x="259" y="195"/><vector name="lt" x="-256" y="-192"/><vector name="rb" x="-17" y="-89"/><vector name="head" x="-221" y="-144"/></canvas><canvas name="10" width="253" height="112"><vector name="origin" x="261" y="186"/><vector name="lt" x="-256" y="-176"/><vector name="rb" x="-12" y="-80"/><vector name="head" x="-221" y="-118"/></canvas><canvas name="11" width="283" height="181"><vector name="origin" x="291" y="219"/><vector name="lt" x="-277" y="-169"/><vector name="rb" x="-16" y="-80"/><vector name="head" x="-239" y="-124"/></canvas><canvas name="12" width="293" height="206"><vector name="origin" x="301" y="231"/><vector name="lt" x="-295" y="-176"/><vector name="rb" x="-16" y="-80"/><vector name="head" x="-255" y="-131"/></canvas><canvas name="13" width="299" height="215"><vector name="origin" x="307" y="233"/><vector name="lt" x="-305" y="-181"/><vector name="rb" x="-16" y="-80"/><vector name="head" x="-265" y="-133"/></canvas><canvas name="14" width="308" height="217"><vector name="origin" x="316" y="233"/><vector name="lt" x="-314" y="-181"/><vector name="rb" x="-16" y="-80"/><vector name="head" x="-273" y="-133"/></canvas><canvas name="15" width="314" height="216"><vector name="origin" x="322" y="233"/><vector name="lt" x="-320" y="-181"/><vector name="rb" x="-16" y="-80"/><vector name="head" x="-279" y="-133"/></canvas><canvas name="16" width="325" height="215"><vector name="origin" x="333" y="233"/><vector name="lt" x="-331" y="-183"/><vector name="rb" x="-16" y="-80"/><vector name="head" x="-290" y="-137"/></canvas><canvas name="17" width="335" height="210"><vector name="origin" x="343" y="233"/><vector name="lt" x="-341" y="-183"/><vector name="rb" x="-16" y="-80"/><vector name="head" x="-300" y="-141"/></canvas><canvas name="18" width="334" height="209"><vector name="origin" x="342" y="231"/><vector name="lt" x="-340" y="-186"/><vector name="rb" x="-16" y="-80"/><vector name="head" x="-300" y="-141"/></canvas><canvas name="19" width="333" height="206"><vector name="origin" x="341" y="228"/><vector name="lt" x="-339" y="-191"/><vector name="rb" x="-16" y="-80"/><vector name="head" x="-299" y="-141"/></canvas><canvas name="20" width="332" height="198"><vector name="origin" x="340" y="226"/><vector name="lt" x="-339" y="-191"/><vector name="rb" x="-16" y="-80"/><vector name="head" x="-297" y="-141"/></canvas><canvas name="21" width="331" height="181"><vector name="origin" x="339" y="219"/><vector name="lt" x="-336" y="-191"/><vector name="rb" x="-16" y="-80"/><vector name="head" x="-297" y="-141"/></canvas><canvas name="22" width="328" height="173"><vector name="origin" x="336" y="211"/><vector name="lt" x="-333" y="-189"/><vector name="rb" x="-16" y="-80"/><vector name="head" x="-293" y="-140"/></canvas></imgdir><imgdir name="hit1"><canvas name="0" width="306" height="152"><vector name="origin" x="312" y="202"/><vector name="lt" x="-310" y="-198"/><vector name="rb" x="-16" y="-80"/><vector name="head" x="-257" y="-142"/><int name="delay" value="600"/></canvas></imgdir><imgdir name="die1"><canvas name="0" width="285" height="136"><vector name="origin" x="291" y="209"/><int name="delay" value="110"/></canvas><canvas name="1" width="285" height="136"><vector name="origin" x="291" y="209"/><int name="delay" value="110"/></canvas><canvas name="2" width="285" height="136"><vector name="origin" x="291" y="209"/><int name="delay" value="110"/></canvas><canvas name="3" width="285" height="142"><vector name="origin" x="291" y="209"/><int name="delay" value="110"/></canvas><canvas name="4" width="285" height="142"><vector name="origin" x="291" y="209"/><int name="delay" value="110"/></canvas><canvas name="5" width="292" height="150"><vector name="origin" x="298" y="217"/><int name="delay" value="110"/></canvas><canvas name="6" width="304" height="157"><vector name="origin" x="305" y="222"/><int name="delay" value="110"/></canvas><canvas name="7" width="304" height="157"><vector name="origin" x="305" y="222"/><int name="delay" value="110"/></canvas><canvas name="8" width="301" height="175"><vector name="origin" x="302" y="222"/><int name="delay" value="110"/></canvas><canvas name="9" width="298" height="175"><vector name="origin" x="299" y="222"/><int name="delay" value="110"/></canvas><canvas name="10" width="301" height="175"><vector name="origin" x="301" y="221"/><int name="delay" value="110"/></canvas><canvas name="11" width="313" height="194"><vector name="origin" x="314" y="221"/><int name="delay" value="110"/></canvas><canvas name="12" width="314" height="213"><vector name="origin" x="316" y="228"/><int name="delay" value="110"/></canvas><canvas name="13" width="347" height="262"><vector name="origin" x="350" y="254"/><int name="delay" value="110"/></canvas><canvas name="14" width="310" height="190"><vector name="origin" x="314" y="222"/><int name="delay" value="110"/></canvas><canvas name="15" width="303" height="181"><vector name="origin" x="308" y="218"/><int name="delay" value="110"/></canvas><canvas name="16" width="291" height="171"><vector name="origin" x="300" y="215"/><int name="delay" value="110"/></canvas><canvas name="17" width="156" height="156"><vector name="origin" x="296" y="205"/><int name="delay" value="110"/></canvas><canvas name="18" width="146" height="139"><vector name="origin" x="292" y="198"/><int name="delay" value="110"/></canvas><canvas name="19" width="126" height="124"><vector name="origin" x="282" y="191"/><int name="delay" value="300"/><int name="a0" value="255"/><int name="a1" value="0"/></canvas></imgdir></imgdir>