<?xml version="1.0" encoding="UTF-8" standalone="yes"?><imgdir name="8800006.img"><imgdir name="info"><int name="bodyAttack" value="1"/><int name="level" value="140"/><int name="maxHP" value="22000000"/><int name="maxMP" value="18000"/><int name="speed" value="0"/><int name="PADamage" value="530"/><int name="PDDamage" value="800"/><int name="MADamage" value="485"/><int name="MDDamage" value="950"/><int name="acc" value="200"/><int name="eva" value="14"/><int name="exp" value="896000"/><int name="undead" value="0"/><int name="pushed" value="50000"/><int name="hpRecovery" value="20000"/><int name="mpRecovery" value="1000"/><float name="fs" value="10.0"/><int name="summonType" value="1"/><int name="noFlip" value="1"/><int name="boss" value="1"/><string name="elemAttr" value="I2L2F3"/><int name="firstAttack" value="1"/><int name="mbookID" value="8800002"/><int name="category" value="6"/></imgdir><imgdir name="regen"><canvas name="0" width="130" height="125"><vector name="origin" x="-168" y="332"/><int name="delay" value="120"/></canvas><canvas name="1" width="148" height="138"><vector name="origin" x="-157" y="339"/><int name="delay" value="120"/></canvas><canvas name="2" width="160" height="156"><vector name="origin" x="-152" y="347"/><int name="delay" value="120"/></canvas><canvas name="3" width="272" height="199"><vector name="origin" x="-44" y="354"/><int name="delay" value="120"/></canvas><canvas name="4" width="281" height="205"><vector name="origin" x="-42" y="360"/><int name="delay" value="120"/></canvas><canvas name="5" width="287" height="212"><vector name="origin" x="-41" y="365"/><int name="delay" value="120"/></canvas><canvas name="6" width="328" height="305"><vector name="origin" x="-40" y="428"/><int name="delay" value="120"/></canvas><canvas name="7" width="301" height="222"><vector name="origin" x="-38" y="369"/><int name="delay" value="120"/></canvas><canvas name="8" width="297" height="223"><vector name="origin" x="-38" y="373"/><int name="delay" value="120"/></canvas></imgdir><imgdir name="stand"><canvas name="0" width="240" height="184"><vector name="origin" x="-46" y="337"/><vector name="lt" x="152" y="-336"/><vector name="rb" x="276" y="-212"/><vector name="head" x="230" y="-269"/><imgdir name="rect"><imgdir name="0"><vector name="lt" x="46" y="-213"/><vector name="rb" x="230" y="-156"/></imgdir></imgdir><int name="delay" value="130"/></canvas><canvas name="1" width="243" height="161"><vector name="origin" x="-45" y="306"/><vector name="lt" x="149" y="-304"/><vector name="rb" x="279" y="-192"/><vector name="head" x="245" y="-248"/><imgdir name="rect"><imgdir name="0"><vector name="lt" x="46" y="-213"/><vector name="rb" x="228" y="-150"/></imgdir></imgdir><int name="delay" value="100"/></canvas><canvas name="2" width="247" height="134"><vector name="origin" x="-44" y="275"/><vector name="lt" x="149" y="-272"/><vector name="rb" x="283" y="-176"/><vector name="head" x="254" y="-228"/><imgdir name="rect"><imgdir name="0"><vector name="lt" x="46" y="-213"/><vector name="rb" x="224" y="-144"/></imgdir></imgdir><int name="delay" value="100"/></canvas><canvas name="3" width="243" height="161"><vector name="origin" x="-45" y="306"/><vector name="lt" x="150" y="-304"/><vector name="rb" x="277" y="-176"/><vector name="head" x="243" y="-251"/><imgdir name="rect"><imgdir name="0"><vector name="lt" x="46" y="-213"/><vector name="rb" x="224" y="-149"/></imgdir></imgdir><int name="delay" value="100"/></canvas><canvas name="4" width="240" height="183"><vector name="origin" x="-46" y="336"/><vector name="lt" x="145" y="-331"/><vector name="rb" x="272" y="-208"/><vector name="head" x="230" y="-269"/><imgdir name="rect"><imgdir name="0"><vector name="lt" x="46" y="-214"/><vector name="rb" x="224" y="-158"/></imgdir></imgdir><int name="delay" value="130"/></canvas><canvas name="5" width="233" height="205"><vector name="origin" x="-45" y="360"/><vector name="lt" x="144" y="-357"/><vector name="rb" x="270" y="-208"/><vector name="head" x="221" y="-284"/><imgdir name="rect"><imgdir name="0"><vector name="lt" x="46" y="-214"/><vector name="rb" x="208" y="-161"/></imgdir></imgdir><int name="delay" value="100"/></canvas><canvas name="6" width="219" height="220"><vector name="origin" x="-43" y="375"/><vector name="lt" x="138" y="-372"/><vector name="rb" x="240" y="-208"/><vector name="head" x="209" y="-301"/><imgdir name="rect"><imgdir name="0"><vector name="lt" x="46" y="-214"/><vector name="rb" x="208" y="-161"/></imgdir></imgdir><int name="delay" value="100"/></canvas><canvas name="7" width="233" height="205"><vector name="origin" x="-45" y="360"/><vector name="lt" x="144" y="-356"/><vector name="rb" x="256" y="-208"/><vector name="head" x="221" y="-285"/><imgdir name="rect"><imgdir name="0"><vector name="lt" x="46" y="-214"/><vector name="rb" x="208" y="-161"/></imgdir></imgdir><int name="delay" value="100"/></canvas></imgdir><imgdir name="attack1"><imgdir name="info"><imgdir name="range"><vector name="lt" x="-60" y="-150"/><vector name="rb" x="60" y="0"/><int name="start" value="-6"/><int name="areaCount" value="12"/><int name="attackCount" value="6"/></imgdir><imgdir name="areaWarning"><canvas name="0" width="1" height="1"><vector name="origin" x="0" y="0"/><int name="delay" value="1300"/></canvas><canvas name="1" width="45" height="9"><vector name="origin" x="23" y="5"/><int name="delay" value="90"/></canvas><canvas name="2" width="33" height="11"><vector name="origin" x="17" y="7"/><int name="delay" value="90"/></canvas><canvas name="3" width="29" height="15"><vector name="origin" x="15" y="11"/><int name="delay" value="90"/></canvas><canvas name="4" width="29" height="44"><vector name="origin" x="15" y="40"/><int name="delay" value="90"/></canvas><canvas name="5" width="29" height="94"><vector name="origin" x="15" y="90"/><int name="delay" value="90"/></canvas><canvas name="6" width="29" height="78"><vector name="origin" x="15" y="74"/><int name="delay" value="90"/></canvas><canvas name="7" width="29" height="97"><vector name="origin" x="15" y="93"/><int name="delay" value="90"/></canvas><canvas name="8" width="50" height="121"><vector name="origin" x="24" y="113"/><int name="delay" value="90"/></canvas><canvas name="9" width="53" height="177"><vector name="origin" x="23" y="166"/><int name="delay" value="90"/></canvas><canvas name="10" width="81" height="232"><vector name="origin" x="40" y="220"/><int name="delay" value="90"/></canvas><canvas name="11" width="87" height="295"><vector name="origin" x="40" y="282"/><int name="delay" value="90"/></canvas><canvas name="12" width="94" height="288"><vector name="origin" x="44" y="275"/><int name="delay" value="90"/></canvas><canvas name="13" width="93" height="296"><vector name="origin" x="50" y="285"/><int name="delay" value="90"/></canvas><canvas name="14" width="91" height="286"><vector name="origin" x="40" y="273"/><int name="delay" value="90"/></canvas><canvas name="15" width="105" height="288"><vector name="origin" x="58" y="275"/><int name="delay" value="90"/></canvas><canvas name="16" width="117" height="293"><vector name="origin" x="54" y="282"/><int name="delay" value="90"/></canvas><canvas name="17" width="73" height="231"><vector name="origin" x="31" y="219"/><int name="delay" value="90"/></canvas><canvas name="18" width="60" height="188"><vector name="origin" x="32" y="175"/><int name="delay" value="90"/></canvas><canvas name="19" width="39" height="137"><vector name="origin" x="19" y="125"/><int name="delay" value="90"/></canvas></imgdir><imgdir name="hit"><canvas name="0" width="116" height="134"><vector name="origin" x="66" y="64"/><int name="delay" value="100"/></canvas><canvas name="1" width="124" height="130"><vector name="origin" x="65" y="65"/><int name="delay" value="100"/></canvas><canvas name="2" width="114" height="116"><vector name="origin" x="56" y="53"/><int name="delay" value="100"/></canvas><canvas name="3" width="98" height="97"><vector name="origin" x="45" y="46"/><int name="delay" value="100"/></canvas></imgdir><int name="type" value="3"/><int name="conMP" value="10"/><int name="attackAfter" value="3280"/><int name="PADamage" value="515"/></imgdir><uol name="0" value="../stand/0"/><uol name="1" value="../stand/1"/><uol name="2" value="../stand/2"/><uol name="3" value="../stand/3"/><uol name="4" value="../stand/4"/><uol name="5" value="../stand/5"/><uol name="6" value="../stand/6"/><uol name="7" value="../stand/7"/><uol name="8" value="../stand/0"/><canvas name="9" width="236" height="173"><vector name="origin" x="-41" y="328"/><vector name="lt" x="143" y="-326"/><vector name="rb" x="271" y="-209"/><vector name="head" x="236" y="-278"/><imgdir name="rect"><imgdir name="0"><vector name="lt" x="41" y="-218"/><vector name="rb" x="211" y="-160"/></imgdir></imgdir><int name="delay" value="100"/></canvas><canvas name="10" width="256" height="177"><vector name="origin" x="-41" y="332"/><vector name="lt" x="145" y="-329"/><vector name="rb" x="288" y="-208"/><vector name="head" x="241" y="-270"/><imgdir name="rect"><imgdir name="0"><vector name="lt" x="41" y="-221"/><vector name="rb" x="211" y="-160"/></imgdir></imgdir><int name="delay" value="100"/></canvas><canvas name="11" width="304" height="183"><vector name="origin" x="-41" y="338"/><vector name="lt" x="176" y="-316"/><vector name="rb" x="311" y="-192"/><vector name="head" x="258" y="-246"/><imgdir name="rect"><imgdir name="0"><vector name="lt" x="41" y="-222"/><vector name="rb" x="211" y="-160"/></imgdir></imgdir><int name="delay" value="100"/></canvas><canvas name="12" width="333" height="211"><vector name="origin" x="-41" y="356"/><vector name="lt" x="176" y="-316"/><vector name="rb" x="311" y="-192"/><vector name="head" x="258" y="-246"/><imgdir name="rect"><imgdir name="0"><vector name="lt" x="41" y="-222"/><vector name="rb" x="211" y="-160"/></imgdir></imgdir><int name="delay" value="100"/></canvas><canvas name="13" width="347" height="223"><vector name="origin" x="-41" y="365"/><vector name="lt" x="176" y="-325"/><vector name="rb" x="311" y="-192"/><vector name="head" x="265" y="-255"/><imgdir name="rect"><imgdir name="0"><vector name="lt" x="41" y="-222"/><vector name="rb" x="211" y="-160"/></imgdir></imgdir><int name="delay" value="100"/></canvas><canvas name="14" width="339" height="237"><vector name="origin" x="-41" y="373"/><vector name="lt" x="176" y="-334"/><vector name="rb" x="311" y="-192"/><vector name="head" x="269" y="-257"/><imgdir name="rect"><imgdir name="0"><vector name="lt" x="41" y="-222"/><vector name="rb" x="211" y="-160"/></imgdir></imgdir><int name="delay" value="100"/></canvas><canvas name="15" width="342" height="241"><vector name="origin" x="-41" y="376"/><vector name="lt" x="176" y="-341"/><vector name="rb" x="319" y="-192"/><vector name="head" x="272" y="-258"/><imgdir name="rect"><imgdir name="0"><vector name="lt" x="41" y="-222"/><vector name="rb" x="211" y="-160"/></imgdir></imgdir><int name="delay" value="100"/></canvas><canvas name="16" width="340" height="235"><vector name="origin" x="-41" y="372"/><vector name="lt" x="176" y="-341"/><vector name="rb" x="331" y="-192"/><vector name="head" x="272" y="-258"/><imgdir name="rect"><imgdir name="0"><vector name="lt" x="41" y="-222"/><vector name="rb" x="211" y="-160"/></imgdir></imgdir><int name="delay" value="100"/></canvas><canvas name="17" width="339" height="234"><vector name="origin" x="-41" y="372"/><vector name="lt" x="176" y="-352"/><vector name="rb" x="331" y="-192"/><vector name="head" x="272" y="-258"/><imgdir name="rect"><imgdir name="0"><vector name="lt" x="41" y="-222"/><vector name="rb" x="211" y="-160"/></imgdir></imgdir><int name="delay" value="100"/></canvas><canvas name="18" width="338" height="232"><vector name="origin" x="-41" y="371"/><vector name="lt" x="176" y="-350"/><vector name="rb" x="331" y="-192"/><vector name="head" x="272" y="-258"/><imgdir name="rect"><imgdir name="0"><vector name="lt" x="41" y="-222"/><vector name="rb" x="211" y="-160"/></imgdir></imgdir><int name="delay" value="100"/></canvas><canvas name="19" width="336" height="222"><vector name="origin" x="-41" y="364"/><vector name="lt" x="176" y="-350"/><vector name="rb" x="331" y="-192"/><vector name="head" x="272" y="-258"/><imgdir name="rect"><imgdir name="0"><vector name="lt" x="41" y="-222"/><vector name="rb" x="211" y="-160"/></imgdir></imgdir><int name="delay" value="100"/></canvas><canvas name="20" width="333" height="210"><vector name="origin" x="-41" y="356"/><vector name="lt" x="176" y="-344"/><vector name="rb" x="329" y="-192"/><vector name="head" x="272" y="-258"/><imgdir name="rect"><imgdir name="0"><vector name="lt" x="41" y="-222"/><vector name="rb" x="211" y="-160"/></imgdir></imgdir><int name="delay" value="100"/></canvas><canvas name="21" width="333" height="201"><vector name="origin" x="-41" y="352"/><vector name="lt" x="176" y="-342"/><vector name="rb" x="329" y="-192"/><vector name="head" x="272" y="-258"/><imgdir name="rect"><imgdir name="0"><vector name="lt" x="41" y="-222"/><vector name="rb" x="211" y="-160"/></imgdir></imgdir><int name="delay" value="100"/></canvas><canvas name="22" width="314" height="190"><vector name="origin" x="-41" y="345"/><vector name="lt" x="176" y="-342"/><vector name="rb" x="329" y="-192"/><vector name="head" x="272" y="-258"/><imgdir name="rect"><imgdir name="0"><vector name="lt" x="41" y="-222"/><vector name="rb" x="211" y="-160"/></imgdir></imgdir><int name="delay" value="100"/></canvas><canvas name="23" width="296" height="186"><vector name="origin" x="-41" y="341"/><vector name="lt" x="176" y="-342"/><vector name="rb" x="329" y="-192"/><vector name="head" x="272" y="-258"/><imgdir name="rect"><imgdir name="0"><vector name="lt" x="41" y="-222"/><vector name="rb" x="211" y="-160"/></imgdir></imgdir><int name="delay" value="100"/></canvas><uol name="24" value="../stand/0"/><uol name="25" value="../stand/1"/><uol name="26" value="../stand/2"/><uol name="27" value="../stand/3"/><uol name="28" value="../stand/4"/><uol name="29" value="../stand/5"/><uol name="30" value="../stand/6"/><uol name="31" value="../stand/7"/><uol name="32" value="../stand/0"/><uol name="33" value="../stand/1"/><uol name="34" value="../stand/2"/><uol name="35" value="../stand/3"/><uol name="36" value="../stand/4"/><uol name="37" value="../stand/5"/><uol name="38" value="../stand/6"/><uol name="39" value="../stand/7"/><uol name="40" value="../stand/0"/><uol name="41" value="../stand/1"/><uol name="42" value="../stand/2"/><uol name="43" value="../stand/3"/><uol name="44" value="../stand/4"/><uol name="45" value="../stand/5"/><uol name="46" value="../stand/6"/><uol name="47" value="../stand/7"/></imgdir><imgdir name="attack2"><imgdir name="info"><imgdir name="range"><vector name="lt" x="-200" y="-350"/><vector name="rb" x="800" y="250"/></imgdir><imgdir name="effect"><canvas name="0" width="1" height="1"><vector name="origin" x="0" y="0"/><int name="delay" value="1710"/></canvas></imgdir><imgdir name="effect0"><int name="effectType" value="1"/><int name="effectDistance" value="150"/><int name="randomPos" value="1"/><int name="delay" value="700"/><imgdir name="0"><canvas name="0" width="160" height="84"><vector name="origin" x="80" y="42"/><int name="delay" value="100"/></canvas><uol name="1" value="../1/0"/><uol name="2" value="../2/0"/><uol name="3" value="../3/0"/></imgdir><imgdir name="1"><canvas name="0" width="204" height="119"><vector name="origin" x="102" y="59"/><int name="delay" value="100"/></canvas><uol name="1" value="../3/0"/><uol name="2" value="../2/0"/><uol name="3" value="../4/0"/><uol name="4" value="../5/0"/></imgdir><imgdir name="2"><canvas name="0" width="185" height="133"><vector name="origin" x="92" y="66"/><int name="delay" value="100"/></canvas><uol name="1" value="../1/0"/><uol name="2" value="../0/0"/><uol name="3" value="../5/0"/></imgdir><imgdir name="3"><canvas name="0" width="128" height="110"><vector name="origin" x="64" y="55"/><int name="delay" value="100"/></canvas><uol name="1" value="../0/0"/><uol name="2" value="../2/0"/><uol name="3" value="../1/0"/><uol name="4" value="../4/0"/><uol name="5" value="../5/0"/></imgdir><imgdir name="4"><canvas name="0" width="132" height="108"><vector name="origin" x="66" y="54"/><int name="delay" value="100"/></canvas><uol name="1" value="../2/0"/><uol name="2" value="../0/0"/><uol name="3" value="../5/0"/></imgdir><imgdir name="5"><canvas name="0" width="123" height="76"><vector name="origin" x="61" y="38"/><int name="delay" value="100"/></canvas><uol name="1" value="../4/0"/><uol name="2" value="../3/0"/><uol name="3" value="0"/></imgdir><vector name="lt" x="-200" y="-350"/><vector name="rb" x="800" y="250"/></imgdir><imgdir name="hit"><canvas name="0" width="78" height="75"><vector name="origin" x="39" y="45"/><int name="delay" value="100"/></canvas><canvas name="1" width="73" height="74"><vector name="origin" x="38" y="45"/><int name="delay" value="100"/></canvas><canvas name="2" width="76" height="68"><vector name="origin" x="40" y="41"/><int name="delay" value="100"/></canvas><uol name="3" value="0"/><uol name="4" value="1"/><uol name="5" value="2"/><int name="attach" value="1"/></imgdir><int name="type" value="0"/><int name="conMP" value="10"/><int name="attackAfter" value="700"/><int name="magic" value="1"/><string name="elemAttr" value="L"/></imgdir><canvas name="0" width="236" height="173"><vector name="origin" x="-41" y="328"/><vector name="lt" x="143" y="-326"/><vector name="rb" x="271" y="-209"/><vector name="head" x="236" y="-278"/><imgdir name="rect"><imgdir name="0"><vector name="lt" x="41" y="-218"/><vector name="rb" x="211" y="-160"/></imgdir></imgdir><int name="delay" value="100"/></canvas><canvas name="1" width="256" height="177"><vector name="origin" x="-41" y="332"/><vector name="lt" x="145" y="-329"/><vector name="rb" x="288" y="-208"/><vector name="head" x="241" y="-270"/><imgdir name="rect"><imgdir name="0"><vector name="lt" x="41" y="-221"/><vector name="rb" x="211" y="-160"/></imgdir></imgdir><int name="delay" value="100"/></canvas><canvas name="2" width="297" height="181"><vector name="origin" x="-41" y="336"/><vector name="lt" x="176" y="-316"/><vector name="rb" x="311" y="-192"/><vector name="head" x="258" y="-246"/><imgdir name="rect"><imgdir name="0"><vector name="lt" x="41" y="-222"/><vector name="rb" x="211" y="-160"/></imgdir></imgdir><int name="delay" value="100"/></canvas><canvas name="3" width="314" height="204"><vector name="origin" x="-41" y="356"/><vector name="lt" x="176" y="-316"/><vector name="rb" x="311" y="-192"/><vector name="head" x="258" y="-246"/><imgdir name="rect"><imgdir name="0"><vector name="lt" x="41" y="-222"/><vector name="rb" x="211" y="-160"/></imgdir></imgdir><int name="delay" value="100"/></canvas><canvas name="4" width="334" height="222"><vector name="origin" x="-41" y="365"/><vector name="lt" x="176" y="-325"/><vector name="rb" x="311" y="-192"/><vector name="head" x="265" y="-255"/><imgdir name="rect"><imgdir name="0"><vector name="lt" x="41" y="-222"/><vector name="rb" x="211" y="-160"/></imgdir></imgdir><int name="delay" value="100"/></canvas><canvas name="5" width="331" height="237"><vector name="origin" x="-41" y="373"/><vector name="lt" x="176" y="-334"/><vector name="rb" x="311" y="-192"/><vector name="head" x="269" y="-257"/><imgdir name="rect"><imgdir name="0"><vector name="lt" x="41" y="-222"/><vector name="rb" x="211" y="-160"/></imgdir></imgdir><int name="delay" value="100"/></canvas><canvas name="6" width="334" height="241"><vector name="origin" x="-41" y="376"/><vector name="lt" x="176" y="-341"/><vector name="rb" x="319" y="-192"/><vector name="head" x="272" y="-258"/><imgdir name="rect"><imgdir name="0"><vector name="lt" x="41" y="-222"/><vector name="rb" x="211" y="-160"/></imgdir></imgdir><int name="delay" value="100"/></canvas><canvas name="7" width="332" height="235"><vector name="origin" x="-41" y="372"/><vector name="lt" x="176" y="-341"/><vector name="rb" x="331" y="-192"/><vector name="head" x="272" y="-258"/><imgdir name="rect"><imgdir name="0"><vector name="lt" x="41" y="-222"/><vector name="rb" x="211" y="-160"/></imgdir></imgdir><int name="delay" value="100"/></canvas><canvas name="8" width="329" height="234"><vector name="origin" x="-41" y="372"/><vector name="lt" x="176" y="-352"/><vector name="rb" x="331" y="-192"/><vector name="head" x="272" y="-258"/><imgdir name="rect"><imgdir name="0"><vector name="lt" x="41" y="-222"/><vector name="rb" x="211" y="-160"/></imgdir></imgdir><int name="delay" value="100"/></canvas><canvas name="9" width="327" height="232"><vector name="origin" x="-41" y="371"/><vector name="lt" x="176" y="-350"/><vector name="rb" x="331" y="-192"/><vector name="head" x="272" y="-258"/><imgdir name="rect"><imgdir name="0"><vector name="lt" x="41" y="-222"/><vector name="rb" x="211" y="-160"/></imgdir></imgdir><int name="delay" value="100"/></canvas><canvas name="10" width="322" height="221"><vector name="origin" x="-41" y="364"/><vector name="lt" x="176" y="-350"/><vector name="rb" x="331" y="-192"/><vector name="head" x="272" y="-258"/><imgdir name="rect"><imgdir name="0"><vector name="lt" x="41" y="-222"/><vector name="rb" x="211" y="-160"/></imgdir></imgdir><int name="delay" value="100"/></canvas><canvas name="11" width="314" height="204"><vector name="origin" x="-41" y="356"/><vector name="lt" x="176" y="-344"/><vector name="rb" x="329" y="-192"/><vector name="head" x="272" y="-258"/><imgdir name="rect"><imgdir name="0"><vector name="lt" x="41" y="-222"/><vector name="rb" x="211" y="-160"/></imgdir></imgdir><int name="delay" value="100"/></canvas><canvas name="12" width="298" height="192"><vector name="origin" x="-41" y="347"/><vector name="lt" x="176" y="-342"/><vector name="rb" x="329" y="-192"/><vector name="head" x="272" y="-258"/><imgdir name="rect"><imgdir name="0"><vector name="lt" x="41" y="-222"/><vector name="rb" x="211" y="-160"/></imgdir></imgdir><int name="delay" value="100"/></canvas><canvas name="13" width="296" height="191"><vector name="origin" x="-41" y="346"/><vector name="lt" x="176" y="-342"/><vector name="rb" x="329" y="-192"/><vector name="head" x="272" y="-258"/><imgdir name="rect"><imgdir name="0"><vector name="lt" x="41" y="-222"/><vector name="rb" x="211" y="-160"/></imgdir></imgdir><int name="delay" value="100"/></canvas><canvas name="14" width="295" height="191"><vector name="origin" x="-41" y="346"/><vector name="lt" x="176" y="-342"/><vector name="rb" x="329" y="-192"/><vector name="head" x="272" y="-258"/><imgdir name="rect"><imgdir name="0"><vector name="lt" x="41" y="-222"/><vector name="rb" x="211" y="-160"/></imgdir></imgdir><int name="delay" value="100"/></canvas><uol name="15" value="../stand/1"/><uol name="16" value="../stand/2"/><uol name="17" value="../stand/3"/><uol name="18" value="../stand/4"/><uol name="19" value="../stand/5"/><uol name="20" value="../stand/6"/><uol name="21" value="../stand/7"/><uol name="22" value="../stand/0"/><uol name="23" value="../stand/1"/><uol name="24" value="../stand/2"/><uol name="25" value="../stand/3"/><uol name="26" value="../stand/4"/><uol name="27" value="../stand/5"/><uol name="28" value="../stand/6"/><uol name="29" value="../stand/7"/><uol name="30" value="../stand/0"/><uol name="31" value="../stand/1"/><uol name="32" value="../stand/2"/><uol name="33" value="../stand/3"/><uol name="34" value="../stand/4"/><uol name="35" value="../stand/5"/><uol name="36" value="../stand/6"/><uol name="37" value="../stand/7"/><uol name="38" value="../stand/0"/><uol name="39" value="../stand/1"/><uol name="40" value="../stand/2"/><uol name="41" value="../stand/3"/><uol name="42" value="../stand/4"/><uol name="43" value="../stand/5"/><uol name="44" value="../stand/6"/><uol name="45" value="../stand/7"/></imgdir><imgdir name="hit1"><canvas name="0" width="287" height="200"><vector name="origin" x="-45" y="345"/><vector name="lt" x="161" y="-342"/><vector name="rb" x="320" y="-212"/><vector name="head" x="230" y="-269"/><imgdir name="rect"><imgdir name="0"><vector name="lt" x="46" y="-213"/><vector name="rb" x="238" y="-151"/></imgdir></imgdir><int name="delay" value="600"/></canvas></imgdir><imgdir name="die1"><canvas name="0" width="254" height="193"><vector name="origin" x="-44" y="347"/><int name="delay" value="110"/></canvas><canvas name="1" width="254" height="193"><vector name="origin" x="-44" y="347"/><int name="delay" value="110"/></canvas><canvas name="2" width="254" height="193"><vector name="origin" x="-44" y="347"/><int name="delay" value="110"/></canvas><canvas name="3" width="254" height="193"><vector name="origin" x="-44" y="347"/><int name="delay" value="110"/></canvas><canvas name="4" width="254" height="193"><vector name="origin" x="-44" y="347"/><int name="delay" value="110"/></canvas><canvas name="5" width="259" height="203"><vector name="origin" x="-44" y="357"/><int name="delay" value="110"/></canvas><canvas name="6" width="274" height="211"><vector name="origin" x="-37" y="361"/><int name="delay" value="110"/></canvas><canvas name="7" width="274" height="211"><vector name="origin" x="-37" y="361"/><int name="delay" value="110"/></canvas><canvas name="8" width="276" height="204"><vector name="origin" x="-37" y="354"/><int name="delay" value="110"/></canvas><canvas name="9" width="277" height="205"><vector name="origin" x="-37" y="354"/><int name="delay" value="110"/></canvas><canvas name="10" width="276" height="205"><vector name="origin" x="-37" y="354"/><int name="delay" value="110"/></canvas><canvas name="11" width="297" height="223"><vector name="origin" x="-38" y="373"/><int name="delay" value="110"/></canvas><canvas name="12" width="301" height="222"><vector name="origin" x="-38" y="369"/><int name="delay" value="110"/></canvas><canvas name="13" width="328" height="305"><vector name="origin" x="-40" y="428"/><int name="delay" value="110"/></canvas><canvas name="14" width="287" height="212"><vector name="origin" x="-41" y="365"/><int name="delay" value="110"/></canvas><canvas name="15" width="281" height="205"><vector name="origin" x="-42" y="360"/><int name="delay" value="110"/></canvas><canvas name="16" width="272" height="199"><vector name="origin" x="-44" y="354"/><int name="delay" value="110"/></canvas><canvas name="17" width="160" height="156"><vector name="origin" x="-152" y="347"/><int name="delay" value="110"/></canvas><canvas name="18" width="148" height="138"><vector name="origin" x="-157" y="339"/><int name="delay" value="110"/></canvas><canvas name="19" width="130" height="125"><vector name="origin" x="-168" y="332"/><int name="delay" value="300"/><int name="a0" value="255"/><int name="a1" value="0"/></canvas></imgdir></imgdir>