<?xml version="1.0" encoding="UTF-8" standalone="yes"?><imgdir name="8800101.img"><imgdir name="info"><int name="bodyAttack" value="1"/><int name="level" value="140"/><int name="maxHP" value="704000000"/><int name="maxMP" value="52500"/><int name="speed" value="0"/><int name="PADamage" value="1248"/><int name="PDDamage" value="1100"/><int name="MADamage" value="825"/><int name="MDDamage" value="1300"/><int name="acc" value="500"/><int name="eva" value="28"/><int name="exp" value="0"/><int name="undead" value="0"/><int name="pushed" value="50000"/><int name="hpRecovery" value="10000"/><int name="mpRecovery" value="1000"/><float name="fs" value="10.0"/><int name="summonType" value="1"/><int name="hpTagColor" value="3"/><int name="hpTagBgcolor" value="4"/><int name="noFlip" value="1"/><int name="boss" value="1"/><int name="firstAttack" value="1"/><int name="noregen" value="1"/><imgdir name="skill"><imgdir name="0"><int name="skill" value="140"/><int name="action" value="1"/><int name="level" value="1"/><int name="effectAfter" value="176"/></imgdir><imgdir name="1"><int name="skill" value="141"/><int name="action" value="1"/><int name="level" value="1"/><int name="effectAfter" value="176"/></imgdir><imgdir name="2"><int name="skill" value="114"/><int name="action" value="2"/><int name="level" value="2"/><int name="effectAfter" value="0"/></imgdir><imgdir name="3"><int name="skill" value="200"/><int name="action" value="3"/><int name="level" value="188"/><int name="effectAfter" value="0"/></imgdir><imgdir name="4"><int name="skill" value="200"/><int name="action" value="3"/><int name="level" value="189"/><int name="effectAfter" value="0"/></imgdir><imgdir name="5"><int name="skill" value="200"/><int name="action" value="3"/><int name="level" value="190"/><int name="effectAfter" value="0"/></imgdir><imgdir name="6"><int name="skill" value="200"/><int name="action" value="3"/><int name="level" value="191"/><int name="effectAfter" value="0"/></imgdir><imgdir name="7"><int name="skill" value="127"/><int name="action" value="2"/><int name="level" value="16"/><int name="effectAfter" value="0"/></imgdir><imgdir name="8"><int name="skill" value="127"/><int name="action" value="2"/><int name="level" value="17"/><int name="effectAfter" value="0"/></imgdir></imgdir><imgdir name="revive"><int name="0" value="8800102"/></imgdir><int name="mbookID" value="8800002"/><int name="category" value="6"/></imgdir><imgdir name="stand"><canvas name="0" width="385" height="386"><vector name="origin" x="192" y="382"/><vector name="lt" x="-175" y="-65"/><vector name="rb" x="180" y="0"/><vector name="head" x="-12" y="-295"/><imgdir name="rect"><imgdir name="0"><vector name="lt" x="-85" y="-380"/><vector name="rb" x="124" y="-64"/></imgdir></imgdir><int name="delay" value="100"/></canvas><canvas name="1" width="385" height="387"><vector name="origin" x="192" y="383"/><vector name="lt" x="-175" y="-65"/><vector name="rb" x="180" y="0"/><vector name="head" x="-12" y="-295"/><imgdir name="rect"><imgdir name="0"><vector name="lt" x="-85" y="-382"/><vector name="rb" x="124" y="-64"/></imgdir></imgdir><int name="delay" value="100"/></canvas><canvas name="2" width="385" height="387"><vector name="origin" x="192" y="383"/><vector name="lt" x="-175" y="-65"/><vector name="rb" x="180" y="0"/><vector name="head" x="-12" y="-295"/><imgdir name="rect"><imgdir name="0"><vector name="lt" x="-85" y="-382"/><vector name="rb" x="124" y="-64"/></imgdir></imgdir><int name="delay" value="100"/></canvas><canvas name="3" width="385" height="387"><vector name="origin" x="192" y="383"/><vector name="lt" x="-175" y="-65"/><vector name="rb" x="180" y="0"/><vector name="head" x="-12" y="-295"/><imgdir name="rect"><imgdir name="0"><vector name="lt" x="-85" y="-382"/><vector name="rb" x="124" y="-64"/></imgdir></imgdir><int name="delay" value="100"/></canvas><canvas name="4" width="385" height="382"><vector name="origin" x="192" y="378"/><vector name="lt" x="-175" y="-65"/><vector name="rb" x="180" y="0"/><vector name="head" x="-12" y="-295"/><imgdir name="rect"><imgdir name="0"><vector name="lt" x="-85" y="-378"/><vector name="rb" x="124" y="-64"/></imgdir></imgdir><int name="delay" value="100"/></canvas><canvas name="5" width="385" height="379"><vector name="origin" x="192" y="375"/><vector name="lt" x="-175" y="-65"/><vector name="rb" x="180" y="0"/><vector name="head" x="-12" y="-295"/><imgdir name="rect"><imgdir name="0"><vector name="lt" x="-85" y="-374"/><vector name="rb" x="124" y="-64"/></imgdir></imgdir><int name="delay" value="100"/></canvas><canvas name="6" width="385" height="377"><vector name="origin" x="192" y="373"/><vector name="lt" x="-175" y="-65"/><vector name="rb" x="180" y="0"/><vector name="head" x="-12" y="-295"/><imgdir name="rect"><imgdir name="0"><vector name="lt" x="-85" y="-372"/><vector name="rb" x="124" y="-64"/></imgdir></imgdir><int name="delay" value="100"/></canvas><canvas name="7" width="385" height="381"><vector name="origin" x="192" y="377"/><vector name="lt" x="-175" y="-65"/><vector name="rb" x="180" y="0"/><vector name="head" x="-12" y="-295"/><imgdir name="rect"><imgdir name="0"><vector name="lt" x="-85" y="-376"/><vector name="rb" x="124" y="-64"/></imgdir></imgdir><int name="delay" value="100"/></canvas></imgdir><imgdir name="skill1"><canvas name="0" width="385" height="396"><vector name="origin" x="192" y="392"/><vector name="lt" x="-175" y="-65"/><vector name="rb" x="180" y="0"/><vector name="head" x="-12" y="-295"/><imgdir name="rect"><imgdir name="0"><vector name="lt" x="-85" y="-380"/><vector name="rb" x="124" y="-64"/></imgdir></imgdir><int name="delay" value="88"/></canvas><canvas name="1" width="385" height="396"><vector name="origin" x="192" y="392"/><vector name="lt" x="-175" y="-65"/><vector name="rb" x="180" y="0"/><vector name="head" x="-12" y="-295"/><imgdir name="rect"><imgdir name="0"><vector name="lt" x="-85" y="-380"/><vector name="rb" x="124" y="-64"/></imgdir></imgdir><int name="delay" value="88"/></canvas><canvas name="2" width="385" height="396"><vector name="origin" x="192" y="392"/><vector name="lt" x="-175" y="-65"/><vector name="rb" x="180" y="0"/><vector name="head" x="-12" y="-295"/><imgdir name="rect"><imgdir name="0"><vector name="lt" x="-85" y="-380"/><vector name="rb" x="124" y="-64"/></imgdir></imgdir><int name="delay" value="88"/></canvas><canvas name="3" width="385" height="396"><vector name="origin" x="192" y="392"/><vector name="lt" x="-175" y="-65"/><vector name="rb" x="180" y="0"/><vector name="head" x="-12" y="-295"/><imgdir name="rect"><imgdir name="0"><vector name="lt" x="-85" y="-380"/><vector name="rb" x="124" y="-64"/></imgdir></imgdir><int name="delay" value="88"/></canvas><canvas name="4" width="385" height="396"><vector name="origin" x="192" y="392"/><vector name="lt" x="-175" y="-65"/><vector name="rb" x="180" y="0"/><vector name="head" x="-12" y="-295"/><imgdir name="rect"><imgdir name="0"><vector name="lt" x="-85" y="-380"/><vector name="rb" x="124" y="-64"/></imgdir></imgdir><int name="delay" value="88"/></canvas><canvas name="5" width="385" height="396"><vector name="origin" x="192" y="392"/><vector name="lt" x="-175" y="-65"/><vector name="rb" x="180" y="0"/><vector name="head" x="-12" y="-295"/><imgdir name="rect"><imgdir name="0"><vector name="lt" x="-85" y="-380"/><vector name="rb" x="124" y="-64"/></imgdir></imgdir><int name="delay" value="88"/></canvas><canvas name="6" width="385" height="396"><vector name="origin" x="192" y="392"/><vector name="lt" x="-175" y="-65"/><vector name="rb" x="180" y="0"/><vector name="head" x="-12" y="-295"/><imgdir name="rect"><imgdir name="0"><vector name="lt" x="-85" y="-380"/><vector name="rb" x="124" y="-64"/></imgdir></imgdir><int name="delay" value="88"/></canvas><canvas name="7" width="385" height="396"><vector name="origin" x="192" y="392"/><vector name="lt" x="-175" y="-65"/><vector name="rb" x="180" y="0"/><vector name="head" x="-12" y="-295"/><imgdir name="rect"><imgdir name="0"><vector name="lt" x="-85" y="-380"/><vector name="rb" x="124" y="-64"/></imgdir></imgdir><int name="delay" value="88"/></canvas><canvas name="8" width="385" height="396"><vector name="origin" x="192" y="392"/><vector name="lt" x="-175" y="-65"/><vector name="rb" x="180" y="0"/><vector name="head" x="-12" y="-295"/><imgdir name="rect"><imgdir name="0"><vector name="lt" x="-85" y="-380"/><vector name="rb" x="124" y="-64"/></imgdir></imgdir><int name="delay" value="88"/></canvas><uol name="9" value="2"/><uol name="10" value="3"/><uol name="11" value="4"/><uol name="12" value="5"/><canvas name="13" width="407" height="466"><vector name="origin" x="203" y="442"/><vector name="lt" x="-175" y="-65"/><vector name="rb" x="180" y="0"/><vector name="head" x="-12" y="-295"/><imgdir name="rect"><imgdir name="0"><vector name="lt" x="-85" y="-400"/><vector name="rb" x="124" y="-64"/></imgdir></imgdir><int name="delay" value="88"/></canvas><canvas name="14" width="403" height="463"><vector name="origin" x="201" y="440"/><vector name="lt" x="-175" y="-65"/><vector name="rb" x="180" y="0"/><vector name="head" x="-12" y="-295"/><imgdir name="rect"><imgdir name="0"><vector name="lt" x="-85" y="-400"/><vector name="rb" x="124" y="-64"/></imgdir></imgdir><int name="delay" value="88"/></canvas><canvas name="15" width="393" height="457"><vector name="origin" x="196" y="437"/><vector name="lt" x="-175" y="-65"/><vector name="rb" x="180" y="0"/><vector name="head" x="-12" y="-295"/><imgdir name="rect"><imgdir name="0"><vector name="lt" x="-85" y="-400"/><vector name="rb" x="124" y="-64"/></imgdir></imgdir><int name="delay" value="88"/></canvas><canvas name="16" width="386" height="442"><vector name="origin" x="192" y="429"/><vector name="lt" x="-175" y="-65"/><vector name="rb" x="180" y="0"/><vector name="head" x="-12" y="-295"/><imgdir name="rect"><imgdir name="0"><vector name="lt" x="-85" y="-400"/><vector name="rb" x="124" y="-64"/></imgdir></imgdir><int name="delay" value="100"/></canvas><uol name="17" value="../stand/0"/><uol name="18" value="../stand/1"/><uol name="19" value="../stand/2"/><uol name="20" value="../stand/3"/><uol name="21" value="../stand/4"/><uol name="22" value="../stand/5"/><uol name="23" value="../stand/6"/><uol name="24" value="../stand/7"/></imgdir><imgdir name="skill2"><canvas name="0" width="385" height="416"><vector name="origin" x="192" y="412"/><vector name="lt" x="-175" y="-65"/><vector name="rb" x="180" y="0"/><vector name="head" x="-12" y="-295"/><imgdir name="rect"><imgdir name="0"><vector name="lt" x="-85" y="-380"/><vector name="rb" x="124" y="-64"/></imgdir></imgdir><int name="delay" value="93"/></canvas><canvas name="1" width="385" height="415"><vector name="origin" x="192" y="411"/><vector name="lt" x="-175" y="-65"/><vector name="rb" x="180" y="0"/><vector name="head" x="-12" y="-295"/><imgdir name="rect"><imgdir name="0"><vector name="lt" x="-85" y="-380"/><vector name="rb" x="124" y="-64"/></imgdir></imgdir><int name="delay" value="93"/></canvas><canvas name="2" width="385" height="415"><vector name="origin" x="192" y="411"/><vector name="lt" x="-175" y="-65"/><vector name="rb" x="180" y="0"/><vector name="head" x="-12" y="-295"/><imgdir name="rect"><imgdir name="0"><vector name="lt" x="-85" y="-380"/><vector name="rb" x="124" y="-64"/></imgdir></imgdir><int name="delay" value="93"/></canvas><canvas name="3" width="385" height="416"><vector name="origin" x="192" y="412"/><vector name="lt" x="-175" y="-65"/><vector name="rb" x="180" y="0"/><vector name="head" x="-12" y="-295"/><imgdir name="rect"><imgdir name="0"><vector name="lt" x="-85" y="-380"/><vector name="rb" x="124" y="-64"/></imgdir></imgdir><int name="delay" value="93"/></canvas><canvas name="4" width="385" height="417"><vector name="origin" x="192" y="413"/><vector name="lt" x="-175" y="-65"/><vector name="rb" x="180" y="0"/><vector name="head" x="-12" y="-295"/><imgdir name="rect"><imgdir name="0"><vector name="lt" x="-85" y="-380"/><vector name="rb" x="124" y="-64"/></imgdir></imgdir><int name="delay" value="93"/></canvas><canvas name="5" width="385" height="416"><vector name="origin" x="192" y="412"/><vector name="lt" x="-175" y="-65"/><vector name="rb" x="180" y="0"/><vector name="head" x="-12" y="-295"/><imgdir name="rect"><imgdir name="0"><vector name="lt" x="-85" y="-380"/><vector name="rb" x="124" y="-64"/></imgdir></imgdir><int name="delay" value="93"/></canvas><canvas name="6" width="385" height="414"><vector name="origin" x="192" y="410"/><vector name="lt" x="-175" y="-65"/><vector name="rb" x="180" y="0"/><vector name="head" x="-12" y="-295"/><imgdir name="rect"><imgdir name="0"><vector name="lt" x="-85" y="-380"/><vector name="rb" x="124" y="-64"/></imgdir></imgdir><int name="delay" value="93"/></canvas><canvas name="7" width="385" height="415"><vector name="origin" x="192" y="411"/><vector name="lt" x="-175" y="-65"/><vector name="rb" x="180" y="0"/><vector name="head" x="-12" y="-295"/><imgdir name="rect"><imgdir name="0"><vector name="lt" x="-85" y="-380"/><vector name="rb" x="124" y="-64"/></imgdir></imgdir><int name="delay" value="93"/></canvas><canvas name="8" width="385" height="416"><vector name="origin" x="192" y="412"/><vector name="lt" x="-175" y="-65"/><vector name="rb" x="180" y="0"/><vector name="head" x="-12" y="-295"/><imgdir name="rect"><imgdir name="0"><vector name="lt" x="-85" y="-380"/><vector name="rb" x="124" y="-64"/></imgdir></imgdir><int name="delay" value="93"/></canvas><canvas name="9" width="385" height="415"><vector name="origin" x="192" y="411"/><vector name="lt" x="-175" y="-65"/><vector name="rb" x="180" y="0"/><vector name="head" x="-12" y="-295"/><imgdir name="rect"><imgdir name="0"><vector name="lt" x="-85" y="-380"/><vector name="rb" x="124" y="-64"/></imgdir></imgdir><int name="delay" value="93"/></canvas><canvas name="10" width="385" height="415"><vector name="origin" x="192" y="411"/><vector name="lt" x="-175" y="-65"/><vector name="rb" x="180" y="0"/><vector name="head" x="-12" y="-295"/><imgdir name="rect"><imgdir name="0"><vector name="lt" x="-85" y="-380"/><vector name="rb" x="124" y="-64"/></imgdir></imgdir><int name="delay" value="93"/></canvas><canvas name="11" width="385" height="416"><vector name="origin" x="192" y="412"/><vector name="lt" x="-175" y="-65"/><vector name="rb" x="180" y="0"/><vector name="head" x="-12" y="-295"/><imgdir name="rect"><imgdir name="0"><vector name="lt" x="-85" y="-380"/><vector name="rb" x="124" y="-64"/></imgdir></imgdir><int name="delay" value="93"/></canvas><canvas name="12" width="385" height="417"><vector name="origin" x="192" y="413"/><vector name="lt" x="-175" y="-65"/><vector name="rb" x="180" y="0"/><vector name="head" x="-12" y="-295"/><imgdir name="rect"><imgdir name="0"><vector name="lt" x="-85" y="-380"/><vector name="rb" x="124" y="-64"/></imgdir></imgdir><int name="delay" value="93"/></canvas><canvas name="13" width="385" height="416"><vector name="origin" x="192" y="412"/><vector name="lt" x="-175" y="-65"/><vector name="rb" x="180" y="0"/><vector name="head" x="-12" y="-295"/><imgdir name="rect"><imgdir name="0"><vector name="lt" x="-85" y="-380"/><vector name="rb" x="124" y="-64"/></imgdir></imgdir><int name="delay" value="93"/></canvas><canvas name="14" width="385" height="414"><vector name="origin" x="192" y="410"/><vector name="lt" x="-175" y="-65"/><vector name="rb" x="180" y="0"/><vector name="head" x="-12" y="-295"/><imgdir name="rect"><imgdir name="0"><vector name="lt" x="-85" y="-380"/><vector name="rb" x="124" y="-64"/></imgdir></imgdir><int name="delay" value="93"/></canvas><canvas name="15" width="385" height="415"><vector name="origin" x="192" y="411"/><vector name="lt" x="-175" y="-65"/><vector name="rb" x="180" y="0"/><vector name="head" x="-12" y="-295"/><imgdir name="rect"><imgdir name="0"><vector name="lt" x="-85" y="-380"/><vector name="rb" x="124" y="-64"/></imgdir></imgdir><int name="delay" value="105"/></canvas><uol name="16" value="../stand/0"/><uol name="17" value="../stand/1"/><uol name="18" value="../stand/2"/><uol name="19" value="../stand/3"/><uol name="20" value="../stand/4"/><uol name="21" value="../stand/5"/><uol name="22" value="../stand/6"/><uol name="23" value="../stand/7"/></imgdir><imgdir name="skill3"><canvas name="0" width="385" height="396"><vector name="origin" x="192" y="392"/><vector name="lt" x="-175" y="-65"/><vector name="rb" x="180" y="0"/><vector name="head" x="-12" y="-295"/><imgdir name="rect"><imgdir name="0"><vector name="lt" x="-85" y="-380"/><vector name="rb" x="124" y="-64"/></imgdir></imgdir><int name="delay" value="94"/></canvas><canvas name="1" width="385" height="405"><vector name="origin" x="192" y="401"/><vector name="lt" x="-175" y="-65"/><vector name="rb" x="180" y="0"/><vector name="head" x="-12" y="-295"/><imgdir name="rect"><imgdir name="0"><vector name="lt" x="-85" y="-380"/><vector name="rb" x="124" y="-64"/></imgdir></imgdir><int name="delay" value="94"/></canvas><canvas name="2" width="385" height="406"><vector name="origin" x="192" y="402"/><vector name="lt" x="-175" y="-65"/><vector name="rb" x="180" y="0"/><vector name="head" x="-12" y="-295"/><imgdir name="rect"><imgdir name="0"><vector name="lt" x="-85" y="-380"/><vector name="rb" x="124" y="-64"/></imgdir></imgdir><int name="delay" value="94"/></canvas><canvas name="3" width="385" height="411"><vector name="origin" x="192" y="407"/><vector name="lt" x="-175" y="-65"/><vector name="rb" x="180" y="0"/><vector name="head" x="-12" y="-295"/><imgdir name="rect"><imgdir name="0"><vector name="lt" x="-85" y="-380"/><vector name="rb" x="124" y="-64"/></imgdir></imgdir><int name="delay" value="94"/></canvas><canvas name="4" width="385" height="417"><vector name="origin" x="192" y="413"/><vector name="lt" x="-175" y="-65"/><vector name="rb" x="180" y="0"/><vector name="head" x="-12" y="-295"/><imgdir name="rect"><imgdir name="0"><vector name="lt" x="-85" y="-380"/><vector name="rb" x="124" y="-64"/></imgdir></imgdir><int name="delay" value="94"/></canvas><canvas name="5" width="385" height="418"><vector name="origin" x="192" y="414"/><vector name="lt" x="-175" y="-65"/><vector name="rb" x="180" y="0"/><vector name="head" x="-12" y="-295"/><imgdir name="rect"><imgdir name="0"><vector name="lt" x="-85" y="-380"/><vector name="rb" x="124" y="-64"/></imgdir></imgdir><int name="delay" value="94"/></canvas><canvas name="6" width="385" height="418"><vector name="origin" x="192" y="414"/><vector name="lt" x="-175" y="-65"/><vector name="rb" x="180" y="0"/><vector name="head" x="-12" y="-295"/><imgdir name="rect"><imgdir name="0"><vector name="lt" x="-85" y="-380"/><vector name="rb" x="124" y="-64"/></imgdir></imgdir><int name="delay" value="94"/></canvas><canvas name="7" width="385" height="418"><vector name="origin" x="192" y="414"/><vector name="lt" x="-175" y="-65"/><vector name="rb" x="180" y="0"/><vector name="head" x="-12" y="-295"/><imgdir name="rect"><imgdir name="0"><vector name="lt" x="-85" y="-380"/><vector name="rb" x="124" y="-64"/></imgdir></imgdir><int name="delay" value="94"/></canvas><canvas name="8" width="385" height="418"><vector name="origin" x="192" y="414"/><vector name="lt" x="-175" y="-65"/><vector name="rb" x="180" y="0"/><vector name="head" x="-12" y="-295"/><imgdir name="rect"><imgdir name="0"><vector name="lt" x="-85" y="-380"/><vector name="rb" x="124" y="-64"/></imgdir></imgdir><int name="delay" value="94"/></canvas><canvas name="9" width="385" height="418"><vector name="origin" x="192" y="414"/><vector name="lt" x="-175" y="-65"/><vector name="rb" x="180" y="0"/><vector name="head" x="-12" y="-295"/><imgdir name="rect"><imgdir name="0"><vector name="lt" x="-85" y="-380"/><vector name="rb" x="124" y="-64"/></imgdir></imgdir><int name="delay" value="94"/></canvas><canvas name="10" width="385" height="418"><vector name="origin" x="192" y="414"/><vector name="lt" x="-175" y="-65"/><vector name="rb" x="180" y="0"/><vector name="head" x="-12" y="-295"/><imgdir name="rect"><imgdir name="0"><vector name="lt" x="-85" y="-380"/><vector name="rb" x="124" y="-64"/></imgdir></imgdir><int name="delay" value="94"/></canvas><uol name="11" value="9"/><uol name="12" value="8"/><uol name="13" value="7"/><uol name="14" value="6"/><uol name="15" value="7"/></imgdir><imgdir name="attack1"><imgdir name="info"><imgdir name="range"><vector name="lt" x="-800" y="-600"/><vector name="rb" x="800" y="250"/></imgdir><imgdir name="effect"><canvas name="0" width="193" height="84"><vector name="origin" x="122" y="233"/><int name="delay" value="90"/></canvas><canvas name="1" width="211" height="89"><vector name="origin" x="124" y="236"/><int name="delay" value="90"/></canvas><canvas name="2" width="245" height="218"><vector name="origin" x="140" y="315"/><int name="delay" value="90"/></canvas><canvas name="3" width="247" height="221"><vector name="origin" x="141" y="316"/><int name="delay" value="90"/></canvas><canvas name="4" width="267" height="223"><vector name="origin" x="152" y="317"/><int name="delay" value="90"/></canvas><canvas name="5" width="265" height="223"><vector name="origin" x="151" y="317"/><int name="delay" value="90"/></canvas><canvas name="6" width="344" height="224"><vector name="origin" x="197" y="317"/><int name="delay" value="90"/></canvas><canvas name="7" width="333" height="224"><vector name="origin" x="190" y="317"/><int name="delay" value="90"/></canvas><canvas name="8" width="324" height="224"><vector name="origin" x="185" y="317"/><int name="delay" value="90"/></canvas><canvas name="9" width="310" height="224"><vector name="origin" x="178" y="317"/><int name="delay" value="90"/></canvas><canvas name="10" width="292" height="224"><vector name="origin" x="164" y="317"/><int name="delay" value="90"/></canvas><canvas name="11" width="293" height="224"><vector name="origin" x="164" y="317"/><int name="delay" value="90"/></canvas><canvas name="12" width="294" height="228"><vector name="origin" x="165" y="318"/><int name="delay" value="90"/></canvas><canvas name="13" width="295" height="261"><vector name="origin" x="165" y="335"/><int name="delay" value="90"/></canvas><canvas name="14" width="295" height="274"><vector name="origin" x="165" y="342"/><int name="delay" value="90"/></canvas><canvas name="15" width="296" height="285"><vector name="origin" x="166" y="348"/><int name="delay" value="90"/></canvas><canvas name="16" width="292" height="278"><vector name="origin" x="164" y="344"/><int name="delay" value="90"/></canvas><canvas name="17" width="273" height="269"><vector name="origin" x="155" y="339"/><int name="delay" value="90"/></canvas><canvas name="18" width="252" height="251"><vector name="origin" x="146" y="330"/><int name="delay" value="90"/></canvas></imgdir><imgdir name="effect0"><canvas name="0" width="1" height="1"><vector name="origin" x="0" y="0"/><int name="delay" value="910"/></canvas><canvas name="1" width="205" height="187"><vector name="origin" x="126" y="270"/><int name="delay" value="400"/><int name="a0" value="0"/><int name="a1" value="255"/></canvas><canvas name="2" width="205" height="187"><vector name="origin" x="126" y="270"/><int name="delay" value="200"/><int name="a0" value="212"/><int name="a1" value="64"/><int name="z0" value="100"/><int name="z1" value="400"/></canvas></imgdir><imgdir name="hit"><canvas name="0" width="36" height="9"><vector name="origin" x="-18" y="4"/><int name="delay" value="110"/></canvas><canvas name="1" width="120" height="88"><vector name="origin" x="70" y="53"/><int name="delay" value="110"/></canvas><canvas name="2" width="157" height="111"><vector name="origin" x="78" y="55"/><int name="delay" value="110"/></canvas><canvas name="3" width="156" height="99"><vector name="origin" x="83" y="54"/><int name="delay" value="110"/></canvas><canvas name="4" width="109" height="101"><vector name="origin" x="36" y="51"/><int name="delay" value="110"/></canvas></imgdir><int name="type" value="0"/><int name="conMP" value="100"/><int name="effectAfter" value="0"/><int name="attackAfter" value="1310"/><int name="magic" value="1"/><int name="deadlyAttack" value="1"/><int name="doFirst" value="1"/></imgdir><canvas name="0" width="385" height="385"><vector name="origin" x="192" y="381"/><vector name="lt" x="-175" y="-65"/><vector name="rb" x="180" y="0"/><vector name="head" x="-12" y="-295"/><imgdir name="rect"><imgdir name="0"><vector name="lt" x="-85" y="-380"/><vector name="rb" x="124" y="-64"/></imgdir></imgdir><int name="delay" value="130"/></canvas><canvas name="1" width="385" height="384"><vector name="origin" x="192" y="380"/><vector name="lt" x="-175" y="-65"/><vector name="rb" x="180" y="0"/><vector name="head" x="-12" y="-295"/><imgdir name="rect"><imgdir name="0"><vector name="lt" x="-85" y="-380"/><vector name="rb" x="124" y="-64"/></imgdir></imgdir><int name="delay" value="130"/></canvas><canvas name="2" width="385" height="409"><vector name="origin" x="192" y="405"/><vector name="lt" x="-175" y="-65"/><vector name="rb" x="180" y="0"/><vector name="head" x="-12" y="-295"/><imgdir name="rect"><imgdir name="0"><vector name="lt" x="-85" y="-380"/><vector name="rb" x="124" y="-64"/></imgdir></imgdir><int name="delay" value="130"/></canvas><canvas name="3" width="385" height="407"><vector name="origin" x="192" y="403"/><vector name="lt" x="-175" y="-65"/><vector name="rb" x="180" y="0"/><vector name="head" x="-12" y="-295"/><imgdir name="rect"><imgdir name="0"><vector name="lt" x="-85" y="-380"/><vector name="rb" x="124" y="-64"/></imgdir></imgdir><int name="delay" value="920"/></canvas><canvas name="4" width="427" height="473"><vector name="origin" x="214" y="429"/><vector name="lt" x="-175" y="-65"/><vector name="rb" x="180" y="0"/><vector name="head" x="-12" y="-295"/><imgdir name="rect"><imgdir name="0"><vector name="lt" x="-85" y="-380"/><vector name="rb" x="124" y="-64"/></imgdir></imgdir><int name="delay" value="120"/></canvas><canvas name="5" width="419" height="468"><vector name="origin" x="211" y="427"/><vector name="lt" x="-175" y="-65"/><vector name="rb" x="180" y="0"/><vector name="head" x="-12" y="-295"/><imgdir name="rect"><imgdir name="0"><vector name="lt" x="-85" y="-380"/><vector name="rb" x="124" y="-64"/></imgdir></imgdir><int name="delay" value="120"/></canvas><canvas name="6" width="414" height="463"><vector name="origin" x="211" y="425"/><vector name="lt" x="-175" y="-65"/><vector name="rb" x="180" y="0"/><vector name="head" x="-12" y="-295"/><imgdir name="rect"><imgdir name="0"><vector name="lt" x="-85" y="-380"/><vector name="rb" x="124" y="-64"/></imgdir></imgdir><int name="delay" value="120"/></canvas><canvas name="7" width="386" height="441"><vector name="origin" x="192" y="415"/><vector name="lt" x="-175" y="-65"/><vector name="rb" x="180" y="0"/><vector name="head" x="-12" y="-295"/><imgdir name="rect"><imgdir name="0"><vector name="lt" x="-85" y="-380"/><vector name="rb" x="124" y="-64"/></imgdir></imgdir><int name="delay" value="120"/></canvas><uol name="8" value="../stand/0"/><uol name="9" value="../stand/1"/><uol name="10" value="../stand/2"/><uol name="11" value="../stand/3"/><uol name="12" value="../stand/4"/><uol name="13" value="../stand/5"/><uol name="14" value="../stand/6"/><uol name="15" value="../stand/7"/></imgdir><imgdir name="attack2"><imgdir name="info"><imgdir name="range"><vector name="lt" x="-800" y="-600"/><vector name="rb" x="800" y="250"/></imgdir><imgdir name="effect"><canvas name="0" width="224" height="234"><vector name="origin" x="141" y="278"/><int name="delay" value="100"/></canvas><canvas name="1" width="256" height="255"><vector name="origin" x="142" y="283"/><int name="delay" value="100"/></canvas><canvas name="2" width="255" height="254"><vector name="origin" x="142" y="291"/><int name="delay" value="100"/></canvas><canvas name="3" width="251" height="256"><vector name="origin" x="142" y="296"/><int name="delay" value="100"/></canvas><canvas name="4" width="246" height="259"><vector name="origin" x="142" y="299"/><int name="delay" value="100"/></canvas><canvas name="5" width="242" height="261"><vector name="origin" x="143" y="300"/><int name="delay" value="100"/></canvas><canvas name="6" width="240" height="261"><vector name="origin" x="147" y="300"/><int name="delay" value="100"/></canvas><canvas name="7" width="333" height="347"><vector name="origin" x="185" y="331"/><int name="delay" value="100"/></canvas><canvas name="8" width="328" height="343"><vector name="origin" x="183" y="329"/><int name="delay" value="100"/></canvas><canvas name="9" width="322" height="337"><vector name="origin" x="180" y="326"/><int name="delay" value="100"/></canvas><canvas name="10" width="314" height="332"><vector name="origin" x="176" y="327"/><int name="delay" value="100"/></canvas><canvas name="11" width="306" height="318"><vector name="origin" x="176" y="326"/><int name="delay" value="100"/></canvas><canvas name="12" width="268" height="315"><vector name="origin" x="160" y="338"/><int name="delay" value="100"/></canvas><canvas name="13" width="228" height="148"><vector name="origin" x="141" y="172"/><int name="delay" value="100"/></canvas><canvas name="14" width="281" height="300"><vector name="origin" x="169" y="322"/><int name="delay" value="100"/></canvas><canvas name="15" width="228" height="148"><vector name="origin" x="141" y="172"/><int name="delay" value="100"/></canvas><canvas name="16" width="268" height="315"><vector name="origin" x="160" y="338"/><int name="delay" value="100"/></canvas></imgdir><imgdir name="effect0"><int name="effectType" value="1"/><int name="effectDistance" value="100"/><int name="randomPos" value="1"/><int name="delay" value="1100"/><imgdir name="0"><canvas name="0" width="68" height="550"><vector name="origin" x="34" y="531"/><int name="delay" value="100"/></canvas><canvas name="1" width="69" height="552"><vector name="origin" x="33" y="532"/><int name="delay" value="100"/></canvas><canvas name="2" width="80" height="550"><vector name="origin" x="44" y="532"/><int name="delay" value="100"/></canvas><canvas name="3" width="70" height="550"><vector name="origin" x="39" y="532"/><int name="delay" value="100"/></canvas><canvas name="4" width="67" height="552"><vector name="origin" x="38" y="533"/><int name="delay" value="100"/></canvas></imgdir><imgdir name="1"><canvas name="0" width="1" height="1"><vector name="origin" x="0" y="0"/><int name="delay" value="150"/></canvas><canvas name="1" width="58" height="550"><vector name="origin" x="31" y="531"/><int name="delay" value="100"/></canvas><canvas name="2" width="80" height="550"><vector name="origin" x="40" y="531"/><int name="delay" value="100"/></canvas><canvas name="3" width="77" height="550"><vector name="origin" x="37" y="531"/><int name="delay" value="100"/></canvas><canvas name="4" width="70" height="550"><vector name="origin" x="35" y="531"/><int name="delay" value="100"/></canvas><canvas name="5" width="68" height="552"><vector name="origin" x="36" y="531"/><int name="delay" value="100"/></canvas></imgdir><imgdir name="2"><canvas name="0" width="1" height="1"><vector name="origin" x="0" y="0"/><int name="delay" value="180"/></canvas><canvas name="1" width="67" height="552"><vector name="origin" x="38" y="533"/><int name="delay" value="100"/></canvas><canvas name="2" width="69" height="552"><vector name="origin" x="59" y="532"/><int name="delay" value="100"/></canvas><canvas name="3" width="80" height="550"><vector name="origin" x="81" y="532"/><int name="delay" value="100"/></canvas><canvas name="4" width="70" height="550"><vector name="origin" x="81" y="532"/><int name="delay" value="100"/></canvas></imgdir><imgdir name="3"><canvas name="0" width="1" height="1"><vector name="origin" x="0" y="0"/><int name="delay" value="100"/></canvas><uol name="1" value="../2/1"/><canvas name="2" width="68" height="550"><vector name="origin" x="34" y="531"/><int name="delay" value="100"/></canvas><canvas name="3" width="69" height="552"><vector name="origin" x="21" y="532"/><int name="delay" value="100"/></canvas><canvas name="4" width="80" height="550"><vector name="origin" x="26" y="532"/><int name="delay" value="100"/></canvas><canvas name="5" width="70" height="550"><vector name="origin" x="27" y="532"/><int name="delay" value="100"/></canvas></imgdir><imgdir name="4"><uol name="0" value="../1/1"/><canvas name="1" width="80" height="550"><vector name="origin" x="61" y="531"/><int name="delay" value="100"/></canvas><canvas name="2" width="77" height="550"><vector name="origin" x="73" y="531"/><int name="delay" value="100"/></canvas><canvas name="3" width="70" height="550"><vector name="origin" x="87" y="531"/><int name="delay" value="100"/></canvas><canvas name="4" width="68" height="552"><vector name="origin" x="106" y="531"/><int name="delay" value="100"/></canvas></imgdir><vector name="lt" x="-800" y="-350"/><vector name="rb" x="800" y="250"/></imgdir><imgdir name="hit"><canvas name="0" width="78" height="75"><vector name="origin" x="39" y="47"/><int name="delay" value="100"/></canvas><canvas name="1" width="73" height="74"><vector name="origin" x="38" y="47"/><int name="delay" value="100"/></canvas><canvas name="2" width="76" height="68"><vector name="origin" x="40" y="43"/><int name="delay" value="100"/></canvas><uol name="3" value="0"/><uol name="4" value="1"/><uol name="5" value="2"/><int name="attach" value="1"/></imgdir><int name="type" value="0"/><int name="conMP" value="10"/><int name="effectAfter" value="0"/><int name="attackAfter" value="1100"/><int name="magic" value="1"/><string name="elemAttr" value="L"/><int name="disease" value="133"/><int name="level" value="8"/></imgdir><canvas name="0" width="385" height="396"><vector name="origin" x="192" y="392"/><vector name="lt" x="-175" y="-65"/><vector name="rb" x="180" y="0"/><vector name="head" x="-12" y="-295"/><imgdir name="rect"><imgdir name="0"><vector name="lt" x="-85" y="-380"/><vector name="rb" x="124" y="-64"/></imgdir></imgdir><int name="delay" value="100"/></canvas><canvas name="1" width="385" height="396"><vector name="origin" x="192" y="392"/><vector name="lt" x="-175" y="-65"/><vector name="rb" x="180" y="0"/><vector name="head" x="-12" y="-295"/><imgdir name="rect"><imgdir name="0"><vector name="lt" x="-85" y="-380"/><vector name="rb" x="124" y="-64"/></imgdir></imgdir><int name="delay" value="100"/></canvas><canvas name="2" width="385" height="396"><vector name="origin" x="192" y="392"/><vector name="lt" x="-175" y="-65"/><vector name="rb" x="180" y="0"/><vector name="head" x="-12" y="-295"/><imgdir name="rect"><imgdir name="0"><vector name="lt" x="-85" y="-380"/><vector name="rb" x="124" y="-64"/></imgdir></imgdir><int name="delay" value="100"/></canvas><canvas name="3" width="385" height="396"><vector name="origin" x="192" y="392"/><vector name="lt" x="-175" y="-65"/><vector name="rb" x="180" y="0"/><vector name="head" x="-12" y="-295"/><imgdir name="rect"><imgdir name="0"><vector name="lt" x="-85" y="-380"/><vector name="rb" x="124" y="-64"/></imgdir></imgdir><int name="delay" value="100"/></canvas><canvas name="4" width="385" height="396"><vector name="origin" x="192" y="392"/><vector name="lt" x="-175" y="-65"/><vector name="rb" x="180" y="0"/><vector name="head" x="-12" y="-295"/><imgdir name="rect"><imgdir name="0"><vector name="lt" x="-85" y="-380"/><vector name="rb" x="124" y="-64"/></imgdir></imgdir><int name="delay" value="100"/></canvas><canvas name="5" width="385" height="396"><vector name="origin" x="192" y="392"/><vector name="lt" x="-175" y="-65"/><vector name="rb" x="180" y="0"/><vector name="head" x="-12" y="-295"/><imgdir name="rect"><imgdir name="0"><vector name="lt" x="-85" y="-380"/><vector name="rb" x="124" y="-64"/></imgdir></imgdir><int name="delay" value="100"/></canvas><canvas name="6" width="385" height="396"><vector name="origin" x="192" y="392"/><vector name="lt" x="-175" y="-65"/><vector name="rb" x="180" y="0"/><vector name="head" x="-12" y="-295"/><imgdir name="rect"><imgdir name="0"><vector name="lt" x="-85" y="-380"/><vector name="rb" x="124" y="-64"/></imgdir></imgdir><int name="delay" value="200"/></canvas><canvas name="7" width="385" height="396"><vector name="origin" x="192" y="392"/><vector name="lt" x="-175" y="-65"/><vector name="rb" x="180" y="0"/><vector name="head" x="-12" y="-295"/><imgdir name="rect"><imgdir name="0"><vector name="lt" x="-85" y="-380"/><vector name="rb" x="124" y="-64"/></imgdir></imgdir><int name="delay" value="100"/></canvas><uol name="8" value="0"/><canvas name="9" width="385" height="396"><vector name="origin" x="192" y="392"/><vector name="lt" x="-175" y="-65"/><vector name="rb" x="180" y="0"/><vector name="head" x="-12" y="-295"/><imgdir name="rect"><imgdir name="0"><vector name="lt" x="-85" y="-380"/><vector name="rb" x="124" y="-64"/></imgdir></imgdir><int name="delay" value="100"/></canvas><canvas name="10" width="385" height="392"><vector name="origin" x="192" y="388"/><vector name="lt" x="-175" y="-65"/><vector name="rb" x="180" y="0"/><vector name="head" x="-12" y="-295"/><imgdir name="rect"><imgdir name="0"><vector name="lt" x="-85" y="-380"/><vector name="rb" x="124" y="-64"/></imgdir></imgdir><int name="delay" value="100"/></canvas><canvas name="11" width="385" height="394"><vector name="origin" x="192" y="390"/><vector name="lt" x="-175" y="-65"/><vector name="rb" x="180" y="0"/><vector name="head" x="-12" y="-295"/><imgdir name="rect"><imgdir name="0"><vector name="lt" x="-85" y="-380"/><vector name="rb" x="124" y="-64"/></imgdir></imgdir><int name="delay" value="100"/></canvas><canvas name="12" width="385" height="392"><vector name="origin" x="192" y="388"/><vector name="lt" x="-175" y="-65"/><vector name="rb" x="180" y="0"/><vector name="head" x="-12" y="-295"/><imgdir name="rect"><imgdir name="0"><vector name="lt" x="-85" y="-380"/><vector name="rb" x="124" y="-64"/></imgdir></imgdir><int name="delay" value="100"/></canvas><canvas name="13" width="385" height="396"><vector name="origin" x="192" y="392"/><vector name="lt" x="-175" y="-65"/><vector name="rb" x="180" y="0"/><vector name="head" x="-12" y="-295"/><imgdir name="rect"><imgdir name="0"><vector name="lt" x="-85" y="-380"/><vector name="rb" x="124" y="-64"/></imgdir></imgdir><int name="delay" value="100"/></canvas><canvas name="14" width="385" height="396"><vector name="origin" x="192" y="392"/><vector name="lt" x="-175" y="-65"/><vector name="rb" x="180" y="0"/><vector name="head" x="-12" y="-295"/><imgdir name="rect"><imgdir name="0"><vector name="lt" x="-85" y="-380"/><vector name="rb" x="124" y="-64"/></imgdir></imgdir><int name="delay" value="100"/></canvas><canvas name="15" width="385" height="390"><vector name="origin" x="192" y="386"/><vector name="lt" x="-175" y="-65"/><vector name="rb" x="180" y="0"/><vector name="head" x="-12" y="-295"/><imgdir name="rect"><imgdir name="0"><vector name="lt" x="-85" y="-380"/><vector name="rb" x="124" y="-64"/></imgdir></imgdir><int name="delay" value="100"/></canvas><canvas name="16" width="385" height="394"><vector name="origin" x="192" y="390"/><vector name="lt" x="-175" y="-65"/><vector name="rb" x="180" y="0"/><vector name="head" x="-12" y="-295"/><imgdir name="rect"><imgdir name="0"><vector name="lt" x="-85" y="-380"/><vector name="rb" x="124" y="-64"/></imgdir></imgdir><int name="delay" value="100"/></canvas><canvas name="17" width="385" height="402"><vector name="origin" x="192" y="398"/><vector name="lt" x="-175" y="-65"/><vector name="rb" x="180" y="0"/><vector name="head" x="-12" y="-295"/><imgdir name="rect"><imgdir name="0"><vector name="lt" x="-85" y="-380"/><vector name="rb" x="124" y="-64"/></imgdir></imgdir><int name="delay" value="100"/></canvas><uol name="18" value="../stand/0"/><uol name="19" value="../stand/1"/><uol name="20" value="../stand/2"/><uol name="21" value="../stand/3"/><uol name="22" value="../stand/4"/><uol name="23" value="../stand/5"/><uol name="24" value="../stand/6"/><uol name="25" value="../stand/7"/></imgdir><imgdir name="attack3"><imgdir name="info"><imgdir name="range"><vector name="lt" x="-60" y="-150"/><vector name="rb" x="60" y="0"/><int name="start" value="-6"/><int name="areaCount" value="12"/><int name="attackCount" value="6"/></imgdir><imgdir name="areaWarning"><canvas name="0" width="1" height="1"><vector name="origin" x="0" y="0"/><int name="delay" value="1280"/></canvas><canvas name="1" width="32" height="14"><vector name="origin" x="16" y="11"/><int name="delay" value="105"/></canvas><canvas name="2" width="40" height="29"><vector name="origin" x="19" y="26"/><int name="delay" value="105"/></canvas><canvas name="3" width="33" height="45"><vector name="origin" x="15" y="41"/><int name="delay" value="105"/></canvas><canvas name="4" width="31" height="59"><vector name="origin" x="14" y="57"/><int name="delay" value="105"/></canvas><canvas name="5" width="31" height="59"><vector name="origin" x="14" y="57"/><int name="delay" value="105"/></canvas><uol name="6" value="4"/><canvas name="7" width="31" height="59"><vector name="origin" x="14" y="57"/><int name="delay" value="200"/></canvas><canvas name="8" width="102" height="299"><vector name="origin" x="51" y="685"/><int name="delay" value="90"/></canvas><canvas name="9" width="101" height="282"><vector name="origin" x="47" y="572"/><int name="delay" value="90"/></canvas><canvas name="10" width="111" height="317"><vector name="origin" x="51" y="513"/><int name="delay" value="90"/></canvas><canvas name="11" width="106" height="327"><vector name="origin" x="51" y="421"/><int name="delay" value="90"/></canvas><canvas name="12" width="181" height="313"><vector name="origin" x="84" y="319"/><int name="delay" value="90"/></canvas><canvas name="13" width="259" height="299"><vector name="origin" x="120" y="285"/><int name="delay" value="90"/></canvas><canvas name="14" width="276" height="306"><vector name="origin" x="142" y="292"/><int name="delay" value="90"/></canvas><canvas name="15" width="267" height="254"><vector name="origin" x="132" y="239"/><int name="delay" value="90"/></canvas><canvas name="16" width="204" height="225"><vector name="origin" x="108" y="207"/><int name="delay" value="90"/></canvas><canvas name="17" width="236" height="174"><vector name="origin" x="130" y="165"/><int name="delay" value="90"/></canvas><canvas name="18" width="192" height="153"><vector name="origin" x="96" y="142"/><int name="delay" value="90"/></canvas></imgdir><imgdir name="effect"><canvas name="0" width="117" height="132"><vector name="origin" x="87" y="250"/><int name="delay" value="80"/></canvas><canvas name="1" width="142" height="159"><vector name="origin" x="100" y="263"/><int name="delay" value="80"/></canvas><canvas name="2" width="143" height="161"><vector name="origin" x="100" y="264"/><int name="delay" value="80"/></canvas><canvas name="3" width="150" height="169"><vector name="origin" x="104" y="268"/><int name="delay" value="80"/></canvas><canvas name="4" width="151" height="169"><vector name="origin" x="104" y="268"/><int name="delay" value="80"/></canvas><canvas name="5" width="151" height="169"><vector name="origin" x="104" y="268"/><int name="delay" value="80"/></canvas><canvas name="6" width="248" height="222"><vector name="origin" x="129" y="294"/><int name="delay" value="80"/></canvas><canvas name="7" width="239" height="217"><vector name="origin" x="126" y="292"/><int name="delay" value="80"/></canvas><canvas name="8" width="226" height="209"><vector name="origin" x="122" y="286"/><int name="delay" value="80"/></canvas><canvas name="9" width="202" height="200"><vector name="origin" x="116" y="282"/><int name="delay" value="80"/></canvas><canvas name="10" width="174" height="189"><vector name="origin" x="108" y="277"/><int name="delay" value="80"/></canvas><canvas name="11" width="150" height="167"><vector name="origin" x="104" y="267"/><int name="delay" value="80"/></canvas><canvas name="12" width="147" height="165"><vector name="origin" x="102" y="266"/><int name="delay" value="80"/></canvas><canvas name="13" width="101" height="122"><vector name="origin" x="79" y="248"/><int name="delay" value="80"/></canvas><canvas name="14" width="98" height="120"><vector name="origin" x="77" y="247"/><int name="delay" value="80"/></canvas><canvas name="15" width="75" height="99"><vector name="origin" x="64" y="248"/><int name="delay" value="80"/></canvas><canvas name="16" width="153" height="56"><vector name="origin" x="97" y="206"/><int name="delay" value="80"/></canvas><canvas name="17" width="151" height="54"><vector name="origin" x="96" y="205"/><int name="delay" value="80"/></canvas><canvas name="18" width="147" height="50"><vector name="origin" x="94" y="203"/><int name="delay" value="80"/></canvas></imgdir><imgdir name="hit"><canvas name="0" width="73" height="83"><vector name="origin" x="30" y="46"/><int name="delay" value="100"/></canvas><canvas name="1" width="85" height="96"><vector name="origin" x="41" y="50"/><int name="delay" value="100"/></canvas><canvas name="2" width="76" height="79"><vector name="origin" x="39" y="42"/><int name="delay" value="100"/></canvas><canvas name="3" width="77" height="79"><vector name="origin" x="39" y="43"/><int name="delay" value="100"/></canvas></imgdir><int name="type" value="3"/><int name="conMP" value="10"/><int name="effectAfter" value="80"/><int name="attackAfter" value="2560"/><int name="PADamage" value="840"/><int name="disease" value="123"/><int name="level" value="3"/></imgdir><canvas name="0" width="385" height="396"><vector name="origin" x="192" y="392"/><vector name="lt" x="-175" y="-65"/><vector name="rb" x="180" y="0"/><vector name="head" x="-12" y="-295"/><imgdir name="rect"><imgdir name="0"><vector name="lt" x="-85" y="-380"/><vector name="rb" x="124" y="-64"/></imgdir></imgdir><int name="delay" value="80"/></canvas><canvas name="1" width="385" height="406"><vector name="origin" x="192" y="402"/><vector name="lt" x="-175" y="-65"/><vector name="rb" x="180" y="0"/><vector name="head" x="-12" y="-295"/><imgdir name="rect"><imgdir name="0"><vector name="lt" x="-85" y="-380"/><vector name="rb" x="124" y="-64"/></imgdir></imgdir><int name="delay" value="80"/></canvas><canvas name="2" width="385" height="426"><vector name="origin" x="192" y="422"/><vector name="lt" x="-175" y="-65"/><vector name="rb" x="180" y="0"/><vector name="head" x="-12" y="-295"/><imgdir name="rect"><imgdir name="0"><vector name="lt" x="-85" y="-380"/><vector name="rb" x="124" y="-64"/></imgdir></imgdir><int name="delay" value="80"/></canvas><canvas name="3" width="385" height="436"><vector name="origin" x="192" y="432"/><vector name="lt" x="-175" y="-65"/><vector name="rb" x="180" y="0"/><vector name="head" x="-12" y="-295"/><imgdir name="rect"><imgdir name="0"><vector name="lt" x="-85" y="-380"/><vector name="rb" x="124" y="-64"/></imgdir></imgdir><int name="delay" value="80"/></canvas><canvas name="4" width="385" height="439"><vector name="origin" x="192" y="435"/><vector name="lt" x="-175" y="-65"/><vector name="rb" x="180" y="0"/><vector name="head" x="-12" y="-295"/><imgdir name="rect"><imgdir name="0"><vector name="lt" x="-85" y="-380"/><vector name="rb" x="124" y="-64"/></imgdir></imgdir><int name="delay" value="80"/></canvas><canvas name="5" width="385" height="441"><vector name="origin" x="192" y="437"/><vector name="lt" x="-175" y="-65"/><vector name="rb" x="180" y="0"/><vector name="head" x="-12" y="-295"/><imgdir name="rect"><imgdir name="0"><vector name="lt" x="-85" y="-380"/><vector name="rb" x="124" y="-64"/></imgdir></imgdir><int name="delay" value="80"/></canvas><canvas name="6" width="385" height="443"><vector name="origin" x="192" y="439"/><vector name="lt" x="-175" y="-65"/><vector name="rb" x="180" y="0"/><vector name="head" x="-12" y="-295"/><imgdir name="rect"><imgdir name="0"><vector name="lt" x="-85" y="-380"/><vector name="rb" x="124" y="-64"/></imgdir></imgdir><int name="delay" value="80"/></canvas><canvas name="7" width="385" height="445"><vector name="origin" x="192" y="441"/><vector name="lt" x="-175" y="-65"/><vector name="rb" x="180" y="0"/><vector name="head" x="-12" y="-295"/><imgdir name="rect"><imgdir name="0"><vector name="lt" x="-85" y="-380"/><vector name="rb" x="124" y="-64"/></imgdir></imgdir><int name="delay" value="80"/></canvas><canvas name="8" width="385" height="443"><vector name="origin" x="192" y="439"/><vector name="lt" x="-175" y="-65"/><vector name="rb" x="180" y="0"/><vector name="head" x="-12" y="-295"/><imgdir name="rect"><imgdir name="0"><vector name="lt" x="-85" y="-380"/><vector name="rb" x="124" y="-64"/></imgdir></imgdir><int name="delay" value="80"/></canvas><canvas name="9" width="385" height="443"><vector name="origin" x="192" y="439"/><vector name="lt" x="-175" y="-65"/><vector name="rb" x="180" y="0"/><vector name="head" x="-12" y="-295"/><imgdir name="rect"><imgdir name="0"><vector name="lt" x="-85" y="-380"/><vector name="rb" x="124" y="-64"/></imgdir></imgdir><int name="delay" value="560"/></canvas><canvas name="10" width="385" height="395"><vector name="origin" x="192" y="391"/><vector name="lt" x="-175" y="-65"/><vector name="rb" x="180" y="0"/><vector name="head" x="-12" y="-295"/><imgdir name="rect"><imgdir name="0"><vector name="lt" x="-85" y="-380"/><vector name="rb" x="124" y="-64"/></imgdir></imgdir><int name="delay" value="80"/></canvas><canvas name="11" width="385" height="396"><vector name="origin" x="192" y="392"/><vector name="lt" x="-175" y="-65"/><vector name="rb" x="180" y="0"/><vector name="head" x="-12" y="-295"/><imgdir name="rect"><imgdir name="0"><vector name="lt" x="-85" y="-380"/><vector name="rb" x="124" y="-64"/></imgdir></imgdir><int name="delay" value="80"/></canvas><canvas name="12" width="385" height="396"><vector name="origin" x="192" y="392"/><vector name="lt" x="-175" y="-65"/><vector name="rb" x="180" y="0"/><vector name="head" x="-12" y="-295"/><imgdir name="rect"><imgdir name="0"><vector name="lt" x="-85" y="-380"/><vector name="rb" x="124" y="-64"/></imgdir></imgdir><int name="delay" value="160"/></canvas><uol name="13" value="../stand/0"/><uol name="14" value="../stand/1"/><uol name="15" value="../stand/2"/><uol name="16" value="../stand/3"/><uol name="17" value="../stand/4"/><uol name="18" value="../stand/5"/><uol name="19" value="../stand/6"/><uol name="20" value="../stand/7"/></imgdir><imgdir name="attack4"><imgdir name="info"><imgdir name="range"><vector name="lt" x="-800" y="-600"/><vector name="rb" x="800" y="250"/></imgdir><imgdir name="effect"><canvas name="0" width="224" height="234"><vector name="origin" x="141" y="278"/><int name="delay" value="100"/></canvas><canvas name="1" width="256" height="255"><vector name="origin" x="142" y="283"/><int name="delay" value="100"/></canvas><canvas name="2" width="255" height="254"><vector name="origin" x="142" y="291"/><int name="delay" value="100"/></canvas><canvas name="3" width="251" height="256"><vector name="origin" x="142" y="296"/><int name="delay" value="100"/></canvas><canvas name="4" width="246" height="259"><vector name="origin" x="142" y="299"/><int name="delay" value="100"/></canvas><canvas name="5" width="242" height="261"><vector name="origin" x="143" y="300"/><int name="delay" value="100"/></canvas><canvas name="6" width="240" height="261"><vector name="origin" x="147" y="300"/><int name="delay" value="100"/></canvas><canvas name="7" width="333" height="347"><vector name="origin" x="185" y="331"/><int name="delay" value="100"/></canvas><canvas name="8" width="328" height="343"><vector name="origin" x="183" y="329"/><int name="delay" value="100"/></canvas><canvas name="9" width="322" height="337"><vector name="origin" x="180" y="326"/><int name="delay" value="100"/></canvas><canvas name="10" width="314" height="332"><vector name="origin" x="176" y="327"/><int name="delay" value="100"/></canvas><canvas name="11" width="306" height="318"><vector name="origin" x="176" y="326"/><int name="delay" value="100"/></canvas><canvas name="12" width="268" height="315"><vector name="origin" x="160" y="338"/><int name="delay" value="100"/></canvas><canvas name="13" width="228" height="148"><vector name="origin" x="141" y="172"/><int name="delay" value="100"/></canvas><canvas name="14" width="281" height="300"><vector name="origin" x="169" y="322"/><int name="delay" value="100"/></canvas><canvas name="15" width="228" height="148"><vector name="origin" x="141" y="172"/><int name="delay" value="100"/></canvas><canvas name="16" width="268" height="315"><vector name="origin" x="160" y="338"/><int name="delay" value="100"/></canvas></imgdir><imgdir name="effect0"><int name="effectType" value="1"/><int name="effectDistance" value="100"/><int name="randomPos" value="1"/><int name="delay" value="1100"/><imgdir name="0"><canvas name="0" width="68" height="550"><vector name="origin" x="34" y="531"/><int name="delay" value="100"/></canvas><canvas name="1" width="69" height="552"><vector name="origin" x="33" y="532"/><int name="delay" value="100"/></canvas><canvas name="2" width="80" height="550"><vector name="origin" x="44" y="532"/><int name="delay" value="100"/></canvas><canvas name="3" width="70" height="550"><vector name="origin" x="39" y="532"/><int name="delay" value="100"/></canvas><canvas name="4" width="67" height="552"><vector name="origin" x="38" y="533"/><int name="delay" value="100"/></canvas></imgdir><imgdir name="1"><canvas name="0" width="1" height="1"><vector name="origin" x="0" y="0"/><int name="delay" value="150"/></canvas><canvas name="1" width="58" height="550"><vector name="origin" x="31" y="531"/><int name="delay" value="100"/></canvas><canvas name="2" width="80" height="550"><vector name="origin" x="40" y="531"/><int name="delay" value="100"/></canvas><canvas name="3" width="77" height="550"><vector name="origin" x="37" y="531"/><int name="delay" value="100"/></canvas><canvas name="4" width="70" height="550"><vector name="origin" x="35" y="531"/><int name="delay" value="100"/></canvas><canvas name="5" width="68" height="552"><vector name="origin" x="36" y="531"/><int name="delay" value="100"/></canvas></imgdir><imgdir name="2"><canvas name="0" width="1" height="1"><vector name="origin" x="0" y="0"/><int name="delay" value="180"/></canvas><canvas name="1" width="67" height="552"><vector name="origin" x="38" y="533"/><int name="delay" value="100"/></canvas><canvas name="2" width="69" height="552"><vector name="origin" x="59" y="532"/><int name="delay" value="100"/></canvas><canvas name="3" width="80" height="550"><vector name="origin" x="81" y="532"/><int name="delay" value="100"/></canvas><canvas name="4" width="70" height="550"><vector name="origin" x="81" y="532"/><int name="delay" value="100"/></canvas></imgdir><imgdir name="3"><canvas name="0" width="1" height="1"><vector name="origin" x="0" y="0"/><int name="delay" value="100"/></canvas><uol name="1" value="../2/1"/><canvas name="2" width="68" height="550"><vector name="origin" x="34" y="531"/><int name="delay" value="100"/></canvas><canvas name="3" width="69" height="552"><vector name="origin" x="21" y="532"/><int name="delay" value="100"/></canvas><canvas name="4" width="80" height="550"><vector name="origin" x="26" y="532"/><int name="delay" value="100"/></canvas><canvas name="5" width="70" height="550"><vector name="origin" x="27" y="532"/><int name="delay" value="100"/></canvas></imgdir><imgdir name="4"><uol name="0" value="../1/1"/><canvas name="1" width="80" height="550"><vector name="origin" x="61" y="531"/><int name="delay" value="100"/></canvas><canvas name="2" width="77" height="550"><vector name="origin" x="73" y="531"/><int name="delay" value="100"/></canvas><canvas name="3" width="70" height="550"><vector name="origin" x="87" y="531"/><int name="delay" value="100"/></canvas><canvas name="4" width="68" height="552"><vector name="origin" x="106" y="531"/><int name="delay" value="100"/></canvas></imgdir><vector name="lt" x="-800" y="-350"/><vector name="rb" x="800" y="250"/></imgdir><imgdir name="hit"><canvas name="0" width="78" height="75"><vector name="origin" x="39" y="47"/><int name="delay" value="100"/></canvas><canvas name="1" width="73" height="74"><vector name="origin" x="38" y="47"/><int name="delay" value="100"/></canvas><canvas name="2" width="76" height="68"><vector name="origin" x="40" y="43"/><int name="delay" value="100"/></canvas><uol name="3" value="0"/><uol name="4" value="1"/><uol name="5" value="2"/><int name="attach" value="1"/></imgdir><int name="type" value="0"/><int name="conMP" value="10"/><int name="effectAfter" value="0"/><int name="attackAfter" value="1100"/><int name="magic" value="1"/><string name="elemAttr" value="L"/><int name="disease" value="134"/><int name="level" value="3"/></imgdir><uol name="0" value="../attack2/0"/><uol name="1" value="../attack2/1"/><uol name="2" value="../attack2/2"/><uol name="3" value="../attack2/3"/><uol name="4" value="../attack2/4"/><uol name="5" value="../attack2/5"/><uol name="6" value="../attack2/6"/><uol name="7" value="../attack2/7"/><uol name="8" value="0"/><uol name="9" value="../attack2/9"/><uol name="10" value="../attack2/10"/><uol name="11" value="../attack2/11"/><uol name="12" value="../attack2/12"/><uol name="13" value="../attack2/13"/><uol name="14" value="../attack2/14"/><uol name="15" value="../attack2/15"/><uol name="16" value="../attack2/16"/><uol name="17" value="../attack2/17"/><uol name="18" value="../stand/0"/><uol name="19" value="../stand/1"/><uol name="20" value="../stand/2"/><uol name="21" value="../stand/3"/><uol name="22" value="../stand/4"/><uol name="23" value="../stand/5"/><uol name="24" value="../stand/6"/><uol name="25" value="../stand/7"/></imgdir><imgdir name="hit1"><canvas name="0" width="385" height="409"><vector name="origin" x="192" y="405"/><vector name="lt" x="-175" y="-65"/><vector name="rb" x="180" y="0"/><vector name="head" x="-12" y="-295"/><imgdir name="rect"><imgdir name="0"><vector name="lt" x="-85" y="-380"/><vector name="rb" x="124" y="-64"/></imgdir></imgdir><int name="delay" value="600"/></canvas></imgdir><imgdir name="die1"><canvas name="0" width="385" height="416"><vector name="origin" x="192" y="412"/><vector name="head" x="-12" y="-295"/><int name="delay" value="120"/></canvas><canvas name="1" width="386" height="416"><vector name="origin" x="192" y="412"/><vector name="head" x="-12" y="-295"/><int name="delay" value="120"/></canvas><canvas name="2" width="386" height="416"><vector name="origin" x="192" y="412"/><vector name="head" x="-12" y="-295"/><int name="delay" value="120"/></canvas><canvas name="3" width="386" height="416"><vector name="origin" x="192" y="412"/><vector name="head" x="-12" y="-295"/><int name="delay" value="120"/></canvas><canvas name="4" width="405" height="421"><vector name="origin" x="211" y="412"/><vector name="head" x="-12" y="-295"/><int name="delay" value="120"/></canvas><canvas name="5" width="405" height="421"><vector name="origin" x="211" y="412"/><vector name="head" x="-12" y="-295"/><int name="delay" value="120"/></canvas><canvas name="6" width="405" height="421"><vector name="origin" x="211" y="412"/><vector name="head" x="-12" y="-295"/><int name="delay" value="120"/></canvas><canvas name="7" width="385" height="416"><vector name="origin" x="192" y="412"/><vector name="head" x="-12" y="-295"/><int name="delay" value="120"/></canvas><canvas name="8" width="385" height="416"><vector name="origin" x="192" y="412"/><vector name="head" x="-12" y="-295"/><int name="delay" value="120"/></canvas><canvas name="9" width="385" height="416"><vector name="origin" x="192" y="412"/><vector name="head" x="-12" y="-295"/><int name="delay" value="120"/></canvas></imgdir></imgdir>