<?xml version="1.0" encoding="UTF-8" standalone="yes"?><imgdir name="8810024.img"><imgdir name="info"><int name="bodyAttack" value="0"/><int name="level" value="1"/><int name="maxHP" value="40000"/><int name="maxMP" value="0"/><int name="speed" value="0"/><int name="PADamage" value="0"/><int name="PDDamage" value="0"/><int name="MADamage" value="0"/><int name="MDDamage" value="0"/><int name="acc" value="0"/><int name="eva" value="0"/><int name="exp" value="0"/><int name="undead" value="0"/><int name="pushed" value="1"/><float name="fs" value="10.0"/><int name="summonType" value="12"/><int name="removeAfter" value="1"/><int name="hideName" value="1"/><imgdir name="revive"><int name="0" value="8810000"/></imgdir><int name="noFlip" value="1"/><int name="category" value="4"/></imgdir><imgdir name="stand"><canvas name="0" width="4" height="4"><vector name="origin" x="297" y="497"/><int name="delay" value="90"/></canvas></imgdir><imgdir name="hit1"><canvas name="0" width="4" height="4"><vector name="origin" x="36" y="53"/><int name="delay" value="90"/></canvas></imgdir><imgdir name="die1"><canvas name="0" width="468" height="450"><vector name="origin" x="-103" y="457"/><int name="delay" value="140"/></canvas><canvas name="1" width="468" height="450"><vector name="origin" x="-93" y="461"/><int name="delay" value="140"/></canvas><canvas name="2" width="468" height="450"><vector name="origin" x="-83" y="461"/><int name="delay" value="140"/></canvas><canvas name="3" width="468" height="450"><vector name="origin" x="-73" y="461"/><int name="delay" value="140"/></canvas><canvas name="4" width="468" height="450"><vector name="origin" x="-63" y="464"/><int name="delay" value="140"/></canvas><canvas name="5" width="468" height="450"><vector name="origin" x="-53" y="464"/><int name="delay" value="140"/></canvas><canvas name="6" width="468" height="450"><vector name="origin" x="-43" y="466"/><int name="delay" value="140"/></canvas><canvas name="7" width="468" height="450"><vector name="origin" x="-33" y="466"/><int name="delay" value="140"/></canvas><canvas name="8" width="468" height="450"><vector name="origin" x="-23" y="467"/><int name="delay" value="140"/></canvas><canvas name="9" width="468" height="450"><vector name="origin" x="-13" y="467"/><int name="delay" value="140"/></canvas><canvas name="10" width="468" height="450"><vector name="origin" x="-3" y="467"/><int name="delay" value="140"/></canvas><canvas name="11" width="468" height="450"><vector name="origin" x="7" y="467"/><int name="delay" value="140"/></canvas><canvas name="12" width="468" height="450"><vector name="origin" x="17" y="462"/><int name="delay" value="140"/></canvas><canvas name="13" width="468" height="450"><vector name="origin" x="27" y="462"/><int name="delay" value="140"/></canvas><canvas name="14" width="468" height="450"><vector name="origin" x="37" y="458"/><int name="delay" value="140"/></canvas><canvas name="15" width="468" height="450"><vector name="origin" x="47" y="458"/><int name="delay" value="140"/></canvas><canvas name="16" width="468" height="450"><vector name="origin" x="57" y="456"/><int name="delay" value="140"/></canvas><canvas name="17" width="468" height="450"><vector name="origin" x="67" y="456"/><int name="delay" value="140"/></canvas><canvas name="18" width="468" height="450"><vector name="origin" x="77" y="455"/><int name="delay" value="140"/></canvas><canvas name="19" width="468" height="450"><vector name="origin" x="87" y="455"/><int name="delay" value="140"/></canvas><canvas name="20" width="468" height="450"><vector name="origin" x="97" y="457"/><int name="delay" value="140"/></canvas><canvas name="21" width="468" height="450"><vector name="origin" x="107" y="457"/><int name="delay" value="140"/></canvas><canvas name="22" width="468" height="450"><vector name="origin" x="117" y="461"/><int name="delay" value="140"/></canvas><canvas name="23" width="468" height="450"><vector name="origin" x="127" y="461"/><int name="delay" value="140"/></canvas><canvas name="24" width="468" height="450"><vector name="origin" x="137" y="464"/><int name="delay" value="140"/></canvas><canvas name="25" width="468" height="450"><vector name="origin" x="147" y="464"/><int name="delay" value="140"/></canvas><canvas name="26" width="468" height="450"><vector name="origin" x="157" y="466"/><int name="delay" value="140"/></canvas><canvas name="27" width="468" height="450"><vector name="origin" x="167" y="466"/><int name="delay" value="140"/></canvas><canvas name="28" width="468" height="450"><vector name="origin" x="177" y="467"/><int name="delay" value="140"/></canvas><canvas name="29" width="468" height="450"><vector name="origin" x="187" y="467"/><int name="delay" value="140"/></canvas><canvas name="30" width="468" height="450"><vector name="origin" x="197" y="465"/><int name="delay" value="140"/></canvas><canvas name="31" width="468" height="450"><vector name="origin" x="207" y="465"/><int name="delay" value="140"/></canvas><canvas name="32" width="468" height="450"><vector name="origin" x="217" y="462"/><int name="delay" value="140"/></canvas><canvas name="33" width="468" height="450"><vector name="origin" x="227" y="462"/><int name="delay" value="140"/></canvas><canvas name="34" width="468" height="450"><vector name="origin" x="237" y="464"/><int name="delay" value="140"/></canvas><canvas name="35" width="468" height="450"><vector name="origin" x="247" y="464"/><int name="delay" value="140"/></canvas><canvas name="36" width="468" height="450"><vector name="origin" x="257" y="461"/><int name="delay" value="140"/></canvas><canvas name="37" width="468" height="450"><vector name="origin" x="267" y="461"/><int name="delay" value="140"/></canvas><canvas name="38" width="468" height="450"><vector name="origin" x="277" y="464"/><int name="delay" value="140"/></canvas><canvas name="39" width="468" height="450"><vector name="origin" x="287" y="464"/><int name="delay" value="140"/></canvas><canvas name="40" width="468" height="450"><vector name="origin" x="297" y="467"/><int name="delay" value="140"/></canvas></imgdir></imgdir>