<?xml version="1.0" encoding="UTF-8" standalone="yes"?><imgdir name="1110100.img"><imgdir name="info"><int name="bodyAttack" value="1"/><int name="level" value="15"/><int name="maxHP" value="250"/><int name="maxMP" value="25"/><int name="speed" value="-20"/><int name="PADamage" value="82"/><int name="PDDamage" value="12"/><int name="MADamage" value="0"/><int name="MDDamage" value="40"/><int name="acc" value="45"/><int name="eva" value="5"/><int name="exp" value="26"/><int name="undead" value="0"/><int name="pushed" value="1"/><string name="elemAttr" value="S1"/><float name="fs" value="10.0"/><int name="summonType" value="1"/><int name="mobType" value="4"/></imgdir><imgdir name="move"><canvas name="0" width="56" height="52"><vector name="origin" x="27" y="52"/><vector name="lt" x="-27" y="-52"/><vector name="rb" x="29" y="0"/><vector name="head" x="-4" y="-45"/><int name="delay" value="150"/></canvas><canvas name="1" width="56" height="51"><vector name="origin" x="27" y="51"/><vector name="lt" x="-27" y="-51"/><vector name="rb" x="29" y="0"/><vector name="head" x="-4" y="-45"/><int name="delay" value="150"/></canvas><canvas name="2" width="56" height="52"><vector name="origin" x="27" y="52"/><vector name="lt" x="-27" y="-52"/><vector name="rb" x="29" y="0"/><vector name="head" x="-4" y="-45"/><int name="delay" value="150"/></canvas><canvas name="3" width="56" height="51"><vector name="origin" x="27" y="51"/><vector name="lt" x="-27" y="-51"/><vector name="rb" x="29" y="0"/><vector name="head" x="-4" y="-45"/><int name="delay" value="150"/></canvas></imgdir><imgdir name="stand"><canvas name="0" width="56" height="52"><vector name="origin" x="27" y="52"/><vector name="lt" x="-27" y="-52"/><vector name="rb" x="29" y="0"/><vector name="head" x="-4" y="-45"/><int name="delay" value="180"/></canvas><canvas name="1" width="56" height="52"><vector name="origin" x="27" y="52"/><vector name="lt" x="-27" y="-52"/><vector name="rb" x="29" y="0"/><vector name="head" x="-4" y="-45"/><int name="delay" value="100"/></canvas><canvas name="2" width="56" height="52"><vector name="origin" x="27" y="52"/><vector name="lt" x="-27" y="-52"/><vector name="rb" x="29" y="0"/><vector name="head" x="-4" y="-45"/><int name="delay" value="180"/></canvas></imgdir><imgdir name="hit1"><canvas name="0" width="56" height="56"><vector name="origin" x="27" y="56"/><vector name="lt" x="-27" y="-56"/><vector name="rb" x="29" y="0"/><int name="delay" value="600"/><vector name="head" x="-4" y="-45"/></canvas></imgdir><imgdir name="die1"><canvas name="0" width="57" height="49"><vector name="origin" x="28" y="49"/><vector name="head" x="-2" y="-35"/><int name="delay" value="180"/></canvas><canvas name="1" width="57" height="48"><vector name="origin" x="27" y="48"/><vector name="head" x="-1" y="-33"/><int name="delay" value="180"/></canvas><canvas name="2" width="57" height="47"><vector name="origin" x="28" y="46"/><vector name="head" x="-3" y="-23"/><int name="delay" value="180"/></canvas><canvas name="3" width="57" height="46"><vector name="origin" x="29" y="46"/><vector name="head" x="-2" y="-23"/><int name="delay" value="300"/><int name="a0" value="255"/><int name="a1" value="0"/></canvas></imgdir></imgdir>