<?xml version="1.0" encoding="UTF-8" standalone="yes"?><imgdir name="1210111.img"><imgdir name="info"><int name="bodyAttack" value="1"/><int name="level" value="10"/><int name="maxHP" value="120"/><int name="maxMP" value="45"/><int name="speed" value="5"/><int name="PADamage" value="70"/><int name="PDDamage" value="10"/><int name="MADamage" value="0"/><int name="MDDamage" value="30"/><int name="acc" value="40"/><int name="eva" value="2"/><int name="exp" value="20"/><int name="undead" value="0"/><int name="pushed" value="1"/><float name="fs" value="10.0"/><int name="summonType" value="1"/><int name="category" value="1"/></imgdir><imgdir name="move"><canvas name="0" width="67" height="51"><vector name="origin" x="31" y="51"/><vector name="lt" x="-31" y="-51"/><vector name="rb" x="36" y="0"/><vector name="head" x="-10" y="-39"/><int name="delay" value="150"/></canvas><canvas name="1" width="64" height="43"><vector name="origin" x="31" y="51"/><vector name="lt" x="-31" y="-51"/><vector name="rb" x="33" y="-8"/><vector name="head" x="-9" y="-46"/><int name="delay" value="150"/></canvas><canvas name="2" width="67" height="46"><vector name="origin" x="31" y="55"/><vector name="lt" x="-31" y="-55"/><vector name="rb" x="36" y="-9"/><vector name="head" x="-9" y="-47"/><int name="delay" value="150"/></canvas></imgdir><imgdir name="stand"><canvas name="0" width="59" height="55"><vector name="origin" x="31" y="55"/><vector name="lt" x="-31" y="-55"/><vector name="rb" x="28" y="0"/><vector name="head" x="-14" y="-36"/><int name="delay" value="180"/></canvas><canvas name="1" width="69" height="56"><vector name="origin" x="40" y="54"/><vector name="lt" x="-31" y="-55"/><vector name="rb" x="29" y="2"/><vector name="head" x="-14" y="-35"/><int name="delay" value="180"/></canvas><canvas name="2" width="74" height="51"><vector name="origin" x="43" y="50"/><vector name="lt" x="-31" y="-50"/><vector name="rb" x="31" y="1"/><vector name="head" x="-16" y="-36"/><int name="delay" value="180"/></canvas><canvas name="3" width="60" height="50"><vector name="origin" x="33" y="50"/><vector name="lt" x="-33" y="-50"/><vector name="rb" x="27" y="0"/><vector name="head" x="-18" y="-37"/><int name="delay" value="180"/></canvas></imgdir><imgdir name="jump"><canvas name="0" width="67" height="46"><vector name="origin" x="31" y="55"/><vector name="lt" x="-31" y="-55"/><vector name="rb" x="36" y="-9"/><vector name="head" x="-9" y="-47"/></canvas></imgdir><imgdir name="hit1"><canvas name="0" width="79" height="53"><vector name="origin" x="39" y="53"/><vector name="lt" x="-39" y="-53"/><vector name="rb" x="40" y="0"/><vector name="head" x="-3" y="-45"/><int name="delay" value="600"/></canvas></imgdir><imgdir name="die1"><canvas name="0" width="79" height="53"><vector name="origin" x="39" y="53"/><int name="delay" value="150"/></canvas><canvas name="1" width="118" height="57"><vector name="origin" x="45" y="57"/><int name="delay" value="150"/></canvas><canvas name="2" width="125" height="58"><vector name="origin" x="48" y="58"/><int name="delay" value="150"/></canvas><canvas name="3" width="60" height="58"><vector name="origin" x="-19" y="58"/><int name="delay" value="150"/></canvas><canvas name="4" width="73" height="46"><vector name="origin" x="-17" y="44"/><int name="delay" value="150"/></canvas><canvas name="5" width="78" height="39"><vector name="origin" x="-14" y="37"/><int name="delay" value="150"/></canvas><canvas name="6" width="83" height="38"><vector name="origin" x="-12" y="36"/><int name="delay" value="150"/></canvas><canvas name="7" width="87" height="37"><vector name="origin" x="-9" y="35"/><int name="delay" value="150"/></canvas><canvas name="8" width="87" height="35"><vector name="origin" x="-10" y="34"/><int name="delay" value="150"/></canvas><canvas name="9" width="87" height="16"><vector name="origin" x="-9" y="19"/><int name="delay" value="150"/></canvas></imgdir></imgdir>