<?xml version="1.0" encoding="UTF-8" standalone="yes"?><imgdir name="1333335.img"><imgdir name="info"><int name="level" value="35"/><int name="maxHP" value="10000"/><int name="maxMP" value="200"/><int name="speed" value="0"/><int name="PADamage" value="30000"/><int name="PDDamage" value="0"/><int name="MADamage" value="0"/><int name="MDDamage" value="0"/><int name="acc" value="30000"/><int name="eva" value="0"/><int name="exp" value="0"/><int name="undead" value="0"/><int name="pushed" value="0"/><float name="fs" value="10.0"/><int name="summonType" value="1"/><int name="boss" value="1"/><int name="noFlip" value="1"/><int name="invincible" value="1"/><int name="hideHP" value="1"/><int name="hideName" value="1"/><int name="bodyAttack" value="1"/><int name="flySpeed" value="0"/></imgdir><imgdir name="hit1"><canvas name="0" width="73" height="74"><vector name="origin" x="39" y="66"/></canvas></imgdir><imgdir name="die1"><canvas name="0" width="123" height="81"><vector name="origin" x="58" y="80"/><int name="delay" value="120"/></canvas><canvas name="1" width="128" height="95"><vector name="origin" x="61" y="94"/><int name="delay" value="120"/></canvas><canvas name="2" width="130" height="100"><vector name="origin" x="62" y="99"/><int name="delay" value="120"/></canvas><canvas name="3" width="141" height="101"><vector name="origin" x="66" y="100"/><int name="delay" value="120"/></canvas><canvas name="4" width="148" height="101"><vector name="origin" x="69" y="100"/><int name="delay" value="120"/></canvas><canvas name="5" width="127" height="102"><vector name="origin" x="51" y="101"/><int name="delay" value="120"/></canvas><canvas name="6" width="103" height="53"><vector name="origin" x="50" y="53"/><int name="delay" value="120"/></canvas></imgdir><imgdir name="stand"><canvas name="0" width="73" height="74"><vector name="origin" x="39" y="66"/><int name="delay" value="120"/><vector name="lt" x="-46" y="-53"/><vector name="rb" x="50" y="0"/></canvas><canvas name="1" width="73" height="75"><vector name="origin" x="37" y="64"/><int name="delay" value="120"/><vector name="lt" x="-46" y="-53"/><vector name="rb" x="50" y="0"/></canvas><canvas name="2" width="71" height="71"><vector name="origin" x="33" y="60"/><int name="delay" value="120"/><vector name="lt" x="-46" y="-53"/><vector name="rb" x="50" y="0"/></canvas><canvas name="3" width="73" height="74"><vector name="origin" x="35" y="63"/><int name="delay" value="120"/><vector name="lt" x="-46" y="-53"/><vector name="rb" x="50" y="0"/></canvas><canvas name="4" width="77" height="78"><vector name="origin" x="37" y="66"/><int name="delay" value="120"/><vector name="lt" x="-46" y="-53"/><vector name="rb" x="50" y="0"/></canvas><canvas name="5" width="76" height="76"><vector name="origin" x="38" y="65"/><int name="delay" value="120"/><vector name="lt" x="-46" y="-53"/><vector name="rb" x="50" y="0"/></canvas><canvas name="6" width="75" height="74"><vector name="origin" x="39" y="65"/><int name="delay" value="120"/><vector name="lt" x="-46" y="-53"/><vector name="rb" x="50" y="0"/></canvas><canvas name="7" width="73" height="72"><vector name="origin" x="41" y="67"/><int name="delay" value="120"/><vector name="lt" x="-46" y="-53"/><vector name="rb" x="50" y="0"/></canvas></imgdir></imgdir>