<?xml version="1.0" encoding="UTF-8" standalone="yes"?><imgdir name="1333334.img"><imgdir name="attack1"><imgdir name="info"><imgdir name="range"><vector name="lt" x="-200" y="-138"/><vector name="rb" x="200" y="0"/></imgdir><imgdir name="hit"><canvas name="0" width="1" height="1"><vector name="origin" x="50" y="53"/><int name="delay" value="70"/></canvas></imgdir><int name="type" value="0"/><int name="attackAfter" value="10"/><int name="magic" value="1"/><int name="disease" value="123"/><int name="level" value="7"/></imgdir><canvas name="0" width="390" height="204"><vector name="origin" x="182" y="191"/><int name="z" value="0"/><int name="delay" value="120"/></canvas><canvas name="1" width="419" height="235"><vector name="origin" x="206" y="214"/><int name="z" value="0"/><int name="delay" value="120"/></canvas><canvas name="2" width="414" height="267"><vector name="origin" x="208" y="225"/><int name="z" value="0"/><int name="delay" value="120"/></canvas><canvas name="3" width="420" height="269"><vector name="origin" x="208" y="226"/><int name="z" value="0"/><int name="delay" value="120"/></canvas><canvas name="4" width="421" height="271"><vector name="origin" x="208" y="227"/><int name="z" value="0"/><int name="delay" value="120"/></canvas><canvas name="5" width="423" height="270"><vector name="origin" x="208" y="226"/><int name="z" value="0"/><int name="delay" value="120"/></canvas><canvas name="6" width="418" height="263"><vector name="origin" x="205" y="222"/><int name="z" value="0"/><int name="delay" value="120"/></canvas><canvas name="7" width="409" height="253"><vector name="origin" x="200" y="217"/><int name="z" value="0"/><int name="delay" value="120"/></canvas><canvas name="8" width="364" height="206"><vector name="origin" x="176" y="192"/><int name="z" value="0"/><int name="delay" value="120"/></canvas></imgdir><imgdir name="die1"><canvas name="0" width="290" height="166"><vector name="origin" x="145" y="155"/><int name="z" value="0"/><int name="delay" value="100"/><vector name="head" x="0" y="-81"/></canvas><canvas name="1" width="210" height="167"><vector name="origin" x="140" y="156"/><int name="z" value="0"/><int name="delay" value="100"/><vector name="head" x="0" y="-81"/></canvas><canvas name="2" width="109" height="71"><vector name="origin" x="52" y="156"/><int name="z" value="0"/><int name="delay" value="100"/><vector name="head" x="0" y="-81"/></canvas></imgdir><imgdir name="hit1"><canvas name="0" width="36" height="50"><vector name="origin" x="17" y="50"/><int name="z" value="0"/><vector name="head" x="0" y="-81"/></canvas></imgdir><imgdir name="info"><int name="level" value="35"/><int name="maxHP" value="10000"/><int name="maxMP" value="200"/><int name="speed" value="0"/><int name="PADamage" value="0"/><int name="PDDamage" value="0"/><int name="MADamage" value="0"/><int name="MDDamage" value="0"/><int name="acc" value="30000"/><int name="eva" value="0"/><int name="exp" value="0"/><int name="undead" value="0"/><int name="pushed" value="0"/><float name="fs" value="10.0"/><int name="summonType" value="1"/><int name="boss" value="1"/><int name="noFlip" value="1"/><imgdir name="selfDestruction"><int name="action" value="4"/><int name="removeAfter" value="0"/></imgdir><int name="invincible" value="1"/><int name="hideHP" value="1"/><int name="hideName" value="1"/></imgdir><imgdir name="stand"><canvas name="0" width="1" height="1"><vector name="origin" x="0" y="-2"/><int name="delay" value="360"/></canvas><canvas name="1" width="75" height="33"><vector name="origin" x="38" y="30"/><int name="z" value="0"/><int name="delay" value="150"/></canvas><canvas name="2" width="80" height="35"><vector name="origin" x="40" y="32"/><int name="z" value="0"/><int name="delay" value="150"/></canvas><canvas name="3" width="82" height="47"><vector name="origin" x="41" y="44"/><int name="z" value="0"/><int name="delay" value="150"/></canvas><canvas name="4" width="82" height="69"><vector name="origin" x="41" y="66"/><int name="z" value="0"/><int name="delay" value="150"/></canvas><canvas name="5" width="45" height="90"><vector name="origin" x="27" y="87"/><int name="z" value="0"/><int name="delay" value="150"/></canvas><canvas name="6" width="47" height="92"><vector name="origin" x="27" y="89"/><int name="z" value="0"/><int name="delay" value="150"/></canvas><canvas name="7" width="49" height="91"><vector name="origin" x="28" y="88"/><int name="z" value="0"/><int name="delay" value="150"/></canvas><canvas name="8" width="48" height="91"><vector name="origin" x="27" y="88"/><int name="z" value="0"/><int name="delay" value="150"/></canvas><canvas name="9" width="48" height="91"><vector name="origin" x="27" y="88"/><int name="z" value="0"/><int name="delay" value="150"/></canvas><canvas name="10" width="49" height="90"><vector name="origin" x="28" y="87"/><int name="z" value="0"/><int name="delay" value="150"/></canvas><canvas name="11" width="49" height="90"><vector name="origin" x="28" y="87"/><int name="z" value="0"/><int name="delay" value="150"/></canvas><canvas name="12" width="48" height="91"><vector name="origin" x="27" y="88"/><int name="z" value="0"/><int name="delay" value="150"/></canvas><canvas name="13" width="48" height="91"><vector name="origin" x="27" y="88"/><int name="z" value="0"/><int name="delay" value="150"/></canvas><canvas name="14" width="49" height="90"><vector name="origin" x="28" y="87"/><int name="z" value="0"/><int name="delay" value="150"/></canvas><canvas name="15" width="49" height="90"><vector name="origin" x="28" y="87"/><int name="z" value="0"/><int name="delay" value="150"/></canvas><canvas name="16" width="48" height="91"><vector name="origin" x="27" y="88"/><int name="z" value="0"/><int name="delay" value="150"/></canvas><canvas name="17" width="48" height="91"><vector name="origin" x="27" y="88"/><int name="z" value="0"/><int name="delay" value="150"/></canvas><canvas name="18" width="49" height="90"><vector name="origin" x="28" y="87"/><int name="z" value="0"/><int name="delay" value="150"/></canvas><canvas name="19" width="49" height="90"><vector name="origin" x="28" y="87"/><int name="z" value="0"/><int name="delay" value="150"/></canvas><canvas name="20" width="48" height="91"><vector name="origin" x="27" y="88"/><int name="z" value="0"/><int name="delay" value="150"/></canvas><canvas name="21" width="48" height="91"><vector name="origin" x="27" y="88"/><int name="z" value="0"/><int name="delay" value="150"/></canvas><canvas name="22" width="49" height="90"><vector name="origin" x="28" y="87"/><int name="z" value="0"/><int name="delay" value="150"/></canvas><canvas name="23" width="49" height="90"><vector name="origin" x="28" y="87"/><int name="z" value="0"/><int name="delay" value="150"/></canvas></imgdir></imgdir>