<?xml version="1.0" encoding="UTF-8" standalone="yes"?><imgdir name="2230108.img"><imgdir name="info"><int name="bodyAttack" value="1"/><int name="level" value="22"/><int name="maxHP" value="400"/><int name="maxMP" value="0"/><int name="speed" value="0"/><int name="PADamage" value="100"/><int name="PDDamage" value="30"/><int name="MADamage" value="0"/><int name="MDDamage" value="30"/><int name="acc" value="55"/><int name="eva" value="7"/><int name="exp" value="36"/><int name="undead" value="0"/><int name="pushed" value="0"/><string name="elemAttr" value="F2"/><int name="firstAttack" value="1"/><int name="summonType" value="1"/></imgdir><imgdir name="stand"><canvas name="0" width="43" height="25"><vector name="origin" x="21" y="24"/><vector name="lt" x="-21" y="-24"/><vector name="rb" x="22" y="1"/><vector name="head" x="0" y="-20"/><int name="delay" value="250"/></canvas><canvas name="1" width="40" height="27"><vector name="origin" x="19" y="26"/><vector name="lt" x="-19" y="-26"/><vector name="rb" x="21" y="1"/><vector name="head" x="0" y="-22"/><int name="delay" value="250"/></canvas><canvas name="2" width="36" height="29"><vector name="origin" x="18" y="28"/><vector name="lt" x="-18" y="-28"/><vector name="rb" x="18" y="1"/><vector name="head" x="0" y="-24"/><int name="delay" value="250"/></canvas><canvas name="3" width="33" height="30"><vector name="origin" x="16" y="29"/><vector name="lt" x="-16" y="-29"/><vector name="rb" x="17" y="1"/><vector name="head" x="0" y="-25"/><int name="delay" value="250"/></canvas><canvas name="4" width="36" height="29"><vector name="origin" x="18" y="28"/><vector name="lt" x="-18" y="-28"/><vector name="rb" x="18" y="1"/><vector name="head" x="0" y="-24"/><int name="delay" value="250"/></canvas><canvas name="5" width="40" height="27"><vector name="origin" x="19" y="26"/><vector name="lt" x="-19" y="-26"/><vector name="rb" x="21" y="1"/><vector name="head" x="0" y="-22"/><int name="delay" value="250"/></canvas></imgdir><imgdir name="attack1"><imgdir name="info"><imgdir name="range"><vector name="lt" x="-99" y="-89"/><vector name="rb" x="113" y="42"/></imgdir><imgdir name="hit"><canvas name="0" width="45" height="45"><vector name="origin" x="58" y="82"/><int name="delay" value="100"/></canvas></imgdir><int name="type" value="0"/><int name="attackAfter" value="400"/><int name="PADamage" value="100"/></imgdir><canvas name="0" width="40" height="27"><vector name="origin" x="20" y="25"/><vector name="lt" x="-20" y="-25"/><vector name="rb" x="20" y="2"/><vector name="head" x="0" y="-21"/><int name="delay" value="130"/></canvas><canvas name="1" width="36" height="29"><vector name="origin" x="19" y="27"/><vector name="lt" x="-19" y="-27"/><vector name="rb" x="17" y="2"/><vector name="head" x="-1" y="-23"/><int name="delay" value="130"/></canvas><canvas name="2" width="75" height="68"><vector name="origin" x="36" y="68"/><vector name="lt" x="-17" y="-50"/><vector name="rb" x="17" y="-14"/><vector name="head" x="0" y="-45"/><int name="delay" value="130"/></canvas><canvas name="3" width="75" height="68"><vector name="origin" x="36" y="77"/><vector name="lt" x="-19" y="-59"/><vector name="rb" x="17" y="-22"/><vector name="head" x="0" y="-55"/><int name="delay" value="130"/></canvas><canvas name="4" width="75" height="68"><vector name="origin" x="36" y="79"/><vector name="lt" x="-17" y="-60"/><vector name="rb" x="16" y="-25"/><vector name="head" x="0" y="-56"/><int name="delay" value="130"/></canvas><canvas name="5" width="75" height="68"><vector name="origin" x="36" y="77"/><vector name="lt" x="-17" y="-60"/><vector name="rb" x="17" y="-24"/><vector name="head" x="0" y="-56"/><int name="delay" value="130"/></canvas><canvas name="6" width="75" height="68"><vector name="origin" x="36" y="68"/><vector name="lt" x="-17" y="-50"/><vector name="rb" x="17" y="-14"/><vector name="head" x="0" y="-46"/><int name="delay" value="130"/></canvas><canvas name="7" width="60" height="59"><vector name="origin" x="28" y="54"/><vector name="lt" x="-16" y="-40"/><vector name="rb" x="18" y="-4"/><vector name="head" x="-1" y="-36"/><int name="delay" value="130"/></canvas><canvas name="8" width="38" height="25"><vector name="origin" x="19" y="23"/><vector name="lt" x="-19" y="-23"/><vector name="rb" x="18" y="0"/><vector name="head" x="0" y="-18"/><int name="delay" value="130"/></canvas></imgdir><imgdir name="hit1"><canvas name="0" width="71" height="64"><vector name="origin" x="30" y="54"/><vector name="lt" x="-18" y="-38"/><vector name="rb" x="16" y="0"/><vector name="head" x="0" y="-33"/><int name="delay" value="600"/></canvas></imgdir><imgdir name="die1"><canvas name="0" width="71" height="64"><vector name="origin" x="30" y="54"/><vector name="head" x="0" y="-32"/><int name="delay" value="200"/></canvas><canvas name="1" width="54" height="57"><vector name="origin" x="27" y="49"/><vector name="head" x="0" y="-30"/><int name="delay" value="150"/></canvas><canvas name="2" width="45" height="48"><vector name="origin" x="23" y="42"/><vector name="head" x="0" y="-30"/><int name="delay" value="150"/></canvas><canvas name="3" width="45" height="48"><vector name="origin" x="23" y="41"/><vector name="head" x="0" y="-32"/><int name="delay" value="150"/></canvas><canvas name="4" width="45" height="45"><vector name="origin" x="23" y="41"/><int name="delay" value="150"/><int name="a0" value="255"/><int name="a1" value="0"/></canvas></imgdir></imgdir>