<?xml version="1.0" encoding="UTF-8" standalone="yes"?><imgdir name="2400112.img"><imgdir name="info"><int name="firstAttack" value="1"/><int name="bodyAttack" value="1"/><int name="maxHP" value="6900000"/><int name="maxMP" value="3000"/><int name="PDRate" value="30"/><int name="MDRate" value="30"/><int name="pushed" value="1300"/><int name="summonType" value="1"/><string name="mobType" value="1N"/><imgdir name="attack"><imgdir name="0"><int name="action" value="1"/><int name="attackRatio" value="100"/><int name="type" value="0"/><int name="conMP" value="2"/></imgdir></imgdir><int name="category" value="1"/><int name="acc" value="250"/><int name="eva" value="50"/><int name="exp" value="215625"/><int name="level" value="175"/><int name="MADamage" value="946"/><int name="MDDamage" value="500"/><int name="PADamage" value="960"/><int name="PDDamage" value="500"/></imgdir><imgdir name="move"><canvas name="0" width="136" height="100"><vector name="origin" x="96" y="100"/><vector name="lt" x="-96" y="-100"/><vector name="rb" x="39" y="0"/><vector name="head" x="-43" y="-78"/></canvas><canvas name="1" width="135" height="98"><vector name="origin" x="95" y="98"/><vector name="lt" x="-95" y="-99"/><vector name="rb" x="39" y="0"/><vector name="head" x="-43" y="-78"/></canvas><canvas name="2" width="136" height="99"><vector name="origin" x="96" y="99"/><vector name="lt" x="-96" y="-100"/><vector name="rb" x="39" y="0"/><vector name="head" x="-43" y="-78"/></canvas><canvas name="3" width="138" height="100"><vector name="origin" x="98" y="100"/><vector name="lt" x="-98" y="-100"/><vector name="rb" x="39" y="0"/><vector name="head" x="-43" y="-78"/></canvas><canvas name="4" width="139" height="98"><vector name="origin" x="99" y="98"/><vector name="lt" x="-99" y="-99"/><vector name="rb" x="39" y="0"/><vector name="head" x="-43" y="-78"/></canvas><canvas name="5" width="139" height="99"><vector name="origin" x="99" y="99"/><vector name="lt" x="-99" y="-100"/><vector name="rb" x="39" y="0"/><vector name="head" x="-43" y="-78"/></canvas></imgdir><imgdir name="stand"><canvas name="0" width="129" height="99"><vector name="origin" x="89" y="99"/><vector name="lt" x="-89" y="-99"/><vector name="rb" x="39" y="0"/><vector name="head" x="-43" y="-78"/></canvas><canvas name="1" width="129" height="98"><vector name="origin" x="89" y="98"/><vector name="lt" x="-90" y="-99"/><vector name="rb" x="39" y="0"/><vector name="head" x="-43" y="-78"/></canvas><canvas name="2" width="129" height="97"><vector name="origin" x="89" y="97"/><vector name="lt" x="-90" y="-98"/><vector name="rb" x="39" y="0"/><vector name="head" x="-43" y="-78"/></canvas><canvas name="3" width="128" height="98"><vector name="origin" x="88" y="98"/><vector name="lt" x="-89" y="-99"/><vector name="rb" x="39" y="0"/><vector name="head" x="-43" y="-78"/></canvas><canvas name="4" width="128" height="99"><vector name="origin" x="88" y="99"/><vector name="lt" x="-89" y="-100"/><vector name="rb" x="39" y="0"/><vector name="head" x="-43" y="-78"/></canvas><canvas name="5" width="129" height="100"><vector name="origin" x="89" y="100"/><vector name="lt" x="-89" y="-100"/><vector name="rb" x="39" y="0"/><vector name="head" x="-43" y="-78"/></canvas></imgdir><imgdir name="attack1"><imgdir name="info"><imgdir name="range"><vector name="lt" x="-198" y="-161"/><vector name="rb" x="-65" y="11"/></imgdir><imgdir name="hit"><int name="attach" value="1"/><canvas name="0" width="163" height="107"><vector name="origin" x="82" y="92"/><int name="delay" value="90"/></canvas><canvas name="1" width="124" height="99"><vector name="origin" x="65" y="92"/><int name="delay" value="90"/></canvas><canvas name="2" width="101" height="91"><vector name="origin" x="50" y="94"/><int name="delay" value="90"/></canvas><canvas name="3" width="94" height="93"><vector name="origin" x="46" y="95"/><int name="delay" value="90"/></canvas><canvas name="4" width="93" height="89"><vector name="origin" x="43" y="90"/><int name="z" value="0"/></canvas></imgdir><int name="attackAfter" value="720"/></imgdir><canvas name="0" width="129" height="99"><vector name="origin" x="89" y="99"/><vector name="lt" x="-89" y="-99"/><vector name="rb" x="39" y="0"/><vector name="head" x="-43" y="-78"/><int name="delay" value="120"/></canvas><canvas name="1" width="136" height="106"><vector name="origin" x="93" y="102"/><vector name="lt" x="-89" y="-99"/><vector name="rb" x="39" y="0"/><vector name="head" x="-43" y="-78"/><int name="delay" value="120"/></canvas><canvas name="2" width="142" height="110"><vector name="origin" x="96" y="105"/><vector name="lt" x="-89" y="-99"/><vector name="rb" x="39" y="0"/><vector name="head" x="-43" y="-78"/><int name="delay" value="120"/></canvas><canvas name="3" width="145" height="114"><vector name="origin" x="97" y="108"/><vector name="lt" x="-90" y="-101"/><vector name="rb" x="42" y="0"/><vector name="head" x="-43" y="-78"/><int name="delay" value="120"/></canvas><canvas name="4" width="131" height="139"><vector name="origin" x="82" y="133"/><vector name="lt" x="-76" y="-128"/><vector name="rb" x="41" y="0"/><vector name="head" x="-43" y="-78"/><int name="delay" value="120"/></canvas><canvas name="5" width="131" height="142"><vector name="origin" x="81" y="135"/><vector name="lt" x="-74" y="-128"/><vector name="rb" x="42" y="0"/><vector name="head" x="-43" y="-78"/><int name="delay" value="120"/></canvas><canvas name="6" width="236" height="203"><vector name="origin" x="198" y="191"/><vector name="lt" x="-89" y="-99"/><vector name="rb" x="32" y="0"/><vector name="head" x="-43" y="-78"/><int name="delay" value="120"/></canvas><canvas name="7" width="248" height="200"><vector name="origin" x="211" y="192"/><vector name="lt" x="-109" y="-96"/><vector name="rb" x="33" y="0"/><vector name="head" x="-43" y="-78"/><int name="delay" value="120"/></canvas><canvas name="8" width="254" height="192"><vector name="origin" x="216" y="183"/><vector name="lt" x="-112" y="-95"/><vector name="rb" x="33" y="0"/><vector name="head" x="-43" y="-78"/><int name="delay" value="120"/></canvas><canvas name="9" width="256" height="175"><vector name="origin" x="218" y="167"/><vector name="lt" x="-127" y="-96"/><vector name="rb" x="33" y="0"/><vector name="head" x="-43" y="-78"/><int name="delay" value="120"/></canvas><canvas name="10" width="239" height="170"><vector name="origin" x="202" y="165"/><vector name="lt" x="-112" y="-96"/><vector name="rb" x="34" y="0"/><vector name="head" x="-43" y="-78"/><int name="delay" value="120"/></canvas></imgdir><imgdir name="hit1"><canvas name="0" width="159" height="119"><vector name="origin" x="91" y="119"/><vector name="lt" x="-90" y="-110"/><vector name="rb" x="39" y="0"/><vector name="head" x="-18" y="-76"/><int name="delay" value="600"/></canvas></imgdir><imgdir name="die1"><canvas name="0" width="128" height="99"><vector name="origin" x="88" y="99"/><vector name="head" x="-18" y="-76"/><int name="delay" value="120"/></canvas><canvas name="1" width="200" height="117"><vector name="origin" x="98" y="124"/><int name="delay" value="120"/></canvas><canvas name="2" width="205" height="110"><vector name="origin" x="104" y="111"/><int name="delay" value="120"/></canvas><canvas name="3" width="210" height="94"><vector name="origin" x="111" y="91"/><int name="delay" value="120"/></canvas><canvas name="4" width="220" height="104"><vector name="origin" x="119" y="101"/><int name="delay" value="120"/></canvas><canvas name="5" width="227" height="105"><vector name="origin" x="123" y="102"/><int name="delay" value="120"/></canvas><canvas name="6" width="238" height="94"><vector name="origin" x="122" y="91"/><int name="delay" value="120"/></canvas><canvas name="7" width="241" height="116"><vector name="origin" x="122" y="113"/><int name="delay" value="120"/></canvas><canvas name="8" width="240" height="117"><vector name="origin" x="122" y="112"/><int name="delay" value="120"/></canvas><canvas name="9" width="241" height="114"><vector name="origin" x="122" y="111"/><int name="delay" value="120"/></canvas><canvas name="10" width="98" height="115"><vector name="origin" x="-17" y="112"/><int name="delay" value="120"/></canvas><canvas name="11" width="92" height="98"><vector name="origin" x="-25" y="114"/><int name="delay" value="120"/></canvas><canvas name="12" width="76" height="97"><vector name="origin" x="-35" y="114"/><int name="delay" value="120"/></canvas><canvas name="13" width="78" height="98"><vector name="origin" x="-33" y="113"/><int name="delay" value="120"/></canvas><canvas name="14" width="36" height="102"><vector name="origin" x="-50" y="116"/><int name="delay" value="120"/></canvas></imgdir></imgdir>