<?xml version="1.0" encoding="UTF-8" standalone="yes"?><imgdir name="2400108.img"><imgdir name="info"><int name="bodyAttack" value="1"/><int name="maxHP" value="5900000"/><int name="maxMP" value="2800"/><int name="PDRate" value="30"/><int name="MDRate" value="30"/><int name="pushed" value="1200"/><int name="summonType" value="1"/><int name="category" value="2"/><string name="mobType" value="1N"/><int name="firstAttack" value="1"/><int name="acc" value="250"/><int name="eva" value="50"/><int name="exp" value="184375"/><int name="level" value="173"/><int name="MADamage" value="946"/><int name="MDDamage" value="500"/><int name="PADamage" value="960"/><int name="PDDamage" value="500"/></imgdir><imgdir name="move"><canvas name="0" width="78" height="84"><vector name="origin" x="31" y="84"/><vector name="lt" x="-31" y="-82"/><vector name="rb" x="46" y="0"/><vector name="head" x="-8" y="-82"/></canvas><canvas name="1" width="78" height="82"><vector name="origin" x="31" y="82"/><vector name="lt" x="-31" y="-82"/><vector name="rb" x="46" y="0"/><vector name="head" x="-8" y="-82"/></canvas><canvas name="2" width="78" height="83"><vector name="origin" x="31" y="83"/><vector name="lt" x="-31" y="-82"/><vector name="rb" x="46" y="0"/><vector name="head" x="-8" y="-82"/></canvas><canvas name="3" width="78" height="84"><vector name="origin" x="31" y="84"/><vector name="lt" x="-31" y="-82"/><vector name="rb" x="46" y="0"/><vector name="head" x="-8" y="-82"/></canvas><canvas name="4" width="78" height="82"><vector name="origin" x="31" y="82"/><vector name="lt" x="-31" y="-82"/><vector name="rb" x="46" y="0"/><vector name="head" x="-8" y="-82"/></canvas><canvas name="5" width="78" height="83"><vector name="origin" x="31" y="83"/><vector name="lt" x="-31" y="-82"/><vector name="rb" x="46" y="0"/><vector name="head" x="-8" y="-82"/></canvas></imgdir><imgdir name="stand"><canvas name="0" width="77" height="84"><vector name="origin" x="30" y="84"/><vector name="lt" x="-31" y="-82"/><vector name="rb" x="46" y="0"/><vector name="head" x="-8" y="-82"/></canvas><canvas name="1" width="77" height="83"><vector name="origin" x="30" y="83"/><vector name="lt" x="-31" y="-82"/><vector name="rb" x="46" y="0"/><vector name="head" x="-8" y="-82"/></canvas><canvas name="2" width="77" height="82"><vector name="origin" x="30" y="82"/><vector name="lt" x="-31" y="-82"/><vector name="rb" x="46" y="0"/><vector name="head" x="-8" y="-82"/></canvas><canvas name="3" width="77" height="83"><vector name="origin" x="30" y="83"/><vector name="lt" x="-31" y="-82"/><vector name="rb" x="46" y="0"/><vector name="head" x="-8" y="-82"/></canvas><canvas name="4" width="77" height="84"><vector name="origin" x="30" y="84"/><vector name="lt" x="-31" y="-82"/><vector name="rb" x="46" y="0"/><vector name="head" x="-8" y="-82"/></canvas><canvas name="5" width="77" height="85"><vector name="origin" x="30" y="85"/><vector name="lt" x="-31" y="-82"/><vector name="rb" x="46" y="0"/><vector name="head" x="-8" y="-82"/></canvas></imgdir><imgdir name="hit1"><canvas name="0" width="77" height="101"><vector name="origin" x="30" y="101"/><vector name="lt" x="-31" y="-82"/><vector name="rb" x="46" y="0"/><vector name="head" x="-8" y="-82"/><int name="delay" value="600"/></canvas></imgdir><imgdir name="die1"><canvas name="0" width="77" height="84"><vector name="origin" x="30" y="84"/><vector name="head" x="-8" y="-82"/></canvas><canvas name="1" width="89" height="101"><vector name="origin" x="8" y="104"/></canvas><canvas name="2" width="103" height="89"><vector name="origin" x="13" y="94"/></canvas><canvas name="3" width="105" height="84"><vector name="origin" x="15" y="90"/></canvas><canvas name="4" width="70" height="85"><vector name="origin" x="-20" y="88"/></canvas><canvas name="5" width="69" height="80"><vector name="origin" x="-21" y="86"/></canvas><canvas name="6" width="72" height="91"><vector name="origin" x="-18" y="89"/></canvas><canvas name="7" width="68" height="92"><vector name="origin" x="-22" y="90"/></canvas><canvas name="8" width="60" height="92"><vector name="origin" x="-30" y="90"/></canvas><canvas name="9" width="61" height="92"><vector name="origin" x="-29" y="90"/></canvas><canvas name="10" width="21" height="15"><vector name="origin" x="-39" y="92"/></canvas></imgdir></imgdir>