<?xml version="1.0" encoding="UTF-8" standalone="yes"?><imgdir name="2400106.img"><imgdir name="info"><int name="bodyAttack" value="1"/><int name="maxHP" value="5500000"/><int name="maxMP" value="2600"/><int name="PDRate" value="30"/><int name="MDRate" value="30"/><int name="pushed" value="1100"/><int name="summonType" value="1"/><int name="category" value="2"/><string name="mobType" value="1N"/><int name="firstAttack" value="1"/><int name="acc" value="250"/><int name="eva" value="50"/><int name="exp" value="171875"/><int name="level" value="172"/><int name="MADamage" value="946"/><int name="MDDamage" value="500"/><int name="PADamage" value="960"/><int name="PDDamage" value="500"/></imgdir><imgdir name="move"><canvas name="0" width="85" height="72"><vector name="origin" x="40" y="72"/><vector name="lt" x="-41" y="-72"/><vector name="rb" x="45" y="0"/><vector name="head" x="-16" y="-72"/></canvas><canvas name="1" width="80" height="73"><vector name="origin" x="39" y="73"/><vector name="lt" x="-40" y="-72"/><vector name="rb" x="41" y="0"/><vector name="head" x="-16" y="-72"/></canvas><canvas name="2" width="84" height="74"><vector name="origin" x="39" y="74"/><vector name="lt" x="-41" y="-72"/><vector name="rb" x="45" y="0"/><vector name="head" x="-16" y="-72"/></canvas><canvas name="3" width="111" height="72"><vector name="origin" x="62" y="72"/><vector name="lt" x="-60" y="-72"/><vector name="rb" x="48" y="0"/><vector name="head" x="-16" y="-72"/></canvas><canvas name="4" width="113" height="73"><vector name="origin" x="64" y="73"/><vector name="lt" x="-62" y="-72"/><vector name="rb" x="48" y="0"/><vector name="head" x="-16" y="-72"/></canvas><canvas name="5" width="113" height="74"><vector name="origin" x="65" y="74"/><vector name="lt" x="-48" y="-72"/><vector name="rb" x="47" y="0"/><vector name="head" x="-16" y="-72"/></canvas></imgdir><imgdir name="stand"><canvas name="0" width="89" height="72"><vector name="origin" x="39" y="72"/><vector name="lt" x="-40" y="-72"/><vector name="rb" x="49" y="0"/><vector name="head" x="-16" y="-72"/></canvas><canvas name="1" width="88" height="71"><vector name="origin" x="39" y="71"/><vector name="lt" x="-40" y="-72"/><vector name="rb" x="49" y="0"/><vector name="head" x="-16" y="-72"/></canvas><canvas name="2" width="84" height="70"><vector name="origin" x="39" y="70"/><vector name="lt" x="-40" y="-72"/><vector name="rb" x="49" y="0"/><vector name="head" x="-16" y="-72"/></canvas><canvas name="3" width="80" height="71"><vector name="origin" x="39" y="71"/><vector name="lt" x="-40" y="-72"/><vector name="rb" x="49" y="0"/><vector name="head" x="-16" y="-72"/></canvas><canvas name="4" width="82" height="72"><vector name="origin" x="39" y="72"/><vector name="lt" x="-40" y="-72"/><vector name="rb" x="49" y="0"/><vector name="head" x="-16" y="-72"/></canvas><canvas name="5" width="85" height="73"><vector name="origin" x="39" y="73"/><vector name="lt" x="-40" y="-72"/><vector name="rb" x="49" y="0"/><vector name="head" x="-16" y="-72"/></canvas></imgdir><imgdir name="hit1"><canvas name="0" width="96" height="86"><vector name="origin" x="39" y="86"/><vector name="lt" x="-40" y="-72"/><vector name="rb" x="55" y="0"/><vector name="head" x="-16" y="-72"/><int name="delay" value="600"/></canvas></imgdir><imgdir name="die1"><canvas name="0" width="89" height="72"><vector name="origin" x="39" y="72"/><vector name="head" x="-16" y="-72"/></canvas><canvas name="1" width="101" height="102"><vector name="origin" x="13" y="102"/></canvas><canvas name="2" width="111" height="94"><vector name="origin" x="19" y="94"/></canvas><canvas name="3" width="113" height="90"><vector name="origin" x="20" y="90"/></canvas><canvas name="4" width="90" height="103"><vector name="origin" x="1" y="105"/></canvas><canvas name="5" width="81" height="103"><vector name="origin" x="-4" y="105"/></canvas><canvas name="6" width="83" height="96"><vector name="origin" x="-4" y="100"/></canvas><canvas name="7" width="84" height="91"><vector name="origin" x="-3" y="103"/></canvas><canvas name="8" width="81" height="78"><vector name="origin" x="-6" y="106"/></canvas><canvas name="9" width="65" height="61"><vector name="origin" x="-17" y="106"/></canvas><canvas name="10" width="69" height="45"><vector name="origin" x="-15" y="106"/></canvas><canvas name="11" width="28" height="19"><vector name="origin" x="-25" y="108"/></canvas></imgdir></imgdir>