<?xml version="1.0" encoding="UTF-8" standalone="yes"?><imgdir name="2400105.img"><imgdir name="info"><int name="bodyAttack" value="1"/><int name="maxHP" value="6300000"/><int name="maxMP" value="2800"/><int name="PDRate" value="30"/><int name="MDRate" value="30"/><int name="pushed" value="1200"/><int name="summonType" value="1"/><int name="category" value="2"/><string name="mobType" value="1N"/><int name="firstAttack" value="1"/><int name="acc" value="250"/><int name="eva" value="50"/><int name="exp" value="196875"/><int name="level" value="174"/><int name="MADamage" value="946"/><int name="MDDamage" value="500"/><int name="PADamage" value="960"/><int name="PDDamage" value="500"/></imgdir><imgdir name="move"><canvas name="0" width="116" height="92"><vector name="origin" x="55" y="92"/><vector name="lt" x="-55" y="-92"/><vector name="rb" x="60" y="-1"/><vector name="head" x="-28" y="-77"/></canvas><canvas name="1" width="118" height="123"><vector name="origin" x="55" y="123"/><vector name="lt" x="-55" y="-92"/><vector name="rb" x="62" y="-1"/><vector name="head" x="-28" y="-77"/></canvas><canvas name="2" width="120" height="125"><vector name="origin" x="55" y="125"/><vector name="lt" x="-55" y="-92"/><vector name="rb" x="63" y="-1"/><vector name="head" x="-28" y="-77"/></canvas><canvas name="3" width="117" height="126"><vector name="origin" x="55" y="126"/><vector name="lt" x="-55" y="-92"/><vector name="rb" x="60" y="-1"/><vector name="head" x="-28" y="-77"/></canvas><canvas name="4" width="119" height="125"><vector name="origin" x="55" y="125"/><vector name="lt" x="-55" y="-92"/><vector name="rb" x="63" y="-1"/><vector name="head" x="-28" y="-77"/></canvas><canvas name="5" width="120" height="91"><vector name="origin" x="55" y="91"/><vector name="lt" x="-55" y="-92"/><vector name="rb" x="64" y="-1"/><vector name="head" x="-28" y="-77"/></canvas></imgdir><imgdir name="stand"><canvas name="0" width="116" height="92"><vector name="origin" x="55" y="92"/><vector name="lt" x="-55" y="-92"/><vector name="rb" x="60" y="-1"/><vector name="head" x="-28" y="-77"/></canvas><canvas name="1" width="118" height="125"><vector name="origin" x="55" y="125"/><vector name="lt" x="-55" y="-92"/><vector name="rb" x="62" y="-1"/><vector name="head" x="-28" y="-77"/></canvas><canvas name="2" width="120" height="127"><vector name="origin" x="55" y="127"/><vector name="lt" x="-55" y="-92"/><vector name="rb" x="64" y="-1"/><vector name="head" x="-28" y="-77"/></canvas><canvas name="3" width="117" height="128"><vector name="origin" x="55" y="128"/><vector name="lt" x="-55" y="-92"/><vector name="rb" x="61" y="-1"/><vector name="head" x="-28" y="-77"/></canvas><canvas name="4" width="119" height="127"><vector name="origin" x="55" y="127"/><vector name="lt" x="-55" y="-92"/><vector name="rb" x="63" y="-1"/><vector name="head" x="-28" y="-77"/></canvas><canvas name="5" width="120" height="93"><vector name="origin" x="55" y="93"/><vector name="lt" x="-55" y="-92"/><vector name="rb" x="64" y="-1"/><vector name="head" x="-28" y="-77"/></canvas></imgdir><imgdir name="hit1"><canvas name="0" width="156" height="117"><vector name="origin" x="74" y="117"/><vector name="lt" x="-55" y="-92"/><vector name="rb" x="61" y="-1"/><vector name="head" x="-28" y="-77"/><int name="delay" value="600"/></canvas></imgdir><imgdir name="die1"><canvas name="0" width="116" height="92"><vector name="origin" x="55" y="92"/><vector name="head" x="-28" y="-77"/></canvas><canvas name="1" width="155" height="122"><vector name="origin" x="56" y="122"/></canvas><canvas name="2" width="142" height="106"><vector name="origin" x="62" y="106"/></canvas><canvas name="3" width="147" height="96"><vector name="origin" x="64" y="96"/></canvas><canvas name="4" width="115" height="96"><vector name="origin" x="29" y="96"/></canvas><canvas name="5" width="116" height="95"><vector name="origin" x="30" y="95"/></canvas><canvas name="6" width="117" height="93"><vector name="origin" x="32" y="93"/></canvas><canvas name="7" width="133" height="88"><vector name="origin" x="50" y="85"/></canvas><canvas name="8" width="141" height="85"><vector name="origin" x="54" y="82"/></canvas><canvas name="9" width="150" height="83"><vector name="origin" x="60" y="80"/></canvas><canvas name="10" width="158" height="81"><vector name="origin" x="64" y="79"/></canvas><canvas name="11" width="160" height="79"><vector name="origin" x="63" y="78"/><int name="z" value="0"/></canvas></imgdir></imgdir>