<?xml version="1.0" encoding="UTF-8" standalone="yes"?><imgdir name="2400107.img"><imgdir name="info"><int name="bodyAttack" value="1"/><int name="maxHP" value="6500000"/><int name="maxMP" value="2800"/><int name="PDRate" value="30"/><int name="MDRate" value="30"/><int name="pushed" value="1200"/><int name="summonType" value="1"/><string name="mobType" value="1N"/><imgdir name="attack"><imgdir name="0"><int name="action" value="1"/><int name="attackRatio" value="100"/><int name="type" value="0"/><int name="conMP" value="2"/></imgdir></imgdir><int name="category" value="1"/><int name="firstAttack" value="1"/><int name="acc" value="250"/><int name="eva" value="50"/><int name="exp" value="203125"/><int name="level" value="175"/><int name="MADamage" value="946"/><int name="MDDamage" value="500"/><int name="PADamage" value="960"/><int name="PDDamage" value="500"/></imgdir><imgdir name="move"><canvas name="0" width="78" height="84"><vector name="origin" x="37" y="83"/><vector name="lt" x="-37" y="-83"/><vector name="rb" x="40" y="0"/><vector name="head" x="-18" y="-76"/></canvas><canvas name="1" width="78" height="81"><vector name="origin" x="37" y="81"/><vector name="lt" x="-37" y="-83"/><vector name="rb" x="40" y="0"/><vector name="head" x="-18" y="-76"/></canvas><canvas name="2" width="80" height="82"><vector name="origin" x="39" y="82"/><vector name="lt" x="-37" y="-83"/><vector name="rb" x="40" y="0"/><vector name="head" x="-18" y="-76"/></canvas><canvas name="3" width="81" height="83"><vector name="origin" x="40" y="83"/><vector name="lt" x="-37" y="-83"/><vector name="rb" x="40" y="0"/><vector name="head" x="-18" y="-76"/></canvas><canvas name="4" width="80" height="81"><vector name="origin" x="39" y="81"/><vector name="lt" x="-37" y="-83"/><vector name="rb" x="40" y="0"/><vector name="head" x="-18" y="-76"/></canvas><canvas name="5" width="80" height="82"><vector name="origin" x="39" y="82"/><vector name="lt" x="-37" y="-83"/><vector name="rb" x="40" y="0"/><vector name="head" x="-18" y="-76"/></canvas></imgdir><imgdir name="stand"><canvas name="0" width="80" height="83"><vector name="origin" x="39" y="83"/><vector name="lt" x="-37" y="-83"/><vector name="rb" x="40" y="0"/><vector name="head" x="-18" y="-76"/></canvas><canvas name="1" width="81" height="82"><vector name="origin" x="40" y="82"/><vector name="lt" x="-37" y="-83"/><vector name="rb" x="40" y="0"/><vector name="head" x="-18" y="-76"/></canvas><canvas name="2" width="81" height="81"><vector name="origin" x="40" y="81"/><vector name="lt" x="-37" y="-83"/><vector name="rb" x="40" y="0"/><vector name="head" x="-18" y="-76"/></canvas><canvas name="3" width="80" height="82"><vector name="origin" x="39" y="82"/><vector name="lt" x="-37" y="-83"/><vector name="rb" x="40" y="0"/><vector name="head" x="-18" y="-76"/></canvas><canvas name="4" width="80" height="83"><vector name="origin" x="39" y="83"/><vector name="lt" x="-37" y="-83"/><vector name="rb" x="40" y="0"/><vector name="head" x="-18" y="-76"/></canvas><canvas name="5" width="80" height="84"><vector name="origin" x="39" y="84"/><vector name="lt" x="-37" y="-83"/><vector name="rb" x="40" y="0"/><vector name="head" x="-18" y="-76"/></canvas></imgdir><imgdir name="attack1"><imgdir name="info"><imgdir name="range"><vector name="lt" x="-233" y="-94"/><vector name="rb" x="-33" y="14"/></imgdir><imgdir name="hit"><int name="attach" value="1"/><canvas name="0" width="95" height="126"><vector name="origin" x="46" y="109"/><int name="delay" value="90"/></canvas><canvas name="1" width="98" height="124"><vector name="origin" x="49" y="108"/><int name="delay" value="90"/></canvas><canvas name="2" width="97" height="91"><vector name="origin" x="45" y="90"/><int name="delay" value="90"/></canvas><canvas name="3" width="61" height="62"><vector name="origin" x="30" y="76"/><int name="delay" value="90"/></canvas></imgdir><int name="attackAfter" value="720"/></imgdir><canvas name="0" width="80" height="83"><vector name="origin" x="39" y="83"/><vector name="lt" x="-37" y="-83"/><vector name="rb" x="40" y="0"/><vector name="head" x="-18" y="-76"/><int name="delay" value="120"/></canvas><canvas name="1" width="106" height="87"><vector name="origin" x="64" y="87"/><vector name="lt" x="-37" y="-83"/><vector name="rb" x="40" y="0"/><vector name="head" x="-18" y="-76"/><int name="delay" value="120"/></canvas><canvas name="2" width="101" height="111"><vector name="origin" x="60" y="111"/><vector name="lt" x="-54" y="-106"/><vector name="rb" x="40" y="0"/><vector name="head" x="-18" y="-76"/><int name="delay" value="120"/></canvas><canvas name="3" width="107" height="122"><vector name="origin" x="66" y="122"/><vector name="lt" x="-60" y="-117"/><vector name="rb" x="40" y="0"/><vector name="head" x="-18" y="-76"/><int name="delay" value="120"/></canvas><canvas name="4" width="105" height="129"><vector name="origin" x="64" y="129"/><vector name="lt" x="-58" y="-123"/><vector name="rb" x="40" y="0"/><vector name="head" x="-18" y="-76"/><int name="delay" value="120"/></canvas><canvas name="5" width="160" height="148"><vector name="origin" x="91" y="148"/><vector name="lt" x="-85" y="-83"/><vector name="rb" x="42" y="0"/><vector name="head" x="-18" y="-76"/><int name="delay" value="120"/></canvas><canvas name="6" width="309" height="159"><vector name="origin" x="267" y="144"/><vector name="lt" x="-37" y="-78"/><vector name="rb" x="42" y="0"/><vector name="head" x="-18" y="-76"/><int name="delay" value="120"/></canvas><canvas name="7" width="336" height="94"><vector name="origin" x="295" y="83"/><vector name="lt" x="-37" y="-83"/><vector name="rb" x="40" y="0"/><vector name="head" x="-18" y="-76"/><int name="delay" value="120"/></canvas><canvas name="8" width="336" height="91"><vector name="origin" x="295" y="83"/><vector name="lt" x="-37" y="-83"/><vector name="rb" x="40" y="0"/><vector name="head" x="-18" y="-76"/><int name="delay" value="120"/></canvas><canvas name="9" width="315" height="88"><vector name="origin" x="274" y="83"/><vector name="lt" x="-37" y="-83"/><vector name="rb" x="40" y="0"/><vector name="head" x="-18" y="-76"/><int name="delay" value="120"/></canvas></imgdir><imgdir name="hit1"><canvas name="0" width="92" height="104"><vector name="origin" x="45" y="104"/><vector name="lt" x="-37" y="-83"/><vector name="rb" x="42" y="0"/><vector name="head" x="-18" y="-76"/><int name="delay" value="600"/></canvas></imgdir><imgdir name="die1"><canvas name="0" width="80" height="83"><vector name="origin" x="39" y="83"/><vector name="head" x="-18" y="-76"/><int name="delay" value="120"/></canvas><canvas name="1" width="92" height="104"><vector name="origin" x="21" y="104"/><int name="delay" value="120"/></canvas><canvas name="2" width="94" height="95"><vector name="origin" x="22" y="95"/><int name="delay" value="120"/></canvas><canvas name="3" width="97" height="87"><vector name="origin" x="24" y="88"/><int name="delay" value="120"/></canvas><canvas name="4" width="73" height="85"><vector name="origin" x="4" y="86"/><int name="delay" value="120"/></canvas><canvas name="5" width="69" height="84"><vector name="origin" x="3" y="83"/><int name="delay" value="120"/></canvas><canvas name="6" width="71" height="84"><vector name="origin" x="3" y="87"/><int name="delay" value="120"/></canvas><canvas name="7" width="66" height="71"><vector name="origin" x="-1" y="89"/><int name="delay" value="120"/></canvas><canvas name="8" width="55" height="65"><vector name="origin" x="-9" y="88"/><int name="delay" value="120"/></canvas><canvas name="9" width="56" height="37"><vector name="origin" x="-8" y="88"/><int name="delay" value="120"/></canvas><canvas name="10" width="21" height="15"><vector name="origin" x="-18" y="90"/><int name="delay" value="120"/></canvas></imgdir></imgdir>