<?xml version="1.0" encoding="UTF-8" standalone="yes"?><imgdir name="2400111.img"><imgdir name="info"><int name="firstAttack" value="1"/><int name="bodyAttack" value="1"/><int name="maxHP" value="7100000"/><int name="maxMP" value="20"/><int name="PDRate" value="30"/><int name="MDRate" value="30"/><int name="pushed" value="1300"/><int name="summonType" value="1"/><string name="mobType" value="1N"/><int name="category" value="1"/><string name="chaseSpeed" value="50"/><int name="acc" value="250"/><int name="eva" value="50"/><int name="exp" value="221875"/><int name="level" value="176"/><int name="MADamage" value="946"/><int name="MDDamage" value="500"/><int name="PADamage" value="960"/><int name="PDDamage" value="500"/></imgdir><imgdir name="move"><canvas name="0" width="103" height="100"><vector name="origin" x="63" y="100"/><vector name="lt" x="-63" y="-100"/><vector name="rb" x="39" y="0"/><vector name="head" x="-43" y="-78"/></canvas><canvas name="1" width="103" height="98"><vector name="origin" x="63" y="98"/><vector name="lt" x="-63" y="-99"/><vector name="rb" x="39" y="0"/><vector name="head" x="-43" y="-78"/></canvas><canvas name="2" width="103" height="99"><vector name="origin" x="63" y="99"/><vector name="lt" x="-63" y="-100"/><vector name="rb" x="39" y="0"/><vector name="head" x="-43" y="-78"/></canvas><canvas name="3" width="103" height="100"><vector name="origin" x="63" y="100"/><vector name="lt" x="-63" y="-100"/><vector name="rb" x="39" y="0"/><vector name="head" x="-43" y="-78"/></canvas><canvas name="4" width="103" height="98"><vector name="origin" x="63" y="98"/><vector name="lt" x="-63" y="-100"/><vector name="rb" x="39" y="0"/><vector name="head" x="-43" y="-78"/></canvas><canvas name="5" width="103" height="99"><vector name="origin" x="63" y="99"/><vector name="lt" x="-63" y="-100"/><vector name="rb" x="39" y="0"/><vector name="head" x="-43" y="-78"/></canvas></imgdir><imgdir name="stand"><canvas name="0" width="103" height="99"><vector name="origin" x="63" y="99"/><vector name="lt" x="-63" y="-100"/><vector name="rb" x="39" y="0"/><vector name="head" x="-43" y="-78"/></canvas><canvas name="1" width="103" height="98"><vector name="origin" x="63" y="98"/><vector name="lt" x="-63" y="-99"/><vector name="rb" x="39" y="0"/><vector name="head" x="-43" y="-78"/></canvas><canvas name="2" width="103" height="97"><vector name="origin" x="63" y="97"/><vector name="lt" x="-63" y="-98"/><vector name="rb" x="39" y="0"/><vector name="head" x="-43" y="-78"/></canvas><canvas name="3" width="103" height="98"><vector name="origin" x="63" y="98"/><vector name="lt" x="-63" y="-98"/><vector name="rb" x="39" y="0"/><vector name="head" x="-43" y="-78"/></canvas><canvas name="4" width="103" height="99"><vector name="origin" x="63" y="99"/><vector name="lt" x="-63" y="-99"/><vector name="rb" x="39" y="0"/><vector name="head" x="-43" y="-78"/></canvas><canvas name="5" width="103" height="100"><vector name="origin" x="63" y="100"/><vector name="lt" x="-63" y="-100"/><vector name="rb" x="39" y="0"/><vector name="head" x="-43" y="-78"/></canvas></imgdir><imgdir name="chase"><canvas name="0" width="104" height="100"><vector name="origin" x="64" y="101"/><int name="delay" value="90"/><vector name="lt" x="-64" y="-102"/><vector name="rb" x="39" y="-1"/><vector name="head" x="-43" y="-78"/></canvas><canvas name="1" width="119" height="99"><vector name="origin" x="79" y="99"/><int name="delay" value="90"/><vector name="lt" x="-63" y="-100"/><vector name="rb" x="39" y="0"/><vector name="head" x="-43" y="-78"/></canvas><canvas name="2" width="121" height="100"><vector name="origin" x="81" y="102"/><int name="delay" value="90"/><vector name="lt" x="-63" y="-100"/><vector name="rb" x="39" y="0"/><vector name="head" x="-43" y="-78"/></canvas><canvas name="3" width="121" height="99"><vector name="origin" x="81" y="101"/><int name="delay" value="90"/><vector name="lt" x="-63" y="-100"/><vector name="rb" x="39" y="0"/><vector name="head" x="-43" y="-78"/></canvas><canvas name="4" width="121" height="99"><vector name="origin" x="81" y="99"/><int name="delay" value="90"/><vector name="lt" x="-63" y="-100"/><vector name="rb" x="39" y="0"/><vector name="head" x="-43" y="-78"/></canvas><canvas name="5" width="104" height="99"><vector name="origin" x="64" y="102"/><int name="delay" value="90"/><vector name="lt" x="-63" y="-100"/><vector name="rb" x="39" y="0"/><vector name="head" x="-43" y="-78"/></canvas></imgdir><imgdir name="hit1"><canvas name="0" width="135" height="119"><vector name="origin" x="66" y="119"/><vector name="lt" x="-66" y="-115"/><vector name="rb" x="41" y="0"/><vector name="head" x="-18" y="-76"/><int name="delay" value="600"/></canvas></imgdir><imgdir name="die1"><canvas name="0" width="103" height="99"><vector name="origin" x="63" y="99"/><vector name="head" x="-18" y="-76"/><int name="delay" value="120"/></canvas><canvas name="1" width="148" height="117"><vector name="origin" x="46" y="124"/><int name="delay" value="120"/></canvas><canvas name="2" width="141" height="110"><vector name="origin" x="40" y="111"/><int name="delay" value="120"/></canvas><canvas name="3" width="142" height="94"><vector name="origin" x="43" y="91"/><int name="delay" value="120"/></canvas><canvas name="4" width="123" height="101"><vector name="origin" x="25" y="101"/><int name="delay" value="120"/></canvas><canvas name="5" width="118" height="102"><vector name="origin" x="14" y="102"/><int name="delay" value="120"/></canvas><canvas name="6" width="125" height="93"><vector name="origin" x="9" y="91"/><int name="delay" value="120"/></canvas><canvas name="7" width="124" height="116"><vector name="origin" x="5" y="113"/><int name="delay" value="120"/></canvas><canvas name="8" width="115" height="117"><vector name="origin" x="-3" y="112"/><int name="delay" value="120"/></canvas><canvas name="9" width="112" height="110"><vector name="origin" x="-9" y="111"/><int name="delay" value="120"/></canvas><canvas name="10" width="98" height="115"><vector name="origin" x="-17" y="112"/><int name="delay" value="120"/></canvas><canvas name="11" width="92" height="98"><vector name="origin" x="-25" y="114"/><int name="delay" value="120"/></canvas><canvas name="12" width="76" height="97"><vector name="origin" x="-35" y="114"/><int name="delay" value="120"/></canvas><canvas name="13" width="78" height="98"><vector name="origin" x="-33" y="113"/><int name="delay" value="120"/></canvas><canvas name="14" width="36" height="102"><vector name="origin" x="-50" y="116"/><int name="delay" value="120"/></canvas></imgdir></imgdir>