<?xml version="1.0" encoding="UTF-8" standalone="yes"?><imgdir name="2400113.img"><imgdir name="info"><int name="firstAttack" value="1"/><imgdir name="attack"><imgdir name="0"><int name="action" value="1"/><int name="attackRatio" value="100"/><int name="type" value="0"/></imgdir></imgdir><int name="bodyAttack" value="1"/><int name="maxHP" value="7300000"/><int name="maxMP" value="3000"/><int name="speed" value="0"/><int name="PDRate" value="30"/><int name="MDRate" value="30"/><int name="pushed" value="1300"/><float name="fs" value="10.0"/><int name="summonType" value="1"/><int name="category" value="8"/><string name="mobType" value="7N"/><int name="acc" value="250"/><int name="eva" value="50"/><int name="exp" value="228125"/><int name="level" value="176"/><int name="MADamage" value="946"/><int name="MDDamage" value="500"/><int name="PADamage" value="960"/><int name="PDDamage" value="500"/></imgdir><imgdir name="move"><canvas name="0" width="136" height="153"><vector name="origin" x="60" y="137"/><vector name="head" x="-10" y="-117"/><vector name="lt" x="-60" y="-130"/><vector name="rb" x="66" y="0"/><int name="delay" value="120"/></canvas><canvas name="1" width="136" height="155"><vector name="origin" x="60" y="138"/><vector name="head" x="-10" y="-117"/><vector name="lt" x="-60" y="-130"/><vector name="rb" x="66" y="0"/><int name="delay" value="120"/></canvas><canvas name="2" width="136" height="154"><vector name="origin" x="60" y="140"/><vector name="head" x="-10" y="-117"/><vector name="lt" x="-60" y="-134"/><vector name="rb" x="66" y="0"/><int name="delay" value="120"/></canvas><canvas name="3" width="136" height="153"><vector name="origin" x="60" y="141"/><vector name="head" x="-10" y="-117"/><vector name="lt" x="-60" y="-134"/><vector name="rb" x="66" y="0"/><int name="delay" value="120"/></canvas><canvas name="4" width="136" height="151"><vector name="origin" x="60" y="140"/><vector name="head" x="-10" y="-117"/><vector name="lt" x="-60" y="-131"/><vector name="rb" x="66" y="0"/><int name="delay" value="120"/></canvas><canvas name="5" width="136" height="151"><vector name="origin" x="60" y="138"/><vector name="head" x="-10" y="-117"/><vector name="lt" x="-60" y="-130"/><vector name="rb" x="66" y="0"/><int name="delay" value="120"/></canvas></imgdir><imgdir name="stand"><canvas name="0" width="136" height="153"><vector name="origin" x="60" y="137"/><vector name="head" x="-10" y="-117"/><vector name="lt" x="-60" y="-131"/><vector name="rb" x="66" y="0"/><int name="delay" value="120"/></canvas><canvas name="1" width="136" height="153"><vector name="origin" x="60" y="138"/><vector name="head" x="-10" y="-117"/><vector name="lt" x="-60" y="-131"/><vector name="rb" x="66" y="0"/><int name="delay" value="120"/></canvas><canvas name="2" width="136" height="153"><vector name="origin" x="60" y="139"/><vector name="head" x="-10" y="-117"/><vector name="lt" x="-60" y="-131"/><vector name="rb" x="66" y="0"/><int name="delay" value="120"/></canvas><canvas name="3" width="136" height="151"><vector name="origin" x="60" y="138"/><vector name="head" x="-10" y="-117"/><vector name="lt" x="-60" y="-131"/><vector name="rb" x="66" y="0"/><int name="delay" value="120"/></canvas><canvas name="4" width="136" height="152"><vector name="origin" x="60" y="137"/><vector name="head" x="-10" y="-117"/><vector name="lt" x="-60" y="-131"/><vector name="rb" x="66" y="0"/><int name="delay" value="120"/></canvas><canvas name="5" width="136" height="153"><vector name="origin" x="60" y="136"/><vector name="head" x="-10" y="-117"/><vector name="lt" x="-60" y="-131"/><vector name="rb" x="66" y="0"/><int name="delay" value="120"/></canvas></imgdir><imgdir name="attack1"><imgdir name="info"><imgdir name="range"><vector name="lt" x="-330" y="-113"/><vector name="rb" x="-97" y="0"/></imgdir><imgdir name="hit"><int name="attach" value="1"/><canvas name="0" width="131" height="167"><vector name="origin" x="66" y="119"/><int name="delay" value="90"/></canvas><canvas name="1" width="153" height="143"><vector name="origin" x="79" y="106"/><int name="delay" value="90"/></canvas><canvas name="2" width="164" height="126"><vector name="origin" x="86" y="101"/><int name="delay" value="90"/></canvas><canvas name="3" width="157" height="127"><vector name="origin" x="84" y="99"/><int name="delay" value="90"/></canvas><canvas name="4" width="125" height="99"><vector name="origin" x="64" y="86"/><int name="delay" value="90"/></canvas></imgdir><int name="attackAfter" value="1080"/></imgdir><canvas name="0" width="136" height="153"><vector name="origin" x="60" y="137"/><vector name="head" x="-10" y="-117"/><vector name="lt" x="-55" y="-130"/><vector name="rb" x="66" y="0"/><int name="delay" value="120"/></canvas><canvas name="1" width="189" height="167"><vector name="origin" x="34" y="137"/><vector name="head" x="-10" y="-117"/><vector name="lt" x="-28" y="-128"/><vector name="rb" x="147" y="0"/><int name="delay" value="120"/></canvas><canvas name="2" width="188" height="182"><vector name="origin" x="25" y="137"/><vector name="head" x="-10" y="-117"/><vector name="lt" x="-18" y="-130"/><vector name="rb" x="153" y="0"/><int name="delay" value="120"/></canvas><canvas name="3" width="188" height="168"><vector name="origin" x="21" y="137"/><vector name="head" x="-10" y="-117"/><vector name="lt" x="-13" y="-130"/><vector name="rb" x="158" y="0"/><int name="delay" value="120"/></canvas><canvas name="4" width="188" height="166"><vector name="origin" x="19" y="137"/><vector name="head" x="-10" y="-117"/><vector name="lt" x="-12" y="-130"/><vector name="rb" x="161" y="0"/><int name="delay" value="120"/></canvas><canvas name="5" width="188" height="152"><vector name="origin" x="18" y="137"/><vector name="head" x="-10" y="-117"/><vector name="lt" x="-10" y="-130"/><vector name="rb" x="162" y="0"/><int name="delay" value="120"/></canvas><canvas name="6" width="188" height="190"><vector name="origin" x="17" y="182"/><vector name="head" x="-10" y="-117"/><vector name="lt" x="-14" y="-130"/><vector name="rb" x="161" y="0"/><int name="delay" value="120"/></canvas><canvas name="7" width="211" height="154"><vector name="origin" x="40" y="150"/><vector name="head" x="-10" y="-117"/><vector name="lt" x="-13" y="-130"/><vector name="rb" x="163" y="0"/><int name="delay" value="120"/></canvas><canvas name="8" width="353" height="238"><vector name="origin" x="312" y="194"/><vector name="head" x="-10" y="-117"/><vector name="lt" x="-95" y="-130"/><vector name="rb" x="36" y="0"/><int name="delay" value="120"/></canvas><canvas name="9" width="372" height="272"><vector name="origin" x="330" y="220"/><vector name="lt" x="-98" y="-130"/><vector name="rb" x="36" y="0"/><vector name="head" x="-10" y="-117"/><int name="delay" value="120"/></canvas><canvas name="10" width="367" height="275"><vector name="origin" x="324" y="217"/><vector name="head" x="-10" y="-117"/><vector name="lt" x="-100" y="-130"/><vector name="rb" x="34" y="0"/><int name="delay" value="120"/></canvas><canvas name="11" width="378" height="285"><vector name="origin" x="329" y="220"/><vector name="head" x="-10" y="-117"/><vector name="lt" x="-98" y="-130"/><vector name="rb" x="16" y="0"/><int name="delay" value="120"/></canvas><canvas name="12" width="384" height="290"><vector name="origin" x="329" y="220"/><vector name="head" x="-10" y="-117"/><vector name="lt" x="-186" y="-130"/><vector name="rb" x="16" y="0"/><int name="delay" value="120"/></canvas><canvas name="13" width="346" height="141"><vector name="origin" x="322" y="137"/><vector name="head" x="-10" y="-117"/><vector name="lt" x="-185" y="-129"/><vector name="rb" x="-5" y="0"/><int name="delay" value="120"/></canvas><canvas name="14" width="355" height="143"><vector name="origin" x="335" y="137"/><vector name="head" x="-10" y="-117"/><vector name="lt" x="-184" y="-130"/><vector name="rb" x="0" y="0"/><int name="delay" value="120"/></canvas><canvas name="15" width="202" height="142"><vector name="origin" x="184" y="137"/><vector name="head" x="-10" y="-117"/><vector name="lt" x="-177" y="-130"/><vector name="rb" x="0" y="0"/><int name="delay" value="120"/></canvas><canvas name="16" width="188" height="141"><vector name="origin" x="72" y="137"/><vector name="head" x="-10" y="-117"/><vector name="lt" x="-67" y="-130"/><vector name="rb" x="112" y="0"/><int name="delay" value="120"/></canvas><uol name="17" value="../stand/0"/><uol name="18" value="../stand/1"/><uol name="19" value="../stand/2"/><uol name="20" value="../stand/3"/><uol name="21" value="../stand/4"/><uol name="22" value="../stand/5"/></imgdir><imgdir name="hit1"><canvas name="0" width="155" height="167"><vector name="origin" x="22" y="153"/><vector name="head" x="-5" y="-107"/><vector name="lt" x="-18" y="-130"/><vector name="rb" x="110" y="0"/><int name="delay" value="600"/></canvas></imgdir><imgdir name="die1"><canvas name="0" width="136" height="153"><vector name="origin" x="60" y="137"/><vector name="head" x="-5" y="-107"/></canvas><canvas name="1" width="155" height="167"><vector name="origin" x="22" y="153"/></canvas><canvas name="2" width="148" height="157"><vector name="origin" x="12" y="145"/></canvas><canvas name="3" width="142" height="150"><vector name="origin" x="7" y="140"/></canvas><canvas name="4" width="140" height="146"><vector name="origin" x="4" y="139"/></canvas><canvas name="5" width="135" height="134"><vector name="origin" x="1" y="134"/></canvas><canvas name="6" width="91" height="130"><vector name="origin" x="-18" y="137"/></canvas><canvas name="7" width="92" height="98"><vector name="origin" x="-18" y="142"/></canvas><canvas name="8" width="73" height="63"><vector name="origin" x="-32" y="141"/></canvas><canvas name="9" width="69" height="49"><vector name="origin" x="-38" y="139"/></canvas></imgdir></imgdir>