<?xml version="1.0" encoding="UTF-8" standalone="yes"?><imgdir name="2500100.img"><imgdir name="info"><int name="minion" value="1"/><int name="forward" value="1"/><int name="partyBonusMob" value="1"/><int name="level" value="50"/><int name="bodyAttack" value="1"/><int name="maxHP" value="15840"/><int name="maxMP" value="10000"/><int name="PADamage" value="297"/><int name="PDDamage" value="50"/><int name="PDRate" value="20"/><int name="MADamage" value="297"/><int name="MDDamage" value="40"/><int name="MDRate" value="20"/><int name="acc" value="100"/><int name="pushed" value="300"/><float name="fs" value="10.0"/><int name="boss" value="1"/><int name="exp" value="328"/><int name="summonType" value="1"/><int name="category" value="1"/><string name="mobType" value="7N"/></imgdir><imgdir name="move"><canvas name="0" width="143" height="104"><vector name="origin" x="89" y="104"/><vector name="lt" x="-41" y="-86"/><vector name="rb" x="19" y="0"/><vector name="head" x="-12" y="-92"/><int name="delay" value="150"/></canvas><canvas name="1" width="143" height="107"><vector name="origin" x="90" y="107"/><vector name="lt" x="-41" y="-86"/><vector name="rb" x="19" y="0"/><vector name="head" x="-12" y="-92"/><int name="delay" value="150"/></canvas><canvas name="2" width="141" height="104"><vector name="origin" x="89" y="104"/><vector name="lt" x="-41" y="-86"/><vector name="rb" x="19" y="0"/><vector name="head" x="-12" y="-92"/><int name="delay" value="150"/></canvas><canvas name="3" width="143" height="107"><vector name="origin" x="90" y="107"/><vector name="lt" x="-41" y="-86"/><vector name="rb" x="19" y="0"/><vector name="head" x="-12" y="-92"/><int name="delay" value="150"/></canvas></imgdir><imgdir name="attack1"><imgdir name="info"><imgdir name="range"><vector name="lt" x="-321" y="-64"/><vector name="rb" x="0" y="0"/></imgdir><imgdir name="hit"><canvas name="0" width="155" height="99"><vector name="origin" x="72" y="76"/><int name="z" value="0"/><int name="delay" value="90"/></canvas><canvas name="1" width="110" height="100"><vector name="origin" x="54" y="75"/><int name="z" value="0"/><int name="delay" value="90"/></canvas><canvas name="2" width="101" height="102"><vector name="origin" x="50" y="77"/><int name="z" value="0"/><int name="delay" value="90"/></canvas><canvas name="3" width="105" height="102"><vector name="origin" x="52" y="77"/><int name="z" value="0"/><int name="delay" value="90"/></canvas><canvas name="4" width="91" height="94"><vector name="origin" x="48" y="73"/><int name="z" value="0"/><vector name="lt" x="-25" y="-57"/><vector name="rb" x="32" y="0"/><vector name="head" x="-8" y="-56"/><int name="delay" value="120"/></canvas><canvas name="5" width="87" height="82"><vector name="origin" x="43" y="62"/><int name="z" value="0"/><vector name="lt" x="-25" y="-57"/><vector name="rb" x="32" y="0"/><vector name="head" x="-8" y="-56"/><int name="delay" value="120"/></canvas><int name="pos" value="3"/></imgdir><int name="effectAfter" value="0"/><int name="attackAfter" value="750"/><int name="type" value="0"/></imgdir><canvas name="0" width="133" height="105"><vector name="origin" x="89" y="105"/><vector name="lt" x="-41" y="-86"/><vector name="rb" x="19" y="0"/><vector name="head" x="-12" y="-92"/><int name="delay" value="150"/></canvas><canvas name="1" width="145" height="109"><vector name="origin" x="79" y="109"/><vector name="lt" x="-41" y="-86"/><vector name="rb" x="19" y="0"/><vector name="head" x="-12" y="-92"/><int name="delay" value="150"/></canvas><canvas name="2" width="149" height="109"><vector name="origin" x="80" y="109"/><vector name="lt" x="-41" y="-86"/><vector name="rb" x="19" y="0"/><vector name="head" x="-12" y="-92"/><int name="delay" value="150"/></canvas><canvas name="3" width="154" height="109"><vector name="origin" x="81" y="109"/><vector name="lt" x="-41" y="-86"/><vector name="rb" x="19" y="0"/><vector name="head" x="-12" y="-92"/><int name="delay" value="150"/></canvas><canvas name="4" width="378" height="111"><vector name="origin" x="253" y="96"/><vector name="lt" x="-70" y="-76"/><vector name="rb" x="-3" y="0"/><vector name="head" x="-12" y="-92"/><int name="delay" value="150"/></canvas><canvas name="5" width="437" height="99"><vector name="origin" x="322" y="98"/><vector name="lt" x="-70" y="-76"/><vector name="rb" x="-3" y="0"/><vector name="head" x="-12" y="-92"/><int name="delay" value="150"/></canvas><canvas name="6" width="446" height="105"><vector name="origin" x="326" y="105"/><vector name="lt" x="-41" y="-86"/><vector name="rb" x="19" y="0"/><vector name="head" x="-12" y="-92"/><int name="delay" value="150"/></canvas><canvas name="7" width="410" height="105"><vector name="origin" x="312" y="105"/><vector name="lt" x="-41" y="-86"/><vector name="rb" x="19" y="0"/><vector name="head" x="-12" y="-92"/><int name="delay" value="150"/></canvas></imgdir><imgdir name="stand"><canvas name="0" width="133" height="105"><vector name="origin" x="89" y="105"/><vector name="lt" x="-41" y="-86"/><vector name="rb" x="19" y="0"/><vector name="head" x="-12" y="-92"/><int name="delay" value="150"/></canvas><canvas name="1" width="133" height="103"><vector name="origin" x="90" y="103"/><vector name="lt" x="-41" y="-86"/><vector name="rb" x="19" y="0"/><vector name="head" x="-12" y="-92"/><int name="delay" value="150"/></canvas><canvas name="2" width="133" height="104"><vector name="origin" x="89" y="104"/><vector name="lt" x="-41" y="-86"/><vector name="rb" x="19" y="0"/><vector name="head" x="-12" y="-92"/><int name="delay" value="150"/></canvas><canvas name="3" width="132" height="105"><vector name="origin" x="88" y="105"/><vector name="lt" x="-41" y="-86"/><vector name="rb" x="19" y="0"/><vector name="head" x="-12" y="-92"/><int name="delay" value="150"/></canvas></imgdir><imgdir name="hit1"><canvas name="0" width="137" height="116"><vector name="origin" x="78" y="116"/><int name="delay" value="600"/><vector name="lt" x="-32" y="-90"/><vector name="rb" x="26" y="0"/><vector name="head" x="-7" y="-64"/></canvas></imgdir><imgdir name="die1"><canvas name="0" width="133" height="105"><vector name="origin" x="89" y="105"/><vector name="head" x="-12" y="-92"/><int name="delay" value="150"/></canvas><canvas name="1" width="137" height="116"><vector name="origin" x="41" y="116"/><vector name="head" x="-12" y="-92"/><int name="delay" value="150"/></canvas><canvas name="2" width="135" height="106"><vector name="origin" x="39" y="106"/><vector name="head" x="-12" y="-92"/><int name="delay" value="150"/></canvas><canvas name="3" width="129" height="105"><vector name="origin" x="38" y="104"/><int name="delay" value="150"/></canvas><canvas name="4" width="154" height="115"><vector name="origin" x="38" y="113"/><int name="delay" value="150"/></canvas><canvas name="5" width="160" height="125"><vector name="origin" x="45" y="123"/><int name="delay" value="150"/></canvas><canvas name="6" width="149" height="184"><vector name="origin" x="44" y="181"/><int name="delay" value="150"/></canvas><canvas name="7" width="134" height="182"><vector name="origin" x="29" y="181"/><int name="delay" value="150"/></canvas><canvas name="8" width="131" height="182"><vector name="origin" x="28" y="181"/><int name="delay" value="150"/></canvas><canvas name="9" width="121" height="144"><vector name="origin" x="27" y="142"/><int name="delay" value="150"/></canvas><canvas name="10" width="23" height="25"><vector name="origin" x="-45" y="54"/><int name="delay" value="150"/></canvas></imgdir></imgdir>