<?xml version="1.0" encoding="UTF-8" standalone="yes"?><imgdir name="3000002.img"><imgdir name="info"><int name="bodyAttack" value="1"/><int name="level" value="30"/><int name="maxHP" value="800"/><int name="maxMP" value="175"/><int name="speed" value="10"/><int name="PADamage" value="80"/><int name="PDDamage" value="85"/><int name="MADamage" value="0"/><int name="MDDamage" value="105"/><int name="acc" value="145"/><int name="eva" value="25"/><int name="exp" value="120"/><int name="undead" value="0"/><int name="pushed" value="300"/><float name="fs" value="10.0"/><int name="summonType" value="1"/><string name="link" value="3000001"/><int name="mobType" value="5"/><imgdir name="skill"><imgdir name="0"><int name="skill" value="111"/><int name="action" value="1"/><int name="level" value="1"/><int name="effectAfter" value="0"/></imgdir><imgdir name="1"><int name="skill" value="120"/><int name="action" value="1"/><int name="level" value="1"/><int name="effectAfter" value="0"/></imgdir></imgdir></imgdir></imgdir>