<?xml version="1.0" encoding="UTF-8" standalone="yes"?><imgdir name="3110301.img"><imgdir name="info"><int name="bodyAttack" value="1"/><int name="level" value="32"/><int name="maxHP" value="1000"/><int name="maxMP" value="40"/><int name="speed" value="-30"/><int name="PADamage" value="90"/><int name="PDDamage" value="40"/><int name="MADamage" value="0"/><int name="MDDamage" value="40"/><int name="acc" value="70"/><int name="eva" value="12"/><int name="exp" value="62"/><int name="undead" value="0"/><int name="pushed" value="0"/><string name="elemAttr" value="F2I3"/><float name="fs" value="10.0"/><int name="summonType" value="1"/><int name="mobType" value="5"/></imgdir><imgdir name="move"><canvas name="0" width="119" height="102"><vector name="origin" x="57" y="101"/><vector name="lt" x="-56" y="-79"/><vector name="rb" x="62" y="0"/><vector name="head" x="-1" y="-103"/><int name="delay" value="150"/></canvas><canvas name="1" width="119" height="101"><vector name="origin" x="58" y="100"/><vector name="lt" x="-58" y="-81"/><vector name="rb" x="60" y="3"/><vector name="head" x="0" y="-100"/><int name="delay" value="150"/></canvas><canvas name="2" width="121" height="102"><vector name="origin" x="58" y="101"/><vector name="lt" x="-57" y="-81"/><vector name="rb" x="63" y="1"/><vector name="head" x="0" y="-101"/><int name="delay" value="150"/></canvas><canvas name="3" width="120" height="101"><vector name="origin" x="59" y="100"/><vector name="lt" x="-59" y="-82"/><vector name="rb" x="61" y="0"/><vector name="head" x="0" y="-101"/><int name="delay" value="150"/></canvas><canvas name="4" width="119" height="101"><vector name="origin" x="58" y="101"/><vector name="lt" x="-58" y="-83"/><vector name="rb" x="61" y="-1"/><vector name="head" x="0" y="-102"/><int name="delay" value="150"/></canvas><canvas name="5" width="121" height="100"><vector name="origin" x="58" y="100"/><vector name="lt" x="-58" y="-80"/><vector name="rb" x="63" y="1"/><vector name="head" x="0" y="-101"/><int name="delay" value="150"/></canvas></imgdir><imgdir name="stand"><canvas name="0" width="120" height="100"><vector name="origin" x="58" y="100"/><int name="delay" value="150"/><vector name="lt" x="-58" y="-83"/><vector name="rb" x="62" y="0"/><vector name="head" x="0" y="-100"/></canvas><canvas name="1" width="120" height="101"><vector name="origin" x="58" y="101"/><int name="delay" value="150"/><vector name="lt" x="-58" y="-71"/><vector name="rb" x="62" y="0"/><vector name="head" x="0" y="-101"/></canvas><canvas name="2" width="120" height="102"><vector name="origin" x="58" y="102"/><int name="delay" value="150"/><vector name="lt" x="-58" y="-67"/><vector name="rb" x="62" y="0"/><vector name="head" x="-1" y="-102"/></canvas><canvas name="3" width="120" height="103"><vector name="origin" x="58" y="103"/><int name="delay" value="150"/><vector name="lt" x="-58" y="-75"/><vector name="rb" x="62" y="0"/><vector name="head" x="0" y="-103"/></canvas><canvas name="4" width="120" height="102"><vector name="origin" x="58" y="102"/><int name="delay" value="150"/><vector name="lt" x="-58" y="-70"/><vector name="rb" x="62" y="-1"/><vector name="head" x="0" y="-102"/></canvas><canvas name="5" width="120" height="101"><vector name="origin" x="58" y="101"/><int name="delay" value="150"/><vector name="lt" x="-58" y="-81"/><vector name="rb" x="62" y="0"/><vector name="head" x="0" y="-101"/></canvas></imgdir><imgdir name="attack1"><imgdir name="info"><imgdir name="range"><vector name="lt" x="-80" y="-65"/><vector name="rb" x="48" y="17"/></imgdir><imgdir name="hit"><canvas name="0" width="94" height="107"><vector name="origin" x="44" y="54"/><int name="delay" value="30"/></canvas><canvas name="1" width="78" height="75"><vector name="origin" x="35" y="35"/><int name="delay" value="30"/></canvas><canvas name="2" width="66" height="63"><vector name="origin" x="29" y="29"/><int name="delay" value="30"/></canvas></imgdir><int name="type" value="0"/><int name="conMP" value="2"/><int name="attackAfter" value="600"/><string name="elemAttr" value="F"/><int name="PADamage" value="125"/></imgdir><canvas name="0" width="99" height="103"><vector name="origin" x="46" y="103"/><vector name="lt" x="-47" y="-75"/><vector name="rb" x="53" y="0"/><vector name="head" x="0" y="-103"/><int name="delay" value="150"/></canvas><canvas name="1" width="97" height="102"><vector name="origin" x="46" y="102"/><vector name="lt" x="-46" y="-74"/><vector name="rb" x="51" y="0"/><vector name="head" x="-1" y="-102"/><int name="delay" value="150"/></canvas><canvas name="2" width="106" height="96"><vector name="origin" x="55" y="96"/><vector name="lt" x="-56" y="-71"/><vector name="rb" x="50" y="-1"/><vector name="head" x="-1" y="-96"/><int name="delay" value="150"/></canvas><canvas name="4" width="112" height="103"><vector name="origin" x="59" y="98"/><vector name="lt" x="-48" y="-71"/><vector name="rb" x="54" y="0"/><vector name="head" x="-1" y="-99"/><int name="delay" value="150"/></canvas><canvas name="3" width="109" height="98"><vector name="origin" x="56" y="98"/><vector name="lt" x="-57" y="-72"/><vector name="rb" x="53" y="0"/><vector name="head" x="0" y="-99"/><int name="delay" value="150"/></canvas><canvas name="5" width="110" height="102"><vector name="origin" x="59" y="98"/><vector name="lt" x="-47" y="-75"/><vector name="rb" x="51" y="0"/><vector name="head" x="0" y="-98"/><int name="delay" value="300"/></canvas><canvas name="6" width="110" height="101"><vector name="origin" x="59" y="98"/><vector name="lt" x="-49" y="-75"/><vector name="rb" x="51" y="0"/><vector name="head" x="0" y="-99"/><int name="delay" value="150"/></canvas><canvas name="7" width="109" height="98"><vector name="origin" x="58" y="98"/><vector name="lt" x="-49" y="-69"/><vector name="rb" x="50" y="-1"/><vector name="head" x="0" y="-99"/><int name="delay" value="150"/></canvas><canvas name="8" width="101" height="101"><vector name="origin" x="47" y="99"/><vector name="lt" x="-47" y="-68"/><vector name="rb" x="54" y="0"/><vector name="head" x="0" y="-100"/><int name="delay" value="150"/></canvas><canvas name="9" width="99" height="101"><vector name="origin" x="46" y="100"/><vector name="lt" x="-47" y="-71"/><vector name="rb" x="53" y="0"/><vector name="head" x="0" y="-101"/><int name="delay" value="150"/></canvas><canvas name="10" width="97" height="103"><vector name="origin" x="46" y="103"/><vector name="lt" x="-47" y="-71"/><vector name="rb" x="51" y="0"/><vector name="head" x="0" y="-103"/><int name="delay" value="150"/></canvas><canvas name="11" width="97" height="103"><vector name="origin" x="46" y="103"/><vector name="lt" x="-47" y="-80"/><vector name="rb" x="51" y="0"/><vector name="head" x="0" y="-103"/><int name="delay" value="150"/></canvas><canvas name="12" width="97" height="103"><vector name="origin" x="46" y="103"/><vector name="lt" x="-47" y="-68"/><vector name="rb" x="51" y="0"/><vector name="head" x="-1" y="-104"/><int name="delay" value="300"/></canvas></imgdir><imgdir name="hit1"><canvas name="0" width="116" height="111"><vector name="origin" x="53" y="111"/><int name="delay" value="600"/><vector name="lt" x="-52" y="-81"/><vector name="rb" x="62" y="-1"/><vector name="head" x="0" y="-111"/></canvas></imgdir><imgdir name="die1"><canvas name="0" width="116" height="111"><vector name="origin" x="53" y="111"/><vector name="head" x="1" y="-112"/><int name="delay" value="150"/></canvas><canvas name="1" width="118" height="111"><vector name="origin" x="54" y="111"/><vector name="head" x="0" y="-111"/><int name="delay" value="150"/></canvas><canvas name="2" width="116" height="111"><vector name="origin" x="53" y="111"/><vector name="head" x="0" y="-112"/><int name="delay" value="150"/></canvas><canvas name="3" width="118" height="91"><vector name="origin" x="56" y="90"/><vector name="head" x="-7" y="-90"/><int name="delay" value="150"/></canvas><canvas name="4" width="118" height="76"><vector name="origin" x="56" y="74"/><vector name="head" x="-2" y="-74"/><int name="delay" value="150"/></canvas><canvas name="5" width="116" height="75"><vector name="origin" x="54" y="73"/><vector name="head" x="-1" y="-73"/><int name="delay" value="180"/><int name="a0" value="255"/><int name="a1" value="0"/></canvas></imgdir></imgdir>