<?xml version="1.0" encoding="UTF-8" standalone="yes"?><imgdir name="3210450.img"><imgdir name="info"><int name="bodyAttack" value="1"/><int name="level" value="36"/><int name="maxHP" value="1430"/><int name="maxMP" value="0"/><int name="speed" value="25"/><int name="PADamage" value="120"/><int name="PDDamage" value="90"/><int name="MADamage" value="0"/><int name="MDDamage" value="155"/><int name="acc" value="100"/><int name="eva" value="18"/><int name="exp" value="80"/><int name="undead" value="0"/><int name="pushed" value="0"/><string name="elemAttr" value="I2F2"/><float name="fs" value="10.0"/><int name="summonType" value="1"/><int name="mobType" value="0"/></imgdir><imgdir name="move"><canvas name="0" width="48" height="51"><vector name="origin" x="22" y="66"/><vector name="lt" x="-22" y="-66"/><vector name="rb" x="26" y="-15"/><vector name="head" x="-4" y="-57"/><int name="delay" value="120"/></canvas><canvas name="1" width="48" height="50"><vector name="origin" x="22" y="68"/><vector name="lt" x="-22" y="-68"/><vector name="rb" x="26" y="-18"/><vector name="head" x="-4" y="-58"/><int name="delay" value="120"/></canvas><canvas name="2" width="50" height="53"><vector name="origin" x="24" y="70"/><vector name="lt" x="-22" y="-69"/><vector name="rb" x="26" y="-17"/><vector name="head" x="-4" y="-59"/><int name="delay" value="120"/></canvas><canvas name="3" width="48" height="56"><vector name="origin" x="22" y="76"/><vector name="lt" x="-22" y="-69"/><vector name="rb" x="26" y="-20"/><vector name="head" x="-4" y="-60"/><int name="delay" value="120"/></canvas><canvas name="4" width="48" height="63"><vector name="origin" x="22" y="80"/><vector name="lt" x="-22" y="-69"/><vector name="rb" x="26" y="-17"/><vector name="head" x="-4" y="-59"/><int name="delay" value="120"/></canvas><canvas name="5" width="48" height="50"><vector name="origin" x="22" y="68"/><vector name="lt" x="-22" y="-68"/><vector name="rb" x="26" y="-18"/><vector name="head" x="-4" y="-58"/><int name="delay" value="120"/></canvas></imgdir><imgdir name="stand"><canvas name="0" width="44" height="52"><vector name="origin" x="22" y="67"/><vector name="lt" x="-22" y="-67"/><vector name="rb" x="22" y="-15"/><vector name="head" x="-4" y="-57"/><int name="delay" value="150"/></canvas><canvas name="1" width="44" height="50"><vector name="origin" x="22" y="67"/><vector name="lt" x="-22" y="-67"/><vector name="rb" x="22" y="-17"/><vector name="head" x="-4" y="-58"/><int name="delay" value="150"/></canvas><canvas name="2" width="48" height="53"><vector name="origin" x="27" y="70"/><vector name="lt" x="-22" y="-67"/><vector name="rb" x="21" y="-17"/><vector name="head" x="-4" y="-59"/><int name="delay" value="150"/></canvas><canvas name="3" width="48" height="58"><vector name="origin" x="26" y="77"/><vector name="lt" x="-22" y="-67"/><vector name="rb" x="22" y="-19"/><vector name="head" x="-4" y="-60"/><int name="delay" value="150"/></canvas><canvas name="4" width="47" height="63"><vector name="origin" x="25" y="80"/><vector name="lt" x="-22" y="-68"/><vector name="rb" x="22" y="-17"/><vector name="head" x="-4" y="-59"/><int name="delay" value="150"/></canvas><canvas name="5" width="43" height="51"><vector name="origin" x="22" y="68"/><vector name="lt" x="-22" y="-68"/><vector name="rb" x="21" y="-17"/><vector name="head" x="-4" y="-58"/><int name="delay" value="150"/></canvas></imgdir><imgdir name="hit1"><canvas name="0" width="65" height="51"><vector name="origin" x="30" y="68"/><vector name="lt" x="-22" y="-68"/><vector name="rb" x="25" y="-17"/><vector name="head" x="-3" y="-59"/><int name="delay" value="600"/></canvas></imgdir><imgdir name="die1"><canvas name="0" width="50" height="51"><vector name="origin" x="25" y="68"/><vector name="head" x="-5" y="-58"/><int name="delay" value="120"/></canvas><canvas name="1" width="54" height="46"><vector name="origin" x="27" y="62"/><vector name="head" x="-4" y="-54"/><int name="delay" value="120"/></canvas><canvas name="2" width="53" height="47"><vector name="origin" x="25" y="62"/><vector name="head" x="-4" y="-53"/><int name="delay" value="120"/></canvas><canvas name="3" width="48" height="49"><vector name="origin" x="25" y="63"/><vector name="head" x="-4" y="-52"/><int name="delay" value="120"/></canvas><canvas name="4" width="48" height="57"><vector name="origin" x="25" y="70"/><vector name="head" x="-4" y="-51"/></canvas><canvas name="5" width="29" height="17"><vector name="origin" x="13" y="72"/><vector name="head" x="0" y="-64"/><int name="delay" value="300"/><int name="a0" value="255"/><int name="a1" value="0"/></canvas></imgdir></imgdir>