<?xml version="1.0" encoding="UTF-8" standalone="yes"?><imgdir name="3210208.img"><imgdir name="info"><int name="bodyAttack" value="1"/><int name="level" value="36"/><int name="maxHP" value="1400"/><int name="maxMP" value="0"/><int name="speed" value="5"/><int name="PADamage" value="120"/><int name="PDDamage" value="90"/><int name="MADamage" value="0"/><int name="MDDamage" value="85"/><int name="acc" value="100"/><int name="eva" value="18"/><int name="exp" value="78"/><int name="undead" value="0"/><int name="pushed" value="1"/><float name="fs" value="10.0"/><int name="summonType" value="1"/><int name="mobType" value="8"/></imgdir><imgdir name="move"><canvas name="0" width="49" height="48"><vector name="origin" x="27" y="48"/><vector name="lt" x="-27" y="-48"/><vector name="rb" x="22" y="0"/><vector name="head" x="-17" y="-17"/><int name="delay" value="100"/></canvas><canvas name="1" width="51" height="49"><vector name="origin" x="26" y="49"/><vector name="lt" x="-26" y="-49"/><vector name="rb" x="23" y="0"/><vector name="head" x="-16" y="-17"/><int name="delay" value="100"/></canvas><canvas name="2" width="55" height="50"><vector name="origin" x="25" y="50"/><vector name="lt" x="-25" y="-49"/><vector name="rb" x="19" y="0"/><vector name="head" x="-15" y="-17"/><int name="delay" value="100"/></canvas><canvas name="3" width="59" height="49"><vector name="origin" x="26" y="49"/><vector name="lt" x="-26" y="-48"/><vector name="rb" x="19" y="0"/><vector name="head" x="-16" y="-17"/><int name="delay" value="100"/></canvas><canvas name="4" width="57" height="48"><vector name="origin" x="27" y="48"/><vector name="lt" x="-27" y="-48"/><vector name="rb" x="20" y="0"/><vector name="head" x="-17" y="-17"/><int name="delay" value="100"/></canvas><canvas name="5" width="55" height="48"><vector name="origin" x="28" y="48"/><vector name="lt" x="-28" y="-48"/><vector name="rb" x="20" y="0"/><vector name="head" x="-18" y="-18"/><int name="delay" value="100"/></canvas></imgdir><imgdir name="stand"><canvas name="0" width="59" height="48"><vector name="origin" x="25" y="48"/><vector name="lt" x="-25" y="-47"/><vector name="rb" x="22" y="0"/><vector name="head" x="-16" y="-16"/><int name="delay" value="100"/></canvas><canvas name="1" width="59" height="49"><vector name="origin" x="24" y="49"/><vector name="lt" x="-24" y="-48"/><vector name="rb" x="21" y="0"/><vector name="head" x="-15" y="-17"/><int name="delay" value="100"/></canvas><canvas name="2" width="57" height="50"><vector name="origin" x="23" y="50"/><vector name="lt" x="-23" y="-48"/><vector name="rb" x="21" y="0"/><vector name="head" x="-15" y="-17"/><int name="delay" value="100"/></canvas><canvas name="3" width="59" height="49"><vector name="origin" x="24" y="49"/><vector name="lt" x="-24" y="-48"/><vector name="rb" x="20" y="0"/><vector name="head" x="-15" y="-16"/><int name="delay" value="100"/></canvas><canvas name="4" width="60" height="48"><vector name="origin" x="25" y="48"/><vector name="lt" x="-25" y="-47"/><vector name="rb" x="21" y="0"/><vector name="head" x="-16" y="-16"/><int name="delay" value="100"/></canvas><canvas name="5" width="64" height="48"><vector name="origin" x="26" y="48"/><vector name="lt" x="-26" y="-47"/><vector name="rb" x="21" y="0"/><vector name="head" x="-17" y="-16"/><int name="delay" value="100"/></canvas><canvas name="6" width="59" height="48"><vector name="origin" x="25" y="48"/><vector name="lt" x="-25" y="-47"/><vector name="rb" x="22" y="0"/><vector name="head" x="-16" y="-17"/><int name="delay" value="100"/></canvas><canvas name="7" width="59" height="49"><vector name="origin" x="24" y="49"/><vector name="lt" x="-24" y="-47"/><vector name="rb" x="21" y="0"/><vector name="head" x="-15" y="-17"/><int name="delay" value="100"/></canvas><canvas name="8" width="57" height="50"><vector name="origin" x="23" y="50"/><vector name="lt" x="-23" y="-48"/><vector name="rb" x="19" y="0"/><vector name="head" x="-14" y="-16"/><int name="delay" value="100"/></canvas><canvas name="9" width="59" height="49"><vector name="origin" x="24" y="49"/><vector name="lt" x="-24" y="-48"/><vector name="rb" x="20" y="0"/><vector name="head" x="-15" y="-16"/><int name="delay" value="100"/></canvas><canvas name="10" width="60" height="48"><vector name="origin" x="25" y="48"/><vector name="lt" x="-25" y="-47"/><vector name="rb" x="21" y="0"/><vector name="head" x="-16" y="-16"/><int name="delay" value="100"/></canvas><canvas name="11" width="64" height="48"><vector name="origin" x="26" y="48"/><vector name="lt" x="-26" y="-48"/><vector name="rb" x="21" y="0"/><vector name="head" x="-16" y="-16"/><int name="delay" value="100"/></canvas></imgdir><imgdir name="hit1"><canvas name="0" width="60" height="52"><vector name="origin" x="28" y="52"/><vector name="lt" x="-21" y="-50"/><vector name="rb" x="20" y="0"/><vector name="head" x="-13" y="-23"/><int name="delay" value="600"/></canvas></imgdir><imgdir name="die1"><canvas name="0" width="60" height="52"><vector name="origin" x="28" y="52"/><vector name="head" x="-13" y="-24"/><int name="delay" value="120"/></canvas><canvas name="1" width="65" height="50"><vector name="origin" x="33" y="50"/><vector name="head" x="-13" y="-22"/><int name="delay" value="120"/></canvas><canvas name="2" width="53" height="47"><vector name="origin" x="25" y="47"/><vector name="head" x="-14" y="-19"/><int name="delay" value="120"/></canvas><canvas name="3" width="50" height="45"><vector name="origin" x="25" y="45"/><vector name="head" x="-16" y="-17"/><int name="delay" value="120"/></canvas><canvas name="4" width="50" height="42"><vector name="origin" x="25" y="42"/><vector name="head" x="-16" y="-16"/><int name="delay" value="120"/></canvas><canvas name="5" width="50" height="40"><vector name="origin" x="28" y="40"/><vector name="head" x="-16" y="-15"/><int name="delay" value="300"/><int name="a0" value="255"/><int name="a1" value="0"/></canvas></imgdir></imgdir>