<?xml version="1.0" encoding="UTF-8" standalone="yes"?><imgdir name="3210204.img"><imgdir name="info"><int name="bodyAttack" value="1"/><int name="level" value="34"/><int name="maxHP" value="1200"/><int name="maxMP" value="0"/><int name="speed" value="0"/><int name="PADamage" value="110"/><int name="PDDamage" value="70"/><int name="MADamage" value="0"/><int name="MDDamage" value="85"/><int name="acc" value="100"/><int name="eva" value="16"/><int name="exp" value="70"/><int name="undead" value="0"/><int name="pushed" value="0"/><int name="hpRecovery" value="10"/><float name="fs" value="10.0"/><int name="summonType" value="1"/><int name="mobType" value="8"/></imgdir><imgdir name="move"><canvas name="0" width="96" height="45"><vector name="origin" x="49" y="45"/><vector name="lt" x="-49" y="-45"/><vector name="rb" x="47" y="0"/><vector name="head" x="-42" y="-31"/><int name="delay" value="110"/></canvas><canvas name="1" width="101" height="44"><vector name="origin" x="51" y="44"/><vector name="lt" x="-51" y="-44"/><vector name="rb" x="50" y="0"/><vector name="head" x="-44" y="-30"/><int name="delay" value="110"/></canvas><canvas name="2" width="105" height="43"><vector name="origin" x="53" y="43"/><vector name="lt" x="-53" y="-43"/><vector name="rb" x="52" y="0"/><vector name="head" x="-46" y="-29"/><int name="delay" value="110"/></canvas><canvas name="3" width="105" height="44"><vector name="origin" x="51" y="44"/><vector name="lt" x="-51" y="-44"/><vector name="rb" x="54" y="0"/><vector name="head" x="-44" y="-30"/><int name="delay" value="110"/></canvas><canvas name="4" width="102" height="45"><vector name="origin" x="49" y="45"/><vector name="lt" x="-49" y="-45"/><vector name="rb" x="53" y="0"/><vector name="head" x="-42" y="-31"/><int name="delay" value="110"/></canvas><canvas name="5" width="103" height="44"><vector name="origin" x="51" y="44"/><vector name="lt" x="-51" y="-44"/><vector name="rb" x="52" y="0"/><vector name="head" x="-44" y="-30"/><int name="delay" value="110"/></canvas><canvas name="6" width="103" height="43"><vector name="origin" x="53" y="43"/><vector name="lt" x="-53" y="-43"/><vector name="rb" x="50" y="0"/><vector name="head" x="-45" y="-30"/><int name="delay" value="110"/></canvas><canvas name="7" width="99" height="44"><vector name="origin" x="51" y="44"/><vector name="lt" x="-51" y="-44"/><vector name="rb" x="48" y="0"/><vector name="head" x="-44" y="-30"/><int name="delay" value="110"/></canvas></imgdir><imgdir name="stand"><canvas name="0" width="99" height="45"><vector name="origin" x="49" y="45"/><vector name="lt" x="-49" y="-45"/><vector name="rb" x="50" y="0"/><vector name="head" x="-41" y="-32"/><int name="delay" value="120"/></canvas><canvas name="1" width="99" height="44"><vector name="origin" x="50" y="44"/><vector name="lt" x="-50" y="-44"/><vector name="rb" x="49" y="0"/><vector name="head" x="-41" y="-31"/><int name="delay" value="120"/></canvas><canvas name="2" width="100" height="43"><vector name="origin" x="51" y="43"/><vector name="lt" x="-51" y="-43"/><vector name="rb" x="49" y="0"/><vector name="head" x="-42" y="-30"/><int name="delay" value="120"/></canvas><canvas name="3" width="96" height="43"><vector name="origin" x="47" y="43"/><vector name="lt" x="-47" y="-43"/><vector name="rb" x="49" y="0"/><vector name="head" x="-31" y="-29"/><int name="delay" value="120"/></canvas><canvas name="4" width="96" height="44"><vector name="origin" x="47" y="44"/><vector name="lt" x="-47" y="-44"/><vector name="rb" x="49" y="0"/><vector name="head" x="-31" y="-30"/><int name="delay" value="120"/></canvas><canvas name="5" width="96" height="45"><vector name="origin" x="47" y="45"/><vector name="lt" x="-47" y="-45"/><vector name="rb" x="49" y="0"/><vector name="head" x="-31" y="-31"/><int name="delay" value="120"/></canvas><canvas name="6" width="96" height="44"><vector name="origin" x="47" y="44"/><vector name="lt" x="-47" y="-44"/><vector name="rb" x="49" y="0"/><vector name="head" x="-31" y="-30"/><int name="delay" value="120"/></canvas><canvas name="7" width="96" height="45"><vector name="origin" x="47" y="45"/><vector name="lt" x="-47" y="-45"/><vector name="rb" x="49" y="0"/><vector name="head" x="-31" y="-31"/><int name="delay" value="120"/></canvas><canvas name="8" width="96" height="44"><vector name="origin" x="47" y="44"/><vector name="lt" x="-47" y="-44"/><vector name="rb" x="49" y="0"/><vector name="head" x="-31" y="-30"/><int name="delay" value="120"/></canvas><canvas name="9" width="96" height="45"><vector name="origin" x="47" y="45"/><vector name="lt" x="-47" y="-45"/><vector name="rb" x="49" y="0"/><vector name="head" x="-31" y="-31"/><int name="delay" value="120"/></canvas><canvas name="10" width="96" height="44"><vector name="origin" x="47" y="44"/><vector name="lt" x="-47" y="-44"/><vector name="rb" x="49" y="0"/><vector name="head" x="-31" y="-30"/><int name="delay" value="120"/></canvas><canvas name="11" width="96" height="45"><vector name="origin" x="47" y="45"/><vector name="lt" x="-47" y="-45"/><vector name="rb" x="49" y="0"/><vector name="head" x="-31" y="-31"/><int name="delay" value="120"/></canvas><canvas name="12" width="96" height="43"><vector name="origin" x="47" y="43"/><vector name="lt" x="-47" y="-43"/><vector name="rb" x="49" y="0"/><vector name="head" x="-31" y="-29"/><int name="delay" value="120"/></canvas><canvas name="13" width="99" height="43"><vector name="origin" x="51" y="43"/><vector name="lt" x="-51" y="-43"/><vector name="rb" x="48" y="0"/><vector name="head" x="-42" y="-30"/><int name="delay" value="120"/></canvas><canvas name="14" width="98" height="44"><vector name="origin" x="50" y="44"/><vector name="lt" x="-50" y="-44"/><vector name="rb" x="48" y="0"/><vector name="head" x="-41" y="-31"/><int name="delay" value="120"/></canvas><canvas name="15" width="97" height="45"><vector name="origin" x="49" y="45"/><vector name="lt" x="-49" y="-45"/><vector name="rb" x="48" y="0"/><vector name="head" x="-41" y="-31"/><int name="delay" value="120"/></canvas></imgdir><imgdir name="hit1"><canvas name="0" width="100" height="41"><vector name="origin" x="51" y="41"/><vector name="lt" x="-51" y="-41"/><vector name="rb" x="49" y="0"/><vector name="head" x="-37" y="-29"/><int name="delay" value="600"/></canvas></imgdir><imgdir name="die1"><canvas name="0" width="100" height="43"><vector name="origin" x="51" y="43"/><vector name="head" x="-44" y="-29"/><int name="delay" value="130"/></canvas><canvas name="1" width="100" height="43"><vector name="origin" x="50" y="43"/><vector name="head" x="-43" y="-29"/><int name="delay" value="130"/></canvas><canvas name="2" width="100" height="42"><vector name="origin" x="50" y="42"/><vector name="head" x="-43" y="-28"/><int name="delay" value="130"/></canvas><canvas name="3" width="105" height="42"><vector name="origin" x="54" y="42"/><vector name="head" x="-48" y="-25"/><int name="delay" value="130"/></canvas><canvas name="4" width="114" height="31"><vector name="origin" x="63" y="31"/><vector name="head" x="-54" y="-13"/><int name="delay" value="130"/></canvas><canvas name="5" width="112" height="28"><vector name="origin" x="61" y="28"/><vector name="head" x="-53" y="-10"/><int name="delay" value="300"/><int name="a0" value="255"/><int name="a1" value="0"/></canvas></imgdir></imgdir>