<?xml version="1.0" encoding="UTF-8" standalone="yes"?><imgdir name="3230104.img"><imgdir name="info"><int name="bodyAttack" value="1"/><int name="level" value="32"/><int name="maxHP" value="1000"/><int name="maxMP" value="0"/><int name="flySpeed" value="-50"/><int name="PADamage" value="100"/><int name="PDDamage" value="70"/><int name="MADamage" value="0"/><int name="MDDamage" value="80"/><int name="acc" value="70"/><int name="eva" value="14"/><int name="exp" value="65"/><int name="undead" value="0"/><int name="pushed" value="0"/><string name="elemAttr" value="F2"/><float name="fs" value="10.0"/><int name="summonType" value="1"/></imgdir><imgdir name="fly"><canvas name="0" width="76" height="59"><vector name="origin" x="34" y="59"/><vector name="lt" x="-34" y="-59"/><vector name="rb" x="42" y="0"/><vector name="head" x="1" y="-56"/><int name="delay" value="150"/></canvas><canvas name="1" width="76" height="59"><vector name="origin" x="35" y="59"/><vector name="lt" x="-35" y="-59"/><vector name="rb" x="41" y="0"/><vector name="head" x="4" y="-55"/><int name="delay" value="150"/></canvas><canvas name="2" width="75" height="59"><vector name="origin" x="34" y="59"/><vector name="lt" x="-34" y="-59"/><vector name="rb" x="41" y="-1"/><vector name="head" x="4" y="-56"/><int name="delay" value="150"/></canvas><canvas name="3" width="73" height="59"><vector name="origin" x="33" y="59"/><vector name="lt" x="-33" y="-59"/><vector name="rb" x="40" y="0"/><vector name="head" x="3" y="-56"/><int name="delay" value="150"/></canvas><canvas name="4" width="73" height="59"><vector name="origin" x="34" y="59"/><vector name="lt" x="-34" y="-59"/><vector name="rb" x="39" y="0"/><vector name="head" x="2" y="-55"/><int name="delay" value="150"/></canvas><canvas name="5" width="71" height="59"><vector name="origin" x="33" y="59"/><vector name="lt" x="-33" y="-59"/><vector name="rb" x="38" y="0"/><vector name="head" x="1" y="-56"/><int name="delay" value="150"/></canvas></imgdir><imgdir name="hit1"><canvas name="0" width="83" height="59"><vector name="origin" x="38" y="59"/><vector name="lt" x="-33" y="-59"/><vector name="rb" x="44" y="0"/><vector name="head" x="0" y="-55"/><int name="delay" value="600"/></canvas></imgdir><imgdir name="die1"><canvas name="0" width="76" height="59"><vector name="origin" x="36" y="59"/><vector name="head" x="-1" y="-55"/><int name="delay" value="150"/></canvas><canvas name="1" width="83" height="59"><vector name="origin" x="37" y="62"/><vector name="head" x="1" y="-58"/><int name="delay" value="150"/></canvas><canvas name="2" width="88" height="59"><vector name="origin" x="39" y="63"/><vector name="head" x="2" y="-59"/><int name="delay" value="150"/></canvas><canvas name="3" width="91" height="59"><vector name="origin" x="40" y="62"/><vector name="head" x="5" y="-59"/><int name="delay" value="150"/></canvas><canvas name="4" width="75" height="59"><vector name="origin" x="24" y="60"/><vector name="head" x="9" y="-56"/><int name="delay" value="150"/></canvas><canvas name="5" width="70" height="58"><vector name="origin" x="18" y="53"/><vector name="head" x="15" y="-50"/><int name="delay" value="300"/><int name="a0" value="255"/><int name="a1" value="0"/></canvas></imgdir></imgdir>