<?xml version="1.0" encoding="UTF-8" standalone="yes"?><imgdir name="3230101.img"><imgdir name="info"><int name="bodyAttack" value="1"/><int name="level" value="35"/><int name="maxHP" value="1200"/><int name="maxMP" value="80"/><int name="speed" value="0"/><int name="PADamage" value="110"/><int name="PDDamage" value="90"/><int name="MADamage" value="0"/><int name="MDDamage" value="90"/><int name="acc" value="100"/><int name="eva" value="17"/><int name="exp" value="70"/><int name="undead" value="1"/><int name="pushed" value="50"/><string name="elemAttr" value="H3F3D2"/><float name="fs" value="10.0"/><int name="summonType" value="1"/><int name="mobType" value="7"/></imgdir><imgdir name="move"><canvas name="0" width="40" height="37"><vector name="origin" x="20" y="47"/><vector name="lt" x="-20" y="-47"/><vector name="rb" x="20" y="-10"/><int name="delay" value="150"/><vector name="head" x="-8" y="-45"/></canvas><canvas name="1" width="38" height="38"><vector name="origin" x="20" y="47"/><vector name="lt" x="-20" y="-47"/><vector name="rb" x="18" y="-9"/><int name="delay" value="150"/><vector name="head" x="-8" y="-45"/></canvas><canvas name="2" width="40" height="38"><vector name="origin" x="20" y="47"/><vector name="lt" x="-20" y="-47"/><vector name="rb" x="20" y="-9"/><int name="delay" value="150"/><vector name="head" x="-8" y="-45"/></canvas><canvas name="3" width="38" height="41"><vector name="origin" x="20" y="48"/><vector name="lt" x="-20" y="-48"/><vector name="rb" x="18" y="-7"/><int name="delay" value="150"/><vector name="head" x="-8" y="-45"/></canvas><canvas name="4" width="41" height="38"><vector name="origin" x="20" y="47"/><vector name="lt" x="-20" y="-47"/><vector name="rb" x="21" y="-9"/><int name="delay" value="150"/><vector name="head" x="-8" y="-45"/></canvas></imgdir><imgdir name="stand"><canvas name="0" width="41" height="36"><vector name="origin" x="20" y="47"/><vector name="lt" x="-20" y="-47"/><vector name="rb" x="21" y="-11"/><vector name="head" x="-8" y="-45"/></canvas></imgdir><imgdir name="jump"><canvas name="0" width="40" height="38"><vector name="origin" x="20" y="47"/><vector name="lt" x="-20" y="-47"/><vector name="rb" x="20" y="-9"/><vector name="head" x="-8" y="-45"/></canvas></imgdir><imgdir name="hit1"><canvas name="0" width="44" height="51"><vector name="origin" x="23" y="60"/><vector name="lt" x="-23" y="-60"/><vector name="rb" x="21" y="-9"/><int name="delay" value="600"/><vector name="head" x="-8" y="-45"/></canvas></imgdir><imgdir name="die1"><canvas name="0" width="44" height="52"><vector name="origin" x="23" y="61"/><vector name="head" x="-8" y="-44"/><int name="delay" value="130"/></canvas><canvas name="1" width="48" height="52"><vector name="origin" x="27" y="61"/><vector name="head" x="-8" y="-44"/><int name="delay" value="130"/></canvas><canvas name="2" width="50" height="40"><vector name="origin" x="29" y="50"/><vector name="head" x="-8" y="-44"/><int name="delay" value="130"/></canvas><canvas name="3" width="53" height="44"><vector name="origin" x="31" y="52"/><vector name="head" x="-8" y="-44"/><int name="delay" value="130"/></canvas><canvas name="4" width="54" height="46"><vector name="origin" x="31" y="54"/><vector name="head" x="-8" y="-44"/><int name="delay" value="130"/></canvas><canvas name="5" width="56" height="44"><vector name="origin" x="32" y="52"/><vector name="head" x="-8" y="-44"/><int name="delay" value="300"/><int name="a0" value="255"/><int name="a1" value="0"/></canvas></imgdir></imgdir>