<?xml version="1.0" encoding="UTF-8" standalone="yes"?><imgdir name="3230400.img"><imgdir name="info"><int name="bodyAttack" value="1"/><int name="level" value="30"/><int name="maxHP" value="950"/><int name="maxMP" value="0"/><int name="speed" value="-45"/><int name="PADamage" value="100"/><int name="PDDamage" value="38"/><int name="MADamage" value="0"/><int name="MDDamage" value="40"/><int name="acc" value="65"/><int name="eva" value="12"/><int name="exp" value="60"/><int name="undead" value="0"/><int name="pushed" value="0"/><int name="hpRecovery" value="10"/><float name="fs" value="10.0"/><int name="summonType" value="1"/><int name="mobType" value="8"/></imgdir><imgdir name="move"><canvas name="0" width="47" height="49"><vector name="origin" x="26" y="49"/><vector name="lt" x="-16" y="-49"/><vector name="rb" x="18" y="0"/><vector name="head" x="-4" y="-33"/><int name="delay" value="130"/></canvas><canvas name="1" width="35" height="49"><vector name="origin" x="17" y="48"/><vector name="lt" x="-17" y="-48"/><vector name="rb" x="18" y="1"/><vector name="head" x="-4" y="-32"/><int name="delay" value="130"/></canvas><canvas name="2" width="35" height="48"><vector name="origin" x="18" y="46"/><vector name="lt" x="-18" y="-46"/><vector name="rb" x="17" y="2"/><vector name="head" x="-3" y="-32"/><int name="delay" value="130"/></canvas><canvas name="3" width="36" height="51"><vector name="origin" x="19" y="48"/><vector name="lt" x="-19" y="-48"/><vector name="rb" x="17" y="3"/><vector name="head" x="-2" y="-32"/><int name="delay" value="130"/></canvas><canvas name="4" width="41" height="52"><vector name="origin" x="21" y="49"/><vector name="lt" x="-21" y="-49"/><vector name="rb" x="20" y="3"/><vector name="head" x="-2" y="-33"/><int name="delay" value="130"/></canvas><canvas name="5" width="35" height="52"><vector name="origin" x="17" y="50"/><vector name="lt" x="-17" y="-50"/><vector name="rb" x="18" y="2"/><vector name="head" x="-2" y="-34"/><int name="delay" value="130"/></canvas><canvas name="6" width="35" height="51"><vector name="origin" x="17" y="50"/><vector name="lt" x="-17" y="-50"/><vector name="rb" x="18" y="1"/><vector name="head" x="-3" y="-34"/><int name="delay" value="130"/></canvas></imgdir><imgdir name="stand"><canvas name="0" width="36" height="49"><vector name="origin" x="18" y="49"/><vector name="lt" x="-18" y="-49"/><vector name="rb" x="18" y="0"/><vector name="head" x="-4" y="-33"/><int name="delay" value="130"/></canvas><canvas name="1" width="35" height="48"><vector name="origin" x="17" y="48"/><vector name="lt" x="-17" y="-48"/><vector name="rb" x="18" y="0"/><vector name="head" x="-4" y="-32"/><int name="delay" value="130"/></canvas><canvas name="2" width="35" height="46"><vector name="origin" x="17" y="46"/><vector name="lt" x="-17" y="-46"/><vector name="rb" x="18" y="0"/><vector name="head" x="-3" y="-32"/><int name="delay" value="130"/></canvas><canvas name="3" width="35" height="48"><vector name="origin" x="17" y="48"/><vector name="lt" x="-17" y="-48"/><vector name="rb" x="18" y="0"/><vector name="head" x="-3" y="-32"/><int name="delay" value="130"/></canvas><canvas name="4" width="35" height="49"><vector name="origin" x="17" y="49"/><vector name="lt" x="-17" y="-49"/><vector name="rb" x="18" y="0"/><vector name="head" x="-2" y="-33"/><int name="delay" value="130"/></canvas><canvas name="5" width="35" height="50"><vector name="origin" x="17" y="50"/><vector name="lt" x="-17" y="-49"/><vector name="rb" x="18" y="1"/><vector name="head" x="-2" y="-33"/><int name="delay" value="130"/></canvas><canvas name="6" width="35" height="50"><vector name="origin" x="17" y="50"/><vector name="lt" x="-17" y="-49"/><vector name="rb" x="18" y="1"/><vector name="head" x="-3" y="-33"/><int name="delay" value="130"/></canvas></imgdir><imgdir name="hit1"><canvas name="0" width="41" height="54"><vector name="origin" x="23" y="50"/><vector name="lt" x="-23" y="-50"/><vector name="rb" x="18" y="4"/><vector name="head" x="-4" y="-32"/><int name="delay" value="600"/></canvas></imgdir><imgdir name="die1"><canvas name="0" width="41" height="54"><vector name="origin" x="23" y="50"/><vector name="head" x="-4" y="-32"/><int name="delay" value="130"/></canvas><canvas name="1" width="45" height="54"><vector name="origin" x="25" y="50"/><vector name="head" x="-4" y="-32"/><int name="delay" value="130"/></canvas><canvas name="2" width="53" height="54"><vector name="origin" x="28" y="50"/><vector name="head" x="-4" y="-32"/><int name="delay" value="130"/></canvas><canvas name="3" width="55" height="55"><vector name="origin" x="29" y="51"/><vector name="head" x="-4" y="-32"/><int name="delay" value="130"/></canvas><canvas name="4" width="58" height="56"><vector name="origin" x="33" y="52"/><vector name="head" x="-4" y="-32"/><int name="delay" value="130"/></canvas><canvas name="5" width="47" height="57"><vector name="origin" x="24" y="53"/><vector name="head" x="-4" y="-32"/><int name="delay" value="130"/><int name="a0" value="255"/><int name="a1" value="0"/></canvas></imgdir></imgdir>