<?xml version="1.0" encoding="UTF-8" standalone="yes"?><imgdir name="3230301.img"><imgdir name="info"><int name="bodyAttack" value="1"/><int name="level" value="35"/><int name="maxHP" value="1700"/><int name="maxMP" value="300"/><int name="speed" value="-15"/><int name="PADamage" value="90"/><int name="PDDamage" value="120"/><int name="MADamage" value="0"/><int name="MDDamage" value="155"/><int name="acc" value="150"/><int name="eva" value="27"/><int name="exp" value="150"/><int name="undead" value="0"/><int name="pushed" value="500"/><float name="fs" value="10.0"/><int name="summonType" value="1"/><string name="link" value="3230300"/><int name="mobType" value="5"/><imgdir name="skill"><imgdir name="0"><int name="skill" value="121"/><int name="action" value="1"/><int name="level" value="1"/><int name="effectAfter" value="0"/></imgdir><imgdir name="1"><int name="skill" value="122"/><int name="action" value="1"/><int name="level" value="1"/><int name="effectAfter" value="0"/></imgdir></imgdir></imgdir></imgdir>