<?xml version="1.0" encoding="UTF-8" standalone="yes"?><imgdir name="3230308.img"><imgdir name="info"><int name="bodyAttack" value="1"/><int name="level" value="39"/><int name="maxHP" value="1900"/><int name="maxMP" value="0"/><int name="flySpeed" value="-20"/><int name="PADamage" value="130"/><int name="PDDamage" value="120"/><int name="MADamage" value="0"/><int name="MDDamage" value="130"/><int name="acc" value="135"/><int name="eva" value="17"/><int name="exp" value="85"/><int name="undead" value="0"/><int name="pushed" value="0"/><float name="fs" value="10.0"/><int name="summonType" value="1"/></imgdir><imgdir name="fly"><canvas name="0" width="55" height="42"><vector name="origin" x="23" y="73"/><vector name="lt" x="-23" y="-73"/><vector name="rb" x="32" y="-31"/><vector name="head" x="-13" y="-62"/><int name="delay" value="150"/></canvas><canvas name="1" width="56" height="41"><vector name="origin" x="22" y="69"/><vector name="lt" x="-22" y="-69"/><vector name="rb" x="34" y="-28"/><vector name="head" x="-12" y="-58"/><int name="delay" value="150"/></canvas><canvas name="2" width="56" height="40"><vector name="origin" x="22" y="66"/><vector name="lt" x="-22" y="-66"/><vector name="rb" x="34" y="-26"/><vector name="head" x="-12" y="-55"/><int name="delay" value="150"/></canvas><canvas name="3" width="56" height="43"><vector name="origin" x="21" y="62"/><vector name="lt" x="-21" y="-62"/><vector name="rb" x="35" y="-19"/><vector name="head" x="-11" y="-51"/><int name="delay" value="150"/></canvas><canvas name="4" width="57" height="42"><vector name="origin" x="22" y="69"/><vector name="lt" x="-22" y="-69"/><vector name="rb" x="35" y="-27"/><vector name="head" x="-12" y="-58"/><int name="delay" value="150"/></canvas></imgdir><imgdir name="hit1"><canvas name="0" width="57" height="52"><vector name="origin" x="30" y="74"/><vector name="lt" x="-30" y="-74"/><vector name="rb" x="27" y="-22"/><vector name="head" x="-13" y="-62"/><int name="delay" value="600"/></canvas></imgdir><imgdir name="die1"><canvas name="0" width="57" height="52"><vector name="origin" x="30" y="74"/><vector name="head" x="-13" y="-62"/><int name="delay" value="150"/></canvas><canvas name="1" width="54" height="52"><vector name="origin" x="30" y="72"/><vector name="head" x="-13" y="-60"/><int name="delay" value="150"/></canvas><canvas name="2" width="47" height="54"><vector name="origin" x="23" y="68"/><vector name="head" x="-13" y="-57"/><int name="delay" value="150"/></canvas><canvas name="3" width="47" height="54"><vector name="origin" x="23" y="59"/><vector name="head" x="-13" y="-49"/><int name="delay" value="150"/></canvas><canvas name="4" width="47" height="54"><vector name="origin" x="23" y="45"/><vector name="head" x="-13" y="-33"/><int name="delay" value="300"/><int name="a0" value="255"/><int name="a1" value="0"/></canvas></imgdir></imgdir>