<?xml version="1.0" encoding="UTF-8" standalone="yes"?><imgdir name="3300006.img"><imgdir name="info"><int name="bodyAttack" value="1"/><int name="level" value="35"/><int name="maxHP" value="120000"/><int name="maxMP" value="10000"/><int name="speed" value="-30"/><string name="PADamage" value="125"/><int name="PDDamage" value="50"/><int name="MADamage" value="120"/><int name="MDDamage" value="70"/><int name="acc" value="80"/><int name="eva" value="15"/><int name="exp" value="210"/><int name="undead" value="0"/><int name="pushed" value="550"/><float name="fs" value="10.0"/><int name="summonType" value="1"/><int name="hpRecovery" value="150"/><int name="mpRecovery" value="1000"/><imgdir name="skill"><imgdir name="0"><int name="skill" value="200"/><int name="action" value="1"/><int name="level" value="165"/><int name="effectAfter" value="0"/></imgdir></imgdir><int name="firstAttack" value="1"/><int name="hpTagColor" value="3"/><int name="hpTagBgcolor" value="5"/><int name="HPgaugeHide" value="1"/><int name="explosiveReward" value="1"/><int name="boss" value="1"/></imgdir><imgdir name="move"><canvas name="0" width="127" height="163"><vector name="origin" x="53" y="163"/><vector name="lt" x="-53" y="-163"/><vector name="rb" x="74" y="0"/><vector name="head" x="-37" y="-84"/><int name="delay" value="180"/></canvas><canvas name="1" width="125" height="169"><vector name="origin" x="53" y="169"/><vector name="lt" x="-53" y="-161"/><vector name="rb" x="72" y="0"/><vector name="head" x="-38" y="-82"/><int name="delay" value="180"/></canvas><canvas name="2" width="125" height="170"><vector name="origin" x="53" y="170"/><vector name="lt" x="-53" y="-163"/><vector name="rb" x="72" y="0"/><vector name="head" x="-37" y="-84"/><int name="delay" value="180"/></canvas><canvas name="3" width="127" height="171"><vector name="origin" x="53" y="171"/><vector name="lt" x="-53" y="-160"/><vector name="rb" x="74" y="0"/><vector name="head" x="-37" y="-82"/><int name="delay" value="180"/></canvas><canvas name="4" width="127" height="163"><vector name="origin" x="53" y="163"/><vector name="lt" x="-53" y="-163"/><vector name="rb" x="74" y="0"/><vector name="head" x="-37" y="-84"/><int name="delay" value="180"/></canvas><canvas name="5" width="125" height="169"><vector name="origin" x="53" y="169"/><vector name="lt" x="-53" y="-160"/><vector name="rb" x="72" y="0"/><vector name="head" x="-37" y="-82"/><int name="delay" value="180"/></canvas><canvas name="6" width="125" height="170"><vector name="origin" x="53" y="170"/><vector name="lt" x="-53" y="-165"/><vector name="rb" x="72" y="0"/><vector name="head" x="-37" y="-84"/><int name="delay" value="180"/></canvas><canvas name="7" width="127" height="171"><vector name="origin" x="53" y="171"/><vector name="lt" x="-53" y="-160"/><vector name="rb" x="74" y="0"/><vector name="head" x="-38" y="-82"/><int name="delay" value="180"/></canvas></imgdir><imgdir name="stand"><canvas name="0" width="125" height="164"><vector name="origin" x="53" y="164"/><vector name="lt" x="-53" y="-164"/><vector name="rb" x="72" y="0"/><vector name="head" x="-39" y="-84"/><int name="delay" value="120"/></canvas><canvas name="1" width="125" height="163"><vector name="origin" x="53" y="163"/><vector name="lt" x="-53" y="-163"/><vector name="rb" x="72" y="0"/><vector name="head" x="-39" y="-84"/><int name="delay" value="120"/></canvas><canvas name="2" width="125" height="162"><vector name="origin" x="53" y="162"/><vector name="lt" x="-53" y="-163"/><vector name="rb" x="72" y="0"/><vector name="head" x="-39" y="-82"/><int name="delay" value="120"/></canvas><canvas name="3" width="125" height="161"><vector name="origin" x="53" y="161"/><vector name="lt" x="-53" y="-162"/><vector name="rb" x="72" y="0"/><vector name="head" x="-39" y="-82"/><int name="delay" value="120"/></canvas><canvas name="4" width="125" height="162"><vector name="origin" x="53" y="162"/><vector name="lt" x="-53" y="-162"/><vector name="rb" x="72" y="0"/><vector name="head" x="-39" y="-83"/><int name="delay" value="120"/></canvas><canvas name="5" width="125" height="163"><vector name="origin" x="53" y="163"/><vector name="lt" x="-53" y="-164"/><vector name="rb" x="72" y="0"/><vector name="head" x="-39" y="-84"/><int name="delay" value="120"/></canvas><canvas name="6" width="125" height="164"><vector name="origin" x="53" y="164"/><vector name="lt" x="-53" y="-164"/><vector name="rb" x="72" y="0"/><vector name="head" x="-39" y="-84"/><int name="delay" value="120"/></canvas><canvas name="7" width="125" height="163"><vector name="origin" x="53" y="163"/><vector name="lt" x="-53" y="-163"/><vector name="rb" x="72" y="0"/><vector name="head" x="-39" y="-84"/><int name="delay" value="120"/></canvas><canvas name="8" width="125" height="162"><vector name="origin" x="53" y="162"/><vector name="lt" x="-53" y="-162"/><vector name="rb" x="72" y="0"/><vector name="head" x="-39" y="-83"/><int name="delay" value="120"/></canvas><canvas name="9" width="125" height="161"><vector name="origin" x="53" y="161"/><vector name="lt" x="-53" y="-161"/><vector name="rb" x="72" y="0"/><vector name="head" x="-40" y="-82"/><int name="delay" value="120"/></canvas><canvas name="10" width="125" height="162"><vector name="origin" x="53" y="162"/><vector name="lt" x="-53" y="-162"/><vector name="rb" x="72" y="0"/><vector name="head" x="-39" y="-83"/><int name="delay" value="120"/></canvas><canvas name="11" width="125" height="163"><vector name="origin" x="53" y="163"/><vector name="lt" x="-53" y="-163"/><vector name="rb" x="72" y="0"/><vector name="head" x="-39" y="-84"/><int name="delay" value="120"/></canvas></imgdir><imgdir name="attack1"><imgdir name="info"><imgdir name="range"><vector name="lt" x="-250" y="-80"/><vector name="rb" x="0" y="0"/></imgdir><imgdir name="hit"><canvas name="0" width="137" height="89"><vector name="origin" x="61" y="82"/><int name="delay" value="60"/></canvas><canvas name="1" width="132" height="96"><vector name="origin" x="62" y="88"/><int name="delay" value="60"/></canvas><canvas name="2" width="148" height="110"><vector name="origin" x="64" y="100"/><int name="delay" value="60"/></canvas><canvas name="3" width="153" height="107"><vector name="origin" x="67" y="96"/><int name="delay" value="60"/></canvas><canvas name="4" width="136" height="98"><vector name="origin" x="69" y="87"/><int name="delay" value="60"/></canvas><int name="attach" value="1"/></imgdir><int name="type" value="0"/><int name="conMP" value="2"/><int name="attackAfter" value="1200"/><int name="PADamage" value="125"/></imgdir><canvas name="0" width="125" height="164"><vector name="origin" x="53" y="164"/><vector name="lt" x="-53" y="-164"/><vector name="rb" x="72" y="0"/><vector name="head" x="-39" y="-84"/><int name="delay" value="120"/></canvas><canvas name="1" width="145" height="163"><vector name="origin" x="74" y="160"/><vector name="lt" x="-74" y="-160"/><vector name="rb" x="71" y="0"/><vector name="head" x="-35" y="-84"/><int name="delay" value="120"/></canvas><canvas name="2" width="157" height="162"><vector name="origin" x="86" y="161"/><vector name="lt" x="-86" y="-161"/><vector name="rb" x="72" y="0"/><vector name="head" x="-36" y="-86"/><int name="delay" value="120"/></canvas><canvas name="3" width="204" height="234"><vector name="origin" x="128" y="228"/><vector name="lt" x="-128" y="-186"/><vector name="rb" x="72" y="0"/><vector name="head" x="-36" y="-88"/><int name="delay" value="120"/></canvas><canvas name="4" width="199" height="231"><vector name="origin" x="120" y="222"/><vector name="lt" x="-64" y="-188"/><vector name="rb" x="72" y="0"/><vector name="head" x="-36" y="-89"/><int name="delay" value="120"/></canvas><canvas name="5" width="192" height="226"><vector name="origin" x="111" y="215"/><vector name="lt" x="-62" y="-188"/><vector name="rb" x="69" y="0"/><vector name="head" x="-36" y="-89"/><int name="delay" value="120"/></canvas><canvas name="6" width="180" height="216"><vector name="origin" x="98" y="204"/><vector name="lt" x="-62" y="-188"/><vector name="rb" x="70" y="0"/><vector name="head" x="-36" y="-89"/><int name="delay" value="120"/></canvas><canvas name="7" width="163" height="214"><vector name="origin" x="80" y="201"/><vector name="lt" x="-62" y="-187"/><vector name="rb" x="68" y="0"/><vector name="head" x="-36" y="-89"/><int name="delay" value="120"/></canvas><canvas name="8" width="158" height="214"><vector name="origin" x="75" y="201"/><vector name="lt" x="-61" y="-188"/><vector name="rb" x="69" y="0"/><vector name="head" x="-36" y="-90"/><int name="delay" value="120"/></canvas><canvas name="9" width="164" height="215"><vector name="origin" x="79" y="200"/><vector name="lt" x="-64" y="-185"/><vector name="rb" x="68" y="0"/><vector name="head" x="-35" y="-90"/><int name="delay" value="120"/></canvas><canvas name="10" width="274" height="283"><vector name="origin" x="208" y="242"/><vector name="lt" x="-158" y="-215"/><vector name="rb" x="34" y="0"/><vector name="head" x="-68" y="-81"/><int name="delay" value="120"/></canvas><canvas name="11" width="273" height="251"><vector name="origin" x="224" y="232"/><vector name="lt" x="-158" y="-220"/><vector name="rb" x="34" y="0"/><vector name="head" x="-71" y="-84"/><int name="delay" value="120"/></canvas><canvas name="12" width="257" height="224"><vector name="origin" x="214" y="207"/><vector name="lt" x="-165" y="-200"/><vector name="rb" x="32" y="0"/><vector name="head" x="-71" y="-85"/><int name="delay" value="120"/></canvas><canvas name="13" width="252" height="169"><vector name="origin" x="213" y="167"/><vector name="lt" x="-154" y="-167"/><vector name="rb" x="38" y="0"/><vector name="head" x="-70" y="-71"/><int name="delay" value="120"/></canvas><canvas name="14" width="206" height="157"><vector name="origin" x="165" y="156"/><vector name="lt" x="-156" y="-156"/><vector name="rb" x="38" y="0"/><vector name="head" x="-70" y="-72"/><int name="delay" value="120"/></canvas><canvas name="15" width="232" height="160"><vector name="origin" x="165" y="159"/><vector name="lt" x="-97" y="-159"/><vector name="rb" x="66" y="0"/><vector name="head" x="-43" y="-78"/><int name="delay" value="120"/></canvas><canvas name="16" width="125" height="163"><vector name="origin" x="53" y="163"/><vector name="lt" x="-53" y="-163"/><vector name="rb" x="72" y="0"/><vector name="head" x="-40" y="-84"/><int name="delay" value="120"/></canvas><uol name="17" value="../stand/0"/><uol name="18" value="../stand/1"/><uol name="19" value="../stand/2"/><uol name="20" value="../stand/3"/></imgdir><imgdir name="skill1"><canvas name="0" width="125" height="164"><vector name="origin" x="53" y="164"/><vector name="lt" x="-53" y="-164"/><vector name="rb" x="72" y="0"/><vector name="head" x="-41" y="-85"/><int name="delay" value="150"/></canvas><canvas name="1" width="125" height="170"><vector name="origin" x="53" y="170"/><vector name="lt" x="-53" y="-160"/><vector name="rb" x="72" y="0"/><vector name="head" x="-41" y="-85"/><int name="delay" value="150"/></canvas><canvas name="2" width="137" height="191"><vector name="origin" x="53" y="190"/><vector name="lt" x="-53" y="-184"/><vector name="rb" x="70" y="0"/><vector name="head" x="-40" y="-82"/><int name="delay" value="150"/></canvas><canvas name="3" width="151" height="204"><vector name="origin" x="71" y="204"/><vector name="lt" x="-65" y="-196"/><vector name="rb" x="69" y="0"/><vector name="head" x="-40" y="-71"/><int name="delay" value="150"/></canvas><canvas name="4" width="149" height="206"><vector name="origin" x="70" y="206"/><vector name="lt" x="-64" y="-197"/><vector name="rb" x="69" y="0"/><vector name="head" x="-40" y="-70"/><int name="delay" value="150"/></canvas><canvas name="5" width="177" height="208"><vector name="origin" x="71" y="208"/><vector name="lt" x="-64" y="-197"/><vector name="rb" x="69" y="0"/><vector name="head" x="-40" y="-70"/><int name="delay" value="150"/></canvas><canvas name="6" width="181" height="208"><vector name="origin" x="70" y="208"/><vector name="lt" x="-64" y="-197"/><vector name="rb" x="69" y="0"/><vector name="head" x="-40" y="-70"/><int name="delay" value="150"/></canvas><canvas name="7" width="184" height="210"><vector name="origin" x="71" y="210"/><vector name="lt" x="-64" y="-197"/><vector name="rb" x="69" y="0"/><vector name="head" x="-40" y="-70"/><int name="delay" value="150"/></canvas><canvas name="8" width="183" height="210"><vector name="origin" x="70" y="210"/><vector name="lt" x="-64" y="-197"/><vector name="rb" x="69" y="0"/><vector name="head" x="-40" y="-70"/><int name="delay" value="150"/></canvas><canvas name="9" width="216" height="222"><vector name="origin" x="83" y="222"/><vector name="lt" x="-64" y="-212"/><vector name="rb" x="69" y="0"/><vector name="head" x="-40" y="-70"/><int name="delay" value="150"/></canvas><canvas name="10" width="236" height="209"><vector name="origin" x="93" y="209"/><vector name="lt" x="-62" y="-200"/><vector name="rb" x="69" y="0"/><vector name="head" x="-40" y="-70"/><int name="delay" value="150"/></canvas><canvas name="11" width="238" height="203"><vector name="origin" x="94" y="203"/><vector name="lt" x="-62" y="-191"/><vector name="rb" x="69" y="0"/><vector name="head" x="-40" y="-70"/><int name="delay" value="150"/></canvas><canvas name="12" width="230" height="208"><vector name="origin" x="90" y="208"/><vector name="lt" x="-62" y="-184"/><vector name="rb" x="69" y="0"/><vector name="head" x="-40" y="-70"/><int name="delay" value="150"/></canvas><canvas name="13" width="144" height="211"><vector name="origin" x="53" y="210"/><vector name="lt" x="-53" y="-171"/><vector name="rb" x="69" y="0"/><vector name="head" x="-41" y="-82"/><int name="delay" value="150"/></canvas></imgdir><imgdir name="hit1"><canvas name="0" width="135" height="200"><vector name="origin" x="61" y="200"/><vector name="lt" x="-52" y="-200"/><vector name="rb" x="69" y="0"/><vector name="head" x="-38" y="-87"/><int name="delay" value="300"/></canvas></imgdir><imgdir name="die1"><canvas name="0" width="135" height="200"><vector name="origin" x="61" y="200"/><vector name="head" x="-5" y="-198"/><int name="delay" value="150"/></canvas><canvas name="1" width="125" height="205"><vector name="origin" x="53" y="205"/><vector name="head" x="-4" y="-245"/><int name="delay" value="150"/></canvas><canvas name="2" width="144" height="200"><vector name="origin" x="64" y="200"/><vector name="head" x="-2" y="-237"/><int name="delay" value="150"/></canvas><canvas name="3" width="193" height="160"><vector name="origin" x="76" y="160"/><vector name="head" x="2" y="-237"/><int name="delay" value="150"/></canvas><canvas name="4" width="241" height="65"><vector name="origin" x="141" y="64"/><vector name="head" x="7" y="-232"/><int name="delay" value="150"/></canvas><canvas name="5" width="275" height="91"><vector name="origin" x="137" y="91"/><vector name="head" x="9" y="-225"/><int name="delay" value="150"/></canvas><canvas name="6" width="279" height="103"><vector name="origin" x="137" y="103"/><vector name="head" x="15" y="-220"/><int name="delay" value="150"/></canvas><canvas name="7" width="75" height="50"><vector name="origin" x="-87" y="50"/><vector name="head" x="22" y="-215"/><int name="delay" value="150"/></canvas><canvas name="8" width="75" height="51"><vector name="origin" x="-87" y="51"/><vector name="head" x="15" y="-99"/><int name="delay" value="150"/></canvas><canvas name="9" width="88" height="51"><vector name="origin" x="-87" y="51"/><vector name="head" x="-5" y="-198"/><int name="delay" value="150"/></canvas><canvas name="10" width="97" height="56"><vector name="origin" x="-87" y="51"/><vector name="head" x="-4" y="-245"/><int name="delay" value="150"/></canvas><canvas name="11" width="98" height="57"><vector name="origin" x="-87" y="51"/><vector name="head" x="-2" y="-237"/><int name="delay" value="150"/></canvas><canvas name="12" width="99" height="58"><vector name="origin" x="-87" y="51"/><vector name="head" x="2" y="-237"/><int name="delay" value="150"/></canvas><canvas name="13" width="101" height="59"><vector name="origin" x="-87" y="51"/><vector name="head" x="7" y="-232"/><int name="delay" value="150"/></canvas><canvas name="14" width="78" height="75"><vector name="origin" x="-136" y="74"/><vector name="head" x="9" y="-225"/><int name="delay" value="150"/></canvas><canvas name="15" width="102" height="75"><vector name="origin" x="-132" y="74"/><vector name="head" x="15" y="-220"/><int name="delay" value="150"/></canvas><canvas name="16" width="124" height="75"><vector name="origin" x="-130" y="74"/><vector name="head" x="22" y="-215"/><int name="delay" value="150"/></canvas><canvas name="17" width="146" height="75"><vector name="origin" x="-128" y="74"/><vector name="head" x="15" y="-99"/><int name="delay" value="150"/></canvas><canvas name="18" width="165" height="75"><vector name="origin" x="-129" y="74"/><vector name="head" x="-2" y="-237"/><int name="delay" value="150"/></canvas><canvas name="19" width="184" height="75"><vector name="origin" x="-130" y="74"/><vector name="head" x="2" y="-237"/><int name="delay" value="150"/></canvas><canvas name="20" width="75" height="75"><vector name="origin" x="-259" y="74"/><vector name="head" x="7" y="-232"/><int name="delay" value="150"/></canvas><canvas name="21" width="75" height="75"><vector name="origin" x="-279" y="74"/><vector name="head" x="9" y="-225"/><int name="delay" value="150"/></canvas><canvas name="22" width="75" height="75"><vector name="origin" x="-299" y="74"/><vector name="head" x="15" y="-220"/><int name="delay" value="150"/></canvas></imgdir></imgdir>