<?xml version="1.0" encoding="UTF-8" standalone="yes"?><imgdir name="3400002.img"><imgdir name="info"><int name="bodyAttack" value="1"/><int name="level" value="37"/><int name="maxHP" value="1600"/><int name="maxMP" value="100"/><int name="speed" value="-20"/><int name="PADamage" value="115"/><int name="PDDamage" value="110"/><int name="MADamage" value="120"/><int name="MDDamage" value="100"/><int name="acc" value="100"/><int name="eva" value="17"/><int name="exp" value="88"/><int name="undead" value="0"/><int name="pushed" value="200"/><float name="fs" value="10.0"/><int name="summonType" value="1"/><string name="link" value="9410007"/></imgdir></imgdir>