<?xml version="1.0" encoding="UTF-8" standalone="yes"?><imgdir name="3400004.img"><imgdir name="info"><int name="bodyAttack" value="1"/><int name="level" value="35"/><int name="maxHP" value="200"/><int name="maxMP" value="0"/><int name="speed" value="20"/><int name="PADamage" value="50"/><int name="PDDamage" value="50"/><int name="MADamage" value="0"/><int name="MDDamage" value="50"/><int name="acc" value="80"/><int name="eva" value="15"/><int name="exp" value="5"/><int name="undead" value="0"/><int name="pushed" value="100"/><float name="fs" value="10.0"/><int name="summonType" value="1"/><int name="firstAttack" value="1"/><int name="removeAfter" value="200"/></imgdir><imgdir name="stand"><canvas name="0" width="33" height="36"><vector name="origin" x="17" y="36"/><string name="delay" value="220"/><vector name="lt" x="-17" y="-36"/><vector name="rb" x="16" y="0"/><vector name="head" x="-8" y="-26"/></canvas><canvas name="1" width="33" height="37"><vector name="origin" x="17" y="37"/><string name="delay" value="220"/><vector name="lt" x="-17" y="-37"/><vector name="rb" x="16" y="0"/><vector name="head" x="-8" y="-27"/></canvas></imgdir><imgdir name="move"><canvas name="0" width="33" height="36"><vector name="origin" x="17" y="36"/><string name="delay" value="220"/><vector name="lt" x="-17" y="-36"/><vector name="rb" x="16" y="0"/><vector name="head" x="-8" y="-27"/></canvas><canvas name="1" width="38" height="35"><vector name="origin" x="18" y="35"/><string name="delay" value="220"/><vector name="lt" x="-18" y="-35"/><vector name="rb" x="20" y="0"/><vector name="head" x="-9" y="-25"/></canvas></imgdir><imgdir name="hit1"><canvas name="0" width="37" height="40"><vector name="origin" x="19" y="40"/><string name="delay" value="500"/><vector name="lt" x="-19" y="-40"/><vector name="rb" x="18" y="0"/><vector name="head" x="-6" y="-27"/></canvas></imgdir><imgdir name="die1"><canvas name="0" width="37" height="40"><vector name="origin" x="20" y="40"/><string name="delay" value="220"/><vector name="head" x="-7" y="-27"/></canvas><canvas name="1" width="37" height="43"><vector name="origin" x="-4" y="49"/><string name="delay" value="110"/><vector name="head" x="17" y="-36"/></canvas><canvas name="2" width="39" height="44"><vector name="origin" x="-13" y="44"/><string name="delay" value="110"/><vector name="head" x="32" y="-29"/></canvas><canvas name="3" width="39" height="44"><vector name="origin" x="-13" y="44"/><string name="delay" value="110"/><vector name="head" x="32" y="-29"/></canvas><canvas name="4" width="39" height="44"><vector name="origin" x="-13" y="44"/><string name="delay" value="110"/><vector name="head" x="32" y="-29"/></canvas><canvas name="5" width="39" height="44"><vector name="origin" x="-13" y="44"/><string name="delay" value="110"/><vector name="head" x="32" y="-29"/></canvas><canvas name="6" width="39" height="44"><vector name="origin" x="-13" y="44"/><string name="delay" value="330"/><vector name="head" x="32" y="-29"/><int name="a0" value="255"/><int name="a1" value="0"/></canvas></imgdir></imgdir>