<?xml version="1.0" encoding="UTF-8" standalone="yes"?><imgdir name="4110301.img"><imgdir name="info"><int name="bodyAttack" value="1"/><int name="level" value="45"/><int name="maxHP" value="2550"/><int name="maxMP" value="0"/><int name="speed" value="-20"/><int name="PADamage" value="135"/><int name="PDDamage" value="150"/><int name="MADamage" value="0"/><int name="MDDamage" value="160"/><int name="acc" value="200"/><int name="eva" value="20"/><int name="exp" value="110"/><int name="undead" value="0"/><int name="pushed" value="250"/><float name="fs" value="10.0"/><int name="summonType" value="1"/><int name="mobType" value="8"/></imgdir><imgdir name="move"><canvas name="0" width="70" height="60"><vector name="origin" x="34" y="69"/><vector name="lt" x="-34" y="-69"/><vector name="rb" x="35" y="-9"/><vector name="head" x="-4" y="-68"/><int name="delay" value="150"/></canvas><canvas name="1" width="71" height="61"><vector name="origin" x="35" y="71"/><vector name="lt" x="-35" y="-71"/><vector name="rb" x="35" y="-10"/><vector name="head" x="-4" y="-71"/><int name="delay" value="150"/></canvas><canvas name="2" width="70" height="62"><vector name="origin" x="34" y="73"/><vector name="lt" x="-34" y="-74"/><vector name="rb" x="36" y="-11"/><vector name="head" x="-4" y="-72"/><int name="delay" value="150"/></canvas><canvas name="3" width="70" height="63"><vector name="origin" x="33" y="73"/><vector name="lt" x="-34" y="-74"/><vector name="rb" x="37" y="-11"/><vector name="head" x="-2" y="-73"/><int name="delay" value="150"/></canvas><canvas name="4" width="71" height="62"><vector name="origin" x="33" y="71"/><vector name="lt" x="-33" y="-71"/><vector name="rb" x="37" y="-9"/><vector name="head" x="0" y="-72"/><int name="delay" value="150"/></canvas><canvas name="5" width="71" height="61"><vector name="origin" x="33" y="69"/><vector name="lt" x="-34" y="-70"/><vector name="rb" x="38" y="-8"/><vector name="head" x="-1" y="-69"/><int name="delay" value="150"/></canvas></imgdir><imgdir name="stand"><canvas name="0" width="70" height="59"><vector name="origin" x="34" y="68"/><int name="delay" value="150"/><vector name="lt" x="-35" y="-69"/><vector name="rb" x="35" y="-9"/><vector name="head" x="-2" y="-69"/></canvas><canvas name="1" width="70" height="60"><vector name="origin" x="34" y="70"/><int name="delay" value="150"/><vector name="lt" x="-34" y="-71"/><vector name="rb" x="35" y="-10"/><vector name="head" x="-2" y="-71"/></canvas><canvas name="2" width="70" height="61"><vector name="origin" x="34" y="72"/><int name="delay" value="150"/><vector name="lt" x="-34" y="-72"/><vector name="rb" x="36" y="-11"/><vector name="head" x="-2" y="-72"/></canvas><canvas name="3" width="70" height="63"><vector name="origin" x="34" y="73"/><int name="delay" value="150"/><vector name="lt" x="-34" y="-74"/><vector name="rb" x="35" y="-10"/><vector name="head" x="-3" y="-74"/></canvas><canvas name="4" width="70" height="62"><vector name="origin" x="34" y="71"/><int name="delay" value="150"/><vector name="lt" x="-35" y="-72"/><vector name="rb" x="36" y="-9"/><vector name="head" x="-2" y="-70"/></canvas><canvas name="5" width="70" height="61"><vector name="origin" x="34" y="69"/><int name="delay" value="150"/><vector name="lt" x="-35" y="-70"/><vector name="rb" x="36" y="-9"/><vector name="head" x="-2" y="-70"/></canvas></imgdir><imgdir name="hit1"><canvas name="0" width="85" height="74"><vector name="origin" x="34" y="89"/><int name="delay" value="600"/><vector name="lt" x="-34" y="-87"/><vector name="rb" x="51" y="-15"/><vector name="head" x="6" y="-90"/></canvas></imgdir><imgdir name="die1"><canvas name="0" width="80" height="74"><vector name="origin" x="29" y="89"/><vector name="head" x="3" y="-89"/><int name="delay" value="150"/></canvas><canvas name="1" width="75" height="73"><vector name="origin" x="28" y="88"/><vector name="head" x="5" y="-88"/><int name="delay" value="150"/></canvas><canvas name="2" width="72" height="73"><vector name="origin" x="28" y="89"/><vector name="head" x="4" y="-89"/><int name="delay" value="150"/></canvas><canvas name="3" width="71" height="72"><vector name="origin" x="28" y="85"/><vector name="head" x="4" y="-85"/><int name="delay" value="150"/></canvas><canvas name="4" width="70" height="75"><vector name="origin" x="28" y="84"/><vector name="head" x="5" y="-84"/><int name="delay" value="150"/></canvas><canvas name="5" width="70" height="76"><vector name="origin" x="29" y="77"/><vector name="head" x="5" y="-77"/><int name="delay" value="150"/></canvas><canvas name="6" width="79" height="53"><vector name="origin" x="35" y="52"/><vector name="head" x="4" y="-52"/><int name="delay" value="150"/></canvas><canvas name="7" width="84" height="58"><vector name="origin" x="38" y="57"/><vector name="head" x="4" y="-57"/><int name="delay" value="180"/><int name="a0" value="255"/><int name="a1" value="0"/></canvas></imgdir></imgdir>