<?xml version="1.0" encoding="UTF-8" standalone="yes"?><imgdir name="4230124.img"><imgdir name="info"><int name="bodyAttack" value="1"/><int name="level" value="42"/><int name="maxHP" value="2300"/><int name="maxMP" value="150"/><int name="speed" value="-20"/><int name="PADamage" value="130"/><int name="PDDamage" value="120"/><int name="MADamage" value="150"/><int name="MDDamage" value="160"/><int name="acc" value="170"/><int name="eva" value="20"/><int name="exp" value="102"/><int name="undead" value="0"/><int name="pushed" value="100"/><float name="fs" value="10.0"/><int name="summonType" value="1"/><string name="elemAttr" value="I2F2"/><int name="mobType" value="0"/></imgdir><imgdir name="move"><canvas name="0" width="75" height="82"><vector name="origin" x="34" y="81"/><vector name="lt" x="-34" y="-81"/><vector name="rb" x="18" y="0"/><vector name="head" x="-9" y="-77"/><int name="delay" value="100"/><imgdir name="rect"><imgdir name="0"><vector name="lt" x="11" y="-29"/><vector name="rb" x="41" y="0"/></imgdir></imgdir></canvas><canvas name="1" width="76" height="82"><vector name="origin" x="35" y="81"/><vector name="lt" x="-34" y="-66"/><vector name="rb" x="18" y="0"/><vector name="head" x="-9" y="-77"/><int name="delay" value="100"/><imgdir name="rect"><imgdir name="0"><vector name="lt" x="10" y="-26"/><vector name="rb" x="41" y="0"/></imgdir></imgdir></canvas><canvas name="2" width="80" height="80"><vector name="origin" x="36" y="79"/><vector name="lt" x="-36" y="-79"/><vector name="rb" x="13" y="0"/><vector name="head" x="-9" y="-75"/><int name="delay" value="100"/><imgdir name="rect"><imgdir name="0"><vector name="lt" x="12" y="-16"/><vector name="rb" x="44" y="0"/></imgdir></imgdir></canvas><canvas name="3" width="76" height="80"><vector name="origin" x="35" y="79"/><vector name="lt" x="-35" y="-79"/><vector name="rb" x="15" y="0"/><vector name="head" x="-7" y="-76"/><int name="delay" value="100"/><imgdir name="rect"><imgdir name="0"><vector name="lt" x="14" y="-19"/><vector name="rb" x="41" y="0"/></imgdir></imgdir></canvas><canvas name="4" width="76" height="81"><vector name="origin" x="34" y="80"/><vector name="lt" x="-33" y="-66"/><vector name="rb" x="16" y="0"/><vector name="head" x="-6" y="-76"/><int name="delay" value="100"/><imgdir name="rect"><imgdir name="0"><vector name="lt" x="13" y="-30"/><vector name="rb" x="42" y="-5"/></imgdir></imgdir></canvas><canvas name="5" width="71" height="82"><vector name="origin" x="30" y="81"/><vector name="lt" x="-30" y="-66"/><vector name="rb" x="13" y="0"/><vector name="head" x="-7" y="-77"/><int name="delay" value="100"/><imgdir name="rect"><imgdir name="0"><vector name="lt" x="12" y="-31"/><vector name="rb" x="41" y="-6"/></imgdir></imgdir></canvas></imgdir><imgdir name="stand"><canvas name="0" width="75" height="82"><vector name="origin" x="34" y="81"/><vector name="lt" x="-32" y="-81"/><vector name="rb" x="13" y="-1"/><vector name="head" x="-9" y="-76"/><int name="delay" value="100"/><imgdir name="rect"><imgdir name="0"><vector name="lt" x="10" y="-30"/><vector name="rb" x="41" y="-4"/></imgdir></imgdir></canvas><canvas name="1" width="76" height="82"><vector name="origin" x="35" y="81"/><vector name="lt" x="-34" y="-81"/><vector name="rb" x="13" y="0"/><vector name="head" x="-9" y="-77"/><int name="delay" value="100"/><imgdir name="rect"><imgdir name="0"><vector name="lt" x="11" y="-27"/><vector name="rb" x="41" y="0"/></imgdir></imgdir></canvas><canvas name="2" width="77" height="80"><vector name="origin" x="36" y="79"/><vector name="lt" x="-34" y="-79"/><vector name="rb" x="15" y="0"/><vector name="head" x="-9" y="-74"/><int name="delay" value="100"/><imgdir name="rect"><imgdir name="0"><vector name="lt" x="11" y="-24"/><vector name="rb" x="41" y="0"/></imgdir></imgdir></canvas><canvas name="3" width="76" height="80"><vector name="origin" x="35" y="79"/><vector name="lt" x="-34" y="-79"/><vector name="rb" x="15" y="0"/><vector name="head" x="-9" y="-75"/><int name="delay" value="100"/><imgdir name="rect"><imgdir name="0"><vector name="lt" x="11" y="-27"/><vector name="rb" x="41" y="0"/></imgdir></imgdir></canvas><canvas name="4" width="75" height="81"><vector name="origin" x="34" y="80"/><vector name="lt" x="-34" y="-80"/><vector name="rb" x="13" y="0"/><vector name="head" x="-8" y="-76"/><int name="delay" value="100"/><imgdir name="rect"><imgdir name="0"><vector name="lt" x="11" y="-29"/><vector name="rb" x="41" y="0"/></imgdir></imgdir></canvas><canvas name="5" width="73" height="82"><vector name="origin" x="32" y="81"/><vector name="lt" x="-32" y="-81"/><vector name="rb" x="13" y="1"/><vector name="head" x="-9" y="-77"/><int name="delay" value="100"/><imgdir name="rect"><imgdir name="0"><vector name="lt" x="11" y="-30"/><vector name="rb" x="41" y="-1"/></imgdir></imgdir></canvas><uol name="6" value="0"/><uol name="7" value="1"/><uol name="8" value="2"/><uol name="9" value="3"/><uol name="10" value="4"/><uol name="11" value="5"/><uol name="12" value="0"/><uol name="13" value="1"/><uol name="14" value="2"/><uol name="15" value="0"/><uol name="16" value="1"/><uol name="17" value="2"/></imgdir><imgdir name="hit1"><canvas name="0" width="73" height="92"><vector name="origin" x="34" y="92"/><vector name="lt" x="-34" y="-92"/><vector name="rb" x="13" y="0"/><vector name="head" x="-12" y="-83"/><int name="delay" value="600"/><imgdir name="rect"><imgdir name="0"><vector name="lt" x="12" y="-14"/><vector name="rb" x="39" y="0"/></imgdir></imgdir></canvas></imgdir><imgdir name="die1"><canvas name="0" width="73" height="92"><vector name="origin" x="35" y="92"/><vector name="head" x="-13" y="-83"/><int name="delay" value="120"/></canvas><canvas name="1" width="73" height="101"><vector name="origin" x="35" y="101"/><vector name="head" x="-8" y="-89"/><int name="delay" value="120"/></canvas><canvas name="2" width="68" height="104"><vector name="origin" x="30" y="104"/><int name="delay" value="120"/></canvas><canvas name="3" width="72" height="104"><vector name="origin" x="35" y="105"/><int name="delay" value="120"/></canvas><canvas name="4" width="94" height="102"><vector name="origin" x="54" y="103"/><int name="delay" value="120"/></canvas><canvas name="5" width="116" height="101"><vector name="origin" x="69" y="99"/><int name="a0" value="255"/><int name="a1" value="0"/><int name="delay" value="300"/></canvas></imgdir><imgdir name="attack1"><imgdir name="info"><imgdir name="range"><vector name="sp" x="-28" y="-31"/><int name="r" value="190"/></imgdir><imgdir name="hit"><canvas name="0" width="54" height="57"><vector name="origin" x="30" y="94"/><int name="delay" value="120"/></canvas><canvas name="1" width="73" height="72"><vector name="origin" x="46" y="89"/><int name="delay" value="120"/></canvas><canvas name="2" width="101" height="101"><vector name="origin" x="62" y="98"/><int name="delay" value="120"/></canvas><canvas name="3" width="102" height="103"><vector name="origin" x="65" y="91"/><int name="delay" value="120"/></canvas><canvas name="4" width="99" height="98"><vector name="origin" x="65" y="83"/><int name="delay" value="120"/><int name="a0" value="255"/><int name="a1" value="0"/></canvas><int name="attach" value="1"/></imgdir><int name="type" value="1"/><int name="conMP" value="2"/><int name="attackAfter" value="600"/><int name="magic" value="1"/><string name="elemAttr" value="I"/></imgdir><canvas name="0" width="75" height="82"><vector name="origin" x="34" y="81"/><vector name="lt" x="-34" y="-81"/><vector name="rb" x="13" y="1"/><vector name="head" x="-9" y="-78"/><int name="delay" value="100"/><imgdir name="rect"><imgdir name="0"><vector name="lt" x="11" y="-28"/><vector name="rb" x="41" y="-3"/></imgdir></imgdir></canvas><canvas name="1" width="118" height="133"><vector name="origin" x="53" y="132"/><vector name="lt" x="-34" y="-79"/><vector name="rb" x="13" y="1"/><vector name="head" x="-7" y="-76"/><int name="delay" value="100"/><imgdir name="rect"><imgdir name="0"><vector name="lt" x="13" y="-21"/><vector name="rb" x="42" y="-2"/></imgdir></imgdir></canvas><canvas name="2" width="107" height="131"><vector name="origin" x="46" y="130"/><vector name="lt" x="-32" y="-80"/><vector name="rb" x="12" y="0"/><vector name="head" x="-6" y="-74"/><int name="delay" value="100"/><imgdir name="rect"><imgdir name="0"><vector name="lt" x="14" y="-21"/><vector name="rb" x="43" y="0"/></imgdir></imgdir></canvas><canvas name="3" width="100" height="128"><vector name="origin" x="43" y="127"/><vector name="lt" x="-32" y="-94"/><vector name="rb" x="12" y="-1"/><vector name="head" x="-7" y="-91"/><int name="delay" value="100"/><imgdir name="rect"><imgdir name="0"><vector name="lt" x="11" y="-30"/><vector name="rb" x="41" y="-5"/></imgdir></imgdir></canvas><canvas name="4" width="103" height="132"><vector name="origin" x="51" y="131"/><vector name="lt" x="-32" y="-98"/><vector name="rb" x="12" y="-1"/><vector name="head" x="-9" y="-92"/><int name="delay" value="100"/><imgdir name="rect"><imgdir name="0"><vector name="lt" x="11" y="-30"/><vector name="rb" x="44" y="-5"/></imgdir></imgdir></canvas><canvas name="5" width="121" height="139"><vector name="origin" x="60" y="138"/><vector name="lt" x="-35" y="-90"/><vector name="rb" x="11" y="0"/><vector name="head" x="-10" y="-89"/><int name="delay" value="100"/><imgdir name="rect"><imgdir name="0"><vector name="lt" x="10" y="-28"/><vector name="rb" x="42" y="-5"/></imgdir></imgdir></canvas><canvas name="6" width="129" height="143"><vector name="origin" x="64" y="142"/><vector name="lt" x="-34" y="-94"/><vector name="rb" x="13" y="0"/><vector name="head" x="-11" y="-92"/><int name="delay" value="100"/><imgdir name="rect"><imgdir name="0"><vector name="lt" x="11" y="-29"/><vector name="rb" x="41" y="-3"/></imgdir></imgdir></canvas><canvas name="7" width="133" height="143"><vector name="origin" x="66" y="142"/><vector name="lt" x="-34" y="-87"/><vector name="rb" x="12" y="0"/><vector name="head" x="-10" y="-91"/><int name="delay" value="100"/><imgdir name="rect"><imgdir name="0"><vector name="lt" x="11" y="-29"/><vector name="rb" x="42" y="-3"/></imgdir></imgdir></canvas><canvas name="8" width="127" height="139"><vector name="origin" x="63" y="138"/><vector name="lt" x="-32" y="-85"/><vector name="rb" x="13" y="0"/><vector name="head" x="-9" y="-82"/><int name="delay" value="100"/><imgdir name="rect"><imgdir name="0"><vector name="lt" x="10" y="-29"/><vector name="rb" x="41" y="-3"/></imgdir></imgdir></canvas><canvas name="9" width="75" height="81"><vector name="origin" x="34" y="80"/><vector name="lt" x="-32" y="-79"/><vector name="rb" x="13" y="0"/><vector name="head" x="-9" y="-77"/><int name="delay" value="100"/><imgdir name="rect"><imgdir name="0"><vector name="lt" x="10" y="-28"/><vector name="rb" x="41" y="-4"/></imgdir></imgdir></canvas><canvas name="10" width="75" height="82"><vector name="origin" x="34" y="81"/><vector name="lt" x="-32" y="-80"/><vector name="rb" x="13" y="0"/><vector name="head" x="-9" y="-77"/><int name="delay" value="100"/><imgdir name="rect"><imgdir name="0"><vector name="lt" x="11" y="-28"/><vector name="rb" x="41" y="-2"/></imgdir></imgdir></canvas><uol name="11" value="../move/0"/><uol name="12" value="../move/1"/><uol name="13" value="../move/2"/><uol name="14" value="../move/3"/><uol name="15" value="../move/4"/><uol name="16" value="../move/5"/></imgdir></imgdir>