<?xml version="1.0" encoding="UTF-8" standalone="yes"?><imgdir name="4230505.img"><imgdir name="info"><int name="bodyAttack" value="1"/><int name="level" value="47"/><int name="maxHP" value="2700"/><int name="maxMP" value="100"/><int name="speed" value="-30"/><int name="PADamage" value="140"/><int name="PDDamage" value="155"/><int name="MADamage" value="0"/><int name="MDDamage" value="160"/><int name="acc" value="130"/><int name="eva" value="18"/><int name="exp" value="117"/><int name="undead" value="0"/><int name="pushed" value="250"/><float name="fs" value="10.0"/><int name="summonType" value="1"/><int name="mobType" value="8"/></imgdir><imgdir name="move"><canvas name="0" width="63" height="59"><vector name="origin" x="31" y="59"/><vector name="lt" x="-31" y="-59"/><vector name="rb" x="32" y="0"/><vector name="head" x="-1" y="-59"/><int name="delay" value="150"/></canvas><canvas name="1" width="54" height="60"><vector name="origin" x="27" y="60"/><vector name="lt" x="-27" y="-60"/><vector name="rb" x="27" y="0"/><vector name="head" x="-1" y="-60"/><int name="delay" value="150"/></canvas><canvas name="2" width="53" height="59"><vector name="origin" x="26" y="59"/><vector name="lt" x="-26" y="-59"/><vector name="rb" x="27" y="0"/><vector name="head" x="-1" y="-59"/><int name="delay" value="150"/></canvas><canvas name="3" width="54" height="60"><vector name="origin" x="27" y="60"/><vector name="lt" x="-27" y="-60"/><vector name="rb" x="27" y="0"/><vector name="head" x="-1" y="-60"/><int name="delay" value="150"/></canvas></imgdir><imgdir name="stand"><canvas name="0" width="54" height="59"><vector name="origin" x="28" y="59"/><vector name="lt" x="-28" y="-59"/><vector name="rb" x="26" y="0"/><vector name="head" x="-2" y="-59"/><int name="delay" value="200"/></canvas><canvas name="1" width="53" height="55"><vector name="origin" x="27" y="55"/><vector name="lt" x="-27" y="-55"/><vector name="rb" x="26" y="0"/><vector name="head" x="-2" y="-55"/><int name="delay" value="150"/></canvas><canvas name="2" width="57" height="60"><vector name="origin" x="30" y="66"/><vector name="lt" x="-30" y="-66"/><vector name="rb" x="27" y="0"/><vector name="head" x="-2" y="-66"/><int name="delay" value="150"/></canvas><canvas name="3" width="55" height="62"><vector name="origin" x="29" y="65"/><vector name="lt" x="-29" y="-65"/><vector name="rb" x="26" y="0"/><vector name="head" x="-2" y="-66"/><int name="delay" value="150"/></canvas><canvas name="4" width="54" height="63"><vector name="origin" x="28" y="63"/><vector name="lt" x="-27" y="-63"/><vector name="rb" x="26" y="0"/><vector name="head" x="-2" y="-63"/><int name="delay" value="150"/></canvas><canvas name="5" width="53" height="58"><vector name="origin" x="27" y="58"/><vector name="lt" x="-27" y="-58"/><vector name="rb" x="26" y="0"/><vector name="head" x="-2" y="-58"/><int name="delay" value="150"/></canvas></imgdir><imgdir name="hit1"><canvas name="0" width="86" height="64"><vector name="origin" x="33" y="64"/><vector name="lt" x="-26" y="-64"/><vector name="rb" x="32" y="0"/><vector name="head" x="14" y="-64"/><int name="delay" value="600"/></canvas></imgdir><imgdir name="die1"><canvas name="0" width="63" height="59"><vector name="origin" x="32" y="59"/><vector name="head" x="-2" y="-59"/><int name="delay" value="110"/></canvas><canvas name="1" width="58" height="64"><vector name="origin" x="25" y="64"/><vector name="head" x="15" y="-64"/><int name="delay" value="110"/></canvas><canvas name="2" width="60" height="66"><vector name="origin" x="21" y="67"/><vector name="head" x="22" y="-67"/><int name="delay" value="110"/></canvas><canvas name="3" width="63" height="66"><vector name="origin" x="17" y="67"/><vector name="head" x="29" y="-67"/><int name="delay" value="110"/></canvas><canvas name="4" width="70" height="66"><vector name="origin" x="20" y="67"/><vector name="head" x="33" y="-67"/><int name="delay" value="110"/></canvas><canvas name="5" width="76" height="63"><vector name="origin" x="21" y="67"/><vector name="head" x="38" y="-67"/><int name="delay" value="110"/></canvas><canvas name="6" width="48" height="24"><vector name="origin" x="0" y="30"/><vector name="head" x="47" y="-20"/><int name="delay" value="110"/></canvas><canvas name="7" width="48" height="22"><vector name="origin" x="-3" y="21"/><vector name="head" x="49" y="-13"/><int name="delay" value="110"/></canvas><canvas name="8" width="48" height="24"><vector name="origin" x="-6" y="25"/><vector name="head" x="52" y="-17"/><int name="delay" value="110"/></canvas><canvas name="9" width="48" height="22"><vector name="origin" x="-8" y="21"/><vector name="head" x="54" y="-13"/><int name="delay" value="110"/></canvas><canvas name="10" width="47" height="23"><vector name="origin" x="-10" y="24"/><vector name="head" x="55" y="-16"/><int name="delay" value="110"/></canvas><canvas name="11" width="48" height="22"><vector name="origin" x="-10" y="21"/><vector name="head" x="57" y="-11"/><int name="delay" value="300"/><int name="a1" value="0"/><int name="a0" value="255"/></canvas></imgdir></imgdir>