<?xml version="1.0" encoding="UTF-8" standalone="yes"?><imgdir name="4230122.img"><imgdir name="info"><int name="bodyAttack" value="1"/><int name="level" value="42"/><int name="maxHP" value="2100"/><int name="maxMP" value="120"/><int name="speed" value="0"/><int name="PADamage" value="135"/><int name="PDDamage" value="120"/><int name="MADamage" value="145"/><int name="MDDamage" value="120"/><int name="acc" value="150"/><int name="eva" value="10"/><int name="exp" value="99"/><int name="undead" value="0"/><int name="pushed" value="100"/><int name="hpRecovery" value="30"/><int name="mpRecovery" value="2"/><string name="elemAttr" value="F3"/><int name="summonType" value="1"/><string name="link" value="4230105"/><int name="mobType" value="4"/></imgdir></imgdir>