<?xml version="1.0" encoding="UTF-8" standalone="yes"?><imgdir name="4230118.img"><imgdir name="info"><int name="bodyAttack" value="1"/><int name="level" value="45"/><int name="maxHP" value="2550"/><int name="maxMP" value="170"/><int name="speed" value="-5"/><int name="PADamage" value="140"/><int name="PDDamage" value="180"/><int name="MADamage" value="155"/><int name="MDDamage" value="200"/><int name="acc" value="210"/><int name="eva" value="21"/><int name="exp" value="110"/><int name="undead" value="0"/><int name="pushed" value="0"/><float name="fs" value="10.0"/><int name="summonType" value="1"/><string name="elemAttr" value="L2"/><int name="mobType" value="5"/></imgdir><imgdir name="move"><canvas name="0" width="84" height="98"><vector name="origin" x="34" y="98"/><vector name="lt" x="-34" y="-93"/><vector name="rb" x="24" y="0"/><vector name="head" x="-15" y="-58"/><int name="delay" value="120"/></canvas><canvas name="1" width="80" height="102"><vector name="origin" x="34" y="102"/><vector name="lt" x="-34" y="-92"/><vector name="rb" x="24" y="0"/><vector name="head" x="-15" y="-57"/><int name="delay" value="120"/></canvas><canvas name="2" width="68" height="109"><vector name="origin" x="34" y="109"/><vector name="lt" x="-34" y="-93"/><vector name="rb" x="24" y="0"/><vector name="head" x="-15" y="-58"/><int name="delay" value="120"/></canvas><canvas name="3" width="86" height="103"><vector name="origin" x="34" y="103"/><vector name="lt" x="-34" y="-92"/><vector name="rb" x="24" y="0"/><vector name="head" x="-15" y="-57"/><int name="delay" value="120"/></canvas></imgdir><imgdir name="stand"><canvas name="0" width="59" height="111"><vector name="origin" x="34" y="111"/><vector name="lt" x="-34" y="-96"/><vector name="rb" x="24" y="0"/><vector name="head" x="-15" y="-58"/><int name="delay" value="400"/></canvas><canvas name="1" width="59" height="111"><vector name="origin" x="34" y="111"/><vector name="lt" x="-34" y="-96"/><vector name="rb" x="24" y="0"/><vector name="head" x="-15" y="-58"/><int name="delay" value="70"/></canvas><canvas name="2" width="59" height="111"><vector name="origin" x="34" y="111"/><vector name="lt" x="-34" y="-96"/><vector name="rb" x="24" y="0"/><vector name="head" x="-15" y="-58"/><int name="delay" value="50"/></canvas><uol name="3" value="0"/><uol name="4" value="1"/><uol name="5" value="2"/><uol name="6" value="0"/><canvas name="7" width="59" height="111"><vector name="origin" x="34" y="111"/><vector name="lt" x="-34" y="-96"/><vector name="rb" x="24" y="0"/><vector name="head" x="-15" y="-58"/><int name="delay" value="120"/></canvas><canvas name="8" width="59" height="111"><vector name="origin" x="34" y="111"/><vector name="lt" x="-34" y="-96"/><vector name="rb" x="24" y="0"/><vector name="head" x="-15" y="-58"/><int name="delay" value="120"/></canvas><canvas name="9" width="59" height="111"><vector name="origin" x="34" y="111"/><vector name="lt" x="-34" y="-96"/><vector name="rb" x="24" y="0"/><vector name="head" x="-15" y="-58"/><int name="delay" value="70"/></canvas><canvas name="10" width="59" height="111"><vector name="origin" x="34" y="111"/><vector name="lt" x="-34" y="-96"/><vector name="rb" x="24" y="0"/><vector name="head" x="-15" y="-58"/><int name="delay" value="120"/></canvas><canvas name="11" width="59" height="111"><vector name="origin" x="34" y="111"/><vector name="lt" x="-34" y="-96"/><vector name="rb" x="24" y="0"/><vector name="head" x="-15" y="-58"/><int name="delay" value="120"/></canvas><canvas name="12" width="59" height="110"><vector name="origin" x="34" y="110"/><vector name="lt" x="-34" y="-96"/><vector name="rb" x="24" y="0"/><vector name="head" x="-15" y="-58"/><int name="delay" value="120"/></canvas><canvas name="13" width="59" height="111"><vector name="origin" x="34" y="111"/><vector name="lt" x="-34" y="-96"/><vector name="rb" x="24" y="0"/><vector name="head" x="-15" y="-58"/><int name="delay" value="120"/></canvas><canvas name="14" width="59" height="110"><vector name="origin" x="34" y="110"/><vector name="lt" x="-34" y="-96"/><vector name="rb" x="24" y="0"/><vector name="head" x="-15" y="-58"/><int name="delay" value="120"/></canvas></imgdir><imgdir name="jump"><canvas name="0" width="70" height="114"><vector name="origin" x="34" y="114"/><vector name="lt" x="-34" y="-93"/><vector name="rb" x="24" y="0"/><vector name="head" x="-15" y="-58"/></canvas></imgdir><imgdir name="attack1"><imgdir name="info"><imgdir name="range"><vector name="lt" x="-170" y="-120"/><vector name="rb" x="170" y="0"/></imgdir><imgdir name="hit"><canvas name="0" width="78" height="75"><vector name="origin" x="39" y="59"/><int name="delay" value="100"/></canvas><canvas name="1" width="73" height="74"><vector name="origin" x="38" y="59"/><int name="delay" value="100"/></canvas><canvas name="2" width="76" height="68"><vector name="origin" x="40" y="55"/><int name="delay" value="100"/></canvas><uol name="3" value="0"/><uol name="4" value="1"/><uol name="5" value="2"/><int name="attach" value="1"/></imgdir><int name="type" value="0"/><int name="conMP" value="2"/><int name="attackAfter" value="1050"/><int name="magic" value="1"/><string name="elemAttr" value="L"/></imgdir><canvas name="0" width="59" height="111"><vector name="origin" x="34" y="111"/><vector name="lt" x="-34" y="-96"/><vector name="rb" x="25" y="0"/><vector name="head" x="-14" y="-59"/><int name="delay" value="150"/></canvas><canvas name="1" width="71" height="116"><vector name="origin" x="37" y="113"/><vector name="lt" x="-34" y="-96"/><vector name="rb" x="25" y="0"/><vector name="head" x="-14" y="-59"/><int name="delay" value="150"/></canvas><canvas name="2" width="78" height="118"><vector name="origin" x="38" y="114"/><vector name="lt" x="-34" y="-96"/><vector name="rb" x="25" y="0"/><vector name="head" x="-14" y="-59"/><int name="delay" value="150"/></canvas><canvas name="3" width="75" height="119"><vector name="origin" x="38" y="115"/><vector name="lt" x="-34" y="-96"/><vector name="rb" x="25" y="0"/><vector name="head" x="-14" y="-59"/><int name="delay" value="150"/></canvas><canvas name="4" width="78" height="119"><vector name="origin" x="39" y="115"/><vector name="lt" x="-34" y="-96"/><vector name="rb" x="25" y="0"/><vector name="head" x="-14" y="-59"/><int name="delay" value="150"/></canvas><canvas name="5" width="80" height="120"><vector name="origin" x="39" y="115"/><vector name="lt" x="-34" y="-96"/><vector name="rb" x="25" y="0"/><vector name="head" x="-14" y="-59"/><int name="delay" value="150"/></canvas><canvas name="6" width="151" height="120"><vector name="origin" x="67" y="115"/><vector name="lt" x="-34" y="-96"/><vector name="rb" x="25" y="0"/><vector name="head" x="-14" y="-59"/><int name="delay" value="150"/></canvas><canvas name="7" width="156" height="119"><vector name="origin" x="66" y="115"/><vector name="lt" x="-34" y="-96"/><vector name="rb" x="25" y="0"/><vector name="head" x="-14" y="-59"/><int name="delay" value="150"/></canvas><uol name="8" value="2"/><uol name="9" value="1"/><uol name="10" value="0"/></imgdir><imgdir name="hit1"><canvas name="0" width="82" height="85"><vector name="origin" x="45" y="85"/><vector name="lt" x="-42" y="-80"/><vector name="rb" x="23" y="0"/><vector name="head" x="-23" y="-45"/><int name="delay" value="600"/></canvas></imgdir><imgdir name="die1"><canvas name="0" width="72" height="96"><vector name="origin" x="37" y="96"/><vector name="head" x="-15" y="-58"/><int name="delay" value="120"/></canvas><canvas name="1" width="74" height="98"><vector name="origin" x="38" y="97"/><vector name="head" x="-15" y="-58"/><int name="delay" value="120"/></canvas><canvas name="2" width="74" height="97"><vector name="origin" x="38" y="96"/><vector name="head" x="-15" y="-58"/><int name="delay" value="120"/></canvas><canvas name="3" width="74" height="98"><vector name="origin" x="38" y="97"/><vector name="head" x="-15" y="-58"/><int name="delay" value="120"/></canvas><canvas name="4" width="74" height="98"><vector name="origin" x="38" y="97"/><vector name="head" x="-15" y="-58"/><int name="delay" value="120"/></canvas><canvas name="5" width="74" height="92"><vector name="origin" x="38" y="97"/><vector name="head" x="-15" y="-58"/><int name="delay" value="120"/></canvas><canvas name="6" width="74" height="98"><vector name="origin" x="38" y="97"/><vector name="head" x="-15" y="-58"/><int name="delay" value="120"/></canvas><canvas name="7" width="72" height="96"><vector name="origin" x="37" y="96"/><vector name="head" x="-15" y="-58"/><int name="delay" value="300"/><int name="a0" value="255"/><int name="a1" value="0"/></canvas></imgdir></imgdir>