<?xml version="1.0" encoding="UTF-8" standalone="yes"?><imgdir name="4230100.img"><imgdir name="info"><int name="bodyAttack" value="1"/><int name="level" value="40"/><int name="maxHP" value="2000"/><int name="maxMP" value="50"/><int name="speed" value="5"/><int name="PADamage" value="130"/><int name="PDDamage" value="80"/><int name="MADamage" value="0"/><int name="MDDamage" value="80"/><int name="acc" value="65"/><int name="eva" value="15"/><int name="exp" value="85"/><int name="undead" value="0"/><int name="pushed" value="1"/><string name="elemAttr" value="I2F3"/><float name="fs" value="10.0"/><int name="summonType" value="1"/><int name="mobType" value="1"/></imgdir><imgdir name="move"><canvas name="0" width="98" height="54"><vector name="origin" x="47" y="52"/><vector name="lt" x="-47" y="-52"/><vector name="rb" x="47" y="2"/><vector name="head" x="2" y="-48"/><int name="delay" value="150"/></canvas><canvas name="1" width="88" height="57"><vector name="origin" x="43" y="55"/><vector name="lt" x="-43" y="-55"/><vector name="rb" x="38" y="2"/><vector name="head" x="-10" y="-48"/><int name="delay" value="150"/></canvas><canvas name="2" width="83" height="54"><vector name="origin" x="37" y="52"/><vector name="lt" x="-37" y="-52"/><vector name="rb" x="46" y="2"/><vector name="head" x="-18" y="-48"/><int name="delay" value="150"/></canvas><canvas name="3" width="99" height="51"><vector name="origin" x="49" y="48"/><vector name="lt" x="-49" y="-47"/><vector name="rb" x="50" y="3"/><vector name="head" x="-11" y="-47"/><int name="delay" value="150"/></canvas></imgdir><imgdir name="stand"><canvas name="0" width="97" height="51"><vector name="origin" x="48" y="50"/><vector name="lt" x="-48" y="-49"/><vector name="rb" x="49" y="1"/><vector name="head" x="-19" y="-49"/><int name="delay" value="150"/></canvas><canvas name="1" width="104" height="55"><vector name="origin" x="62" y="54"/><vector name="lt" x="-48" y="-58"/><vector name="rb" x="39" y="1"/><vector name="head" x="-19" y="-51"/><int name="delay" value="150"/></canvas><canvas name="2" width="111" height="59"><vector name="origin" x="69" y="58"/><vector name="lt" x="-48" y="-54"/><vector name="rb" x="41" y="1"/><vector name="head" x="-19" y="-50"/><int name="delay" value="150"/></canvas></imgdir><imgdir name="jump"><canvas name="0" width="90" height="59"><vector name="origin" x="48" y="58"/><vector name="lt" x="-48" y="-54"/><vector name="rb" x="41" y="1"/><vector name="head" x="-19" y="-50"/></canvas></imgdir><imgdir name="hit1"><canvas name="0" width="90" height="75"><vector name="origin" x="42" y="74"/><vector name="lt" x="-42" y="-57"/><vector name="rb" x="43" y="1"/><int name="delay" value="600"/><vector name="head" x="-16" y="-56"/></canvas></imgdir><imgdir name="die1"><canvas name="0" width="100" height="48"><vector name="origin" x="49" y="47"/><vector name="head" x="-37" y="-34"/><int name="delay" value="180"/></canvas><canvas name="1" width="115" height="40"><vector name="origin" x="60" y="39"/><vector name="head" x="-34" y="-29"/><int name="delay" value="180"/></canvas><canvas name="2" width="123" height="40"><vector name="origin" x="60" y="39"/><vector name="head" x="-34" y="-29"/><int name="delay" value="300"/><int name="a0" value="255"/><int name="a1" value="0"/></canvas></imgdir></imgdir>