<?xml version="1.0" encoding="UTF-8" standalone="yes"?><imgdir name="4230115.img"><imgdir name="info"><int name="bodyAttack" value="1"/><int name="level" value="46"/><int name="maxHP" value="2600"/><int name="maxMP" value="70"/><int name="speed" value="-10"/><int name="PADamage" value="130"/><int name="PDDamage" value="170"/><int name="MADamage" value="160"/><int name="MDDamage" value="200"/><int name="acc" value="155"/><int name="eva" value="24"/><int name="exp" value="115"/><int name="undead" value="1"/><int name="pushed" value="300"/><float name="fs" value="10.0"/><int name="summonType" value="1"/><int name="mobType" value="5"/></imgdir><imgdir name="move"><canvas name="0" width="77" height="77"><vector name="origin" x="38" y="92"/><vector name="lt" x="-38" y="-92"/><vector name="rb" x="33" y="-16"/><vector name="head" x="-15" y="-65"/><int name="delay" value="100"/></canvas><canvas name="1" width="86" height="75"><vector name="origin" x="48" y="89"/><vector name="lt" x="-38" y="-89"/><vector name="rb" x="33" y="-14"/><vector name="head" x="-15" y="-64"/><int name="delay" value="100"/></canvas><canvas name="2" width="85" height="74"><vector name="origin" x="49" y="86"/><vector name="lt" x="-38" y="-86"/><vector name="rb" x="33" y="-12"/><vector name="head" x="-15" y="-63"/><int name="delay" value="100"/></canvas><canvas name="3" width="85" height="74"><vector name="origin" x="47" y="84"/><vector name="lt" x="-38" y="-84"/><vector name="rb" x="33" y="-10"/><vector name="head" x="-15" y="-62"/><int name="delay" value="100"/></canvas><canvas name="4" width="81" height="72"><vector name="origin" x="46" y="84"/><vector name="lt" x="-38" y="-84"/><vector name="rb" x="33" y="-12"/><vector name="head" x="-15" y="-63"/><int name="delay" value="100"/></canvas><canvas name="5" width="84" height="72"><vector name="origin" x="46" y="86"/><vector name="lt" x="-38" y="-86"/><vector name="rb" x="33" y="-14"/><vector name="head" x="-15" y="-64"/><int name="delay" value="100"/></canvas><canvas name="6" width="76" height="72"><vector name="origin" x="40" y="88"/><vector name="lt" x="-38" y="-88"/><vector name="rb" x="33" y="-16"/><vector name="head" x="-15" y="-65"/><int name="delay" value="100"/></canvas><canvas name="7" width="78" height="76"><vector name="origin" x="40" y="91"/><vector name="lt" x="-38" y="-91"/><vector name="rb" x="33" y="-18"/><vector name="head" x="-15" y="-66"/><int name="delay" value="100"/></canvas></imgdir><imgdir name="stand"><canvas name="0" width="77" height="77"><vector name="origin" x="38" y="92"/><vector name="lt" x="-38" y="-92"/><vector name="rb" x="33" y="-16"/><vector name="head" x="-15" y="-65"/><int name="delay" value="100"/></canvas><canvas name="1" width="75" height="77"><vector name="origin" x="39" y="89"/><vector name="lt" x="-39" y="-89"/><vector name="rb" x="33" y="-16"/><vector name="head" x="-15" y="-64"/><int name="delay" value="100"/></canvas><canvas name="2" width="73" height="80"><vector name="origin" x="39" y="86"/><vector name="lt" x="-39" y="-86"/><vector name="rb" x="34" y="-13"/><vector name="head" x="-15" y="-63"/><int name="delay" value="100"/></canvas><canvas name="3" width="77" height="75"><vector name="origin" x="39" y="84"/><vector name="lt" x="-35" y="-84"/><vector name="rb" x="35" y="-11"/><vector name="head" x="-15" y="-62"/><int name="delay" value="100"/></canvas><canvas name="4" width="74" height="74"><vector name="origin" x="39" y="84"/><vector name="lt" x="-35" y="-84"/><vector name="rb" x="33" y="-13"/><vector name="head" x="-14" y="-63"/><int name="delay" value="100"/></canvas><canvas name="5" width="78" height="76"><vector name="origin" x="40" y="86"/><vector name="lt" x="-36" y="-86"/><vector name="rb" x="35" y="-15"/><vector name="head" x="-15" y="-64"/><int name="delay" value="100"/></canvas><canvas name="6" width="76" height="72"><vector name="origin" x="40" y="88"/><vector name="lt" x="-38" y="-88"/><vector name="rb" x="33" y="-16"/><vector name="head" x="-14" y="-65"/><int name="delay" value="100"/></canvas><canvas name="7" width="78" height="73"><vector name="origin" x="40" y="91"/><vector name="lt" x="-35" y="-91"/><vector name="rb" x="34" y="-19"/><vector name="head" x="-15" y="-66"/><int name="delay" value="100"/></canvas></imgdir><imgdir name="attack1"><imgdir name="info"><imgdir name="effect"><canvas name="0" width="40" height="68"><vector name="origin" x="50" y="83"/><int name="delay" value="100"/></canvas><canvas name="1" width="63" height="74"><vector name="origin" x="50" y="83"/><int name="delay" value="100"/></canvas><canvas name="2" width="62" height="76"><vector name="origin" x="49" y="84"/><int name="delay" value="100"/></canvas><canvas name="3" width="61" height="76"><vector name="origin" x="49" y="84"/><int name="delay" value="100"/></canvas><canvas name="4" width="63" height="78"><vector name="origin" x="48" y="84"/><int name="delay" value="100"/></canvas><canvas name="5" width="79" height="90"><vector name="origin" x="50" y="84"/><int name="delay" value="100"/></canvas><canvas name="6" width="82" height="94"><vector name="origin" x="50" y="84"/><int name="delay" value="100"/></canvas><canvas name="7" width="86" height="95"><vector name="origin" x="52" y="84"/><int name="delay" value="100"/></canvas><canvas name="8" width="88" height="94"><vector name="origin" x="55" y="83"/><int name="delay" value="100"/></canvas><canvas name="9" width="86" height="87"><vector name="origin" x="57" y="81"/><int name="delay" value="100"/></canvas><canvas name="10" width="84" height="81"><vector name="origin" x="55" y="75"/><int name="delay" value="100"/></canvas><canvas name="11" width="54" height="59"><vector name="origin" x="43" y="64"/><int name="delay" value="100"/></canvas><canvas name="12" width="55" height="58"><vector name="origin" x="44" y="64"/><int name="delay" value="100"/></canvas></imgdir><imgdir name="range"><vector name="sp" x="-27" y="-39"/><int name="r" value="200"/></imgdir><imgdir name="hit"><canvas name="0" width="83" height="94"><vector name="origin" x="38" y="65"/><int name="delay" value="120"/></canvas><canvas name="1" width="110" height="113"><vector name="origin" x="50" y="76"/><int name="delay" value="120"/><int name="a0" value="255"/><int name="a1" value="0"/></canvas></imgdir><int name="type" value="1"/><int name="attackAfter" value="800"/><int name="magic" value="1"/></imgdir><canvas name="0" width="77" height="77"><vector name="origin" x="38" y="92"/><vector name="lt" x="-38" y="-92"/><vector name="rb" x="33" y="-16"/><vector name="head" x="-15" y="-65"/><int name="delay" value="94"/></canvas><canvas name="1" width="86" height="75"><vector name="origin" x="48" y="89"/><vector name="lt" x="-38" y="-89"/><vector name="rb" x="33" y="-14"/><vector name="head" x="-15" y="-64"/><int name="delay" value="94"/></canvas><canvas name="2" width="85" height="74"><vector name="origin" x="49" y="86"/><vector name="lt" x="-38" y="-86"/><vector name="rb" x="33" y="-12"/><vector name="head" x="-15" y="-63"/><int name="delay" value="94"/></canvas><canvas name="3" width="85" height="74"><vector name="origin" x="47" y="84"/><vector name="lt" x="-38" y="-84"/><vector name="rb" x="34" y="-10"/><vector name="head" x="-15" y="-62"/><int name="delay" value="94"/></canvas><canvas name="4" width="81" height="72"><vector name="origin" x="46" y="84"/><vector name="lt" x="-38" y="-84"/><vector name="rb" x="33" y="-12"/><vector name="head" x="-15" y="-63"/><int name="delay" value="94"/></canvas><canvas name="5" width="84" height="72"><vector name="origin" x="46" y="86"/><vector name="lt" x="-38" y="-86"/><vector name="rb" x="33" y="-14"/><vector name="head" x="-15" y="-64"/><int name="delay" value="94"/></canvas><canvas name="6" width="76" height="72"><vector name="origin" x="40" y="88"/><vector name="lt" x="-38" y="-88"/><vector name="rb" x="33" y="-16"/><vector name="head" x="-15" y="-65"/><int name="delay" value="94"/></canvas><canvas name="7" width="78" height="76"><vector name="origin" x="40" y="91"/><vector name="lt" x="-32" y="-91"/><vector name="rb" x="33" y="-18"/><vector name="head" x="-15" y="-66"/><int name="delay" value="94"/></canvas><uol name="8" value="0"/><uol name="9" value="1"/><uol name="10" value="2"/><uol name="11" value="3"/><uol name="12" value="4"/><uol name="13" value="5"/><uol name="14" value="6"/><uol name="15" value="7"/></imgdir><imgdir name="hit1"><canvas name="0" width="84" height="82"><vector name="origin" x="46" y="97"/><vector name="lt" x="-32" y="-97"/><vector name="rb" x="34" y="-16"/><vector name="head" x="-15" y="-65"/><int name="delay" value="600"/></canvas></imgdir><imgdir name="die1"><canvas name="0" width="84" height="86"><vector name="origin" x="47" y="97"/><vector name="head" x="-15" y="-65"/><int name="delay" value="120"/></canvas><canvas name="1" width="78" height="92"><vector name="origin" x="48" y="102"/><vector name="head" x="-15" y="-65"/><int name="delay" value="120"/></canvas><canvas name="2" width="91" height="97"><vector name="origin" x="46" y="108"/><vector name="head" x="-10" y="-61"/><int name="delay" value="120"/></canvas><canvas name="3" width="94" height="100"><vector name="origin" x="46" y="112"/><vector name="head" x="-10" y="-62"/><int name="delay" value="120"/></canvas><canvas name="4" width="98" height="104"><vector name="origin" x="46" y="113"/><vector name="head" x="-9" y="-59"/><int name="delay" value="120"/></canvas><canvas name="5" width="132" height="109"><vector name="origin" x="73" y="112"/><vector name="head" x="-8" y="-53"/><int name="delay" value="120"/></canvas><canvas name="6" width="135" height="43"><vector name="origin" x="73" y="110"/><int name="delay" value="300"/><int name="a0" value="255"/><int name="a1" value="0"/></canvas></imgdir></imgdir>