<?xml version="1.0" encoding="UTF-8" standalone="yes"?><imgdir name="4230126.img"><imgdir name="info"><int name="bodyAttack" value="1"/><int name="level" value="47"/><int name="maxHP" value="2750"/><int name="maxMP" value="0"/><int name="speed" value="20"/><int name="PADamage" value="145"/><int name="PDDamage" value="175"/><int name="MADamage" value="0"/><int name="MDDamage" value="195"/><int name="acc" value="130"/><int name="eva" value="18"/><int name="exp" value="117"/><int name="undead" value="1"/><int name="pushed" value="100"/><float name="fs" value="10.0"/><int name="summonType" value="1"/><string name="elemAttr" value="H3D2"/><int name="mobType" value="7"/></imgdir><imgdir name="move"><canvas name="0" width="78" height="57"><vector name="origin" x="35" y="57"/><vector name="lt" x="-37" y="-56"/><vector name="rb" x="35" y="0"/><vector name="head" x="-16" y="-56"/><int name="delay" value="140"/></canvas><canvas name="1" width="78" height="48"><vector name="origin" x="35" y="54"/><vector name="lt" x="-37" y="-53"/><vector name="rb" x="41" y="-12"/><vector name="head" x="-16" y="-53"/><int name="delay" value="140"/></canvas><canvas name="2" width="66" height="51"><vector name="origin" x="35" y="51"/><vector name="lt" x="-37" y="-50"/><vector name="rb" x="29" y="0"/><vector name="head" x="-16" y="-50"/><int name="delay" value="140"/></canvas><canvas name="3" width="65" height="50"><vector name="origin" x="35" y="50"/><vector name="lt" x="-37" y="-49"/><vector name="rb" x="24" y="0"/><vector name="head" x="-16" y="-49"/><int name="delay" value="140"/></canvas><canvas name="4" width="68" height="58"><vector name="origin" x="35" y="58"/><vector name="lt" x="-37" y="-57"/><vector name="rb" x="29" y="0"/><vector name="head" x="-16" y="-57"/><int name="delay" value="140"/></canvas></imgdir><imgdir name="stand"><canvas name="0" width="65" height="58"><vector name="origin" x="33" y="58"/><vector name="lt" x="-33" y="-57"/><vector name="rb" x="32" y="0"/><vector name="head" x="-12" y="-57"/><int name="delay" value="180"/></canvas><canvas name="1" width="70" height="56"><vector name="origin" x="35" y="56"/><vector name="lt" x="-35" y="-55"/><vector name="rb" x="33" y="0"/><vector name="head" x="-14" y="-55"/><int name="delay" value="180"/></canvas><canvas name="2" width="65" height="57"><vector name="origin" x="34" y="57"/><vector name="lt" x="-34" y="-56"/><vector name="rb" x="31" y="0"/><vector name="head" x="-13" y="-56"/><int name="delay" value="180"/></canvas></imgdir><imgdir name="jump"><canvas name="0" width="78" height="48"><vector name="origin" x="37" y="43"/><vector name="lt" x="-37" y="-43"/><vector name="rb" x="41" y="0"/><vector name="head" x="-16" y="-42"/><int name="delay" value="140"/></canvas></imgdir><imgdir name="hit1"><canvas name="0" width="72" height="74"><vector name="origin" x="38" y="74"/><vector name="lt" x="-24" y="-64"/><vector name="rb" x="30" y="0"/><vector name="head" x="-5" y="-64"/><int name="delay" value="600"/></canvas></imgdir><imgdir name="die1"><canvas name="0" width="72" height="74"><vector name="origin" x="38" y="74"/><vector name="head" x="-5" y="-64"/><int name="delay" value="180"/></canvas><canvas name="1" width="82" height="71"><vector name="origin" x="43" y="71"/><vector name="head" x="0" y="-66"/><int name="delay" value="180"/></canvas><canvas name="2" width="87" height="69"><vector name="origin" x="46" y="68"/><vector name="head" x="3" y="-65"/><int name="delay" value="180"/></canvas><canvas name="3" width="60" height="65"><vector name="origin" x="16" y="65"/><vector name="head" x="5" y="-64"/><int name="delay" value="180"/></canvas><canvas name="4" width="59" height="60"><vector name="origin" x="14" y="60"/><vector name="head" x="7" y="-59"/><int name="delay" value="180"/></canvas><canvas name="5" width="57" height="51"><vector name="origin" x="12" y="46"/><vector name="head" x="9" y="-45"/><int name="a0" value="255"/><int name="a1" value="0"/><int name="delay" value="300"/></canvas></imgdir></imgdir>