<?xml version="1.0" encoding="UTF-8" standalone="yes"?><imgdir name="4230114.img"><imgdir name="info"><int name="bodyAttack" value="1"/><int name="level" value="41"/><int name="maxHP" value="2050"/><int name="maxMP" value="50"/><int name="speed" value="-15"/><int name="PADamage" value="125"/><int name="PDDamage" value="130"/><int name="MADamage" value="142"/><int name="MDDamage" value="160"/><int name="acc" value="145"/><int name="eva" value="22"/><int name="exp" value="99"/><int name="undead" value="1"/><int name="pushed" value="0"/><float name="fs" value="10.0"/><int name="summonType" value="1"/><int name="mobType" value="5"/></imgdir><imgdir name="move"><canvas name="0" width="74" height="77"><vector name="origin" x="37" y="92"/><vector name="lt" x="-32" y="-92"/><vector name="rb" x="28" y="-16"/><vector name="head" x="-17" y="-65"/><int name="delay" value="100"/></canvas><canvas name="1" width="75" height="73"><vector name="origin" x="39" y="89"/><vector name="lt" x="-32" y="-89"/><vector name="rb" x="28" y="-16"/><vector name="head" x="-17" y="-64"/><int name="delay" value="100"/></canvas><canvas name="2" width="74" height="71"><vector name="origin" x="40" y="86"/><vector name="lt" x="-33" y="-86"/><vector name="rb" x="30" y="-16"/><vector name="head" x="-17" y="-63"/><int name="delay" value="100"/></canvas><canvas name="3" width="74" height="70"><vector name="origin" x="38" y="84"/><vector name="lt" x="-33" y="-84"/><vector name="rb" x="31" y="-16"/><vector name="head" x="-17" y="-62"/><int name="delay" value="100"/></canvas><canvas name="4" width="70" height="68"><vector name="origin" x="37" y="84"/><vector name="lt" x="-32" y="-84"/><vector name="rb" x="30" y="-16"/><vector name="head" x="-17" y="-63"/><int name="delay" value="100"/></canvas><canvas name="5" width="74" height="68"><vector name="origin" x="38" y="86"/><vector name="lt" x="-33" y="-86"/><vector name="rb" x="31" y="-18"/><vector name="head" x="-17" y="-64"/><int name="delay" value="100"/></canvas><canvas name="6" width="74" height="71"><vector name="origin" x="40" y="88"/><vector name="lt" x="-32" y="-88"/><vector name="rb" x="32" y="-17"/><vector name="head" x="-17" y="-65"/><int name="delay" value="100"/></canvas><canvas name="7" width="75" height="73"><vector name="origin" x="39" y="91"/><vector name="lt" x="-33" y="-91"/><vector name="rb" x="32" y="-19"/><vector name="head" x="-17" y="-66"/><int name="delay" value="100"/></canvas></imgdir><imgdir name="stand"><canvas name="0" width="74" height="77"><vector name="origin" x="37" y="92"/><vector name="lt" x="-32" y="-92"/><vector name="rb" x="28" y="-18"/><vector name="head" x="-17" y="-65"/><int name="delay" value="100"/></canvas><canvas name="1" width="73" height="75"><vector name="origin" x="39" y="89"/><vector name="lt" x="-32" y="-89"/><vector name="rb" x="30" y="-17"/><vector name="head" x="-17" y="-64"/><int name="delay" value="100"/></canvas><canvas name="2" width="72" height="73"><vector name="origin" x="40" y="86"/><vector name="lt" x="-32" y="-86"/><vector name="rb" x="28" y="-15"/><vector name="head" x="-17" y="-63"/><int name="delay" value="100"/></canvas><canvas name="3" width="74" height="70"><vector name="origin" x="38" y="84"/><vector name="lt" x="-30" y="-84"/><vector name="rb" x="31" y="-14"/><vector name="head" x="-17" y="-62"/><int name="delay" value="100"/></canvas><canvas name="4" width="70" height="68"><vector name="origin" x="37" y="84"/><vector name="lt" x="-32" y="-84"/><vector name="rb" x="28" y="-16"/><vector name="head" x="-17" y="-63"/><int name="delay" value="100"/></canvas><canvas name="5" width="74" height="68"><vector name="origin" x="38" y="86"/><vector name="lt" x="-33" y="-86"/><vector name="rb" x="31" y="-18"/><vector name="head" x="-17" y="-64"/><int name="delay" value="100"/></canvas><canvas name="6" width="74" height="71"><vector name="origin" x="40" y="88"/><vector name="lt" x="-32" y="-88"/><vector name="rb" x="32" y="-18"/><vector name="head" x="-17" y="-65"/><int name="delay" value="100"/></canvas><canvas name="7" width="75" height="73"><vector name="origin" x="39" y="91"/><vector name="lt" x="-32" y="-91"/><vector name="rb" x="32" y="-19"/><vector name="head" x="-17" y="-66"/><int name="delay" value="100"/></canvas></imgdir><imgdir name="attack1"><imgdir name="info"><imgdir name="effect"><canvas name="0" width="36" height="33"><vector name="origin" x="60" y="53"/><int name="delay" value="100"/></canvas><canvas name="1" width="39" height="49"><vector name="origin" x="59" y="58"/><int name="delay" value="100"/></canvas><canvas name="2" width="41" height="51"><vector name="origin" x="59" y="59"/><int name="delay" value="100"/></canvas><canvas name="3" width="50" height="52"><vector name="origin" x="58" y="60"/><int name="delay" value="100"/></canvas><canvas name="4" width="61" height="58"><vector name="origin" x="58" y="64"/><int name="delay" value="100"/></canvas><canvas name="5" width="64" height="71"><vector name="origin" x="57" y="72"/><int name="delay" value="100"/></canvas><canvas name="6" width="65" height="77"><vector name="origin" x="56" y="75"/><int name="delay" value="100"/></canvas><canvas name="7" width="64" height="79"><vector name="origin" x="55" y="76"/><int name="delay" value="100"/></canvas><canvas name="8" width="62" height="74"><vector name="origin" x="54" y="73"/><int name="delay" value="100"/></canvas><canvas name="9" width="59" height="68"><vector name="origin" x="54" y="70"/><int name="delay" value="100"/></canvas><canvas name="10" width="61" height="69"><vector name="origin" x="55" y="71"/><int name="delay" value="100"/></canvas><canvas name="11" width="53" height="59"><vector name="origin" x="55" y="64"/><int name="delay" value="100"/></canvas><canvas name="12" width="56" height="58"><vector name="origin" x="57" y="64"/><int name="delay" value="100"/></canvas></imgdir><imgdir name="range"><vector name="sp" x="-27" y="-39"/><int name="r" value="200"/></imgdir><imgdir name="hit"><canvas name="0" width="83" height="94"><vector name="origin" x="38" y="65"/><int name="delay" value="120"/></canvas><canvas name="1" width="110" height="113"><vector name="origin" x="50" y="76"/><int name="delay" value="120"/><int name="a0" value="255"/><int name="a1" value="0"/></canvas></imgdir><int name="type" value="1"/><int name="attackAfter" value="800"/><int name="magic" value="1"/></imgdir><canvas name="0" width="74" height="77"><vector name="origin" x="37" y="92"/><vector name="lt" x="-37" y="-92"/><vector name="rb" x="34" y="-16"/><vector name="head" x="-17" y="-65"/><int name="delay" value="94"/></canvas><canvas name="1" width="75" height="73"><vector name="origin" x="39" y="89"/><vector name="lt" x="-33" y="-89"/><vector name="rb" x="32" y="-17"/><vector name="head" x="-17" y="-64"/><int name="delay" value="94"/></canvas><canvas name="2" width="74" height="71"><vector name="origin" x="40" y="86"/><vector name="lt" x="-33" y="-86"/><vector name="rb" x="32" y="-16"/><vector name="head" x="-17" y="-63"/><int name="delay" value="94"/></canvas><canvas name="3" width="74" height="70"><vector name="origin" x="38" y="84"/><vector name="lt" x="-33" y="-84"/><vector name="rb" x="31" y="-14"/><vector name="head" x="-17" y="-62"/><int name="delay" value="94"/></canvas><canvas name="4" width="70" height="68"><vector name="origin" x="37" y="84"/><vector name="lt" x="-33" y="-84"/><vector name="rb" x="29" y="-16"/><vector name="head" x="-17" y="-63"/><int name="delay" value="94"/></canvas><canvas name="5" width="74" height="68"><vector name="origin" x="38" y="86"/><vector name="lt" x="-33" y="-86"/><vector name="rb" x="31" y="-18"/><vector name="head" x="-17" y="-64"/><int name="delay" value="94"/></canvas><canvas name="6" width="74" height="71"><vector name="origin" x="40" y="88"/><vector name="lt" x="-30" y="-88"/><vector name="rb" x="32" y="-18"/><vector name="head" x="-17" y="-65"/><int name="delay" value="94"/></canvas><canvas name="7" width="75" height="73"><vector name="origin" x="39" y="91"/><vector name="lt" x="-31" y="-91"/><vector name="rb" x="32" y="-19"/><vector name="head" x="-17" y="-66"/><int name="delay" value="94"/></canvas><uol name="8" value="0"/><uol name="9" value="1"/><uol name="10" value="2"/><uol name="11" value="3"/><uol name="12" value="4"/><uol name="13" value="5"/><uol name="14" value="6"/><uol name="15" value="7"/></imgdir><imgdir name="hit1"><canvas name="0" width="79" height="78"><vector name="origin" x="43" y="97"/><vector name="lt" x="-33" y="-97"/><vector name="rb" x="28" y="-19"/><vector name="head" x="-17" y="-65"/><int name="delay" value="600"/></canvas></imgdir><imgdir name="die1"><canvas name="0" width="79" height="82"><vector name="origin" x="43" y="101"/><vector name="head" x="-15" y="-62"/><int name="delay" value="120"/></canvas><canvas name="1" width="72" height="91"><vector name="origin" x="44" y="106"/><vector name="head" x="-14" y="-62"/><int name="delay" value="120"/></canvas><canvas name="2" width="77" height="94"><vector name="origin" x="41" y="112"/><vector name="head" x="-12" y="-65"/><int name="delay" value="120"/></canvas><canvas name="3" width="79" height="97"><vector name="origin" x="40" y="116"/><vector name="head" x="-11" y="-66"/><int name="delay" value="120"/></canvas><canvas name="4" width="82" height="101"><vector name="origin" x="39" y="117"/><vector name="head" x="-10" y="-63"/><int name="delay" value="120"/></canvas><canvas name="5" width="88" height="106"><vector name="origin" x="38" y="116"/><vector name="head" x="-9" y="-57"/><int name="delay" value="120"/></canvas><canvas name="6" width="58" height="43"><vector name="origin" x="5" y="114"/><int name="delay" value="300"/><int name="a0" value="255"/><int name="a1" value="0"/></canvas></imgdir></imgdir>