<?xml version="1.0" encoding="UTF-8" standalone="yes"?><imgdir name="4230201.img"><imgdir name="info"><int name="bodyAttack" value="1"/><int name="level" value="40"/><int name="maxHP" value="1910"/><int name="maxMP" value="130"/><int name="flySpeed" value="-20"/><int name="PADamage" value="120"/><int name="PDDamage" value="140"/><int name="MADamage" value="140"/><int name="MDDamage" value="100"/><int name="acc" value="150"/><int name="eva" value="18"/><int name="exp" value="97"/><int name="undead" value="0"/><int name="pushed" value="0"/><float name="fs" value="10.0"/><int name="summonType" value="1"/><string name="elemAttr" value="S2F2"/></imgdir><imgdir name="fly"><canvas name="0" width="59" height="44"><vector name="origin" x="29" y="61"/><vector name="lt" x="-29" y="-61"/><vector name="rb" x="30" y="-17"/><vector name="head" x="-12" y="-52"/><int name="delay" value="120"/></canvas><canvas name="1" width="61" height="44"><vector name="origin" x="29" y="61"/><vector name="lt" x="-30" y="-62"/><vector name="rb" x="31" y="-17"/><vector name="head" x="-13" y="-52"/><int name="delay" value="120"/></canvas><canvas name="2" width="59" height="43"><vector name="origin" x="29" y="61"/><vector name="lt" x="-30" y="-62"/><vector name="rb" x="29" y="-18"/><vector name="head" x="-13" y="-54"/><int name="delay" value="120"/></canvas><canvas name="3" width="61" height="44"><vector name="origin" x="29" y="62"/><vector name="lt" x="-30" y="-62"/><vector name="rb" x="31" y="-18"/><vector name="head" x="-13" y="-53"/><int name="delay" value="120"/></canvas><canvas name="4" width="59" height="45"><vector name="origin" x="29" y="63"/><vector name="lt" x="-29" y="-63"/><vector name="rb" x="29" y="-19"/><vector name="head" x="-13" y="-52"/><int name="delay" value="120"/></canvas><canvas name="5" width="61" height="45"><vector name="origin" x="29" y="63"/><vector name="lt" x="-29" y="-63"/><vector name="rb" x="31" y="-19"/><vector name="head" x="-13" y="-52"/><int name="delay" value="120"/></canvas></imgdir><imgdir name="attack1"><imgdir name="info"><imgdir name="range"><vector name="lt" x="-162" y="-69"/><vector name="rb" x="160" y="24"/></imgdir><imgdir name="hit"><canvas name="0" width="70" height="66"><vector name="origin" x="41" y="71"/><int name="delay" value="150"/></canvas><canvas name="1" width="73" height="76"><vector name="origin" x="34" y="76"/><int name="delay" value="150"/></canvas><int name="attach" value="1"/></imgdir><int name="type" value="0"/><int name="conMP" value="1"/><int name="attackAfter" value="600"/><int name="magic" value="1"/><int name="desease" value="125"/><int name="level" value="1"/></imgdir><canvas name="0" width="59" height="45"><vector name="origin" x="29" y="61"/><vector name="lt" x="-29" y="-61"/><vector name="rb" x="30" y="-16"/><vector name="head" x="-12" y="-52"/><int name="delay" value="120"/></canvas><canvas name="1" width="61" height="44"><vector name="origin" x="29" y="62"/><vector name="lt" x="-29" y="-62"/><vector name="rb" x="32" y="-18"/><vector name="head" x="-12" y="-52"/><int name="delay" value="120"/></canvas><canvas name="2" width="66" height="68"><vector name="origin" x="36" y="70"/><vector name="lt" x="-36" y="-70"/><vector name="rb" x="30" y="-2"/><vector name="head" x="-12" y="-54"/><int name="delay" value="120"/></canvas><canvas name="3" width="69" height="70"><vector name="origin" x="37" y="71"/><vector name="lt" x="-37" y="-71"/><vector name="rb" x="32" y="-1"/><vector name="head" x="-12" y="-54"/><int name="delay" value="120"/></canvas><canvas name="4" width="99" height="83"><vector name="origin" x="51" y="71"/><vector name="lt" x="-51" y="-71"/><vector name="rb" x="48" y="12"/><vector name="head" x="-12" y="-53"/><int name="delay" value="120"/></canvas><canvas name="5" width="128" height="93"><vector name="origin" x="67" y="69"/><vector name="lt" x="-67" y="-69"/><vector name="rb" x="61" y="24"/><vector name="head" x="-12" y="-51"/><int name="delay" value="120"/></canvas><canvas name="6" width="155" height="109"><vector name="origin" x="79" y="68"/><vector name="lt" x="-79" y="-68"/><vector name="rb" x="76" y="40"/><vector name="head" x="-12" y="-50"/><int name="delay" value="120"/></canvas><canvas name="7" width="181" height="124"><vector name="origin" x="94" y="67"/><vector name="lt" x="-94" y="-68"/><vector name="rb" x="87" y="57"/><vector name="head" x="-12" y="-51"/><int name="delay" value="120"/></canvas><canvas name="8" width="60" height="54"><vector name="origin" x="30" y="65"/><vector name="lt" x="-30" y="-65"/><vector name="rb" x="30" y="-11"/><vector name="head" x="-12" y="-52"/><int name="delay" value="120"/></canvas><canvas name="9" width="61" height="45"><vector name="origin" x="29" y="64"/><vector name="lt" x="-29" y="-65"/><vector name="rb" x="32" y="-19"/><vector name="head" x="-12" y="-53"/><int name="delay" value="120"/></canvas><canvas name="10" width="59" height="45"><vector name="origin" x="29" y="63"/><vector name="lt" x="-29" y="-64"/><vector name="rb" x="30" y="-19"/><vector name="head" x="-12" y="-53"/><int name="delay" value="120"/></canvas><canvas name="11" width="61" height="45"><vector name="origin" x="29" y="62"/><vector name="lt" x="-30" y="-64"/><vector name="rb" x="32" y="-19"/><vector name="head" x="-12" y="-53"/><int name="delay" value="120"/></canvas></imgdir><imgdir name="hit1"><canvas name="0" width="68" height="50"><vector name="origin" x="29" y="67"/><vector name="lt" x="-29" y="-65"/><vector name="rb" x="34" y="-17"/><vector name="head" x="-12" y="-53"/><int name="delay" value="600"/></canvas></imgdir><imgdir name="die1"><canvas name="0" width="63" height="48"><vector name="origin" x="29" y="65"/><vector name="head" x="-12" y="-51"/><int name="delay" value="120"/></canvas><canvas name="1" width="63" height="45"><vector name="origin" x="29" y="63"/><vector name="head" x="-12" y="-52"/><int name="delay" value="120"/></canvas><canvas name="2" width="63" height="45"><vector name="origin" x="29" y="62"/><vector name="head" x="-11" y="-54"/><int name="delay" value="120"/></canvas><canvas name="3" width="63" height="45"><vector name="origin" x="29" y="61"/><vector name="head" x="-11" y="-55"/><int name="delay" value="300"/><int name="a0" value="255"/><int name="a1" value="0"/></canvas></imgdir></imgdir>