<?xml version="1.0" encoding="UTF-8" standalone="yes"?><imgdir name="4230120.img"><imgdir name="info"><int name="bodyAttack" value="1"/><int name="level" value="44"/><int name="maxHP" value="2480"/><int name="maxMP" value="0"/><int name="speed" value="0"/><int name="PADamage" value="140"/><int name="PDDamage" value="140"/><int name="MADamage" value="0"/><int name="MDDamage" value="190"/><int name="acc" value="170"/><int name="eva" value="18"/><int name="exp" value="105"/><int name="undead" value="0"/><int name="pushed" value="0"/><float name="fs" value="10.0"/><int name="summonType" value="1"/><int name="mobType" value="8"/></imgdir><imgdir name="move"><canvas name="0" width="63" height="85"><vector name="origin" x="31" y="91"/><vector name="lt" x="-31" y="-81"/><vector name="rb" x="32" y="-6"/><vector name="head" x="-5" y="-71"/><int name="delay" value="120"/></canvas><canvas name="1" width="64" height="84"><vector name="origin" x="32" y="89"/><vector name="lt" x="-31" y="-82"/><vector name="rb" x="31" y="-5"/><vector name="head" x="-5" y="-71"/><int name="delay" value="120"/></canvas><canvas name="2" width="65" height="85"><vector name="origin" x="33" y="89"/><vector name="lt" x="-31" y="-83"/><vector name="rb" x="30" y="-4"/><vector name="head" x="-5" y="-72"/><int name="delay" value="120"/></canvas><canvas name="3" width="64" height="86"><vector name="origin" x="33" y="89"/><vector name="lt" x="-31" y="-84"/><vector name="rb" x="30" y="-3"/><vector name="head" x="-7" y="-72"/><int name="delay" value="120"/></canvas><canvas name="4" width="63" height="87"><vector name="origin" x="31" y="89"/><vector name="lt" x="-31" y="-81"/><vector name="rb" x="32" y="-2"/><vector name="head" x="-7" y="-71"/><int name="delay" value="120"/></canvas><canvas name="5" width="66" height="87"><vector name="origin" x="32" y="90"/><vector name="lt" x="-29" y="-79"/><vector name="rb" x="32" y="-3"/><vector name="head" x="-8" y="-69"/><int name="delay" value="120"/></canvas><canvas name="6" width="65" height="81"><vector name="origin" x="31" y="86"/><vector name="lt" x="-29" y="-78"/><vector name="rb" x="32" y="-5"/><vector name="head" x="-8" y="-68"/><int name="delay" value="120"/></canvas><canvas name="7" width="63" height="78"><vector name="origin" x="30" y="84"/><vector name="lt" x="-30" y="-78"/><vector name="rb" x="33" y="-6"/><vector name="head" x="-7" y="-68"/><int name="delay" value="120"/></canvas></imgdir><imgdir name="stand"><canvas name="0" width="63" height="83"><vector name="origin" x="31" y="89"/><vector name="lt" x="-30" y="-79"/><vector name="rb" x="32" y="-6"/><vector name="head" x="-3" y="-69"/><int name="delay" value="110"/></canvas><canvas name="1" width="64" height="81"><vector name="origin" x="31" y="88"/><vector name="lt" x="-30" y="-81"/><vector name="rb" x="32" y="-7"/><vector name="head" x="-3" y="-70"/><int name="delay" value="110"/></canvas><canvas name="2" width="64" height="80"><vector name="origin" x="31" y="88"/><vector name="lt" x="-30" y="-83"/><vector name="rb" x="32" y="-8"/><vector name="head" x="-3" y="-72"/><int name="delay" value="110"/></canvas><canvas name="3" width="65" height="81"><vector name="origin" x="31" y="90"/><vector name="lt" x="-30" y="-85"/><vector name="rb" x="32" y="-9"/><vector name="head" x="-3" y="-73"/><int name="delay" value="110"/></canvas><canvas name="4" width="65" height="81"><vector name="origin" x="31" y="89"/><vector name="lt" x="-30" y="-83"/><vector name="rb" x="32" y="-8"/><vector name="head" x="-3" y="-73"/><int name="delay" value="110"/></canvas><canvas name="5" width="65" height="85"><vector name="origin" x="31" y="92"/><vector name="lt" x="-30" y="-81"/><vector name="rb" x="32" y="-7"/><vector name="head" x="-3" y="-71"/><int name="delay" value="110"/></canvas><canvas name="6" width="64" height="81"><vector name="origin" x="31" y="87"/><vector name="lt" x="-30" y="-79"/><vector name="rb" x="32" y="-6"/><vector name="head" x="-3" y="-69"/><int name="delay" value="110"/></canvas><canvas name="7" width="64" height="77"><vector name="origin" x="31" y="82"/><vector name="lt" x="-30" y="-77"/><vector name="rb" x="32" y="-5"/><vector name="head" x="-3" y="-67"/><int name="delay" value="110"/></canvas><canvas name="8" width="63" height="83"><vector name="origin" x="31" y="89"/><vector name="lt" x="-30" y="-79"/><vector name="rb" x="32" y="-6"/><vector name="head" x="-3" y="-69"/><int name="delay" value="110"/></canvas><canvas name="9" width="64" height="81"><vector name="origin" x="31" y="88"/><vector name="lt" x="-30" y="-81"/><vector name="rb" x="32" y="-7"/><vector name="head" x="-3" y="-70"/><int name="delay" value="110"/></canvas><canvas name="10" width="83" height="80"><vector name="origin" x="41" y="88"/><vector name="lt" x="-30" y="-83"/><vector name="rb" x="32" y="-8"/><vector name="head" x="-3" y="-72"/><int name="delay" value="110"/></canvas><canvas name="11" width="83" height="81"><vector name="origin" x="41" y="90"/><vector name="lt" x="-31" y="-85"/><vector name="rb" x="32" y="-9"/><vector name="head" x="-3" y="-73"/><int name="delay" value="110"/></canvas><canvas name="12" width="85" height="81"><vector name="origin" x="42" y="89"/><vector name="lt" x="-30" y="-83"/><vector name="rb" x="32" y="-8"/><vector name="head" x="-3" y="-73"/><int name="delay" value="110"/></canvas><canvas name="13" width="65" height="85"><vector name="origin" x="31" y="92"/><vector name="lt" x="-30" y="-81"/><vector name="rb" x="32" y="-7"/><vector name="head" x="-3" y="-71"/><int name="delay" value="110"/></canvas><canvas name="14" width="64" height="81"><vector name="origin" x="31" y="87"/><vector name="lt" x="-30" y="-79"/><vector name="rb" x="32" y="-6"/><vector name="head" x="-3" y="-69"/><int name="delay" value="110"/></canvas><canvas name="15" width="64" height="77"><vector name="origin" x="31" y="82"/><vector name="lt" x="-30" y="-79"/><vector name="rb" x="32" y="-5"/><vector name="head" x="-3" y="-67"/><int name="delay" value="110"/></canvas></imgdir><imgdir name="jump"><canvas name="0" width="66" height="93"><vector name="origin" x="34" y="93"/><vector name="lt" x="-31" y="-82"/><vector name="rb" x="32" y="-6"/><vector name="head" x="-10" y="-72"/></canvas></imgdir><imgdir name="hit1"><canvas name="0" width="72" height="91"><vector name="origin" x="31" y="97"/><vector name="lt" x="-31" y="-85"/><vector name="rb" x="32" y="-6"/><vector name="head" x="-1" y="-73"/><int name="delay" value="600"/></canvas></imgdir><imgdir name="die1"><canvas name="0" width="72" height="96"><vector name="origin" x="31" y="97"/><vector name="head" x="-1" y="-73"/><int name="delay" value="120"/></canvas><canvas name="1" width="75" height="92"><vector name="origin" x="30" y="98"/><vector name="head" x="3" y="-74"/><int name="delay" value="120"/></canvas><canvas name="2" width="78" height="92"><vector name="origin" x="28" y="98"/><vector name="head" x="8" y="-74"/><int name="delay" value="120"/></canvas><canvas name="3" width="79" height="92"><vector name="origin" x="28" y="96"/><vector name="head" x="9" y="-72"/><int name="delay" value="120"/></canvas><canvas name="4" width="84" height="92"><vector name="origin" x="32" y="93"/><vector name="head" x="10" y="-69"/><int name="delay" value="120"/></canvas><canvas name="5" width="84" height="92"><vector name="origin" x="32" y="89"/><vector name="head" x="11" y="-65"/><int name="delay" value="120"/></canvas><canvas name="6" width="77" height="92"><vector name="origin" x="24" y="84"/><vector name="head" x="12" y="-60"/><int name="delay" value="120"/></canvas><canvas name="7" width="76" height="92"><vector name="origin" x="23" y="78"/><vector name="head" x="13" y="-54"/><int name="delay" value="300"/><int name="a0" value="255"/><int name="a1" value="0"/></canvas></imgdir></imgdir>