<?xml version="1.0" encoding="UTF-8" standalone="yes"?><imgdir name="4230105.img"><imgdir name="info"><int name="bodyAttack" value="1"/><int name="level" value="42"/><int name="maxHP" value="2100"/><int name="maxMP" value="120"/><int name="speed" value="0"/><int name="PADamage" value="135"/><int name="PDDamage" value="120"/><int name="MADamage" value="145"/><int name="MDDamage" value="120"/><int name="acc" value="150"/><int name="eva" value="10"/><int name="exp" value="99"/><int name="undead" value="0"/><int name="pushed" value="100"/><int name="hpRecovery" value="30"/><int name="mpRecovery" value="2"/><string name="elemAttr" value="F3"/><int name="firstAttack" value="1"/><int name="summonType" value="1"/><int name="mobType" value="4"/></imgdir><imgdir name="regen"><canvas name="0" width="12" height="9"><vector name="origin" x="7" y="9"/><int name="delay" value="130"/></canvas><canvas name="1" width="16" height="19"><vector name="origin" x="9" y="19"/><int name="delay" value="130"/></canvas><canvas name="2" width="30" height="30"><vector name="origin" x="13" y="30"/><int name="delay" value="130"/></canvas><canvas name="3" width="33" height="34"><vector name="origin" x="14" y="34"/><int name="delay" value="130"/></canvas><canvas name="4" width="33" height="39"><vector name="origin" x="13" y="39"/><int name="delay" value="130"/></canvas><canvas name="5" width="60" height="49"><vector name="origin" x="46" y="49"/><int name="delay" value="200"/></canvas></imgdir><imgdir name="stand"><int name="zigzag" value="1"/><canvas name="0" width="60" height="49"><vector name="origin" x="46" y="49"/><vector name="lt" x="-46" y="-49"/><vector name="rb" x="14" y="0"/><vector name="head" x="-25" y="-39"/><int name="delay" value="250"/></canvas><canvas name="1" width="57" height="47"><vector name="origin" x="42" y="47"/><vector name="lt" x="-42" y="-47"/><vector name="rb" x="15" y="0"/><vector name="head" x="-22" y="-36"/><int name="delay" value="130"/></canvas><canvas name="2" width="55" height="46"><vector name="origin" x="40" y="46"/><vector name="lt" x="-40" y="-46"/><vector name="rb" x="15" y="0"/><vector name="head" x="-20" y="-36"/><int name="delay" value="130"/></canvas><canvas name="3" width="46" height="45"><vector name="origin" x="33" y="45"/><vector name="lt" x="-33" y="-45"/><vector name="rb" x="13" y="0"/><vector name="head" x="-16" y="-36"/><int name="delay" value="130"/></canvas><canvas name="4" width="39" height="45"><vector name="origin" x="26" y="45"/><vector name="lt" x="-26" y="-45"/><vector name="rb" x="13" y="0"/><vector name="head" x="-13" y="-36"/><int name="delay" value="250"/></canvas></imgdir><imgdir name="attack1"><imgdir name="info"><imgdir name="range"><vector name="sp" x="-40" y="-54"/><int name="r" value="200"/></imgdir><imgdir name="effect"><canvas name="0" width="46" height="6"><vector name="origin" x="97" y="27"/><int name="delay" value="300"/><int name="a0" value="255"/><int name="a1" value="0"/></canvas></imgdir><imgdir name="hit"><canvas name="0" width="90" height="76"><vector name="origin" x="58" y="82"/><int name="delay" value="100"/></canvas><canvas name="1" width="35" height="42"><vector name="origin" x="28" y="61"/><int name="delay" value="100"/></canvas><canvas name="2" width="35" height="47"><vector name="origin" x="28" y="62"/><int name="delay" value="100"/></canvas><canvas name="3" width="35" height="51"><vector name="origin" x="28" y="60"/><int name="delay" value="100"/></canvas><canvas name="4" width="35" height="55"><vector name="origin" x="28" y="57"/><int name="delay" value="100"/></canvas><canvas name="5" width="35" height="59"><vector name="origin" x="28" y="53"/><int name="delay" value="100"/></canvas><int name="attach" value="1"/></imgdir><int name="type" value="1"/><int name="attackAfter" value="850"/><int name="effectAfter" value="850"/><int name="PADamage" value="145"/></imgdir><canvas name="0" width="55" height="45"><vector name="origin" x="40" y="45"/><vector name="lt" x="-40" y="-45"/><vector name="rb" x="15" y="0"/><vector name="head" x="-21" y="-32"/><int name="delay" value="300"/></canvas><canvas name="1" width="43" height="44"><vector name="origin" x="25" y="44"/><vector name="lt" x="-25" y="-44"/><vector name="rb" x="18" y="0"/><vector name="head" x="-12" y="-36"/><int name="delay" value="150"/></canvas><canvas name="2" width="41" height="57"><vector name="origin" x="13" y="57"/><vector name="lt" x="-13" y="-57"/><vector name="rb" x="28" y="0"/><vector name="head" x="4" y="-48"/><int name="delay" value="400"/></canvas><canvas name="3" width="64" height="44"><vector name="origin" x="51" y="44"/><vector name="lt" x="-51" y="-44"/><vector name="rb" x="13" y="0"/><vector name="head" x="-31" y="-37"/><int name="delay" value="100"/></canvas><canvas name="4" width="67" height="43"><vector name="origin" x="54" y="43"/><vector name="lt" x="-54" y="-43"/><vector name="rb" x="13" y="0"/><vector name="head" x="-33" y="-37"/><int name="delay" value="150"/></canvas><canvas name="5" width="66" height="44"><vector name="origin" x="53" y="44"/><vector name="lt" x="-53" y="-44"/><vector name="rb" x="13" y="0"/><vector name="head" x="-32" y="-38"/><int name="delay" value="300"/></canvas><canvas name="6" width="60" height="49"><vector name="origin" x="46" y="49"/><vector name="lt" x="-46" y="-49"/><vector name="rb" x="14" y="0"/><vector name="head" x="-25" y="-39"/><int name="delay" value="500"/></canvas></imgdir><imgdir name="hit1"><canvas name="0" width="46" height="53"><vector name="origin" x="26" y="53"/><vector name="lt" x="-26" y="-53"/><vector name="rb" x="20" y="0"/><vector name="head" x="-13" y="-40"/><int name="delay" value="600"/></canvas></imgdir><imgdir name="die1"><canvas name="0" width="51" height="51"><vector name="origin" x="33" y="51"/><vector name="head" x="-18" y="-31"/><int name="delay" value="200"/></canvas><canvas name="1" width="60" height="37"><vector name="origin" x="37" y="37"/><vector name="head" x="-32" y="-18"/><int name="delay" value="150"/></canvas><canvas name="2" width="64" height="20"><vector name="origin" x="36" y="20"/><vector name="head" x="-32" y="-18"/><int name="delay" value="300"/><int name="a0" value="255"/><int name="a1" value="0"/></canvas></imgdir></imgdir>