<?xml version="1.0" encoding="UTF-8" standalone="yes"?><imgdir name="4300015.img"><imgdir name="info"><int name="bodyAttack" value="1"/><int name="level" value="48"/><int name="maxHP" value="2800"/><int name="maxMP" value="250"/><int name="speed" value="-20"/><int name="PADamage" value="160"/><int name="PDDamage" value="180"/><int name="MADamage" value="170"/><int name="MDDamage" value="195"/><int name="acc" value="140"/><int name="eva" value="22"/><int name="exp" value="180"/><int name="undead" value="0"/><int name="pushed" value="450"/><float name="fs" value="10.0"/><int name="summonType" value="0"/><string name="link" value="4300011"/></imgdir></imgdir>