<?xml version="1.0" encoding="UTF-8" standalone="yes"?><imgdir name="4300009.img"><imgdir name="info"><int name="bodyAttack" value="1"/><int name="level" value="46"/><int name="maxHP" value="2600"/><int name="maxMP" value="0"/><int name="speed" value="-20"/><int name="PADamage" value="150"/><int name="PDDamage" value="170"/><int name="MADamage" value="0"/><int name="MDDamage" value="185"/><int name="acc" value="135"/><int name="eva" value="21"/><int name="exp" value="130"/><int name="undead" value="0"/><int name="pushed" value="400"/><float name="fs" value="10.0"/><int name="summonType" value="0"/></imgdir><imgdir name="stand"><canvas name="0" width="35" height="44"><vector name="origin" x="16" y="44"/><vector name="lt" x="-16" y="-44"/><vector name="rb" x="19" y="0"/><vector name="head" x="-1" y="-22"/><int name="delay" value="110"/><int name="z" value="0"/></canvas><canvas name="1" width="35" height="45"><vector name="origin" x="16" y="45"/><vector name="head" x="-1" y="-22"/><vector name="lt" x="-16" y="-45"/><vector name="rb" x="19" y="0"/><int name="delay" value="110"/><int name="z" value="0"/></canvas><canvas name="2" width="35" height="46"><vector name="origin" x="17" y="46"/><vector name="head" x="-2" y="-22"/><vector name="lt" x="-17" y="-46"/><vector name="rb" x="18" y="0"/><int name="delay" value="110"/><int name="z" value="0"/></canvas><canvas name="3" width="35" height="45"><vector name="origin" x="17" y="45"/><vector name="head" x="-2" y="-22"/><vector name="lt" x="-17" y="-45"/><vector name="rb" x="18" y="0"/><int name="delay" value="110"/><int name="z" value="0"/></canvas><canvas name="4" width="35" height="44"><vector name="origin" x="16" y="44"/><vector name="head" x="-1" y="-22"/><vector name="lt" x="-16" y="-44"/><vector name="rb" x="19" y="0"/><int name="delay" value="110"/><int name="z" value="0"/></canvas><canvas name="5" width="35" height="45"><vector name="origin" x="16" y="45"/><vector name="head" x="-1" y="-22"/><vector name="lt" x="-16" y="-45"/><vector name="rb" x="19" y="0"/><int name="delay" value="110"/><int name="z" value="0"/></canvas><canvas name="6" width="35" height="46"><vector name="origin" x="15" y="46"/><vector name="head" x="0" y="-22"/><vector name="lt" x="-15" y="-46"/><vector name="rb" x="20" y="0"/><int name="delay" value="110"/><int name="z" value="0"/></canvas><canvas name="7" width="35" height="45"><vector name="origin" x="15" y="45"/><vector name="head" x="0" y="-22"/><vector name="lt" x="-15" y="-45"/><vector name="rb" x="20" y="0"/><int name="delay" value="110"/><int name="z" value="0"/></canvas></imgdir><imgdir name="move"><canvas name="0" width="35" height="44"><vector name="origin" x="16" y="44"/><vector name="lt" x="-16" y="-44"/><vector name="rb" x="19" y="0"/><vector name="head" x="-1" y="-22"/><int name="delay" value="110"/><int name="z" value="0"/></canvas><canvas name="1" width="35" height="45"><vector name="origin" x="16" y="45"/><vector name="lt" x="-16" y="-45"/><vector name="rb" x="19" y="0"/><vector name="head" x="-1" y="-22"/><int name="delay" value="110"/><int name="z" value="0"/></canvas><canvas name="2" width="35" height="46"><vector name="origin" x="16" y="46"/><vector name="lt" x="-16" y="-46"/><vector name="rb" x="19" y="0"/><vector name="head" x="-1" y="-22"/><int name="delay" value="110"/><int name="z" value="0"/></canvas><canvas name="3" width="35" height="44"><vector name="origin" x="16" y="44"/><vector name="lt" x="-16" y="-44"/><vector name="rb" x="19" y="0"/><vector name="head" x="-1" y="-22"/><int name="delay" value="110"/><int name="z" value="0"/></canvas><canvas name="4" width="35" height="44"><vector name="origin" x="16" y="44"/><vector name="lt" x="-16" y="-44"/><vector name="rb" x="19" y="0"/><vector name="head" x="-1" y="-22"/><int name="delay" value="110"/><int name="z" value="0"/></canvas><canvas name="5" width="35" height="45"><vector name="origin" x="16" y="45"/><vector name="lt" x="-16" y="-45"/><vector name="rb" x="19" y="0"/><vector name="head" x="-1" y="-22"/><int name="delay" value="110"/><int name="z" value="0"/></canvas><canvas name="6" width="35" height="46"><vector name="origin" x="16" y="46"/><vector name="lt" x="-16" y="-46"/><vector name="rb" x="19" y="0"/><vector name="head" x="-1" y="-22"/><int name="delay" value="110"/><int name="z" value="0"/></canvas><canvas name="7" width="35" height="44"><vector name="origin" x="16" y="44"/><vector name="lt" x="-16" y="-44"/><vector name="rb" x="19" y="0"/><vector name="head" x="-1" y="-22"/><int name="delay" value="110"/><int name="z" value="0"/></canvas></imgdir><imgdir name="hit1"><canvas name="0" width="35" height="44"><vector name="origin" x="16" y="44"/><vector name="lt" x="-16" y="-44"/><vector name="rb" x="19" y="0"/><vector name="head" x="-1" y="-22"/><int name="delay" value="550"/><int name="z" value="0"/></canvas><canvas name="1" width="46" height="45"><vector name="origin" x="7" y="49"/><vector name="lt" x="-7" y="-49"/><vector name="rb" x="39" y="-4"/><vector name="head" x="14" y="-27"/><int name="delay" value="550"/><int name="z" value="0"/></canvas></imgdir><imgdir name="die1"><canvas name="0" width="35" height="44"><vector name="origin" x="16" y="44"/><vector name="head" x="-1" y="-22"/><vector name="lt" x="-16" y="-44"/><vector name="rb" x="19" y="0"/><int name="delay" value="220"/><int name="z" value="0"/></canvas><canvas name="1" width="46" height="45"><vector name="origin" x="7" y="49"/><vector name="head" x="14" y="-27"/><vector name="lt" x="-7" y="-49"/><vector name="rb" x="39" y="-4"/><int name="delay" value="110"/><int name="z" value="0"/></canvas><canvas name="2" width="51" height="48"><vector name="origin" x="8" y="53"/><vector name="head" x="16" y="-28"/><vector name="lt" x="-8" y="-53"/><vector name="rb" x="43" y="-5"/><int name="delay" value="110"/><int name="z" value="0"/></canvas><canvas name="3" width="50" height="51"><vector name="origin" x="4" y="55"/><vector name="head" x="17" y="-27"/><vector name="lt" x="-4" y="-55"/><vector name="rb" x="46" y="-4"/><int name="delay" value="110"/><int name="z" value="0"/></canvas><canvas name="4" width="39" height="56"><vector name="origin" x="-6" y="58"/><vector name="head" x="24" y="-21"/><vector name="lt" x="6" y="-58"/><vector name="rb" x="45" y="-2"/><int name="delay" value="110"/><int name="z" value="0"/></canvas><canvas name="5" width="37" height="14"><vector name="origin" x="-5" y="15"/><vector name="head" x="23" y="-11"/><vector name="lt" x="5" y="-15"/><vector name="rb" x="42" y="-1"/><int name="delay" value="110"/><int name="z" value="0"/></canvas><canvas name="6" width="37" height="13"><vector name="origin" x="-5" y="13"/><vector name="head" x="22" y="-9"/><vector name="lt" x="5" y="-13"/><vector name="rb" x="42" y="0"/><int name="delay" value="110"/><int name="z" value="0"/></canvas><canvas name="7" width="37" height="13"><vector name="origin" x="-5" y="13"/><vector name="head" x="24" y="-9"/><vector name="lt" x="5" y="-13"/><vector name="rb" x="42" y="0"/><int name="delay" value="110"/><int name="z" value="0"/></canvas><canvas name="8" width="37" height="13"><vector name="origin" x="-5" y="13"/><vector name="head" x="22" y="-9"/><vector name="lt" x="5" y="-13"/><vector name="rb" x="42" y="0"/><int name="delay" value="110"/><int name="z" value="0"/></canvas><canvas name="9" width="37" height="13"><vector name="origin" x="-5" y="13"/><vector name="head" x="24" y="-9"/><vector name="lt" x="5" y="-13"/><vector name="rb" x="42" y="0"/><int name="delay" value="110"/><int name="z" value="0"/></canvas><canvas name="10" width="37" height="13"><vector name="origin" x="-5" y="13"/><vector name="head" x="22" y="-9"/><vector name="lt" x="5" y="-13"/><vector name="rb" x="42" y="0"/><int name="delay" value="110"/><int name="z" value="0"/></canvas></imgdir></imgdir>