<?xml version="1.0" encoding="UTF-8" standalone="yes"?><imgdir name="5090001.img"><imgdir name="info"><int name="boss" value="1"/><int name="bodyAttack" value="1"/><int name="level" value="59"/><int name="maxHP" value="5600"/><int name="maxMP" value="200"/><int name="speed" value="-50"/><int name="PADamage" value="170"/><int name="PDDamage" value="180"/><int name="MADamage" value="190"/><int name="MDDamage" value="210"/><int name="acc" value="100"/><int name="eva" value="999"/><int name="exp" value="220"/><int name="undead" value="0"/><int name="pushed" value="600"/><float name="fs" value="10.0"/><int name="summonType" value="0"/><int name="removeAfter" value="1800"/><imgdir name="skill"><imgdir name="0"><int name="skill" value="129"/><int name="action" value="1"/><int name="level" value="8"/><int name="effectAfter" value="0"/></imgdir></imgdir><imgdir name="ban"><string name="banMsg" value="The scolding Master Dummy has kicked you out of the Training Center."/><imgdir name="banMap"><imgdir name="0"><int name="field" value="250000000"/><string name="portal" value="sp"/></imgdir></imgdir></imgdir><int name="HPgaugeHide" value="1"/><int name="hpTagBgcolor" value="5"/><int name="hpTagColor" value="1"/></imgdir><imgdir name="move"><canvas name="0" width="89" height="97"><vector name="origin" x="38" y="97"/><vector name="lt" x="-38" y="-97"/><vector name="rb" x="51" y="0"/><vector name="head" x="-7" y="-90"/><int name="delay" value="240"/></canvas><canvas name="1" width="89" height="99"><vector name="origin" x="37" y="99"/><vector name="lt" x="-37" y="-99"/><vector name="rb" x="52" y="0"/><vector name="head" x="-7" y="-92"/><int name="delay" value="240"/></canvas><canvas name="2" width="89" height="99"><vector name="origin" x="39" y="106"/><vector name="lt" x="-39" y="-106"/><vector name="rb" x="50" y="-7"/><vector name="head" x="-9" y="-98"/><int name="delay" value="240"/></canvas><canvas name="3" width="89" height="99"><vector name="origin" x="39" y="103"/><vector name="lt" x="-39" y="-103"/><vector name="rb" x="50" y="-4"/><vector name="head" x="-9" y="-95"/><int name="delay" value="240"/></canvas><canvas name="4" width="89" height="99"><vector name="origin" x="39" y="99"/><vector name="lt" x="-39" y="-99"/><vector name="rb" x="50" y="0"/><vector name="head" x="-8" y="-91"/><int name="delay" value="240"/></canvas><canvas name="5" width="89" height="97"><vector name="origin" x="39" y="97"/><vector name="lt" x="-39" y="-97"/><vector name="rb" x="50" y="0"/><vector name="head" x="-9" y="-89"/><int name="delay" value="240"/></canvas></imgdir><imgdir name="stand"><canvas name="0" width="89" height="99"><vector name="origin" x="37" y="99"/><vector name="lt" x="-37" y="-99"/><vector name="rb" x="52" y="0"/><vector name="head" x="-8" y="-91"/><int name="delay" value="210"/></canvas><canvas name="1" width="89" height="99"><vector name="origin" x="36" y="99"/><vector name="lt" x="-36" y="-99"/><vector name="rb" x="53" y="0"/><vector name="head" x="-7" y="-91"/><int name="delay" value="210"/></canvas><canvas name="2" width="89" height="99"><vector name="origin" x="35" y="99"/><vector name="lt" x="-35" y="-99"/><vector name="rb" x="54" y="0"/><vector name="head" x="-5" y="-92"/><int name="delay" value="210"/></canvas><canvas name="3" width="89" height="99"><vector name="origin" x="36" y="99"/><vector name="lt" x="-36" y="-99"/><vector name="rb" x="53" y="0"/><vector name="head" x="-6" y="-91"/><int name="delay" value="210"/></canvas><canvas name="4" width="89" height="99"><vector name="origin" x="37" y="99"/><vector name="lt" x="-37" y="-99"/><vector name="rb" x="52" y="0"/><vector name="head" x="-6" y="-92"/><int name="delay" value="210"/></canvas><canvas name="5" width="89" height="99"><vector name="origin" x="38" y="99"/><vector name="lt" x="-38" y="-99"/><vector name="rb" x="51" y="0"/><vector name="head" x="-6" y="-91"/><int name="delay" value="210"/></canvas></imgdir><imgdir name="skill1"><canvas name="0" width="89" height="99"><vector name="origin" x="36" y="99"/><vector name="lt" x="-36" y="-99"/><vector name="rb" x="54" y="0"/><vector name="head" x="-5" y="-92"/><int name="delay" value="150"/></canvas><canvas name="1" width="95" height="105"><vector name="origin" x="39" y="102"/><vector name="lt" x="-39" y="-102"/><vector name="rb" x="56" y="3"/><vector name="head" x="-5" y="-92"/><int name="delay" value="150"/></canvas><canvas name="2" width="101" height="110"><vector name="origin" x="42" y="104"/><vector name="lt" x="-42" y="-104"/><vector name="rb" x="59" y="6"/><vector name="head" x="-5" y="-91"/><int name="delay" value="150"/></canvas><canvas name="3" width="103" height="111"><vector name="origin" x="43" y="104"/><vector name="lt" x="-43" y="-104"/><vector name="rb" x="60" y="7"/><vector name="head" x="-6" y="-90"/><int name="delay" value="150"/></canvas><canvas name="4" width="103" height="113"><vector name="origin" x="45" y="125"/><vector name="lt" x="-45" y="-125"/><vector name="rb" x="58" y="-12"/><vector name="head" x="-7" y="-111"/><int name="delay" value="150"/></canvas><canvas name="5" width="103" height="113"><vector name="origin" x="45" y="129"/><vector name="lt" x="-45" y="-129"/><vector name="rb" x="58" y="-16"/><vector name="head" x="-8" y="-114"/><int name="delay" value="150"/></canvas><canvas name="6" width="103" height="113"><vector name="origin" x="45" y="130"/><vector name="lt" x="-45" y="-130"/><vector name="rb" x="58" y="-17"/><vector name="head" x="-7" y="-116"/><int name="delay" value="150"/></canvas><canvas name="7" width="103" height="113"><vector name="origin" x="45" y="131"/><vector name="lt" x="-45" y="-131"/><vector name="rb" x="58" y="-18"/><vector name="head" x="-7" y="-116"/><int name="delay" value="150"/></canvas><canvas name="8" width="105" height="113"><vector name="origin" x="44" y="105"/><vector name="lt" x="-44" y="-105"/><vector name="rb" x="61" y="8"/><vector name="head" x="-5" y="-89"/><int name="delay" value="150"/></canvas><canvas name="9" width="108" height="114"><vector name="origin" x="47" y="106"/><vector name="lt" x="-47" y="-106"/><vector name="rb" x="61" y="8"/><vector name="head" x="-5" y="-90"/><int name="delay" value="150"/></canvas><canvas name="10" width="109" height="113"><vector name="origin" x="49" y="106"/><vector name="lt" x="-49" y="-106"/><vector name="rb" x="60" y="7"/><vector name="head" x="-5" y="-91"/><int name="delay" value="150"/></canvas><canvas name="11" width="120" height="112"><vector name="origin" x="57" y="105"/><vector name="lt" x="-57" y="-105"/><vector name="rb" x="63" y="7"/><vector name="head" x="-5" y="-91"/><int name="delay" value="150"/></canvas><canvas name="12" width="126" height="110"><vector name="origin" x="60" y="104"/><vector name="lt" x="-60" y="-104"/><vector name="rb" x="66" y="6"/><vector name="head" x="-5" y="-91"/><int name="delay" value="150"/></canvas><canvas name="13" width="95" height="105"><vector name="origin" x="39" y="102"/><vector name="lt" x="-39" y="-102"/><vector name="rb" x="56" y="3"/><vector name="head" x="-5" y="-92"/><int name="delay" value="150"/></canvas><canvas name="14" width="95" height="105"><vector name="origin" x="39" y="102"/><vector name="lt" x="-39" y="-102"/><vector name="rb" x="56" y="3"/><vector name="head" x="-5" y="-92"/><int name="delay" value="150"/></canvas></imgdir><imgdir name="hit1"><canvas name="0" width="94" height="104"><vector name="origin" x="32" y="104"/><vector name="lt" x="-32" y="-104"/><vector name="rb" x="62" y="0"/><vector name="head" x="-2" y="-91"/><int name="delay" value="600"/></canvas></imgdir><imgdir name="die1"><canvas name="0" width="89" height="99"><vector name="origin" x="37" y="99"/><int name="delay" value="150"/></canvas><canvas name="1" width="89" height="99"><vector name="origin" x="27" y="112"/><int name="delay" value="150"/></canvas><canvas name="2" width="89" height="99"><vector name="origin" x="23" y="113"/><int name="delay" value="150"/></canvas><canvas name="3" width="89" height="99"><vector name="origin" x="20" y="107"/><int name="delay" value="150"/></canvas><canvas name="4" width="89" height="97"><vector name="origin" x="12" y="97"/><int name="delay" value="150"/></canvas><canvas name="5" width="89" height="92"><vector name="origin" x="10" y="92"/><int name="delay" value="150"/></canvas><canvas name="6" width="73" height="17"><vector name="origin" x="7" y="16"/><int name="delay" value="150"/></canvas><canvas name="7" width="76" height="17"><vector name="origin" x="9" y="16"/><int name="delay" value="150"/></canvas><canvas name="8" width="77" height="16"><vector name="origin" x="9" y="18"/><int name="delay" value="150"/></canvas><canvas name="9" width="77" height="14"><vector name="origin" x="10" y="19"/><int name="delay" value="150"/></canvas></imgdir></imgdir>