<?xml version="1.0" encoding="UTF-8" standalone="yes"?><imgdir name="5120002.img"><imgdir name="info"><int name="bodyAttack" value="1"/><int name="level" value="53"/><int name="maxHP" value="4200"/><int name="maxMP" value="160"/><int name="speed" value="5"/><int name="PADamage" value="150"/><int name="PDDamage" value="170"/><int name="MADamage" value="175"/><int name="MDDamage" value="210"/><int name="acc" value="150"/><int name="eva" value="25"/><int name="exp" value="160"/><int name="undead" value="0"/><int name="pushed" value="500"/><float name="fs" value="10.0"/><int name="summonType" value="1"/><string name="elemAttr" value="L2I3"/><int name="mobType" value="0"/></imgdir><imgdir name="move"><canvas name="0" width="60" height="57"><vector name="origin" x="30" y="57"/><vector name="lt" x="-30" y="-57"/><vector name="rb" x="25" y="0"/><vector name="head" x="-20" y="-43"/><int name="delay" value="150"/></canvas><canvas name="1" width="58" height="53"><vector name="origin" x="30" y="53"/><vector name="lt" x="-30" y="-53"/><vector name="rb" x="25" y="0"/><vector name="head" x="-20" y="-38"/><int name="delay" value="100"/></canvas><canvas name="2" width="59" height="55"><vector name="origin" x="30" y="55"/><vector name="lt" x="-30" y="-55"/><vector name="rb" x="25" y="0"/><vector name="head" x="-20" y="-40"/><int name="delay" value="150"/></canvas></imgdir><imgdir name="stand"><canvas name="0" width="55" height="57"><vector name="origin" x="31" y="56"/><vector name="lt" x="-31" y="-56"/><vector name="rb" x="18" y="0"/><vector name="head" x="-21" y="-41"/><int name="delay" value="2000"/></canvas><canvas name="1" width="55" height="57"><vector name="origin" x="31" y="56"/><vector name="lt" x="-31" y="-56"/><vector name="rb" x="18" y="0"/><vector name="head" x="-21" y="-41"/><int name="delay" value="70"/></canvas><canvas name="2" width="55" height="57"><vector name="origin" x="31" y="56"/><vector name="lt" x="-31" y="-56"/><vector name="rb" x="18" y="0"/><vector name="head" x="-21" y="-41"/><int name="delay" value="70"/></canvas><canvas name="3" width="55" height="57"><vector name="origin" x="31" y="56"/><vector name="lt" x="-31" y="-56"/><vector name="rb" x="18" y="0"/><vector name="head" x="-21" y="-41"/><int name="delay" value="120"/></canvas><uol name="4" value="1"/><uol name="5" value="2"/></imgdir><imgdir name="attack1"><imgdir name="info"><imgdir name="range"><vector name="sp" x="-28" y="-29"/><int name="r" value="220"/></imgdir><imgdir name="hit"><canvas name="0" width="94" height="93"><vector name="origin" x="47" y="49"/><int name="delay" value="300"/><int name="a0" value="255"/><int name="a1" value="0"/></canvas></imgdir><int name="type" value="1"/><int name="attackAfter" value="800"/><int name="magic" value="1"/><string name="elemAttr" value="L"/></imgdir><canvas name="0" width="87" height="71"><vector name="origin" x="43" y="66"/><vector name="lt" x="-38" y="-48"/><vector name="rb" x="27" y="0"/><vector name="head" x="-28" y="-33"/><int name="delay" value="100"/></canvas><canvas name="1" width="93" height="76"><vector name="origin" x="46" y="69"/><vector name="lt" x="-38" y="-48"/><vector name="rb" x="27" y="0"/><vector name="head" x="-28" y="-33"/><int name="delay" value="100"/></canvas><canvas name="2" width="119" height="79"><vector name="origin" x="80" y="70"/><vector name="lt" x="-38" y="-48"/><vector name="rb" x="27" y="0"/><vector name="head" x="-28" y="-33"/><int name="delay" value="100"/></canvas><canvas name="3" width="113" height="78"><vector name="origin" x="75" y="70"/><vector name="lt" x="-38" y="-48"/><vector name="rb" x="27" y="0"/><vector name="head" x="-28" y="-33"/><int name="delay" value="100"/></canvas><canvas name="4" width="92" height="74"><vector name="origin" x="52" y="66"/><vector name="lt" x="-38" y="-48"/><vector name="rb" x="27" y="0"/><vector name="head" x="-28" y="-33"/><int name="delay" value="100"/></canvas><canvas name="5" width="92" height="79"><vector name="origin" x="51" y="70"/><vector name="lt" x="-38" y="-48"/><vector name="rb" x="27" y="0"/><vector name="head" x="-28" y="-33"/><int name="delay" value="100"/></canvas><canvas name="6" width="101" height="78"><vector name="origin" x="57" y="71"/><vector name="lt" x="-38" y="-48"/><vector name="rb" x="27" y="0"/><vector name="head" x="-28" y="-33"/><int name="delay" value="100"/></canvas><canvas name="7" width="111" height="81"><vector name="origin" x="65" y="69"/><vector name="lt" x="-38" y="-48"/><vector name="rb" x="27" y="0"/><vector name="head" x="-28" y="-33"/><int name="delay" value="100"/></canvas><canvas name="8" width="100" height="77"><vector name="origin" x="53" y="69"/><vector name="lt" x="-38" y="-48"/><vector name="rb" x="27" y="0"/><vector name="head" x="-28" y="-33"/><int name="delay" value="100"/></canvas><canvas name="9" width="91" height="80"><vector name="origin" x="54" y="70"/><vector name="lt" x="-38" y="-48"/><vector name="rb" x="27" y="0"/><vector name="head" x="-28" y="-33"/><int name="delay" value="100"/></canvas><canvas name="10" width="68" height="51"><vector name="origin" x="38" y="51"/><vector name="lt" x="-38" y="-48"/><vector name="rb" x="27" y="0"/><vector name="head" x="-28" y="-33"/><int name="delay" value="700"/></canvas></imgdir><imgdir name="jump"><canvas name="0" width="60" height="57"><vector name="origin" x="30" y="57"/><vector name="lt" x="-30" y="-57"/><vector name="rb" x="25" y="0"/><vector name="head" x="-20" y="-43"/></canvas></imgdir><imgdir name="hit1"><canvas name="0" width="53" height="63"><vector name="origin" x="26" y="63"/><vector name="lt" x="-26" y="-63"/><vector name="rb" x="27" y="0"/><vector name="head" x="-14" y="-45"/><int name="delay" value="600"/></canvas></imgdir><imgdir name="die1"><canvas name="0" width="53" height="63"><vector name="origin" x="26" y="63"/><vector name="head" x="-14" y="-45"/><int name="delay" value="200"/></canvas><canvas name="1" width="59" height="56"><vector name="origin" x="33" y="56"/><vector name="head" x="-23" y="-37"/><int name="delay" value="120"/></canvas><canvas name="2" width="60" height="50"><vector name="origin" x="38" y="50"/><vector name="head" x="-28" y="-30"/><int name="delay" value="120"/></canvas><canvas name="3" width="61" height="47"><vector name="origin" x="40" y="47"/><vector name="head" x="-30" y="-26"/><int name="delay" value="300"/><int name="a0" value="255"/><int name="a1" value="0"/></canvas></imgdir></imgdir>