<?xml version="1.0" encoding="UTF-8" standalone="yes"?><imgdir name="5250002.img"><imgdir name="info"><int name="bodyAttack" value="1"/><int name="level" value="57"/><int name="maxHP" value="4500"/><int name="maxMP" value="100"/><int name="speed" value="-20"/><int name="PADamage" value="155"/><int name="PDDamage" value="170"/><int name="MADamage" value="0"/><int name="MDDamage" value="160"/><int name="acc" value="130"/><int name="eva" value="20"/><int name="exp" value="200"/><int name="undead" value="0"/><int name="pushed" value="500"/><float name="fs" value="10.0"/><int name="summonType" value="1"/></imgdir><imgdir name="move"><canvas name="0" width="149" height="95"><vector name="origin" x="70" y="95"/><vector name="lt" x="-60" y="-95"/><vector name="rb" x="51" y="-1"/><vector name="head" x="-21" y="-93"/><int name="delay" value="120"/></canvas><canvas name="1" width="149" height="96"><vector name="origin" x="70" y="96"/><vector name="lt" x="-60" y="-95"/><vector name="rb" x="51" y="-1"/><vector name="head" x="-21" y="-93"/><int name="delay" value="120"/></canvas><canvas name="2" width="147" height="98"><vector name="origin" x="70" y="98"/><vector name="lt" x="-60" y="-95"/><vector name="rb" x="51" y="-1"/><vector name="head" x="-21" y="-93"/><int name="delay" value="120"/></canvas><canvas name="3" width="144" height="97"><vector name="origin" x="70" y="97"/><vector name="lt" x="-60" y="-95"/><vector name="rb" x="51" y="-1"/><vector name="head" x="-21" y="-93"/><int name="delay" value="120"/></canvas><canvas name="4" width="147" height="96"><vector name="origin" x="70" y="96"/><vector name="lt" x="-60" y="-95"/><vector name="rb" x="51" y="-1"/><vector name="head" x="-21" y="-93"/><int name="delay" value="120"/></canvas><canvas name="5" width="147" height="94"><vector name="origin" x="70" y="94"/><vector name="lt" x="-60" y="-95"/><vector name="rb" x="51" y="-1"/><vector name="head" x="-21" y="-93"/><int name="delay" value="120"/></canvas></imgdir><imgdir name="stand"><canvas name="0" width="149" height="95"><vector name="origin" x="70" y="95"/><vector name="lt" x="-60" y="-95"/><vector name="rb" x="51" y="-1"/><vector name="head" x="-21" y="-93"/><int name="delay" value="120"/></canvas><canvas name="1" width="149" height="96"><vector name="origin" x="70" y="96"/><vector name="lt" x="-60" y="-96"/><vector name="rb" x="51" y="-1"/><vector name="head" x="-21" y="-93"/><int name="delay" value="120"/></canvas><canvas name="2" width="147" height="98"><vector name="origin" x="70" y="98"/><vector name="lt" x="-60" y="-97"/><vector name="rb" x="51" y="-1"/><vector name="head" x="-21" y="-93"/><int name="delay" value="120"/></canvas><canvas name="3" width="144" height="97"><vector name="origin" x="70" y="97"/><vector name="lt" x="-60" y="-96"/><vector name="rb" x="51" y="-1"/><vector name="head" x="-21" y="-93"/><int name="delay" value="120"/></canvas><canvas name="4" width="147" height="95"><vector name="origin" x="70" y="95"/><vector name="lt" x="-60" y="-95"/><vector name="rb" x="51" y="-1"/><vector name="head" x="-21" y="-93"/><int name="delay" value="120"/></canvas><canvas name="5" width="147" height="94"><vector name="origin" x="70" y="94"/><vector name="lt" x="-60" y="-95"/><vector name="rb" x="51" y="-1"/><vector name="head" x="-21" y="-93"/><int name="delay" value="120"/></canvas></imgdir><imgdir name="hit1"><canvas name="0" width="159" height="109"><vector name="origin" x="57" y="109"/><vector name="lt" x="-32" y="-97"/><vector name="rb" x="77" y="-1"/><vector name="head" x="8" y="-100"/><int name="delay" value="600"/></canvas></imgdir><imgdir name="die1"><canvas name="0" width="159" height="109"><vector name="origin" x="57" y="109"/><vector name="head" x="8" y="-100"/><int name="delay" value="150"/></canvas><canvas name="1" width="164" height="103"><vector name="origin" x="60" y="103"/><vector name="head" x="8" y="-100"/><int name="delay" value="150"/></canvas><canvas name="2" width="166" height="101"><vector name="origin" x="61" y="101"/><vector name="head" x="8" y="-100"/><int name="delay" value="150"/></canvas><canvas name="3" width="147" height="101"><vector name="origin" x="41" y="101"/><vector name="head" x="8" y="-100"/><int name="delay" value="150"/></canvas><canvas name="4" width="147" height="101"><vector name="origin" x="40" y="101"/><vector name="head" x="8" y="-100"/><int name="delay" value="150"/></canvas><canvas name="5" width="148" height="92"><vector name="origin" x="40" y="88"/><vector name="head" x="8" y="-100"/><int name="delay" value="150"/></canvas><canvas name="6" width="148" height="89"><vector name="origin" x="40" y="85"/><vector name="head" x="8" y="-100"/><int name="delay" value="150"/></canvas><canvas name="7" width="148" height="87"><vector name="origin" x="40" y="82"/><vector name="head" x="8" y="-100"/><int name="delay" value="150"/></canvas><canvas name="8" width="148" height="86"><vector name="origin" x="40" y="81"/><vector name="head" x="8" y="-100"/><int name="delay" value="150"/></canvas><canvas name="9" width="148" height="81"><vector name="origin" x="40" y="80"/><vector name="head" x="8" y="-100"/><int name="delay" value="150"/></canvas><canvas name="10" width="148" height="80"><vector name="origin" x="40" y="80"/><vector name="head" x="8" y="-100"/><int name="delay" value="150"/></canvas></imgdir></imgdir>