<?xml version="1.0" encoding="UTF-8" standalone="yes"?><imgdir name="5300001.img"><imgdir name="info"><int name="bodyAttack" value="1"/><int name="level" value="33"/><int name="maxHP" value="1100"/><int name="maxMP" value="60"/><int name="speed" value="-40"/><int name="PADamage" value="120"/><int name="PDDamage" value="60"/><int name="MADamage" value="0"/><int name="MDDamage" value="80"/><int name="acc" value="65"/><int name="eva" value="15"/><int name="exp" value="65"/><int name="undead" value="0"/><int name="pushed" value="1"/><string name="elemAttr" value="H3D2"/><float name="fs" value="10.0"/><int name="summonType" value="1"/><int name="mobType" value="5"/></imgdir><imgdir name="move"><canvas name="0" width="31" height="31"><vector name="origin" x="15" y="47"/><vector name="lt" x="-15" y="-47"/><vector name="rb" x="16" y="-16"/><vector name="head" x="-1" y="-37"/><int name="delay" value="150"/></canvas><canvas name="1" width="31" height="31"><vector name="origin" x="15" y="49"/><vector name="lt" x="-15" y="-49"/><vector name="rb" x="16" y="-18"/><vector name="head" x="-1" y="-39"/><int name="delay" value="150"/></canvas><canvas name="2" width="31" height="30"><vector name="origin" x="15" y="46"/><vector name="lt" x="-15" y="-47"/><vector name="rb" x="16" y="-17"/><vector name="head" x="-1" y="-37"/><int name="delay" value="150"/></canvas><canvas name="3" width="31" height="31"><vector name="origin" x="15" y="45"/><vector name="lt" x="-15" y="-45"/><vector name="rb" x="16" y="-14"/><vector name="head" x="-1" y="-35"/><int name="delay" value="150"/></canvas></imgdir><imgdir name="stand"><canvas name="0" width="31" height="31"><vector name="origin" x="15" y="47"/><vector name="lt" x="-15" y="-47"/><vector name="rb" x="16" y="-16"/><vector name="head" x="-1" y="-35"/><int name="delay" value="150"/></canvas><canvas name="1" width="31" height="31"><vector name="origin" x="15" y="49"/><vector name="lt" x="-15" y="-49"/><vector name="rb" x="16" y="-18"/><vector name="head" x="-1" y="-37"/><int name="delay" value="150"/></canvas><canvas name="2" width="31" height="30"><vector name="origin" x="15" y="47"/><vector name="lt" x="-15" y="-47"/><vector name="rb" x="16" y="-17"/><vector name="head" x="-1" y="-35"/><int name="delay" value="150"/></canvas><canvas name="3" width="31" height="31"><vector name="origin" x="15" y="45"/><vector name="lt" x="-15" y="-45"/><vector name="rb" x="16" y="-14"/><vector name="head" x="-1" y="-33"/><int name="delay" value="150"/></canvas><canvas name="4" width="31" height="31"><vector name="origin" x="15" y="47"/><vector name="lt" x="-15" y="-47"/><vector name="rb" x="16" y="-16"/><vector name="head" x="-1" y="-35"/><int name="delay" value="150"/></canvas><canvas name="5" width="31" height="31"><vector name="origin" x="15" y="49"/><vector name="lt" x="-15" y="-49"/><vector name="rb" x="16" y="-18"/><vector name="head" x="-1" y="-36"/><int name="delay" value="150"/></canvas><canvas name="6" width="31" height="30"><vector name="origin" x="15" y="47"/><vector name="lt" x="-15" y="-47"/><vector name="rb" x="16" y="-17"/><vector name="head" x="-1" y="-35"/><int name="delay" value="150"/></canvas><canvas name="7" width="31" height="31"><vector name="origin" x="15" y="45"/><vector name="lt" x="-15" y="-45"/><vector name="rb" x="16" y="-14"/><vector name="head" x="-1" y="-35"/><int name="delay" value="150"/></canvas></imgdir><imgdir name="hit1"><canvas name="0" width="47" height="43"><vector name="origin" x="22" y="59"/><vector name="lt" x="-22" y="-59"/><vector name="rb" x="25" y="-16"/><vector name="head" x="1" y="-42"/><int name="delay" value="600"/></canvas></imgdir><imgdir name="die1"><canvas name="0" width="49" height="47"><vector name="origin" x="22" y="59"/><vector name="head" x="1" y="-36"/><int name="delay" value="150"/></canvas><canvas name="1" width="49" height="47"><vector name="origin" x="22" y="59"/><vector name="head" x="1" y="-36"/><int name="delay" value="150"/></canvas><canvas name="2" width="51" height="49"><vector name="origin" x="22" y="54"/><vector name="head" x="1" y="-29"/><int name="delay" value="150"/></canvas><canvas name="3" width="47" height="43"><vector name="origin" x="22" y="51"/><vector name="head" x="1" y="-28"/><int name="delay" value="300"/><int name="a0" value="255"/><int name="a1" value="0"/></canvas></imgdir></imgdir>