<?xml version="1.0" encoding="UTF-8" standalone="yes"?><imgdir name="6130104.img"><imgdir name="info"><int name="bodyAttack" value="1"/><int name="level" value="35"/><int name="maxHP" value="14800"/><int name="maxMP" value="500"/><int name="speed" value="0"/><int name="PADamage" value="180"/><int name="PDDamage" value="250"/><int name="MADamage" value="300"/><int name="MDDamage" value="300"/><int name="acc" value="250"/><int name="eva" value="35"/><int name="exp" value="400"/><int name="undead" value="0"/><int name="pushed" value="100"/><int name="mpRecovery" value="5"/><string name="elemAttr" value="H2D3"/><float name="fs" value="10.0"/><int name="summonType" value="1"/><imgdir name="skill"><imgdir name="0"><int name="skill" value="110"/><int name="action" value="1"/><int name="level" value="1"/><int name="effectAfter" value="0"/></imgdir><imgdir name="1"><int name="skill" value="123"/><int name="action" value="1"/><int name="level" value="1"/><int name="effectAfter" value="0"/></imgdir></imgdir><int name="mobType" value="5"/></imgdir><imgdir name="move"><canvas name="0" width="106" height="84"><vector name="origin" x="53" y="100"/><vector name="lt" x="-53" y="-100"/><vector name="rb" x="53" y="-16"/><vector name="head" x="-9" y="-87"/><int name="delay" value="110"/></canvas><canvas name="1" width="106" height="83"><vector name="origin" x="53" y="102"/><vector name="lt" x="-53" y="-102"/><vector name="rb" x="53" y="-19"/><vector name="head" x="-9" y="-89"/><int name="delay" value="110"/></canvas><canvas name="2" width="106" height="81"><vector name="origin" x="53" y="104"/><vector name="lt" x="-53" y="-104"/><vector name="rb" x="53" y="-23"/><vector name="head" x="-9" y="-92"/><int name="delay" value="110"/></canvas><canvas name="3" width="106" height="83"><vector name="origin" x="53" y="106"/><vector name="lt" x="-53" y="-106"/><vector name="rb" x="53" y="-23"/><vector name="head" x="-9" y="-94"/><int name="delay" value="110"/></canvas><canvas name="4" width="106" height="84"><vector name="origin" x="53" y="108"/><vector name="lt" x="-53" y="-108"/><vector name="rb" x="53" y="-24"/><vector name="head" x="-9" y="-96"/><int name="delay" value="110"/></canvas><canvas name="5" width="106" height="83"><vector name="origin" x="53" y="106"/><vector name="lt" x="-53" y="-106"/><vector name="rb" x="53" y="-23"/><vector name="head" x="-9" y="-94"/><int name="delay" value="110"/></canvas><canvas name="6" width="106" height="81"><vector name="origin" x="53" y="104"/><vector name="lt" x="-53" y="-104"/><vector name="rb" x="53" y="-23"/><vector name="head" x="-9" y="-92"/><int name="delay" value="110"/></canvas><canvas name="7" width="106" height="83"><vector name="origin" x="53" y="102"/><vector name="lt" x="-53" y="-102"/><vector name="rb" x="53" y="-19"/><vector name="head" x="-9" y="-90"/><int name="delay" value="110"/></canvas></imgdir><imgdir name="stand"><canvas name="0" width="106" height="86"><vector name="origin" x="53" y="100"/><vector name="lt" x="-53" y="-100"/><vector name="rb" x="53" y="-14"/><vector name="head" x="2" y="-87"/><int name="delay" value="110"/></canvas><canvas name="1" width="106" height="86"><vector name="origin" x="53" y="102"/><vector name="lt" x="-53" y="-100"/><vector name="rb" x="53" y="-14"/><vector name="head" x="2" y="-89"/><int name="delay" value="110"/></canvas><canvas name="2" width="106" height="86"><vector name="origin" x="53" y="104"/><vector name="lt" x="-53" y="-104"/><vector name="rb" x="53" y="-18"/><vector name="head" x="2" y="-91"/><int name="delay" value="110"/></canvas><canvas name="3" width="106" height="86"><vector name="origin" x="53" y="106"/><vector name="lt" x="-53" y="-106"/><vector name="rb" x="53" y="-20"/><vector name="head" x="2" y="-93"/><int name="delay" value="110"/></canvas><canvas name="4" width="106" height="85"><vector name="origin" x="53" y="108"/><vector name="lt" x="-53" y="-108"/><vector name="rb" x="53" y="-23"/><vector name="head" x="2" y="-94"/><int name="delay" value="110"/></canvas><canvas name="5" width="106" height="86"><vector name="origin" x="53" y="106"/><vector name="lt" x="-53" y="-106"/><vector name="rb" x="53" y="-20"/><vector name="head" x="2" y="-92"/><int name="delay" value="110"/></canvas><canvas name="6" width="106" height="85"><vector name="origin" x="53" y="104"/><vector name="lt" x="-53" y="-104"/><vector name="rb" x="53" y="-19"/><vector name="head" x="2" y="-90"/><int name="delay" value="110"/></canvas><canvas name="7" width="106" height="86"><vector name="origin" x="53" y="102"/><vector name="lt" x="-53" y="-102"/><vector name="rb" x="53" y="-16"/><vector name="head" x="2" y="-88"/><int name="delay" value="110"/></canvas></imgdir><imgdir name="skill1"><canvas name="0" width="106" height="86"><vector name="origin" x="53" y="101"/><vector name="lt" x="-53" y="-101"/><vector name="rb" x="53" y="-15"/><vector name="head" x="2" y="-88"/><int name="delay" value="75"/></canvas><canvas name="1" width="106" height="83"><vector name="origin" x="53" y="102"/><vector name="lt" x="-53" y="-102"/><vector name="rb" x="53" y="-19"/><vector name="head" x="2" y="-89"/><int name="delay" value="75"/></canvas><canvas name="2" width="106" height="87"><vector name="origin" x="53" y="103"/><vector name="lt" x="-53" y="-103"/><vector name="rb" x="53" y="-16"/><vector name="head" x="2" y="-90"/><int name="delay" value="75"/></canvas><canvas name="3" width="123" height="95"><vector name="origin" x="70" y="103"/><vector name="lt" x="-70" y="-103"/><vector name="rb" x="53" y="-8"/><vector name="head" x="2" y="-90"/><int name="delay" value="75"/></canvas><canvas name="4" width="121" height="95"><vector name="origin" x="68" y="102"/><vector name="lt" x="-68" y="-102"/><vector name="rb" x="53" y="-7"/><vector name="head" x="2" y="-89"/><int name="delay" value="75"/></canvas><canvas name="5" width="121" height="91"><vector name="origin" x="68" y="101"/><vector name="lt" x="-68" y="-101"/><vector name="rb" x="53" y="-10"/><vector name="head" x="2" y="-88"/><int name="delay" value="75"/></canvas><canvas name="6" width="121" height="89"><vector name="origin" x="68" y="101"/><vector name="lt" x="-68" y="-101"/><vector name="rb" x="53" y="-12"/><vector name="head" x="2" y="-88"/><int name="delay" value="75"/></canvas><canvas name="7" width="121" height="88"><vector name="origin" x="68" y="102"/><vector name="lt" x="-68" y="-102"/><vector name="rb" x="53" y="-14"/><vector name="head" x="2" y="-89"/><int name="delay" value="75"/></canvas><canvas name="8" width="121" height="87"><vector name="origin" x="68" y="103"/><vector name="lt" x="-68" y="-103"/><vector name="rb" x="53" y="-16"/><vector name="head" x="2" y="-90"/><int name="delay" value="75"/></canvas><canvas name="9" width="121" height="90"><vector name="origin" x="68" y="104"/><vector name="lt" x="-68" y="-104"/><vector name="rb" x="53" y="-14"/><vector name="head" x="2" y="-91"/><int name="delay" value="75"/></canvas><canvas name="10" width="121" height="91"><vector name="origin" x="68" y="103"/><vector name="lt" x="-68" y="-103"/><vector name="rb" x="53" y="-12"/><vector name="head" x="2" y="-90"/><int name="delay" value="75"/></canvas><canvas name="11" width="121" height="92"><vector name="origin" x="68" y="102"/><vector name="lt" x="-68" y="-102"/><vector name="rb" x="53" y="-10"/><vector name="head" x="2" y="-89"/><int name="delay" value="75"/></canvas></imgdir><imgdir name="hit1"><canvas name="0" width="104" height="95"><vector name="origin" x="47" y="114"/><vector name="lt" x="-49" y="-113"/><vector name="rb" x="55" y="-18"/><vector name="head" x="1" y="-86"/><int name="delay" value="600"/></canvas></imgdir><imgdir name="die1"><canvas name="0" width="104" height="100"><vector name="origin" x="48" y="117"/><vector name="head" x="1" y="-87"/><int name="delay" value="120"/></canvas><canvas name="1" width="123" height="106"><vector name="origin" x="58" y="120"/><vector name="head" x="2" y="-86"/><int name="delay" value="120"/></canvas><canvas name="2" width="133" height="117"><vector name="origin" x="62" y="128"/><vector name="head" x="2" y="-86"/><int name="delay" value="120"/></canvas><canvas name="3" width="141" height="147"><vector name="origin" x="66" y="147"/><vector name="head" x="2" y="-86"/><int name="delay" value="120"/></canvas><canvas name="4" width="14" height="156"><vector name="origin" x="1" y="156"/><vector name="head" x="9" y="-89"/><int name="delay" value="300"/><int name="a0" value="255"/><int name="a1" value="0"/></canvas></imgdir></imgdir>