<?xml version="1.0" encoding="UTF-8" standalone="yes"?><imgdir name="6130200.img"><imgdir name="info"><int name="bodyAttack" value="1"/><int name="level" value="61"/><int name="maxHP" value="7400"/><int name="maxMP" value="80"/><int name="speed" value="-30"/><int name="PADamage" value="170"/><int name="PDDamage" value="213"/><int name="MADamage" value="210"/><int name="MDDamage" value="229"/><int name="acc" value="130"/><int name="eva" value="23"/><int name="exp" value="230"/><int name="undead" value="0"/><int name="pushed" value="1300"/><float name="fs" value="10.0"/><int name="summonType" value="1"/><int name="mobType" value="6"/></imgdir><imgdir name="move"><canvas name="0" width="85" height="94"><vector name="origin" x="42" y="88"/><vector name="lt" x="-36" y="-83"/><vector name="rb" x="36" y="0"/><vector name="head" x="-1" y="-39"/><int name="delay" value="110"/></canvas><canvas name="1" width="85" height="95"><vector name="origin" x="43" y="90"/><vector name="lt" x="-35" y="-86"/><vector name="rb" x="35" y="-3"/><vector name="head" x="-1" y="-43"/><int name="delay" value="110"/></canvas><canvas name="2" width="86" height="94"><vector name="origin" x="43" y="89"/><vector name="lt" x="-35" y="-83"/><vector name="rb" x="36" y="-3"/><vector name="head" x="-2" y="-44"/><int name="delay" value="110"/></canvas><canvas name="3" width="87" height="94"><vector name="origin" x="44" y="88"/><vector name="lt" x="-35" y="-78"/><vector name="rb" x="36" y="-1"/><vector name="head" x="-3" y="-44"/><int name="delay" value="110"/></canvas><canvas name="4" width="86" height="94"><vector name="origin" x="44" y="87"/><vector name="lt" x="-36" y="-78"/><vector name="rb" x="36" y="0"/><vector name="head" x="-3" y="-42"/><int name="delay" value="110"/></canvas><canvas name="5" width="86" height="94"><vector name="origin" x="42" y="85"/><vector name="lt" x="-35" y="-79"/><vector name="rb" x="37" y="0"/><vector name="head" x="0" y="-37"/><int name="delay" value="110"/></canvas></imgdir><imgdir name="stand"><canvas name="0" width="86" height="93"><vector name="origin" x="44" y="87"/><vector name="lt" x="-36" y="-83"/><vector name="rb" x="36" y="0"/><vector name="head" x="-2" y="-42"/><int name="delay" value="100"/></canvas><canvas name="1" width="86" height="90"><vector name="origin" x="45" y="83"/><vector name="lt" x="-40" y="-80"/><vector name="rb" x="36" y="0"/><vector name="head" x="-4" y="-39"/><int name="delay" value="100"/></canvas><canvas name="2" width="86" height="87"><vector name="origin" x="43" y="80"/><vector name="lt" x="-35" y="-75"/><vector name="rb" x="37" y="0"/><vector name="head" x="-2" y="-37"/><int name="delay" value="100"/></canvas><canvas name="3" width="85" height="88"><vector name="origin" x="42" y="82"/><vector name="lt" x="-35" y="-79"/><vector name="rb" x="37" y="0"/><vector name="head" x="-1" y="-38"/><int name="delay" value="100"/></canvas><canvas name="4" width="86" height="94"><vector name="origin" x="42" y="88"/><vector name="lt" x="-35" y="-81"/><vector name="rb" x="37" y="0"/><vector name="head" x="-1" y="-41"/><int name="delay" value="100"/></canvas><canvas name="5" width="86" height="100"><vector name="origin" x="43" y="94"/><vector name="lt" x="-35" y="-89"/><vector name="rb" x="36" y="0"/><vector name="head" x="-2" y="-44"/><int name="delay" value="100"/></canvas></imgdir><imgdir name="attack1"><imgdir name="info"><imgdir name="range"><vector name="sp" x="-40" y="-66"/><int name="r" value="250"/></imgdir><imgdir name="hit"><canvas name="0" width="88" height="86"><vector name="origin" x="38" y="52"/><int name="delay" value="300"/><int name="a0" value="255"/><int name="a1" value="0"/></canvas></imgdir><int name="type" value="1"/><int name="magic" value="1"/><int name="conMP" value="2"/><int name="attackAfter" value="500"/><string name="elemAttr" value="L"/></imgdir><canvas name="0" width="99" height="94"><vector name="origin" x="51" y="89"/><vector name="lt" x="-46" y="-87"/><vector name="rb" x="43" y="0"/><vector name="head" x="-3" y="-41"/><int name="delay" value="80"/></canvas><canvas name="1" width="95" height="93"><vector name="origin" x="52" y="86"/><vector name="lt" x="-48" y="-85"/><vector name="rb" x="34" y="0"/><vector name="head" x="-5" y="-39"/><int name="delay" value="80"/></canvas><canvas name="2" width="85" height="99"><vector name="origin" x="37" y="91"/><vector name="lt" x="-32" y="-90"/><vector name="rb" x="36" y="0"/><vector name="head" x="-2" y="-38"/><int name="delay" value="80"/></canvas><canvas name="3" width="85" height="98"><vector name="origin" x="35" y="90"/><vector name="lt" x="-32" y="-87"/><vector name="rb" x="36" y="0"/><vector name="head" x="-3" y="-40"/><int name="delay" value="80"/></canvas><canvas name="4" width="85" height="100"><vector name="origin" x="36" y="94"/><vector name="lt" x="-31" y="-92"/><vector name="rb" x="36" y="0"/><vector name="head" x="-2" y="-42"/><int name="delay" value="80"/></canvas><canvas name="5" width="96" height="96"><vector name="origin" x="50" y="91"/><vector name="lt" x="-46" y="-90"/><vector name="rb" x="36" y="0"/><vector name="head" x="-2" y="-43"/><int name="delay" value="80"/></canvas><uol name="6" value="../stand/0"/><uol name="7" value="../stand/1"/><uol name="8" value="../stand/2"/><uol name="9" value="../stand/3"/><uol name="10" value="../stand/4"/><uol name="11" value="../stand/5"/><uol name="12" value="../stand/0"/><uol name="13" value="../stand/1"/><uol name="14" value="../stand/2"/><uol name="15" value="../stand/3"/><uol name="16" value="../stand/4"/><uol name="17" value="../stand/5"/></imgdir><imgdir name="hit1"><canvas name="0" width="91" height="96"><vector name="origin" x="50" y="90"/><vector name="lt" x="-45" y="-91"/><vector name="rb" x="36" y="0"/><vector name="head" x="-3" y="-41"/><int name="delay" value="600"/></canvas></imgdir><imgdir name="die1"><canvas name="0" width="105" height="98"><vector name="origin" x="56" y="94"/><vector name="head" x="-2" y="-45"/><int name="delay" value="100"/></canvas><canvas name="1" width="100" height="107"><vector name="origin" x="53" y="104"/><vector name="head" x="-2" y="-44"/><int name="delay" value="100"/></canvas><canvas name="2" width="96" height="111"><vector name="origin" x="51" y="109"/><vector name="head" x="-1" y="-45"/><int name="delay" value="100"/></canvas><canvas name="3" width="86" height="98"><vector name="origin" x="47" y="97"/><vector name="head" x="-2" y="-43"/><int name="delay" value="100"/></canvas><canvas name="4" width="67" height="66"><vector name="origin" x="34" y="86"/><vector name="head" x="-2" y="-38"/><int name="delay" value="100"/></canvas><canvas name="5" width="67" height="64"><vector name="origin" x="34" y="63"/><vector name="head" x="-4" y="-17"/><int name="delay" value="300"/><int name="a0" value="255"/><int name="a1" value="0"/></canvas></imgdir></imgdir>