<?xml version="1.0" encoding="UTF-8" standalone="yes"?><imgdir name="6300003.img"><imgdir name="info"><int name="bodyAttack" value="1"/><int name="level" value="67"/><int name="maxHP" value="40000"/><int name="maxMP" value="700"/><int name="flySpeed" value="20"/><int name="PADamage" value="310"/><int name="PDDamage" value="270"/><int name="MADamage" value="435"/><int name="MDDamage" value="410"/><int name="acc" value="165"/><int name="eva" value="37"/><int name="exp" value="210"/><int name="undead" value="0"/><int name="pushed" value="100"/><int name="mpRecovery" value="5"/><string name="elemAttr" value="H2D3"/><float name="fs" value="10.0"/><int name="summonType" value="1"/><int name="mobType" value="6"/></imgdir><imgdir name="fly"><canvas name="0" width="169" height="177"><vector name="origin" x="83" y="209"/><vector name="lt" x="-83" y="-209"/><vector name="rb" x="86" y="-32"/><vector name="head" x="-9" y="-164"/><int name="delay" value="100"/></canvas><canvas name="1" width="163" height="173"><vector name="origin" x="80" y="207"/><vector name="lt" x="-80" y="-207"/><vector name="rb" x="83" y="-34"/><vector name="head" x="-9" y="-163"/><int name="delay" value="100"/></canvas><canvas name="2" width="157" height="169"><vector name="origin" x="77" y="205"/><vector name="lt" x="-77" y="-205"/><vector name="rb" x="80" y="-36"/><vector name="head" x="-9" y="-161"/><int name="delay" value="100"/></canvas><canvas name="3" width="149" height="173"><vector name="origin" x="73" y="207"/><vector name="lt" x="-73" y="-207"/><vector name="rb" x="76" y="-34"/><vector name="head" x="-9" y="-159"/><int name="delay" value="100"/></canvas><canvas name="4" width="159" height="180"><vector name="origin" x="78" y="210"/><vector name="lt" x="-78" y="-210"/><vector name="rb" x="81" y="-30"/><vector name="head" x="-9" y="-157"/><int name="delay" value="100"/></canvas><canvas name="5" width="167" height="185"><vector name="origin" x="82" y="211"/><vector name="lt" x="-82" y="-211"/><vector name="rb" x="85" y="-26"/><vector name="head" x="-9" y="-159"/><int name="delay" value="100"/></canvas><canvas name="6" width="177" height="188"><vector name="origin" x="87" y="212"/><vector name="lt" x="-87" y="-212"/><vector name="rb" x="90" y="-24"/><vector name="head" x="-9" y="-161"/><int name="delay" value="100"/></canvas><canvas name="7" width="183" height="183"><vector name="origin" x="90" y="211"/><vector name="lt" x="-90" y="-211"/><vector name="rb" x="93" y="-28"/><vector name="head" x="-9" y="-163"/><int name="delay" value="100"/></canvas></imgdir><imgdir name="attack1"><imgdir name="info"><imgdir name="range"><vector name="sp" x="-29" y="-130"/><int name="r" value="280"/></imgdir><imgdir name="hit"><canvas name="0" width="69" height="115"><vector name="origin" x="34" y="66"/><int name="delay" value="300"/><int name="a0" value="255"/><int name="a1" value="0"/></canvas></imgdir><imgdir name="effect"><canvas name="0" width="223" height="89"><vector name="origin" x="105" y="206"/><int name="delay" value="100"/></canvas><canvas name="1" width="222" height="87"><vector name="origin" x="104" y="205"/><int name="delay" value="100"/></canvas><canvas name="2" width="219" height="85"><vector name="origin" x="102" y="204"/><int name="delay" value="100"/></canvas><canvas name="3" width="214" height="106"><vector name="origin" x="99" y="202"/><int name="delay" value="100"/></canvas><canvas name="4" width="201" height="105"><vector name="origin" x="92" y="196"/><int name="delay" value="100"/></canvas><canvas name="5" width="76" height="89"><vector name="origin" x="59" y="168"/><int name="delay" value="100"/></canvas><canvas name="6" width="82" height="98"><vector name="origin" x="62" y="172"/><int name="delay" value="100"/></canvas><canvas name="7" width="92" height="104"><vector name="origin" x="70" y="175"/><int name="delay" value="100"/></canvas><canvas name="8" width="99" height="107"><vector name="origin" x="77" y="177"/><int name="delay" value="100"/></canvas><canvas name="9" width="102" height="109"><vector name="origin" x="79" y="178"/><int name="delay" value="100"/></canvas><canvas name="10" width="104" height="112"><vector name="origin" x="81" y="180"/><int name="delay" value="100"/></canvas><canvas name="11" width="126" height="123"><vector name="origin" x="102" y="190"/><int name="delay" value="100"/></canvas><canvas name="12" width="125" height="119"><vector name="origin" x="102" y="188"/><int name="delay" value="100"/></canvas><canvas name="13" width="122" height="117"><vector name="origin" x="102" y="187"/><int name="delay" value="100"/></canvas><canvas name="14" width="120" height="113"><vector name="origin" x="102" y="185"/><int name="delay" value="100"/></canvas><canvas name="15" width="116" height="106"><vector name="origin" x="102" y="181"/><int name="delay" value="100"/></canvas></imgdir><int name="type" value="1"/><int name="conMP" value="1"/><int name="attackAfter" value="1060"/><int name="effectAfter" value="0"/><int name="magic" value="1"/><string name="elemAttr" value="L"/></imgdir><uol name="0" value="../fly/0"/><uol name="1" value="../fly/1"/><uol name="2" value="../fly/2"/><uol name="3" value="../fly/3"/><uol name="4" value="../fly/4"/><uol name="5" value="../fly/5"/><uol name="6" value="../fly/6"/><uol name="7" value="../fly/7"/><uol name="8" value="../fly/0"/><uol name="9" value="../fly/1"/><uol name="10" value="../fly/2"/><uol name="11" value="../fly/3"/><uol name="12" value="../fly/4"/><uol name="13" value="../fly/5"/><uol name="14" value="../fly/6"/><uol name="15" value="../fly/7"/></imgdir><imgdir name="hit1"><canvas name="0" width="179" height="202"><vector name="origin" x="83" y="225"/><vector name="lt" x="-83" y="-226"/><vector name="rb" x="95" y="-25"/><vector name="head" x="-9" y="-158"/><int name="delay" value="600"/></canvas></imgdir><imgdir name="die1"><canvas name="0" width="179" height="202"><vector name="origin" x="83" y="226"/><vector name="head" x="-4" y="-154"/><int name="delay" value="150"/></canvas><canvas name="1" width="179" height="205"><vector name="origin" x="83" y="224"/><vector name="head" x="-4" y="-153"/><int name="delay" value="150"/></canvas><canvas name="2" width="179" height="207"><vector name="origin" x="83" y="222"/><vector name="head" x="-4" y="-150"/><int name="delay" value="150"/></canvas><canvas name="3" width="179" height="208"><vector name="origin" x="83" y="220"/><vector name="head" x="-4" y="-149"/><int name="delay" value="150"/></canvas><canvas name="4" width="179" height="207"><vector name="origin" x="83" y="218"/><vector name="head" x="-4" y="-143"/><int name="delay" value="150"/></canvas><canvas name="5" width="179" height="206"><vector name="origin" x="83" y="216"/><vector name="head" x="-4" y="-137"/><int name="delay" value="300"/><int name="a0" value="255"/><int name="a1" value="0"/></canvas></imgdir></imgdir>