<?xml version="1.0" encoding="UTF-8" standalone="yes"?><imgdir name="6400007.img"><imgdir name="info"><int name="bodyAttack" value="1"/><int name="level" value="48"/><int name="maxHP" value="2800"/><int name="maxMP" value="500"/><int name="Speed" value="-20"/><int name="PADamage" value="135"/><int name="PDDamage" value="65"/><int name="MADamage" value="0"/><int name="MDDamage" value="1200"/><int name="acc" value="180"/><int name="eva" value="1"/><int name="exp" value="10"/><int name="undead" value="0"/><int name="pushed" value="100"/><string name="elemAttr" value="S1H3D2"/><int name="boss" value="1"/><float name="fs" value="10.0"/><int name="summonType" value="0"/><int name="firstAttack" value="1"/></imgdir><imgdir name="move"><canvas name="0" width="88" height="81"><vector name="origin" x="41" y="81"/><vector name="lt" x="-41" y="-78"/><vector name="rb" x="33" y="-1"/><vector name="head" x="-7" y="-71"/><int name="delay" value="120"/></canvas><canvas name="1" width="81" height="79"><vector name="origin" x="41" y="80"/><int name="z" value="0"/><vector name="lt" x="-41" y="-78"/><vector name="rb" x="33" y="-1"/><vector name="head" x="-7" y="-71"/><int name="delay" value="120"/></canvas><canvas name="2" width="90" height="82"><vector name="origin" x="43" y="84"/><int name="z" value="0"/><vector name="lt" x="-41" y="-78"/><vector name="rb" x="33" y="-1"/><vector name="head" x="-7" y="-71"/><int name="delay" value="120"/></canvas><canvas name="3" width="84" height="83"><vector name="origin" x="44" y="87"/><int name="z" value="0"/><vector name="lt" x="-41" y="-78"/><vector name="rb" x="33" y="-1"/><vector name="head" x="-7" y="-71"/><int name="delay" value="120"/></canvas><canvas name="4" width="92" height="84"><vector name="origin" x="45" y="90"/><int name="z" value="0"/><vector name="lt" x="-41" y="-78"/><vector name="rb" x="33" y="-1"/><vector name="head" x="-7" y="-71"/><int name="delay" value="120"/></canvas><canvas name="5" width="84" height="85"><vector name="origin" x="44" y="90"/><int name="z" value="0"/><vector name="lt" x="-41" y="-78"/><vector name="rb" x="33" y="-1"/><vector name="head" x="-7" y="-71"/><int name="delay" value="120"/></canvas><canvas name="6" width="90" height="84"><vector name="origin" x="43" y="87"/><int name="z" value="0"/><vector name="lt" x="-41" y="-78"/><vector name="rb" x="33" y="-1"/><vector name="head" x="-7" y="-71"/><int name="delay" value="120"/></canvas><canvas name="7" width="81" height="81"><vector name="origin" x="41" y="82"/><int name="z" value="0"/><vector name="lt" x="-41" y="-78"/><vector name="rb" x="33" y="-1"/><vector name="head" x="-7" y="-71"/><int name="delay" value="120"/></canvas></imgdir><imgdir name="stand"><canvas name="0" width="88" height="81"><vector name="origin" x="41" y="81"/><int name="z" value="0"/><vector name="lt" x="-41" y="-78"/><vector name="rb" x="33" y="-1"/><vector name="head" x="-7" y="-71"/><int name="delay" value="120"/></canvas><canvas name="1" width="81" height="79"><vector name="origin" x="41" y="80"/><int name="z" value="0"/><vector name="lt" x="-41" y="-78"/><vector name="rb" x="33" y="-1"/><vector name="head" x="-7" y="-71"/><int name="delay" value="120"/></canvas><canvas name="2" width="88" height="79"><vector name="origin" x="41" y="81"/><int name="z" value="0"/><vector name="lt" x="-41" y="-78"/><vector name="rb" x="33" y="-1"/><vector name="head" x="-7" y="-71"/><int name="delay" value="120"/></canvas><canvas name="3" width="81" height="79"><vector name="origin" x="41" y="82"/><int name="z" value="0"/><vector name="lt" x="-41" y="-78"/><vector name="rb" x="33" y="-1"/><vector name="head" x="-7" y="-71"/><int name="delay" value="120"/></canvas><canvas name="4" width="88" height="79"><vector name="origin" x="41" y="83"/><int name="z" value="0"/><vector name="lt" x="-41" y="-78"/><vector name="rb" x="33" y="-1"/><vector name="head" x="-7" y="-71"/><int name="delay" value="120"/></canvas><canvas name="5" width="81" height="81"><vector name="origin" x="41" y="84"/><int name="z" value="0"/><vector name="lt" x="-41" y="-78"/><vector name="rb" x="33" y="-1"/><vector name="head" x="-7" y="-71"/><int name="delay" value="120"/></canvas><canvas name="6" width="88" height="81"><vector name="origin" x="41" y="83"/><int name="z" value="0"/><vector name="lt" x="-41" y="-78"/><vector name="rb" x="33" y="-1"/><vector name="head" x="-7" y="-71"/><int name="delay" value="120"/></canvas><canvas name="7" width="81" height="81"><vector name="origin" x="41" y="82"/><int name="z" value="0"/><vector name="lt" x="-41" y="-78"/><vector name="rb" x="33" y="-1"/><vector name="head" x="-7" y="-71"/><int name="delay" value="120"/></canvas></imgdir><imgdir name="hit1"><canvas name="0" width="96" height="83"><vector name="origin" x="33" y="87"/></canvas></imgdir><imgdir name="die1"><canvas name="0" width="96" height="83"><vector name="origin" x="33" y="87"/><int name="z" value="0"/><int name="delay" value="120"/></canvas><canvas name="1" width="106" height="80"><vector name="origin" x="39" y="86"/><int name="z" value="0"/><int name="delay" value="120"/></canvas><canvas name="2" width="120" height="80"><vector name="origin" x="41" y="87"/><int name="z" value="0"/><int name="delay" value="120"/></canvas><canvas name="3" width="80" height="79"><vector name="origin" x="3" y="88"/><int name="z" value="0"/><int name="delay" value="120"/></canvas><canvas name="4" width="87" height="79"><vector name="origin" x="0" y="89"/><int name="z" value="0"/><int name="delay" value="120"/></canvas><canvas name="5" width="80" height="80"><vector name="origin" x="-2" y="90"/><int name="z" value="0"/><int name="delay" value="120"/></canvas><canvas name="6" width="87" height="80"><vector name="origin" x="-3" y="91"/><int name="z" value="0"/><int name="delay" value="120"/></canvas><canvas name="7" width="71" height="51"><vector name="origin" x="-3" y="90"/><int name="z" value="0"/><int name="delay" value="120"/></canvas><canvas name="8" width="71" height="51"><vector name="origin" x="-3" y="83"/><int name="z" value="0"/><int name="delay" value="120"/></canvas><canvas name="9" width="111" height="52"><vector name="origin" x="19" y="39"/><int name="z" value="0"/><int name="delay" value="120"/></canvas><canvas name="10" width="115" height="51"><vector name="origin" x="21" y="38"/><int name="z" value="0"/><int name="delay" value="120"/></canvas><canvas name="11" width="115" height="50"><vector name="origin" x="21" y="37"/><int name="z" value="0"/><int name="delay" value="120"/></canvas><canvas name="12" width="116" height="48"><vector name="origin" x="22" y="36"/><int name="z" value="0"/><int name="delay" value="120"/></canvas><canvas name="13" width="71" height="43"><vector name="origin" x="-3" y="35"/><int name="z" value="0"/><int name="delay" value="120"/></canvas></imgdir></imgdir>