<?xml version="1.0" encoding="UTF-8" standalone="yes"?><imgdir name="7120109.img"><imgdir name="info"><int name="bodyAttack" value="1"/><int name="level" value="79"/><int name="maxHP" value="23500"/><int name="maxMP" value="200"/><int name="speed" value="50"/><int name="PADamage" value="340"/><int name="PDDamage" value="625"/><int name="MADamage" value="385"/><int name="MDDamage" value="450"/><int name="acc" value="170"/><int name="eva" value="30"/><int name="exp" value="750"/><int name="undead" value="0"/><int name="pushed" value="2500"/><float name="fs" value="10.0"/><string name="elemAttr" value="S1"/><int name="summonType" value="1"/><imgdir name="speak"><imgdir name="con"><imgdir name="0"><imgdir name="quest"><int name="questID" value="3730"/><int name="state" value="2"/></imgdir></imgdir></imgdir><int name="chatBalloon" value="0"/></imgdir></imgdir><imgdir name="regen"><canvas name="0" width="34" height="121"><vector name="origin" x="12" y="147"/><int name="delay" value="60"/></canvas><canvas name="1" width="72" height="153"><vector name="origin" x="31" y="148"/><int name="delay" value="60"/></canvas><canvas name="2" width="98" height="157"><vector name="origin" x="44" y="150"/><int name="delay" value="60"/></canvas><canvas name="3" width="114" height="156"><vector name="origin" x="52" y="150"/><int name="delay" value="60"/></canvas><canvas name="4" width="114" height="156"><vector name="origin" x="52" y="150"/><int name="z" value="0"/><int name="delay" value="60"/></canvas><canvas name="5" width="114" height="156"><vector name="origin" x="52" y="150"/><int name="z" value="0"/><int name="delay" value="90"/></canvas><canvas name="6" width="114" height="156"><vector name="origin" x="52" y="150"/><int name="z" value="0"/><int name="delay" value="90"/></canvas><canvas name="7" width="114" height="156"><vector name="origin" x="52" y="150"/><int name="z" value="0"/><int name="delay" value="90"/></canvas><canvas name="8" width="114" height="156"><vector name="origin" x="52" y="150"/><int name="z" value="0"/><int name="delay" value="90"/></canvas><canvas name="9" width="114" height="156"><vector name="origin" x="52" y="150"/><int name="z" value="0"/><int name="delay" value="90"/></canvas><canvas name="10" width="114" height="156"><vector name="origin" x="52" y="150"/><int name="z" value="0"/><int name="delay" value="90"/></canvas><canvas name="11" width="98" height="157"><vector name="origin" x="44" y="150"/><int name="z" value="0"/><int name="delay" value="90"/></canvas><canvas name="12" width="87" height="153"><vector name="origin" x="38" y="148"/><int name="z" value="0"/><int name="delay" value="90"/></canvas><canvas name="13" width="87" height="147"><vector name="origin" x="38" y="147"/><int name="z" value="0"/><int name="delay" value="90"/></canvas><canvas name="14" width="87" height="116"><vector name="origin" x="38" y="116"/><int name="z" value="0"/><int name="delay" value="150"/></canvas><canvas name="15" width="87" height="116"><vector name="origin" x="38" y="116"/><int name="z" value="0"/><int name="delay" value="150"/></canvas><canvas name="16" width="87" height="116"><vector name="origin" x="38" y="116"/><int name="z" value="0"/><int name="delay" value="150"/></canvas><canvas name="17" width="87" height="116"><vector name="origin" x="38" y="116"/><int name="z" value="0"/><int name="delay" value="150"/></canvas><canvas name="18" width="87" height="116"><vector name="origin" x="38" y="116"/><int name="z" value="0"/><int name="delay" value="150"/></canvas><canvas name="19" width="87" height="116"><vector name="origin" x="38" y="116"/><int name="z" value="0"/><int name="delay" value="150"/></canvas><canvas name="20" width="87" height="116"><vector name="origin" x="38" y="116"/><int name="z" value="0"/><int name="delay" value="150"/></canvas><canvas name="21" width="87" height="116"><vector name="origin" x="38" y="116"/><int name="z" value="0"/><int name="delay" value="150"/></canvas><canvas name="22" width="87" height="121"><vector name="origin" x="38" y="116"/><int name="z" value="0"/><int name="delay" value="150"/></canvas><canvas name="23" width="87" height="128"><vector name="origin" x="38" y="116"/><int name="z" value="0"/><int name="delay" value="150"/></canvas><canvas name="24" width="87" height="128"><vector name="origin" x="38" y="116"/><int name="z" value="0"/><int name="delay" value="150"/></canvas></imgdir><imgdir name="stand"><canvas name="0" width="87" height="128"><vector name="origin" x="38" y="116"/><vector name="lt" x="-38" y="-93"/><vector name="rb" x="44" y="0"/><vector name="head" x="-9" y="-89"/><int name="delay" value="180"/></canvas><canvas name="1" width="87" height="127"><vector name="origin" x="37" y="115"/><vector name="lt" x="-38" y="-93"/><vector name="rb" x="44" y="0"/><vector name="head" x="-8" y="-90"/><int name="delay" value="180"/></canvas><canvas name="2" width="86" height="124"><vector name="origin" x="35" y="113"/><vector name="lt" x="-38" y="-93"/><vector name="rb" x="44" y="0"/><vector name="head" x="-7" y="-91"/><int name="delay" value="180"/></canvas><canvas name="3" width="87" height="126"><vector name="origin" x="37" y="115"/><vector name="lt" x="-38" y="-93"/><vector name="rb" x="44" y="0"/><vector name="head" x="-8" y="-90"/><int name="delay" value="180"/></canvas><canvas name="4" width="89" height="128"><vector name="origin" x="40" y="115"/><vector name="lt" x="-38" y="-93"/><vector name="rb" x="44" y="0"/><vector name="head" x="-9" y="-88"/><int name="delay" value="180"/></canvas></imgdir><imgdir name="move"><canvas name="0" width="93" height="125"><vector name="origin" x="43" y="116"/><vector name="lt" x="-43" y="-82"/><vector name="rb" x="40" y="5"/><vector name="head" x="-18" y="-82"/><int name="delay" value="90"/></canvas><canvas name="1" width="103" height="130"><vector name="origin" x="54" y="120"/><vector name="lt" x="-43" y="-82"/><vector name="rb" x="40" y="5"/><vector name="head" x="-17" y="-77"/><int name="delay" value="90"/></canvas><canvas name="2" width="96" height="110"><vector name="origin" x="48" y="104"/><vector name="lt" x="-43" y="-82"/><vector name="rb" x="40" y="5"/><vector name="head" x="-20" y="-82"/><int name="delay" value="150"/></canvas><canvas name="3" width="97" height="125"><vector name="origin" x="43" y="116"/><vector name="lt" x="-43" y="-82"/><vector name="rb" x="40" y="5"/><vector name="head" x="-18" y="-78"/><int name="delay" value="90"/></canvas><canvas name="4" width="114" height="130"><vector name="origin" x="54" y="120"/><vector name="lt" x="-43" y="-82"/><vector name="rb" x="40" y="5"/><vector name="head" x="-17" y="-77"/><int name="delay" value="90"/></canvas><canvas name="5" width="86" height="110"><vector name="origin" x="48" y="104"/><vector name="lt" x="-43" y="-82"/><vector name="rb" x="40" y="5"/><vector name="head" x="-20" y="-82"/><int name="delay" value="150"/></canvas></imgdir><imgdir name="attack1"><imgdir name="info"><imgdir name="range"><vector name="lt" x="-136" y="-64"/><vector name="rb" x="5" y="3"/></imgdir><imgdir name="hit"><canvas name="0" width="66" height="115"><vector name="origin" x="36" y="114"/><int name="z" value="0"/><int name="delay" value="90"/></canvas><canvas name="1" width="90" height="85"><vector name="origin" x="41" y="77"/><int name="z" value="0"/><int name="delay" value="90"/></canvas><canvas name="2" width="42" height="81"><vector name="origin" x="-6" y="77"/><int name="z" value="0"/><int name="delay" value="90"/></canvas><canvas name="3" width="32" height="53"><vector name="origin" x="-15" y="75"/><int name="z" value="0"/><int name="delay" value="90"/></canvas><int name="attach" value="1"/></imgdir><int name="type" value="0"/><int name="PADamage" value="370"/><int name="attackAfter" value="450"/></imgdir><canvas name="0" width="87" height="128"><vector name="origin" x="38" y="116"/><vector name="lt" x="-38" y="-93"/><vector name="rb" x="45" y="3"/><vector name="head" x="-9" y="-89"/><int name="delay" value="150"/></canvas><canvas name="1" width="94" height="111"><vector name="origin" x="46" y="111"/><vector name="lt" x="-38" y="-93"/><vector name="rb" x="45" y="3"/><vector name="head" x="-10" y="-89"/><int name="delay" value="150"/></canvas><canvas name="2" width="96" height="116"><vector name="origin" x="50" y="116"/><vector name="lt" x="-38" y="-93"/><vector name="rb" x="45" y="3"/><vector name="head" x="-12" y="-89"/><int name="delay" value="150"/></canvas><canvas name="3" width="188" height="138"><vector name="origin" x="136" y="125"/><vector name="lt" x="-48" y="-93"/><vector name="rb" x="45" y="3"/><vector name="head" x="-16" y="-81"/><int name="delay" value="150"/></canvas><canvas name="4" width="189" height="123"><vector name="origin" x="146" y="111"/><vector name="lt" x="-48" y="-93"/><vector name="rb" x="45" y="3"/><vector name="head" x="-16" y="-80"/><int name="delay" value="150"/></canvas><canvas name="5" width="184" height="113"><vector name="origin" x="142" y="104"/><vector name="lt" x="-48" y="-93"/><vector name="rb" x="45" y="3"/><vector name="head" x="-16" y="-80"/><int name="delay" value="150"/></canvas><canvas name="6" width="181" height="116"><vector name="origin" x="139" y="107"/><vector name="lt" x="-48" y="-93"/><vector name="rb" x="45" y="3"/><vector name="head" x="-16" y="-80"/><int name="delay" value="150"/></canvas><canvas name="7" width="181" height="116"><vector name="origin" x="139" y="107"/><vector name="lt" x="-48" y="-93"/><vector name="rb" x="45" y="3"/><vector name="head" x="-16" y="-80"/><int name="delay" value="150"/></canvas><canvas name="8" width="86" height="112"><vector name="origin" x="44" y="103"/><vector name="lt" x="-48" y="-93"/><vector name="rb" x="45" y="3"/><vector name="head" x="-16" y="-81"/><int name="delay" value="150"/></canvas></imgdir><imgdir name="attack2"><imgdir name="info"><imgdir name="range"><vector name="lt" x="-354" y="-64"/><vector name="rb" x="0" y="15"/></imgdir><imgdir name="hit"><canvas name="0" width="121" height="125"><vector name="origin" x="62" y="110"/><int name="z" value="0"/><int name="delay" value="150"/></canvas><canvas name="1" width="144" height="141"><vector name="origin" x="77" y="113"/><int name="z" value="0"/><int name="delay" value="150"/></canvas><canvas name="2" width="158" height="142"><vector name="origin" x="88" y="114"/><int name="z" value="0"/><int name="delay" value="150"/></canvas><uol name="3" value="1"/><uol name="4" value="0"/><uol name="5" value="1"/><uol name="6" value="2"/><canvas name="7" width="143" height="138"><vector name="origin" x="85" y="116"/><int name="z" value="0"/><int name="delay" value="150"/></canvas><canvas name="8" width="82" height="75"><vector name="origin" x="34" y="101"/><int name="z" value="0"/><int name="delay" value="150"/></canvas><int name="attach" value="1"/></imgdir><int name="type" value="0"/><int name="PADamage" value="400"/><int name="attackAfter" value="2130"/><int name="knockback" value="1"/></imgdir><canvas name="0" width="87" height="128"><vector name="origin" x="38" y="116"/><vector name="lt" x="-38" y="-93"/><vector name="rb" x="44" y="0"/><vector name="head" x="-9" y="-89"/><int name="delay" value="120"/></canvas><canvas name="1" width="86" height="206"><vector name="origin" x="38" y="194"/><vector name="lt" x="-38" y="-93"/><vector name="rb" x="44" y="0"/><vector name="head" x="-10" y="-89"/><int name="delay" value="90"/></canvas><canvas name="2" width="109" height="167"><vector name="origin" x="62" y="155"/><vector name="lt" x="-39" y="-93"/><vector name="rb" x="43" y="0"/><vector name="head" x="-11" y="-89"/><int name="delay" value="90"/></canvas><canvas name="3" width="114" height="164"><vector name="origin" x="67" y="152"/><vector name="lt" x="-39" y="-93"/><vector name="rb" x="43" y="0"/><vector name="head" x="-11" y="-89"/><int name="delay" value="90"/></canvas><canvas name="4" width="117" height="163"><vector name="origin" x="70" y="151"/><vector name="lt" x="-39" y="-93"/><vector name="rb" x="43" y="0"/><vector name="head" x="-11" y="-89"/><int name="delay" value="90"/></canvas><canvas name="5" width="87" height="163"><vector name="origin" x="40" y="151"/><vector name="lt" x="-39" y="-93"/><vector name="rb" x="43" y="0"/><vector name="head" x="-11" y="-89"/><int name="delay" value="90"/></canvas><canvas name="6" width="87" height="163"><vector name="origin" x="40" y="151"/><vector name="lt" x="-39" y="-93"/><vector name="rb" x="43" y="0"/><vector name="head" x="-11" y="-89"/><int name="delay" value="90"/></canvas><canvas name="7" width="87" height="163"><vector name="origin" x="40" y="151"/><vector name="lt" x="-39" y="-93"/><vector name="rb" x="43" y="0"/><vector name="head" x="-11" y="-89"/><int name="delay" value="90"/></canvas><canvas name="8" width="132" height="160"><vector name="origin" x="92" y="140"/><vector name="lt" x="-47" y="-85"/><vector name="rb" x="35" y="0"/><vector name="head" x="-19" y="-81"/><int name="delay" value="9"/></canvas><canvas name="9" width="167" height="140"><vector name="origin" x="127" y="112"/><vector name="lt" x="-50" y="-77"/><vector name="rb" x="32" y="0"/><vector name="head" x="-22" y="-73"/><imgdir name="rect"><imgdir name="0"><vector name="lt" x="-127" y="-32"/><vector name="rb" x="-33" y="-1"/></imgdir></imgdir><int name="delay" value="90"/></canvas><canvas name="10" width="170" height="125"><vector name="origin" x="134" y="98"/><vector name="lt" x="-50" y="-78"/><vector name="rb" x="32" y="0"/><vector name="head" x="-22" y="-74"/><int name="delay" value="90"/><imgdir name="rect"><imgdir name="0"><vector name="lt" x="-127" y="-32"/><vector name="rb" x="-33" y="-1"/></imgdir></imgdir></canvas><canvas name="11" width="172" height="128"><vector name="origin" x="136" y="101"/><vector name="lt" x="-50" y="-78"/><vector name="rb" x="32" y="0"/><vector name="head" x="-22" y="-74"/><int name="delay" value="90"/><imgdir name="rect"><imgdir name="0"><vector name="lt" x="-127" y="-32"/><vector name="rb" x="-33" y="-1"/></imgdir></imgdir></canvas><canvas name="12" width="174" height="128"><vector name="origin" x="138" y="101"/><vector name="lt" x="-50" y="-78"/><vector name="rb" x="32" y="0"/><vector name="head" x="-22" y="-74"/><int name="delay" value="120"/><imgdir name="rect"><imgdir name="0"><vector name="lt" x="-127" y="-32"/><vector name="rb" x="-33" y="-1"/></imgdir></imgdir></canvas><canvas name="13" width="155" height="128"><vector name="origin" x="119" y="101"/><vector name="lt" x="-50" y="-78"/><vector name="rb" x="32" y="0"/><vector name="head" x="-22" y="-74"/><int name="delay" value="150"/><imgdir name="rect"><imgdir name="0"><vector name="lt" x="-127" y="-32"/><vector name="rb" x="-33" y="-1"/></imgdir></imgdir></canvas><canvas name="14" width="206" height="128"><vector name="origin" x="170" y="101"/><vector name="lt" x="-50" y="-78"/><vector name="rb" x="32" y="0"/><vector name="head" x="-22" y="-74"/><int name="delay" value="150"/><imgdir name="rect"><imgdir name="0"><vector name="lt" x="-144" y="-41"/><vector name="rb" x="-33" y="-1"/></imgdir></imgdir></canvas><canvas name="15" width="193" height="130"><vector name="origin" x="157" y="103"/><vector name="lt" x="-50" y="-78"/><vector name="rb" x="32" y="0"/><vector name="head" x="-22" y="-74"/><int name="delay" value="150"/><imgdir name="rect"><imgdir name="0"><vector name="lt" x="-157" y="-49"/><vector name="rb" x="-33" y="-1"/></imgdir></imgdir></canvas><canvas name="16" width="273" height="156"><vector name="origin" x="237" y="129"/><vector name="lt" x="-50" y="-78"/><vector name="rb" x="32" y="0"/><vector name="head" x="-22" y="-74"/><int name="delay" value="150"/><imgdir name="rect"><imgdir name="0"><vector name="lt" x="-177" y="-53"/><vector name="rb" x="-33" y="-1"/></imgdir></imgdir></canvas><canvas name="17" width="233" height="128"><vector name="origin" x="197" y="101"/><vector name="lt" x="-50" y="-78"/><vector name="rb" x="32" y="0"/><vector name="head" x="-22" y="-74"/><int name="delay" value="150"/><imgdir name="rect"><imgdir name="0"><vector name="lt" x="-187" y="-64"/><vector name="rb" x="-32" y="16"/></imgdir></imgdir></canvas><canvas name="18" width="244" height="128"><vector name="origin" x="208" y="101"/><vector name="lt" x="-50" y="-78"/><vector name="rb" x="32" y="0"/><vector name="head" x="-22" y="-74"/><int name="delay" value="150"/><imgdir name="rect"><imgdir name="0"><vector name="lt" x="-197" y="-71"/><vector name="rb" x="-30" y="16"/></imgdir></imgdir></canvas><canvas name="19" width="295" height="123"><vector name="origin" x="258" y="96"/><vector name="lt" x="-49" y="-78"/><vector name="rb" x="33" y="0"/><vector name="head" x="-21" y="-74"/><int name="delay" value="150"/><imgdir name="rect"><imgdir name="0"><vector name="lt" x="-258" y="-64"/><vector name="rb" x="-33" y="15"/></imgdir></imgdir></canvas><canvas name="20" width="395" height="139"><vector name="origin" x="354" y="112"/><vector name="lt" x="-49" y="-78"/><vector name="rb" x="33" y="0"/><vector name="head" x="-21" y="-74"/><int name="delay" value="150"/><imgdir name="rect"><imgdir name="0"><vector name="lt" x="-354" y="-56"/><vector name="rb" x="-33" y="15"/></imgdir></imgdir></canvas><canvas name="21" width="389" height="128"><vector name="origin" x="353" y="101"/><vector name="lt" x="-49" y="-78"/><vector name="rb" x="33" y="0"/><vector name="head" x="-21" y="-74"/><int name="delay" value="150"/><imgdir name="rect"><imgdir name="0"><vector name="lt" x="-354" y="-56"/><vector name="rb" x="-33" y="15"/></imgdir></imgdir></canvas><canvas name="22" width="390" height="129"><vector name="origin" x="354" y="101"/><vector name="lt" x="-49" y="-78"/><vector name="rb" x="33" y="0"/><vector name="head" x="-21" y="-74"/><int name="delay" value="150"/><imgdir name="rect"><imgdir name="0"><vector name="lt" x="-354" y="-56"/><vector name="rb" x="-33" y="15"/></imgdir></imgdir></canvas><canvas name="23" width="389" height="128"><vector name="origin" x="353" y="101"/><vector name="lt" x="-49" y="-78"/><vector name="rb" x="33" y="0"/><vector name="head" x="-21" y="-74"/><int name="delay" value="150"/><imgdir name="rect"><imgdir name="0"><vector name="lt" x="-354" y="-56"/><vector name="rb" x="-33" y="15"/></imgdir></imgdir></canvas><canvas name="24" width="390" height="128"><vector name="origin" x="354" y="101"/><vector name="lt" x="-49" y="-78"/><vector name="rb" x="33" y="0"/><vector name="head" x="-21" y="-74"/><int name="delay" value="150"/><imgdir name="rect"><imgdir name="0"><vector name="lt" x="-354" y="-56"/><vector name="rb" x="-33" y="15"/></imgdir></imgdir></canvas><canvas name="25" width="389" height="128"><vector name="origin" x="353" y="101"/><vector name="lt" x="-49" y="-78"/><vector name="rb" x="33" y="0"/><vector name="head" x="-21" y="-74"/><int name="delay" value="150"/><imgdir name="rect"><imgdir name="0"><vector name="lt" x="-127" y="-32"/><vector name="rb" x="-33" y="-1"/></imgdir></imgdir></canvas><canvas name="26" width="390" height="128"><vector name="origin" x="354" y="101"/><int name="z" value="0"/><int name="delay" value="150"/><vector name="lt" x="-49" y="-78"/><vector name="rb" x="33" y="0"/><vector name="head" x="-21" y="-74"/><imgdir name="rect"><imgdir name="0"><vector name="lt" x="-354" y="-56"/><vector name="rb" x="-33" y="15"/></imgdir></imgdir></canvas><canvas name="27" width="390" height="128"><vector name="origin" x="354" y="101"/><vector name="lt" x="-49" y="-78"/><vector name="rb" x="33" y="0"/><vector name="head" x="-21" y="-74"/><int name="delay" value="150"/><imgdir name="rect"><imgdir name="0"><vector name="lt" x="-354" y="-56"/><vector name="rb" x="-33" y="15"/></imgdir></imgdir></canvas><canvas name="28" width="390" height="128"><vector name="origin" x="354" y="101"/><vector name="lt" x="-49" y="-78"/><vector name="rb" x="33" y="0"/><vector name="head" x="-21" y="-74"/><int name="delay" value="150"/><imgdir name="rect"><imgdir name="0"><vector name="lt" x="-354" y="-56"/><vector name="rb" x="-33" y="15"/></imgdir></imgdir></canvas><canvas name="29" width="390" height="128"><vector name="origin" x="354" y="101"/><vector name="lt" x="-49" y="-78"/><vector name="rb" x="33" y="0"/><vector name="head" x="-21" y="-74"/><int name="delay" value="150"/><imgdir name="rect"><imgdir name="0"><vector name="lt" x="-354" y="-56"/><vector name="rb" x="-33" y="15"/></imgdir></imgdir></canvas><canvas name="30" width="389" height="128"><vector name="origin" x="353" y="101"/><int name="z" value="0"/><int name="delay" value="150"/><vector name="lt" x="-49" y="-78"/><vector name="rb" x="33" y="0"/><vector name="head" x="-21" y="-74"/><imgdir name="rect"><imgdir name="0"><vector name="lt" x="-354" y="-56"/><vector name="rb" x="-33" y="15"/></imgdir></imgdir></canvas><canvas name="31" width="389" height="128"><vector name="origin" x="353" y="101"/><vector name="lt" x="-49" y="-78"/><vector name="rb" x="33" y="0"/><vector name="head" x="-21" y="-74"/><int name="delay" value="150"/><imgdir name="rect"><imgdir name="0"><vector name="lt" x="-354" y="-56"/><vector name="rb" x="-33" y="15"/></imgdir></imgdir></canvas><canvas name="32" width="387" height="128"><vector name="origin" x="351" y="101"/><vector name="lt" x="-49" y="-78"/><vector name="rb" x="33" y="0"/><vector name="head" x="-21" y="-74"/><int name="delay" value="150"/></canvas><canvas name="33" width="385" height="128"><vector name="origin" x="349" y="101"/><vector name="lt" x="-49" y="-78"/><vector name="rb" x="33" y="0"/><vector name="head" x="-21" y="-74"/><int name="delay" value="150"/></canvas><canvas name="34" width="363" height="129"><vector name="origin" x="327" y="101"/><vector name="lt" x="-49" y="-78"/><vector name="rb" x="33" y="0"/><vector name="head" x="-21" y="-74"/><int name="delay" value="150"/></canvas><canvas name="35" width="131" height="160"><vector name="origin" x="92" y="140"/><vector name="lt" x="-47" y="-85"/><vector name="rb" x="35" y="0"/><vector name="head" x="-19" y="-81"/><int name="delay" value="150"/></canvas><canvas name="36" width="86" height="167"><vector name="origin" x="39" y="155"/><vector name="lt" x="-39" y="-93"/><vector name="rb" x="43" y="0"/><vector name="head" x="-11" y="-89"/><int name="delay" value="150"/></canvas><canvas name="37" width="87" height="216"><vector name="origin" x="39" y="204"/><vector name="lt" x="-38" y="-93"/><vector name="rb" x="44" y="0"/><vector name="head" x="-10" y="-89"/><int name="delay" value="150"/></canvas></imgdir><imgdir name="attack3"><imgdir name="info"><imgdir name="range"><vector name="lt" x="-256" y="-48"/><vector name="rb" x="224" y="38"/></imgdir><imgdir name="hit"><canvas name="0" width="144" height="79"><vector name="origin" x="65" y="72"/><int name="z" value="0"/><int name="delay" value="120"/></canvas><canvas name="1" width="128" height="76"><vector name="origin" x="52" y="70"/><int name="z" value="0"/><int name="delay" value="120"/></canvas><canvas name="2" width="122" height="46"><vector name="origin" x="51" y="47"/><int name="z" value="0"/><int name="delay" value="120"/></canvas><canvas name="3" width="116" height="35"><vector name="origin" x="56" y="44"/><int name="z" value="0"/><int name="delay" value="120"/></canvas><canvas name="4" width="99" height="30"><vector name="origin" x="39" y="39"/><int name="z" value="0"/><int name="delay" value="120"/></canvas><int name="attach" value="1"/></imgdir><int name="type" value="0"/><int name="conMP" value="10"/><int name="magic" value="1"/><int name="attackAfter" value="1440"/><int name="MADamage" value="420"/></imgdir><canvas name="0" width="87" height="128"><vector name="origin" x="38" y="116"/><vector name="lt" x="-38" y="-93"/><vector name="rb" x="44" y="0"/><vector name="head" x="-9" y="-89"/><int name="delay" value="120"/></canvas><canvas name="1" width="92" height="130"><vector name="origin" x="42" y="118"/><vector name="lt" x="-37" y="-95"/><vector name="rb" x="45" y="0"/><vector name="head" x="-8" y="-91"/><int name="delay" value="120"/></canvas><canvas name="2" width="137" height="136"><vector name="origin" x="68" y="117"/><vector name="lt" x="-39" y="-95"/><vector name="rb" x="43" y="0"/><vector name="head" x="-10" y="-91"/><int name="delay" value="120"/></canvas><canvas name="3" width="149" height="149"><vector name="origin" x="74" y="124"/><vector name="lt" x="-39" y="-96"/><vector name="rb" x="43" y="-1"/><vector name="head" x="-10" y="-92"/><int name="delay" value="120"/></canvas><canvas name="4" width="170" height="169"><vector name="origin" x="84" y="136"/><vector name="lt" x="-39" y="-97"/><vector name="rb" x="43" y="-2"/><vector name="head" x="-10" y="-93"/><int name="delay" value="120"/></canvas><canvas name="5" width="191" height="191"><vector name="origin" x="95" y="149"/><vector name="lt" x="-39" y="-99"/><vector name="rb" x="43" y="-4"/><vector name="head" x="-10" y="-95"/><int name="delay" value="120"/></canvas><canvas name="6" width="201" height="201"><vector name="origin" x="100" y="154"/><vector name="lt" x="-39" y="-100"/><vector name="rb" x="43" y="-5"/><vector name="head" x="-10" y="-96"/><int name="delay" value="120"/></canvas><canvas name="7" width="207" height="207"><vector name="origin" x="103" y="159"/><vector name="lt" x="-39" y="-102"/><vector name="rb" x="43" y="-7"/><vector name="head" x="-10" y="-98"/><int name="delay" value="120"/></canvas><canvas name="8" width="210" height="209"><vector name="origin" x="104" y="164"/><vector name="lt" x="-39" y="-103"/><vector name="rb" x="43" y="-8"/><vector name="head" x="-10" y="-99"/><int name="delay" value="120"/></canvas><canvas name="9" width="211" height="211"><vector name="origin" x="105" y="169"/><vector name="lt" x="-39" y="-105"/><vector name="rb" x="43" y="-10"/><vector name="head" x="-10" y="-101"/><int name="delay" value="120"/></canvas><canvas name="10" width="223" height="213"><vector name="origin" x="116" y="173"/><vector name="lt" x="-39" y="-107"/><vector name="rb" x="43" y="-12"/><vector name="head" x="-10" y="-103"/><int name="delay" value="120"/></canvas><canvas name="11" width="227" height="213"><vector name="origin" x="120" y="178"/><vector name="lt" x="-39" y="-112"/><vector name="rb" x="43" y="-17"/><vector name="head" x="-10" y="-108"/><int name="delay" value="120"/></canvas><canvas name="12" width="303" height="222"><vector name="origin" x="130" y="182"/><int name="z" value="0"/><int name="delay" value="120"/><vector name="lt" x="-39" y="-116"/><vector name="rb" x="43" y="-21"/><vector name="head" x="-10" y="-112"/></canvas><canvas name="13" width="395" height="222"><vector name="origin" x="212" y="185"/><int name="z" value="0"/><int name="delay" value="120"/><vector name="lt" x="-39" y="-119"/><vector name="rb" x="43" y="-24"/><vector name="head" x="-10" y="-115"/></canvas><canvas name="14" width="437" height="225"><vector name="origin" x="221" y="188"/><int name="z" value="0"/><int name="delay" value="120"/><vector name="lt" x="-39" y="-120"/><vector name="rb" x="43" y="-25"/><vector name="head" x="-10" y="-116"/></canvas><canvas name="15" width="477" height="233"><vector name="origin" x="248" y="189"/><int name="z" value="0"/><int name="delay" value="120"/><vector name="lt" x="-39" y="-121"/><vector name="rb" x="43" y="-26"/><vector name="head" x="-10" y="-117"/></canvas><canvas name="16" width="492" height="233"><vector name="origin" x="260" y="190"/><int name="z" value="0"/><int name="delay" value="120"/><vector name="lt" x="-39" y="-122"/><vector name="rb" x="43" y="-27"/><vector name="head" x="-10" y="-118"/></canvas><canvas name="17" width="511" height="234"><vector name="origin" x="265" y="192"/><int name="z" value="0"/><int name="delay" value="120"/><vector name="lt" x="-39" y="-124"/><vector name="rb" x="43" y="-29"/><vector name="head" x="-10" y="-120"/></canvas><canvas name="18" width="524" height="235"><vector name="origin" x="286" y="194"/><int name="z" value="0"/><int name="delay" value="120"/><vector name="lt" x="-39" y="-126"/><vector name="rb" x="43" y="-31"/><vector name="head" x="-10" y="-122"/></canvas><canvas name="19" width="498" height="236"><vector name="origin" x="268" y="196"/><int name="z" value="0"/><int name="delay" value="120"/><vector name="lt" x="-39" y="-128"/><vector name="rb" x="43" y="-33"/><vector name="head" x="-10" y="-124"/></canvas><canvas name="20" width="445" height="235"><vector name="origin" x="249" y="196"/><int name="z" value="0"/><int name="delay" value="120"/><vector name="lt" x="-39" y="-128"/><vector name="rb" x="43" y="-33"/><vector name="head" x="-10" y="-124"/></canvas><canvas name="21" width="403" height="237"><vector name="origin" x="215" y="194"/><int name="z" value="0"/><int name="delay" value="120"/><vector name="lt" x="-39" y="-128"/><vector name="rb" x="43" y="-33"/><vector name="head" x="-10" y="-124"/></canvas><canvas name="22" width="342" height="233"><vector name="origin" x="195" y="194"/><int name="z" value="0"/><int name="delay" value="120"/><vector name="lt" x="-39" y="-128"/><vector name="rb" x="43" y="-33"/><vector name="head" x="-10" y="-124"/></canvas><canvas name="23" width="312" height="228"><vector name="origin" x="173" y="194"/><int name="z" value="0"/><int name="delay" value="120"/><vector name="lt" x="-39" y="-128"/><vector name="rb" x="43" y="-33"/><vector name="head" x="-10" y="-124"/></canvas><canvas name="24" width="256" height="227"><vector name="origin" x="144" y="194"/><int name="z" value="0"/><int name="delay" value="120"/><vector name="lt" x="-39" y="-128"/><vector name="rb" x="43" y="-33"/><vector name="head" x="-10" y="-124"/></canvas><canvas name="25" width="227" height="226"><vector name="origin" x="120" y="194"/><int name="z" value="0"/><int name="delay" value="120"/><vector name="lt" x="-39" y="-128"/><vector name="rb" x="43" y="-33"/><vector name="head" x="-10" y="-124"/></canvas><canvas name="26" width="208" height="214"><vector name="origin" x="103" y="191"/><int name="z" value="0"/><int name="delay" value="120"/><vector name="lt" x="-39" y="-128"/><vector name="rb" x="43" y="-33"/><vector name="head" x="-10" y="-124"/></canvas><canvas name="27" width="191" height="191"><vector name="origin" x="95" y="183"/><int name="z" value="0"/><int name="delay" value="90"/><vector name="lt" x="-39" y="-128"/><vector name="rb" x="43" y="-33"/><vector name="head" x="-10" y="-124"/></canvas><canvas name="28" width="163" height="163"><vector name="origin" x="81" y="169"/><int name="z" value="0"/><int name="delay" value="90"/><vector name="lt" x="-39" y="-128"/><vector name="rb" x="43" y="-33"/><vector name="head" x="-10" y="-124"/></canvas><canvas name="29" width="156" height="156"><vector name="origin" x="75" y="161"/><int name="z" value="0"/><int name="delay" value="90"/><vector name="lt" x="-39" y="-125"/><vector name="rb" x="43" y="-30"/><vector name="head" x="-10" y="-121"/></canvas><canvas name="30" width="188" height="186"><vector name="origin" x="93" y="179"/><int name="z" value="0"/><int name="delay" value="90"/><vector name="lt" x="-39" y="-118"/><vector name="rb" x="43" y="-23"/><vector name="head" x="-10" y="-114"/></canvas><canvas name="31" width="96" height="151"><vector name="origin" x="47" y="156"/><int name="z" value="0"/><int name="delay" value="90"/><vector name="lt" x="-39" y="-103"/><vector name="rb" x="43" y="-8"/><vector name="head" x="-10" y="-99"/></canvas><canvas name="32" width="86" height="116"><vector name="origin" x="45" y="109"/><int name="z" value="0"/><int name="delay" value="90"/><vector name="lt" x="-46" y="-89"/><vector name="rb" x="36" y="6"/><vector name="head" x="-17" y="-85"/></canvas><canvas name="33" width="87" height="130"><vector name="origin" x="38" y="117"/><int name="z" value="0"/><int name="delay" value="90"/><vector name="lt" x="-38" y="-94"/><vector name="rb" x="44" y="1"/><vector name="head" x="-9" y="-90"/></canvas><canvas name="34" width="87" height="128"><vector name="origin" x="38" y="116"/><int name="z" value="0"/><int name="delay" value="90"/><vector name="lt" x="-38" y="-93"/><vector name="rb" x="44" y="2"/><vector name="head" x="-9" y="-89"/></canvas><canvas name="35" width="87" height="128"><vector name="origin" x="38" y="116"/><int name="z" value="0"/><int name="delay" value="90"/><vector name="lt" x="-38" y="-93"/><vector name="rb" x="44" y="2"/><vector name="head" x="-9" y="-89"/></canvas></imgdir><imgdir name="hit1"><canvas name="0" width="100" height="135"><vector name="origin" x="41" y="131"/><vector name="lt" x="-32" y="-96"/><vector name="rb" x="48" y="0"/><vector name="head" x="0" y="-94"/><int name="delay" value="600"/></canvas></imgdir><imgdir name="die1"><canvas name="0" width="87" height="128"><vector name="origin" x="38" y="116"/><vector name="head" x="-10" y="-87"/><int name="delay" value="120"/></canvas><canvas name="1" width="99" height="132"><vector name="origin" x="40" y="131"/><vector name="head" x="2" y="-91"/><int name="delay" value="120"/></canvas><canvas name="2" width="102" height="132"><vector name="origin" x="39" y="130"/><vector name="head" x="2" y="-84"/><int name="delay" value="120"/></canvas><canvas name="3" width="100" height="110"><vector name="origin" x="35" y="107"/><vector name="head" x="5" y="-72"/><int name="delay" value="120"/></canvas><canvas name="4" width="86" height="96"><vector name="origin" x="22" y="91"/><vector name="head" x="8" y="-63"/><int name="delay" value="120"/></canvas><canvas name="5" width="87" height="99"><vector name="origin" x="23" y="95"/><vector name="head" x="5" y="-65"/><int name="delay" value="120"/></canvas><canvas name="6" width="88" height="107"><vector name="origin" x="24" y="103"/><vector name="head" x="5" y="-65"/><int name="delay" value="120"/></canvas><canvas name="7" width="97" height="123"><vector name="origin" x="29" y="119"/><int name="delay" value="120"/><vector name="head" x="5" y="-65"/></canvas><canvas name="8" width="100" height="143"><vector name="origin" x="34" y="139"/><int name="z" value="0"/><int name="delay" value="120"/><vector name="head" x="5" y="-65"/></canvas><canvas name="9" width="88" height="153"><vector name="origin" x="24" y="149"/><int name="z" value="0"/><int name="delay" value="120"/><vector name="head" x="5" y="-65"/></canvas><canvas name="10" width="87" height="159"><vector name="origin" x="23" y="155"/><int name="z" value="0"/><int name="delay" value="120"/><vector name="head" x="5" y="-65"/></canvas><canvas name="11" width="87" height="99"><vector name="origin" x="23" y="95"/><int name="z" value="0"/><int name="delay" value="120"/><vector name="head" x="5" y="-65"/></canvas><canvas name="12" width="87" height="150"><vector name="origin" x="23" y="147"/><int name="z" value="0"/><int name="delay" value="90"/><vector name="head" x="4" y="-73"/></canvas><canvas name="13" width="87" height="153"><vector name="origin" x="25" y="148"/><int name="z" value="0"/><int name="delay" value="90"/><vector name="head" x="3" y="-90"/></canvas><canvas name="14" width="98" height="157"><vector name="origin" x="31" y="150"/><int name="z" value="0"/><int name="delay" value="90"/><vector name="head" x="4" y="-108"/></canvas><canvas name="15" width="114" height="156"><vector name="origin" x="39" y="150"/><int name="z" value="0"/><int name="delay" value="90"/><vector name="head" x="6" y="-128"/></canvas><canvas name="16" width="114" height="156"><vector name="origin" x="39" y="150"/><int name="z" value="0"/><int name="delay" value="90"/><vector name="head" x="2" y="-141"/></canvas><canvas name="17" width="114" height="156"><vector name="origin" x="39" y="150"/><int name="z" value="0"/><int name="delay" value="90"/><vector name="head" x="2" y="-141"/></canvas><canvas name="18" width="114" height="156"><vector name="origin" x="39" y="150"/><int name="z" value="0"/><int name="delay" value="90"/><vector name="head" x="2" y="-141"/></canvas><canvas name="19" width="114" height="156"><vector name="origin" x="39" y="150"/><int name="z" value="0"/><int name="delay" value="90"/><vector name="head" x="2" y="-141"/></canvas><canvas name="20" width="114" height="156"><vector name="origin" x="39" y="150"/><int name="z" value="0"/><int name="delay" value="90"/><vector name="head" x="2" y="-141"/></canvas><canvas name="21" width="114" height="156"><vector name="origin" x="39" y="150"/><int name="z" value="0"/><int name="delay" value="90"/><vector name="head" x="2" y="-141"/></canvas><canvas name="22" width="114" height="156"><vector name="origin" x="39" y="150"/><int name="z" value="0"/><int name="delay" value="90"/><vector name="head" x="2" y="-141"/></canvas><canvas name="23" width="98" height="157"><vector name="origin" x="31" y="150"/><int name="z" value="0"/><int name="delay" value="90"/><vector name="head" x="2" y="-141"/></canvas><canvas name="24" width="72" height="153"><vector name="origin" x="18" y="148"/><int name="z" value="0"/><int name="delay" value="90"/><vector name="head" x="2" y="-141"/></canvas><canvas name="25" width="34" height="121"><vector name="origin" x="-1" y="147"/><int name="z" value="0"/><int name="delay" value="90"/><vector name="head" x="2" y="-141"/></canvas></imgdir></imgdir>