<?xml version="1.0" encoding="UTF-8" standalone="yes"?><imgdir name="7130010.img"><imgdir name="info"><int name="bodyAttack" value="1"/><int name="level" value="85"/><int name="maxHP" value="32000"/><int name="maxMP" value="180"/><int name="speed" value="-30"/><int name="PADamage" value="375"/><int name="PDDamage" value="700"/><int name="MADamage" value="430"/><int name="MDDamage" value="465"/><int name="acc" value="160"/><int name="eva" value="27"/><int name="exp" value="1300"/><int name="undead" value="1"/><int name="pushed" value="3500"/><float name="fs" value="10.0"/><int name="summonType" value="1"/><string name="elemAttr" value="H3F3D2"/><int name="mobType" value="6"/></imgdir><imgdir name="move"><canvas name="0" width="129" height="152"><vector name="origin" x="65" y="152"/><vector name="lt" x="-56" y="-139"/><vector name="rb" x="52" y="-13"/><vector name="head" x="-9" y="-112"/><int name="delay" value="130"/></canvas><canvas name="1" width="135" height="149"><vector name="origin" x="67" y="151"/><vector name="lt" x="-56" y="-139"/><vector name="rb" x="52" y="-13"/><vector name="head" x="-9" y="-111"/><int name="delay" value="130"/></canvas><canvas name="2" width="146" height="144"><vector name="origin" x="69" y="149"/><vector name="lt" x="-56" y="-139"/><vector name="rb" x="52" y="-13"/><vector name="head" x="-9" y="-110"/><int name="delay" value="130"/></canvas><canvas name="3" width="137" height="144"><vector name="origin" x="67" y="151"/><vector name="lt" x="-56" y="-139"/><vector name="rb" x="52" y="-13"/><vector name="head" x="-9" y="-113"/><int name="delay" value="130"/></canvas><canvas name="4" width="128" height="151"><vector name="origin" x="65" y="157"/><vector name="lt" x="-56" y="-139"/><vector name="rb" x="52" y="-13"/><vector name="head" x="-9" y="-115"/><int name="delay" value="130"/></canvas><canvas name="5" width="123" height="152"><vector name="origin" x="63" y="155"/><vector name="lt" x="-56" y="-139"/><vector name="rb" x="52" y="-13"/><vector name="head" x="-9" y="-113"/><int name="delay" value="130"/></canvas></imgdir><imgdir name="stand"><canvas name="0" width="129" height="148"><vector name="origin" x="63" y="148"/><vector name="lt" x="-56" y="-139"/><vector name="rb" x="52" y="-13"/><vector name="head" x="-9" y="-113"/><int name="delay" value="130"/></canvas><canvas name="1" width="135" height="145"><vector name="origin" x="65" y="147"/><vector name="lt" x="-56" y="-139"/><vector name="rb" x="52" y="-13"/><vector name="head" x="-9" y="-112"/><int name="delay" value="130"/></canvas><canvas name="2" width="146" height="140"><vector name="origin" x="67" y="145"/><vector name="lt" x="-56" y="-139"/><vector name="rb" x="52" y="-13"/><vector name="head" x="-9" y="-111"/><int name="delay" value="130"/></canvas><canvas name="3" width="137" height="140"><vector name="origin" x="65" y="147"/><vector name="lt" x="-56" y="-139"/><vector name="rb" x="52" y="-13"/><vector name="head" x="-9" y="-112"/><int name="delay" value="130"/></canvas><canvas name="4" width="128" height="148"><vector name="origin" x="63" y="153"/><vector name="lt" x="-56" y="-139"/><vector name="rb" x="52" y="-13"/><vector name="head" x="-9" y="-115"/><int name="delay" value="130"/></canvas><canvas name="5" width="124" height="148"><vector name="origin" x="62" y="151"/><vector name="lt" x="-56" y="-139"/><vector name="rb" x="52" y="-13"/><vector name="head" x="-9" y="-112"/><int name="delay" value="130"/></canvas></imgdir><imgdir name="attack1"><imgdir name="info"><imgdir name="range"><vector name="sp" x="-26" y="-45"/><int name="r" value="250"/></imgdir><imgdir name="ball"><canvas name="0" width="68" height="28"><vector name="origin" x="56" y="20"/><int name="delay" value="80"/></canvas><canvas name="1" width="79" height="28"><vector name="origin" x="56" y="20"/><int name="delay" value="80"/></canvas></imgdir><imgdir name="hit"><canvas name="0" width="88" height="86"><vector name="origin" x="38" y="52"/><int name="a0" value="255"/><int name="a1" value="0"/><int name="delay" value="300"/></canvas></imgdir><int name="type" value="2"/><int name="conMP" value="1"/><int name="attackAfter" value="520"/><string name="elemAttr" value="L"/><int name="magic" value="1"/></imgdir><canvas name="0" width="137" height="157"><vector name="origin" x="72" y="154"/><vector name="lt" x="-56" y="-139"/><vector name="rb" x="52" y="-13"/><vector name="head" x="-9" y="-112"/><int name="delay" value="130"/></canvas><canvas name="1" width="141" height="154"><vector name="origin" x="72" y="153"/><vector name="lt" x="-56" y="-139"/><vector name="rb" x="52" y="-13"/><vector name="head" x="-9" y="-115"/><int name="delay" value="130"/></canvas><canvas name="2" width="152" height="158"><vector name="origin" x="74" y="158"/><vector name="lt" x="-56" y="-139"/><vector name="rb" x="52" y="-13"/><vector name="head" x="-9" y="-132"/><int name="delay" value="130"/></canvas><canvas name="3" width="146" height="164"><vector name="origin" x="75" y="165"/><vector name="lt" x="-56" y="-139"/><vector name="rb" x="52" y="-13"/><vector name="head" x="-9" y="-139"/><int name="delay" value="130"/></canvas><canvas name="4" width="136" height="156"><vector name="origin" x="72" y="159"/><vector name="lt" x="-56" y="-139"/><vector name="rb" x="52" y="-13"/><vector name="head" x="-9" y="-130"/><int name="delay" value="130"/></canvas><canvas name="5" width="129" height="156"><vector name="origin" x="68" y="157"/><vector name="lt" x="-56" y="-139"/><vector name="rb" x="52" y="-13"/><vector name="head" x="-9" y="-113"/><int name="delay" value="130"/></canvas><uol name="6" value="../stand/0"/><uol name="7" value="../stand/1"/><uol name="8" value="../stand/2"/><uol name="9" value="../stand/3"/><uol name="10" value="../stand/4"/><uol name="11" value="../stand/5"/></imgdir><imgdir name="hit1"><canvas name="0" width="127" height="168"><vector name="origin" x="66" y="166"/><vector name="lt" x="-53" y="-144"/><vector name="rb" x="50" y="-13"/><vector name="head" x="-9" y="-112"/><int name="delay" value="600"/></canvas></imgdir><imgdir name="die1"><canvas name="0" width="109" height="167"><vector name="origin" x="58" y="166"/><vector name="head" x="-10" y="-113"/><int name="delay" value="120"/></canvas><canvas name="1" width="117" height="158"><vector name="origin" x="61" y="167"/><vector name="head" x="-10" y="-114"/><int name="delay" value="120"/></canvas><canvas name="2" width="126" height="148"><vector name="origin" x="61" y="168"/><vector name="head" x="-9" y="-113"/><int name="delay" value="120"/></canvas><canvas name="3" width="116" height="147"><vector name="origin" x="58" y="165"/><vector name="head" x="-9" y="-109"/><int name="delay" value="120"/></canvas><canvas name="4" width="98" height="149"><vector name="origin" x="51" y="162"/><vector name="head" x="-7" y="-106"/><int name="delay" value="300"/><int name="a0" value="255"/><int name="a1" value="0"/></canvas></imgdir></imgdir>