<?xml version="1.0" encoding="UTF-8" standalone="yes"?><imgdir name="7160000.img"><imgdir name="info"><int name="bodyAttack" value="1"/><int name="level" value="87"/><int name="maxHP" value="35000"/><int name="maxMP" value="200"/><int name="speed" value="-30"/><int name="PADamage" value="385"/><int name="PDDamage" value="775"/><int name="MADamage" value="425"/><int name="MDDamage" value="470"/><int name="acc" value="160"/><int name="eva" value="28"/><int name="exp" value="1500"/><int name="undead" value="0"/><int name="pushed" value="3700"/><float name="fs" value="10.0"/><int name="summonType" value="1"/><string name="elemAttr" value="I2F3"/><int name="mobType" value="6"/></imgdir><imgdir name="move"><canvas name="0" width="170" height="173"><vector name="origin" x="90" y="173"/><vector name="lt" x="-85" y="-134"/><vector name="rb" x="65" y="-16"/><vector name="head" x="-4" y="-118"/><int name="delay" value="90"/></canvas><canvas name="1" width="169" height="183"><vector name="origin" x="91" y="184"/><vector name="lt" x="-85" y="-134"/><vector name="rb" x="64" y="-16"/><vector name="head" x="-5" y="-119"/><int name="delay" value="90"/></canvas><canvas name="2" width="170" height="189"><vector name="origin" x="92" y="187"/><vector name="lt" x="-85" y="-134"/><vector name="rb" x="64" y="-14"/><vector name="head" x="-6" y="-117"/><int name="delay" value="90"/></canvas><canvas name="3" width="170" height="168"><vector name="origin" x="91" y="167"/><vector name="lt" x="-85" y="-134"/><vector name="rb" x="63" y="-13"/><vector name="head" x="-5" y="-117"/><int name="delay" value="90"/></canvas><canvas name="4" width="169" height="168"><vector name="origin" x="90" y="166"/><vector name="lt" x="-85" y="-134"/><vector name="rb" x="65" y="-14"/><vector name="head" x="-4" y="-117"/><int name="delay" value="90"/></canvas><canvas name="5" width="170" height="171"><vector name="origin" x="89" y="168"/><vector name="lt" x="-85" y="-134"/><vector name="rb" x="64" y="-13"/><vector name="head" x="-3" y="-117"/><int name="delay" value="90"/></canvas></imgdir><imgdir name="stand"><canvas name="0" width="173" height="176"><vector name="origin" x="92" y="174"/><vector name="lt" x="-85" y="-134"/><vector name="rb" x="65" y="-15"/><vector name="head" x="-4" y="-118"/><int name="delay" value="100"/></canvas><canvas name="1" width="172" height="175"><vector name="origin" x="93" y="175"/><vector name="lt" x="-85" y="-134"/><vector name="rb" x="64" y="-15"/><vector name="head" x="-5" y="-119"/><int name="delay" value="100"/></canvas><canvas name="2" width="173" height="176"><vector name="origin" x="94" y="173"/><vector name="lt" x="-85" y="-134"/><vector name="rb" x="64" y="-14"/><vector name="head" x="-6" y="-119"/><int name="delay" value="100"/></canvas><canvas name="3" width="173" height="172"><vector name="origin" x="93" y="169"/><vector name="lt" x="-85" y="-134"/><vector name="rb" x="63" y="-15"/><vector name="head" x="-5" y="-117"/><int name="delay" value="100"/></canvas><canvas name="4" width="172" height="169"><vector name="origin" x="92" y="166"/><vector name="lt" x="-85" y="-134"/><vector name="rb" x="63" y="-14"/><vector name="head" x="-4" y="-116"/><int name="delay" value="100"/></canvas><canvas name="5" width="173" height="174"><vector name="origin" x="91" y="170"/><vector name="lt" x="-85" y="-134"/><vector name="rb" x="64" y="-14"/><vector name="head" x="-3" y="-116"/><int name="delay" value="100"/></canvas></imgdir><imgdir name="attack1"><imgdir name="info"><imgdir name="range"><vector name="sp" x="-104" y="-130"/><int name="r" value="285"/></imgdir><imgdir name="hit"><canvas name="0" width="100" height="98"><vector name="origin" x="53" y="53"/></canvas><canvas name="1" width="80" height="95"><vector name="origin" x="38" y="50"/><int name="delay" value="300"/><int name="a0" value="255"/><int name="a1" value="0"/></canvas></imgdir><int name="type" value="1"/><int name="magic" value="1"/><int name="attackAfter" value="540"/><string name="elemAttr" value="L"/></imgdir><canvas name="0" width="224" height="186"><vector name="origin" x="144" y="186"/><vector name="lt" x="-85" y="-134"/><vector name="rb" x="65" y="-16"/><vector name="head" x="-4" y="-118"/><int name="delay" value="90"/></canvas><canvas name="1" width="225" height="183"><vector name="origin" x="147" y="184"/><vector name="lt" x="-85" y="-134"/><vector name="rb" x="65" y="-15"/><vector name="head" x="-5" y="-118"/><int name="delay" value="90"/></canvas><canvas name="2" width="225" height="189"><vector name="origin" x="147" y="187"/><vector name="lt" x="-85" y="-134"/><vector name="rb" x="64" y="-15"/><vector name="head" x="-6" y="-117"/><int name="delay" value="90"/></canvas><canvas name="3" width="214" height="172"><vector name="origin" x="135" y="171"/><vector name="lt" x="-85" y="-134"/><vector name="rb" x="64" y="-14"/><vector name="head" x="-5" y="-117"/><int name="delay" value="90"/></canvas><canvas name="4" width="210" height="170"><vector name="origin" x="131" y="168"/><vector name="lt" x="-85" y="-134"/><vector name="rb" x="65" y="-16"/><vector name="head" x="-4" y="-117"/><int name="delay" value="90"/></canvas><canvas name="5" width="205" height="172"><vector name="origin" x="124" y="168"/><vector name="lt" x="-85" y="-134"/><vector name="rb" x="66" y="-10"/><vector name="head" x="-3" y="-116"/><int name="delay" value="90"/></canvas><uol name="6" value="../stand/0"/><uol name="7" value="../stand/1"/><uol name="8" value="../stand/2"/><uol name="9" value="../stand/3"/><uol name="10" value="../stand/4"/><uol name="11" value="../stand/5"/><uol name="12" value="../stand/0"/><uol name="13" value="../stand/1"/><uol name="14" value="../stand/2"/><uol name="15" value="../stand/3"/><uol name="16" value="../stand/4"/><uol name="17" value="../stand/5"/></imgdir><imgdir name="hit1"><canvas name="0" width="173" height="178"><vector name="origin" x="92" y="176"/><vector name="lt" x="-85" y="-134"/><vector name="rb" x="64" y="-14"/><vector name="head" x="-4" y="-119"/><int name="delay" value="600"/></canvas></imgdir><imgdir name="die1"><canvas name="0" width="170" height="174"><vector name="origin" x="90" y="173"/><vector name="head" x="-4" y="-118"/><int name="delay" value="100"/></canvas><canvas name="1" width="166" height="159"><vector name="origin" x="91" y="173"/><vector name="head" x="-5" y="-117"/><int name="delay" value="100"/></canvas><canvas name="2" width="158" height="147"><vector name="origin" x="89" y="168"/><vector name="head" x="-6" y="-115"/><int name="delay" value="100"/></canvas><canvas name="3" width="146" height="134"><vector name="origin" x="85" y="157"/><vector name="head" x="-5" y="-113"/><int name="delay" value="100"/></canvas><canvas name="4" width="146" height="117"><vector name="origin" x="84" y="149"/><vector name="head" x="-4" y="-109"/><int name="delay" value="100"/></canvas><canvas name="5" width="144" height="149"><vector name="origin" x="83" y="150"/><vector name="head" x="-3" y="-109"/><int name="delay" value="300"/><int name="a0" value="255"/><int name="a1" value="0"/></canvas></imgdir></imgdir>