<?xml version="1.0" encoding="UTF-8" standalone="yes"?><imgdir name="8110300.img"><imgdir name="info"><int name="bodyAttack" value="1"/><int name="level" value="80"/><int name="maxHP" value="27000"/><int name="maxMP" value="300"/><int name="speed" value="-10"/><int name="PADamage" value="350"/><int name="PDDamage" value="650"/><int name="MADamage" value="410"/><int name="MDDamage" value="450"/><int name="acc" value="140"/><int name="eva" value="28"/><int name="exp" value="850"/><int name="undead" value="0"/><int name="pushed" value="2800"/><float name="fs" value="10.0"/><int name="summonType" value="1"/><int name="mobType" value="8"/></imgdir><imgdir name="move"><canvas name="0" width="109" height="114"><vector name="origin" x="55" y="116"/><vector name="lt" x="-55" y="-116"/><vector name="rb" x="54" y="-2"/><vector name="head" x="0" y="-116"/><int name="delay" value="120"/></canvas><canvas name="1" width="109" height="114"><vector name="origin" x="55" y="118"/><vector name="lt" x="-55" y="-119"/><vector name="rb" x="54" y="-4"/><vector name="head" x="0" y="-118"/><int name="delay" value="120"/></canvas><canvas name="2" width="109" height="116"><vector name="origin" x="55" y="120"/><vector name="lt" x="-55" y="-121"/><vector name="rb" x="53" y="-4"/><vector name="head" x="0" y="-121"/><int name="delay" value="120"/></canvas><canvas name="3" width="109" height="116"><vector name="origin" x="55" y="117"/><vector name="lt" x="-56" y="-117"/><vector name="rb" x="54" y="-1"/><vector name="head" x="0" y="-117"/><int name="delay" value="120"/></canvas><canvas name="4" width="109" height="113"><vector name="origin" x="55" y="113"/><vector name="lt" x="-55" y="-113"/><vector name="rb" x="54" y="0"/><vector name="head" x="0" y="-113"/><int name="delay" value="120"/></canvas><canvas name="5" width="109" height="113"><vector name="origin" x="55" y="111"/><vector name="lt" x="-56" y="-112"/><vector name="rb" x="54" y="2"/><vector name="head" x="-2" y="-111"/><int name="delay" value="120"/></canvas></imgdir><imgdir name="stand"><canvas name="0" width="109" height="114"><vector name="origin" x="55" y="116"/><vector name="lt" x="-56" y="-116"/><vector name="rb" x="55" y="-2"/><vector name="head" x="0" y="-116"/><int name="delay" value="120"/></canvas><canvas name="1" width="108" height="114"><vector name="origin" x="55" y="118"/><vector name="lt" x="-55" y="-117"/><vector name="rb" x="52" y="-4"/><vector name="head" x="0" y="-119"/><int name="delay" value="120"/></canvas><canvas name="2" width="109" height="116"><vector name="origin" x="55" y="120"/><vector name="lt" x="-55" y="-120"/><vector name="rb" x="54" y="-4"/><vector name="head" x="0" y="-120"/><int name="delay" value="120"/></canvas><canvas name="3" width="109" height="116"><vector name="origin" x="54" y="119"/><vector name="lt" x="-54" y="-119"/><vector name="rb" x="55" y="-3"/><vector name="head" x="-1" y="-120"/><int name="delay" value="120"/></canvas><canvas name="4" width="109" height="113"><vector name="origin" x="54" y="114"/><vector name="lt" x="-55" y="-115"/><vector name="rb" x="56" y="-1"/><vector name="head" x="-2" y="-114"/><int name="delay" value="120"/></canvas><canvas name="5" width="109" height="113"><vector name="origin" x="55" y="113"/><vector name="lt" x="-55" y="-114"/><vector name="rb" x="54" y="0"/><vector name="head" x="-2" y="-113"/><int name="delay" value="120"/></canvas></imgdir><imgdir name="attack1"><imgdir name="info"><imgdir name="range"><vector name="lt" x="-144" y="-84"/><vector name="rb" x="49" y="27"/></imgdir><imgdir name="hit"><canvas name="0" width="139" height="101"><vector name="origin" x="71" y="94"/><int name="delay" value="90"/></canvas><canvas name="1" width="141" height="104"><vector name="origin" x="72" y="97"/><int name="delay" value="90"/></canvas><canvas name="2" width="131" height="99"><vector name="origin" x="67" y="96"/><int name="delay" value="90"/></canvas><canvas name="3" width="125" height="96"><vector name="origin" x="64" y="94"/><int name="delay" value="90"/></canvas><canvas name="4" width="131" height="92"><vector name="origin" x="67" y="92"/><int name="delay" value="90"/></canvas><canvas name="5" width="129" height="87"><vector name="origin" x="66" y="91"/><int name="delay" value="90"/></canvas><int name="attach" value="1"/></imgdir><int name="type" value="0"/><int name="conMP" value="1"/><int name="attackAfter" value="600"/><int name="PADamage" value="125"/><int name="mpBurn" value="400"/></imgdir><canvas name="0" width="119" height="125"><vector name="origin" x="60" y="122"/><vector name="lt" x="-60" y="-122"/><vector name="rb" x="59" y="6"/><vector name="head" x="-3" y="-122"/><int name="delay" value="120"/></canvas><canvas name="1" width="123" height="129"><vector name="origin" x="62" y="126"/><vector name="lt" x="-63" y="-127"/><vector name="rb" x="61" y="3"/><vector name="head" x="-3" y="-126"/><int name="delay" value="120"/></canvas><canvas name="2" width="129" height="129"><vector name="origin" x="66" y="126"/><vector name="lt" x="-66" y="-127"/><vector name="rb" x="63" y="4"/><vector name="head" x="-5" y="-126"/><int name="delay" value="120"/></canvas><canvas name="3" width="125" height="137"><vector name="origin" x="63" y="135"/><vector name="lt" x="-64" y="-136"/><vector name="rb" x="62" y="3"/><vector name="head" x="-5" y="-135"/><int name="delay" value="120"/></canvas><canvas name="4" width="129" height="142"><vector name="origin" x="66" y="141"/><vector name="lt" x="-66" y="-141"/><vector name="rb" x="63" y="1"/><vector name="head" x="-4" y="-141"/><int name="delay" value="120"/></canvas><canvas name="5" width="125" height="149"><vector name="origin" x="63" y="149"/><vector name="lt" x="-64" y="-150"/><vector name="rb" x="62" y="0"/><vector name="head" x="-6" y="-149"/><int name="delay" value="120"/></canvas><canvas name="6" width="129" height="153"><vector name="origin" x="66" y="154"/><vector name="lt" x="-67" y="-154"/><vector name="rb" x="62" y="-1"/><vector name="head" x="-4" y="-154"/><int name="delay" value="120"/></canvas><canvas name="7" width="123" height="144"><vector name="origin" x="62" y="147"/><vector name="lt" x="-63" y="-149"/><vector name="rb" x="60" y="-3"/><vector name="head" x="-5" y="-148"/><int name="delay" value="120"/></canvas><canvas name="8" width="123" height="137"><vector name="origin" x="63" y="140"/><vector name="lt" x="-63" y="-130"/><vector name="rb" x="60" y="-3"/><vector name="head" x="-3" y="-132"/><int name="delay" value="120"/></canvas><canvas name="9" width="111" height="131"><vector name="origin" x="56" y="130"/><vector name="lt" x="-56" y="-127"/><vector name="rb" x="55" y="0"/><vector name="head" x="-3" y="-126"/><int name="delay" value="120"/></canvas><canvas name="10" width="108" height="129"><vector name="origin" x="54" y="126"/><vector name="lt" x="-55" y="-118"/><vector name="rb" x="54" y="2"/><vector name="head" x="-5" y="-120"/><int name="delay" value="120"/></canvas><canvas name="11" width="109" height="113"><vector name="origin" x="55" y="112"/><vector name="lt" x="-55" y="-112"/><vector name="rb" x="54" y="0"/><vector name="head" x="-4" y="-112"/><int name="delay" value="120"/></canvas><uol name="12" value="../stand/0"/><uol name="13" value="../stand/1"/><uol name="14" value="../stand/2"/><uol name="15" value="../stand/3"/><uol name="16" value="../stand/4"/><uol name="17" value="../stand/5"/></imgdir><imgdir name="attack2"><imgdir name="info"><imgdir name="range"><vector name="lt" x="-144" y="-84"/><vector name="rb" x="49" y="27"/></imgdir><imgdir name="hit"><canvas name="0" width="139" height="101"><vector name="origin" x="70" y="100"/><int name="delay" value="90"/></canvas><canvas name="1" width="141" height="104"><vector name="origin" x="71" y="103"/><int name="delay" value="90"/></canvas><canvas name="2" width="129" height="102"><vector name="origin" x="65" y="101"/><int name="delay" value="90"/></canvas><canvas name="3" width="121" height="98"><vector name="origin" x="61" y="97"/><int name="delay" value="90"/></canvas><canvas name="4" width="94" height="89"><vector name="origin" x="47" y="88"/><int name="delay" value="90"/></canvas><canvas name="5" width="92" height="87"><vector name="origin" x="46" y="86"/><int name="delay" value="90"/></canvas><canvas name="6" width="90" height="85"><vector name="origin" x="45" y="85"/><int name="delay" value="90"/></canvas><canvas name="7" width="86" height="79"><vector name="origin" x="43" y="82"/><int name="delay" value="90"/></canvas><int name="attach" value="1"/></imgdir><int name="type" value="0"/><int name="conMP" value="1"/><int name="attackAfter" value="600"/><int name="PADamage" value="125"/></imgdir><canvas name="0" width="129" height="123"><vector name="origin" x="64" y="121"/><vector name="lt" x="-64" y="-122"/><vector name="rb" x="65" y="3"/><vector name="head" x="-3" y="-122"/><int name="delay" value="120"/></canvas><canvas name="1" width="143" height="127"><vector name="origin" x="71" y="125"/><vector name="lt" x="-63" y="-119"/><vector name="rb" x="63" y="1"/><vector name="head" x="-3" y="-123"/><int name="delay" value="120"/></canvas><canvas name="2" width="171" height="122"><vector name="origin" x="85" y="119"/><vector name="lt" x="-64" y="-115"/><vector name="rb" x="59" y="2"/><vector name="head" x="-5" y="-116"/><int name="delay" value="120"/></canvas><canvas name="3" width="175" height="134"><vector name="origin" x="87" y="132"/><vector name="lt" x="-58" y="-128"/><vector name="rb" x="58" y="1"/><vector name="head" x="-5" y="-128"/><int name="delay" value="120"/></canvas><canvas name="4" width="189" height="126"><vector name="origin" x="94" y="125"/><vector name="lt" x="-64" y="-120"/><vector name="rb" x="58" y="1"/><vector name="head" x="-4" y="-121"/><int name="delay" value="120"/></canvas><canvas name="5" width="189" height="138"><vector name="origin" x="94" y="138"/><vector name="lt" x="-57" y="-130"/><vector name="rb" x="63" y="0"/><vector name="head" x="-4" y="-132"/><int name="delay" value="120"/></canvas><canvas name="6" width="179" height="130"><vector name="origin" x="89" y="131"/><vector name="lt" x="-64" y="-127"/><vector name="rb" x="57" y="-2"/><vector name="head" x="-4" y="-129"/><int name="delay" value="120"/></canvas><canvas name="7" width="177" height="127"><vector name="origin" x="88" y="130"/><vector name="lt" x="-57" y="-125"/><vector name="rb" x="60" y="-3"/><vector name="head" x="-3" y="-127"/><int name="delay" value="120"/></canvas><canvas name="8" width="168" height="115"><vector name="origin" x="84" y="115"/><vector name="lt" x="-65" y="-112"/><vector name="rb" x="58" y="0"/><vector name="head" x="-3" y="-111"/><int name="delay" value="120"/></canvas><canvas name="9" width="131" height="124"><vector name="origin" x="66" y="122"/><vector name="lt" x="-57" y="-116"/><vector name="rb" x="58" y="2"/><vector name="head" x="-3" y="-117"/><int name="delay" value="120"/></canvas><canvas name="10" width="112" height="120"><vector name="origin" x="56" y="119"/><vector name="lt" x="-56" y="-117"/><vector name="rb" x="55" y="0"/><vector name="head" x="-5" y="-118"/><int name="delay" value="120"/></canvas></imgdir><imgdir name="hit1"><canvas name="0" width="121" height="144"><vector name="origin" x="59" y="151"/><vector name="lt" x="-56" y="-146"/><vector name="rb" x="62" y="-8"/><vector name="head" x="-2" y="-148"/><int name="delay" value="600"/></canvas></imgdir><imgdir name="die1"><canvas name="0" width="111" height="144"><vector name="origin" x="49" y="151"/><vector name="head" x="0" y="-148"/><int name="delay" value="120"/></canvas><canvas name="1" width="114" height="145"><vector name="origin" x="52" y="151"/><vector name="head" x="1" y="-151"/><int name="delay" value="120"/></canvas><canvas name="2" width="117" height="141"><vector name="origin" x="53" y="146"/><vector name="head" x="6" y="-147"/><int name="delay" value="120"/></canvas><canvas name="3" width="106" height="151"><vector name="origin" x="43" y="155"/><vector name="head" x="9" y="-155"/><int name="delay" value="120"/></canvas><canvas name="4" width="112" height="145"><vector name="origin" x="46" y="148"/><vector name="head" x="8" y="-148"/><int name="delay" value="120"/></canvas><canvas name="5" width="106" height="90"><vector name="origin" x="40" y="159"/><vector name="head" x="9" y="-159"/><int name="delay" value="120"/></canvas><canvas name="6" width="112" height="81"><vector name="origin" x="46" y="148"/><vector name="head" x="13" y="-149"/><int name="delay" value="180"/><int name="a0" value="255"/><int name="a1" value="0"/></canvas></imgdir></imgdir>