<?xml version="1.0" encoding="UTF-8" standalone="yes"?><imgdir name="8144004.img"><imgdir name="info"><imgdir name="attack"><imgdir name="0"><int name="action" value="1"/><int name="attackRatio" value="100"/><int name="type" value="0"/></imgdir></imgdir><int name="bodyAttack" value="1"/><int name="maxHP" value="12000000"/><int name="maxMP" value="4000"/><int name="speed" value="-10"/><int name="PDRate" value="10"/><int name="MDRate" value="10"/><int name="pushed" value="1800"/><float name="fs" value="10.0"/><int name="summonType" value="1"/><int name="category" value="6"/><string name="mobType" value="1N"/><int name="level" value="200"/><int name="eva" value="55"/><int name="acc" value="280"/><int name="MADamage" value="1115"/><int name="MDDamage" value="900"/><int name="PADamage" value="1050"/><int name="PDDamage" value="700"/><int name="exp" value="250000"/></imgdir><imgdir name="stand"><canvas name="0" width="96" height="101"><vector name="origin" x="54" y="101"/><vector name="lt" x="-55" y="-101"/><vector name="rb" x="42" y="0"/><vector name="head" x="-7" y="-41"/><int name="delay" value="180"/></canvas><canvas name="1" width="97" height="100"><vector name="origin" x="55" y="100"/><vector name="lt" x="-55" y="-100"/><vector name="rb" x="42" y="0"/><vector name="head" x="-7" y="-40"/><int name="delay" value="180"/></canvas><canvas name="2" width="98" height="99"><vector name="origin" x="56" y="99"/><vector name="lt" x="-56" y="-99"/><vector name="rb" x="42" y="0"/><vector name="head" x="-7" y="-40"/><int name="delay" value="180"/></canvas><canvas name="3" width="97" height="100"><vector name="origin" x="55" y="100"/><vector name="lt" x="-55" y="-100"/><vector name="rb" x="42" y="0"/><vector name="head" x="-7" y="-40"/><int name="delay" value="180"/></canvas></imgdir><imgdir name="move"><canvas name="0" width="94" height="101"><vector name="origin" x="53" y="101"/><vector name="lt" x="-53" y="-101"/><vector name="rb" x="42" y="0"/><vector name="head" x="-2" y="-41"/><int name="delay" value="150"/></canvas><canvas name="1" width="96" height="100"><vector name="origin" x="54" y="100"/><vector name="lt" x="-53" y="-100"/><vector name="rb" x="43" y="0"/><vector name="head" x="-1" y="-40"/><int name="delay" value="150"/></canvas><canvas name="2" width="98" height="101"><vector name="origin" x="55" y="101"/><vector name="lt" x="-54" y="-101"/><vector name="rb" x="44" y="0"/><vector name="head" x="-32" y="-40"/><int name="delay" value="150"/></canvas><canvas name="3" width="96" height="100"><vector name="origin" x="54" y="100"/><vector name="lt" x="-53" y="-100"/><vector name="rb" x="43" y="0"/><vector name="head" x="-1" y="-39"/><int name="delay" value="150"/></canvas></imgdir><imgdir name="attack1"><imgdir name="info"><imgdir name="range"><vector name="lt" x="-120" y="-101"/><vector name="rb" x="-45" y="0"/></imgdir><imgdir name="hit"><canvas name="0" width="78" height="80"><vector name="origin" x="41" y="40"/><int name="z" value="0"/></canvas><canvas name="1" width="15" height="126"><vector name="origin" x="7" y="63"/><int name="z" value="0"/></canvas></imgdir><int name="attackAfter" value="900"/></imgdir><canvas name="0" width="96" height="101"><vector name="origin" x="54" y="101"/><vector name="lt" x="-52" y="-103"/><vector name="rb" x="42" y="0"/><vector name="head" x="-7" y="-39"/><int name="delay" value="150"/></canvas><canvas name="1" width="120" height="98"><vector name="origin" x="74" y="98"/><vector name="lt" x="-74" y="-99"/><vector name="rb" x="46" y="0"/><vector name="head" x="-24" y="-44"/><int name="delay" value="150"/></canvas><canvas name="2" width="115" height="98"><vector name="origin" x="78" y="98"/><vector name="lt" x="-78" y="-98"/><vector name="rb" x="37" y="0"/><vector name="head" x="-25" y="-36"/><int name="delay" value="150"/></canvas><canvas name="3" width="94" height="98"><vector name="origin" x="66" y="98"/><vector name="lt" x="-66" y="-99"/><vector name="rb" x="28" y="0"/><vector name="head" x="-26" y="-38"/><int name="delay" value="150"/></canvas><canvas name="4" width="84" height="99"><vector name="origin" x="51" y="99"/><vector name="lt" x="-51" y="-100"/><vector name="rb" x="33" y="0"/><vector name="head" x="-20" y="-37"/><int name="delay" value="150"/></canvas><canvas name="5" width="109" height="99"><vector name="origin" x="76" y="99"/><vector name="lt" x="-76" y="-99"/><vector name="rb" x="33" y="0"/><vector name="head" x="-20" y="-37"/><int name="delay" value="150"/></canvas><canvas name="6" width="130" height="101"><vector name="origin" x="105" y="98"/><vector name="lt" x="-105" y="-98"/><vector name="rb" x="25" y="3"/><vector name="head" x="-29" y="-36"/><int name="delay" value="150"/></canvas><canvas name="7" width="118" height="100"><vector name="origin" x="96" y="98"/><vector name="lt" x="-96" y="-98"/><vector name="rb" x="22" y="2"/><vector name="head" x="-28" y="-36"/><int name="delay" value="150"/></canvas><canvas name="8" width="110" height="99"><vector name="origin" x="88" y="98"/><vector name="lt" x="-88" y="-98"/><vector name="rb" x="22" y="1"/><vector name="head" x="-29" y="-36"/><int name="delay" value="150"/></canvas><canvas name="9" width="100" height="98"><vector name="origin" x="78" y="98"/><vector name="lt" x="-78" y="-98"/><vector name="rb" x="22" y="0"/><vector name="head" x="-28" y="-36"/><int name="delay" value="150"/></canvas><uol name="10" value="../stand/0"/><uol name="11" value="../stand/1"/><uol name="12" value="../stand/2"/><uol name="13" value="../stand/3"/></imgdir><imgdir name="hit1"><canvas name="0" width="113" height="104"><vector name="origin" x="53" y="107"/><vector name="lt" x="-54" y="-107"/><vector name="rb" x="60" y="-3"/><vector name="head" x="5" y="-50"/><int name="delay" value="600"/></canvas></imgdir><imgdir name="die1"><canvas name="0" width="116" height="104"><vector name="origin" x="56" y="107"/><vector name="head" x="2" y="-46"/><int name="delay" value="120"/></canvas><canvas name="1" width="109" height="99"><vector name="origin" x="54" y="104"/><vector name="head" x="4" y="-43"/><int name="delay" value="120"/></canvas><canvas name="2" width="119" height="98"><vector name="origin" x="63" y="101"/><vector name="head" x="9" y="-40"/><int name="delay" value="120"/></canvas><canvas name="3" width="104" height="98"><vector name="origin" x="47" y="95"/><vector name="head" x="9" y="-39"/><int name="delay" value="120"/></canvas><canvas name="4" width="114" height="89"><vector name="origin" x="49" y="84"/><vector name="head" x="10" y="-30"/><int name="delay" value="120"/></canvas><canvas name="5" width="113" height="84"><vector name="origin" x="50" y="80"/><vector name="head" x="11" y="-31"/><int name="delay" value="120"/></canvas><canvas name="6" width="108" height="80"><vector name="origin" x="45" y="77"/><vector name="head" x="11" y="-30"/><int name="delay" value="120"/></canvas><canvas name="7" width="110" height="80"><vector name="origin" x="42" y="77"/><vector name="head" x="11" y="-31"/><int name="delay" value="120"/></canvas><canvas name="8" width="115" height="75"><vector name="origin" x="45" y="75"/><vector name="head" x="12" y="-31"/><int name="delay" value="120"/><int name="a0" value="255"/><int name="a1" value="0"/></canvas></imgdir></imgdir>