<?xml version="1.0" encoding="UTF-8" standalone="yes"?><imgdir name="8144000.img"><imgdir name="info"><imgdir name="attack"><imgdir name="0"><int name="action" value="1"/><int name="attackRatio" value="100"/><int name="type" value="0"/></imgdir></imgdir><int name="bodyAttack" value="1"/><int name="maxHP" value="10000000"/><int name="maxMP" value="3000"/><int name="speed" value="-10"/><int name="PADamage" value="1050"/><int name="PDDamage" value="700"/><int name="PDRate" value="10"/><int name="MADamage" value="1115"/><int name="MDDamage" value="900"/><int name="MDRate" value="10"/><int name="acc" value="280"/><int name="eva" value="55"/><int name="pushed" value="1600"/><float name="fs" value="10.0"/><int name="exp" value="250000"/><int name="summonType" value="1"/><int name="category" value="1"/><string name="mobType" value="1N"/><int name="level" value="200"/></imgdir><imgdir name="stand"><canvas name="0" width="81" height="74"><vector name="origin" x="29" y="74"/><vector name="lt" x="-29" y="-74"/><vector name="rb" x="52" y="0"/><vector name="head" x="-7" y="-41"/><int name="delay" value="180"/></canvas><canvas name="1" width="82" height="73"><vector name="origin" x="29" y="73"/><vector name="lt" x="-30" y="-73"/><vector name="rb" x="53" y="0"/><vector name="head" x="-7" y="-40"/><int name="delay" value="180"/></canvas><canvas name="2" width="80" height="71"><vector name="origin" x="29" y="71"/><vector name="lt" x="-29" y="-71"/><vector name="rb" x="51" y="0"/><vector name="head" x="-7" y="-40"/><int name="delay" value="180"/></canvas><canvas name="3" width="82" height="73"><vector name="origin" x="29" y="73"/><vector name="lt" x="-29" y="-73"/><vector name="rb" x="53" y="0"/><vector name="head" x="-7" y="-40"/><int name="delay" value="180"/></canvas></imgdir><imgdir name="move"><canvas name="0" width="94" height="75"><vector name="origin" x="51" y="79"/><vector name="lt" x="-51" y="-79"/><vector name="rb" x="43" y="-4"/><vector name="head" x="-28" y="-44"/><int name="delay" value="90"/></canvas><canvas name="1" width="88" height="69"><vector name="origin" x="47" y="68"/><vector name="lt" x="-48" y="-68"/><vector name="rb" x="41" y="1"/><vector name="head" x="-24" y="-38"/><int name="delay" value="90"/></canvas><canvas name="2" width="98" height="70"><vector name="origin" x="48" y="72"/><vector name="lt" x="-48" y="-72"/><vector name="rb" x="50" y="-2"/><vector name="head" x="-25" y="-42"/><int name="delay" value="90"/></canvas></imgdir><imgdir name="attack1"><imgdir name="info"><imgdir name="range"><vector name="lt" x="-200" y="-100"/><vector name="rb" x="30" y="15"/></imgdir><imgdir name="hit"><canvas name="0" width="120" height="69"><vector name="origin" x="31" y="31"/><int name="z" value="0"/><string name="delay" value="120"/></canvas><canvas name="1" width="100" height="85"><vector name="origin" x="44" y="41"/><int name="z" value="0"/><string name="delay" value="120"/></canvas><canvas name="2" width="119" height="33"><vector name="origin" x="40" y="11"/><int name="z" value="0"/><string name="delay" value="120"/></canvas><canvas name="3" width="100" height="18"><vector name="origin" x="19" y="4"/><int name="z" value="0"/><string name="delay" value="120"/></canvas></imgdir><int name="attackAfter" value="360"/></imgdir><canvas name="0" width="85" height="77"><vector name="origin" x="31" y="75"/><vector name="lt" x="-31" y="-75"/><vector name="rb" x="54" y="2"/><vector name="head" x="-7" y="-41"/><int name="delay" value="120"/></canvas><canvas name="1" width="88" height="80"><vector name="origin" x="33" y="76"/><vector name="lt" x="-33" y="-76"/><vector name="rb" x="55" y="4"/><vector name="head" x="-7" y="-41"/><int name="delay" value="120"/></canvas><canvas name="2" width="175" height="114"><vector name="origin" x="98" y="109"/><vector name="lt" x="-64" y="-80"/><vector name="rb" x="48" y="1"/><vector name="head" x="-27" y="-45"/><int name="delay" value="120"/></canvas><canvas name="3" width="237" height="106"><vector name="origin" x="156" y="106"/><vector name="lt" x="-160" y="-69"/><vector name="rb" x="-32" y="0"/><vector name="head" x="-107" y="-33"/><int name="delay" value="120"/></canvas><canvas name="4" width="282" height="100"><vector name="origin" x="201" y="99"/><vector name="lt" x="-200" y="-80"/><vector name="rb" x="-84" y="0"/><vector name="head" x="-128" y="-38"/><int name="delay" value="120"/></canvas><canvas name="5" width="297" height="82"><vector name="origin" x="204" y="80"/><vector name="lt" x="-79" y="-59"/><vector name="rb" x="1" y="0"/><vector name="head" x="-40" y="-32"/><int name="delay" value="120"/></canvas><canvas name="6" width="137" height="71"><vector name="origin" x="81" y="71"/><vector name="lt" x="-65" y="-64"/><vector name="rb" x="55" y="0"/><vector name="head" x="-18" y="-39"/><int name="delay" value="120"/></canvas><canvas name="7" width="84" height="67"><vector name="origin" x="34" y="67"/><vector name="lt" x="-34" y="-67"/><vector name="rb" x="50" y="0"/><vector name="head" x="-13" y="-36"/><int name="delay" value="120"/></canvas><canvas name="8" width="81" height="73"><vector name="origin" x="29" y="73"/><vector name="lt" x="-29" y="-73"/><vector name="rb" x="51" y="0"/><vector name="head" x="-7" y="-40"/><int name="delay" value="90"/></canvas><canvas name="9" width="81" height="73"><vector name="origin" x="29" y="73"/><vector name="lt" x="-29" y="-73"/><vector name="rb" x="52" y="0"/><vector name="head" x="-6" y="-39"/><int name="delay" value="120"/></canvas><uol name="10" value="../stand/0"/><uol name="11" value="../stand/1"/><uol name="12" value="../stand/2"/><uol name="13" value="../stand/3"/><uol name="14" value="../stand/0"/><uol name="15" value="../stand/1"/><uol name="16" value="../stand/2"/><uol name="17" value="../stand/3"/></imgdir><imgdir name="hit1"><canvas name="0" width="76" height="80"><vector name="origin" x="30" y="81"/><vector name="lt" x="-30" y="-81"/><vector name="rb" x="46" y="-1"/><vector name="head" x="1" y="-45"/><int name="delay" value="600"/></canvas></imgdir><imgdir name="die1"><canvas name="0" width="76" height="80"><vector name="origin" x="30" y="81"/><vector name="head" x="2" y="-46"/><int name="delay" value="240"/></canvas><canvas name="1" width="75" height="63"><vector name="origin" x="18" y="66"/><vector name="head" x="4" y="-43"/><int name="delay" value="120"/></canvas><canvas name="2" width="81" height="62"><vector name="origin" x="13" y="63"/><vector name="head" x="9" y="-40"/><int name="delay" value="120"/></canvas><canvas name="3" width="81" height="67"><vector name="origin" x="12" y="62"/><vector name="head" x="10" y="-39"/><int name="delay" value="120"/></canvas><canvas name="4" width="81" height="62"><vector name="origin" x="11" y="61"/><vector name="head" x="10" y="-39"/><int name="delay" value="120"/></canvas><canvas name="5" width="81" height="61"><vector name="origin" x="10" y="59"/><vector name="head" x="12" y="-37"/><int name="delay" value="120"/><int name="a0" value="255"/><int name="a1" value="0"/></canvas></imgdir></imgdir>