<?xml version="1.0" encoding="UTF-8" standalone="yes"?><imgdir name="8144002.img"><imgdir name="info"><int name="bodyAttack" value="1"/><int name="maxHP" value="11000000"/><int name="maxMP" value="3000"/><int name="PDRate" value="10"/><int name="MDRate" value="10"/><int name="pushed" value="1600"/><float name="fs" value="10.0"/><int name="summonType" value="1"/><int name="category" value="1"/><string name="mobType" value="1N"/><int name="level" value="200"/><int name="eva" value="55"/><int name="acc" value="280"/><int name="MADamage" value="1115"/><int name="MDDamage" value="900"/><int name="PADamage" value="1050"/><int name="PDDamage" value="700"/><int name="exp" value="250000"/></imgdir><imgdir name="stand"><canvas name="0" width="54" height="42"><vector name="origin" x="23" y="42"/><vector name="lt" x="-23" y="-42"/><vector name="rb" x="31" y="0"/><vector name="head" x="-1" y="-20"/><int name="delay" value="90"/></canvas><canvas name="1" width="54" height="42"><vector name="origin" x="23" y="42"/><vector name="lt" x="-23" y="-42"/><vector name="rb" x="31" y="0"/><vector name="head" x="-1" y="-20"/><int name="delay" value="90"/></canvas><uol name="2" value="0"/><uol name="3" value="1"/><uol name="4" value="0"/><uol name="5" value="1"/><uol name="6" value="0"/><uol name="7" value="1"/><canvas name="8" width="54" height="42"><vector name="origin" x="23" y="42"/><vector name="lt" x="-23" y="-42"/><vector name="rb" x="31" y="0"/><vector name="head" x="-1" y="-20"/><int name="delay" value="600"/></canvas></imgdir><imgdir name="move"><canvas name="0" width="53" height="42"><vector name="origin" x="23" y="42"/><vector name="lt" x="-23" y="-42"/><vector name="rb" x="30" y="0"/><vector name="head" x="-1" y="-20"/><int name="delay" value="150"/></canvas><canvas name="1" width="54" height="41"><vector name="origin" x="23" y="43"/><vector name="lt" x="-23" y="-43"/><vector name="rb" x="31" y="-2"/><vector name="head" x="-1" y="-21"/><int name="delay" value="150"/></canvas><canvas name="2" width="56" height="42"><vector name="origin" x="23" y="44"/><vector name="lt" x="-23" y="-44"/><vector name="rb" x="33" y="-2"/><vector name="head" x="-1" y="-22"/><int name="delay" value="150"/></canvas></imgdir><imgdir name="hit1"><canvas name="0" width="58" height="43"><vector name="origin" x="18" y="47"/><vector name="lt" x="-18" y="-47"/><vector name="rb" x="40" y="-4"/><vector name="head" x="6" y="-25"/><int name="delay" value="600"/></canvas></imgdir><imgdir name="die1"><canvas name="0" width="54" height="42"><vector name="origin" x="23" y="42"/><vector name="head" x="0" y="-20"/><int name="delay" value="750"/><int name="a0" value="255"/><int name="a1" value="0"/></canvas></imgdir><imgdir name="attack1"><imgdir name="info"><imgdir name="range"><vector name="sp" x="-25" y="-17"/><int name="r" value="270"/></imgdir><imgdir name="ball"><canvas name="0" width="33" height="20"><vector name="origin" x="12" y="11"/><int name="z" value="0"/><int name="delay" value="60"/></canvas><canvas name="1" width="20" height="33"><vector name="origin" x="11" y="23"/><int name="z" value="0"/><int name="delay" value="60"/></canvas><canvas name="2" width="33" height="20"><vector name="origin" x="24" y="11"/><int name="z" value="0"/><int name="delay" value="60"/></canvas><canvas name="3" width="20" height="33"><vector name="origin" x="11" y="11"/><int name="z" value="0"/><int name="delay" value="60"/></canvas></imgdir><imgdir name="hit"><canvas name="0" width="134" height="127"><vector name="origin" x="61" y="65"/><int name="z" value="0"/><int name="delay" value="120"/></canvas><canvas name="1" width="132" height="123"><vector name="origin" x="60" y="64"/><int name="z" value="0"/><int name="delay" value="120"/></canvas><canvas name="2" width="124" height="109"><vector name="origin" x="58" y="57"/><int name="z" value="0"/><int name="delay" value="120"/></canvas><canvas name="3" width="105" height="79"><vector name="origin" x="68" y="43"/><int name="z" value="0"/><int name="delay" value="120"/></canvas><canvas name="4" width="71" height="68"><vector name="origin" x="39" y="37"/><int name="z" value="0"/><int name="delay" value="120"/></canvas><int name="attach" value="1"/></imgdir><int name="attackAfter" value="840"/></imgdir><canvas name="0" width="54" height="42"><vector name="origin" x="23" y="42"/><int name="z" value="0"/><int name="delay" value="120"/><vector name="lt" x="-23" y="-42"/><vector name="rb" x="31" y="0"/><vector name="head" x="-1" y="-20"/></canvas><canvas name="1" width="54" height="42"><vector name="origin" x="23" y="42"/><int name="z" value="0"/><int name="delay" value="120"/><vector name="lt" x="-23" y="-42"/><vector name="rb" x="31" y="0"/><vector name="head" x="-1" y="-20"/></canvas><canvas name="2" width="54" height="42"><vector name="origin" x="23" y="42"/><int name="z" value="0"/><int name="delay" value="120"/><vector name="lt" x="-23" y="-42"/><vector name="rb" x="31" y="0"/><vector name="head" x="-1" y="-20"/></canvas><canvas name="3" width="54" height="42"><vector name="origin" x="23" y="42"/><int name="z" value="0"/><int name="delay" value="120"/><vector name="lt" x="-23" y="-42"/><vector name="rb" x="31" y="0"/><vector name="head" x="-1" y="-20"/></canvas><canvas name="4" width="62" height="41"><vector name="origin" x="23" y="41"/><int name="z" value="0"/><int name="delay" value="120"/><vector name="lt" x="-23" y="-42"/><vector name="rb" x="31" y="0"/><vector name="head" x="-1" y="-20"/></canvas><canvas name="5" width="62" height="40"><vector name="origin" x="23" y="40"/><int name="z" value="0"/><int name="delay" value="120"/><vector name="lt" x="-23" y="-42"/><vector name="rb" x="31" y="0"/><vector name="head" x="-1" y="-20"/></canvas><canvas name="6" width="67" height="50"><vector name="origin" x="25" y="59"/><int name="z" value="0"/><int name="delay" value="120"/><vector name="lt" x="-23" y="-42"/><vector name="rb" x="31" y="0"/><vector name="head" x="-1" y="-20"/></canvas><canvas name="7" width="65" height="43"><vector name="origin" x="23" y="51"/><int name="z" value="0"/><int name="delay" value="120"/><vector name="lt" x="-23" y="-42"/><vector name="rb" x="31" y="0"/><vector name="head" x="-1" y="-20"/></canvas><canvas name="8" width="54" height="40"><vector name="origin" x="23" y="40"/><int name="z" value="0"/><int name="delay" value="120"/><vector name="lt" x="-23" y="-42"/><vector name="rb" x="31" y="0"/><vector name="head" x="-1" y="-20"/></canvas><canvas name="9" width="54" height="42"><vector name="origin" x="23" y="42"/><vector name="lt" x="-23" y="-42"/><vector name="rb" x="31" y="0"/><vector name="head" x="-1" y="-20"/><int name="delay" value="120"/></canvas><canvas name="10" width="54" height="42"><vector name="origin" x="23" y="42"/><vector name="lt" x="-23" y="-42"/><vector name="rb" x="31" y="0"/><vector name="head" x="-1" y="-20"/><int name="delay" value="120"/></canvas><uol name="11" value="9"/><uol name="12" value="10"/></imgdir></imgdir>