<?xml version="1.0" encoding="UTF-8" standalone="yes"?><imgdir name="8144001.img"><imgdir name="info"><imgdir name="attack"><imgdir name="0"><int name="action" value="1"/><int name="attackRatio" value="100"/><int name="type" value="0"/></imgdir></imgdir><int name="bodyAttack" value="1"/><int name="maxHP" value="10500000"/><int name="maxMP" value="3000"/><int name="speed" value="-10"/><int name="PDRate" value="10"/><int name="MDRate" value="10"/><int name="pushed" value="1600"/><float name="fs" value="10.0"/><int name="summonType" value="1"/><int name="category" value="1"/><string name="mobType" value="1N"/><int name="level" value="200"/><int name="eva" value="55"/><int name="acc" value="280"/><int name="MADamage" value="1115"/><int name="MDDamage" value="900"/><int name="PADamage" value="1050"/><int name="PDDamage" value="700"/><int name="exp" value="250000"/></imgdir><imgdir name="stand"><canvas name="0" width="90" height="84"><vector name="origin" x="34" y="84"/><vector name="lt" x="-34" y="-84"/><vector name="rb" x="56" y="0"/><vector name="head" x="-14" y="-49"/><int name="delay" value="150"/></canvas><canvas name="1" width="77" height="83"><vector name="origin" x="34" y="83"/><vector name="lt" x="-34" y="-83"/><vector name="rb" x="43" y="0"/><vector name="head" x="-14" y="-48"/><int name="delay" value="150"/></canvas><canvas name="2" width="82" height="83"><vector name="origin" x="34" y="83"/><vector name="lt" x="-34" y="-83"/><vector name="rb" x="48" y="0"/><vector name="head" x="-14" y="-47"/><int name="delay" value="150"/></canvas><canvas name="3" width="82" height="83"><vector name="origin" x="34" y="83"/><vector name="lt" x="-34" y="-83"/><vector name="rb" x="48" y="0"/><vector name="head" x="-14" y="-47"/><int name="delay" value="150"/></canvas><canvas name="4" width="96" height="83"><vector name="origin" x="34" y="83"/><vector name="lt" x="-34" y="-83"/><vector name="rb" x="62" y="0"/><vector name="head" x="-14" y="-48"/><int name="delay" value="150"/></canvas><canvas name="5" width="96" height="83"><vector name="origin" x="34" y="83"/><vector name="lt" x="-34" y="-83"/><vector name="rb" x="62" y="0"/><vector name="head" x="-14" y="-48"/><int name="delay" value="150"/></canvas></imgdir><imgdir name="move"><canvas name="0" width="95" height="81"><vector name="origin" x="57" y="81"/><vector name="lt" x="-57" y="-81"/><vector name="rb" x="38" y="0"/><vector name="head" x="-37" y="-46"/><int name="delay" value="120"/></canvas><canvas name="1" width="92" height="82"><vector name="origin" x="56" y="82"/><vector name="lt" x="-56" y="-82"/><vector name="rb" x="36" y="0"/><vector name="head" x="-36" y="-46"/><int name="delay" value="120"/></canvas><canvas name="2" width="90" height="81"><vector name="origin" x="55" y="81"/><vector name="lt" x="-55" y="-81"/><vector name="rb" x="35" y="0"/><vector name="head" x="-35" y="-46"/><int name="delay" value="120"/></canvas><canvas name="3" width="87" height="83"><vector name="origin" x="54" y="83"/><vector name="lt" x="-54" y="-83"/><vector name="rb" x="33" y="0"/><vector name="head" x="-34" y="-49"/><int name="delay" value="120"/></canvas><canvas name="4" width="98" height="83"><vector name="origin" x="55" y="84"/><vector name="lt" x="-55" y="-84"/><vector name="rb" x="43" y="-1"/><vector name="head" x="-35" y="-49"/><int name="delay" value="120"/></canvas><canvas name="5" width="100" height="84"><vector name="origin" x="57" y="84"/><vector name="lt" x="-57" y="-84"/><vector name="rb" x="43" y="0"/><vector name="head" x="-37" y="-48"/><int name="delay" value="120"/></canvas></imgdir><imgdir name="attack1"><imgdir name="info"><imgdir name="range"><vector name="lt" x="-200" y="-80"/><vector name="rb" x="-15" y="0"/></imgdir><imgdir name="hit"><canvas name="0" width="65" height="50"><vector name="origin" x="1" y="34"/><int name="delay" value="120"/></canvas><canvas name="1" width="65" height="47"><vector name="origin" x="13" y="35"/><int name="delay" value="120"/></canvas><canvas name="2" width="66" height="45"><vector name="origin" x="14" y="37"/><int name="delay" value="120"/></canvas><canvas name="3" width="65" height="47"><vector name="origin" x="13" y="35"/><int name="delay" value="120"/></canvas></imgdir><int name="attackAfter" value="360"/></imgdir><canvas name="0" width="90" height="84"><vector name="origin" x="34" y="84"/><vector name="lt" x="-34" y="-84"/><vector name="rb" x="56" y="0"/><vector name="head" x="-14" y="-49"/><int name="delay" value="120"/></canvas><canvas name="1" width="109" height="84"><vector name="origin" x="53" y="84"/><vector name="lt" x="-53" y="-84"/><vector name="rb" x="56" y="0"/><vector name="head" x="-15" y="-49"/><int name="delay" value="120"/></canvas><canvas name="2" width="138" height="83"><vector name="origin" x="84" y="83"/><vector name="lt" x="-84" y="-83"/><vector name="rb" x="54" y="0"/><vector name="head" x="-14" y="-48"/><int name="delay" value="120"/></canvas><canvas name="3" width="88" height="83"><vector name="origin" x="34" y="83"/><vector name="lt" x="-34" y="-83"/><vector name="rb" x="54" y="0"/><vector name="head" x="-14" y="-48"/><int name="delay" value="120"/></canvas><canvas name="4" width="76" height="83"><vector name="origin" x="34" y="83"/><vector name="lt" x="-34" y="-83"/><vector name="rb" x="42" y="0"/><vector name="head" x="-14" y="-47"/><int name="delay" value="120"/></canvas><canvas name="5" width="76" height="83"><vector name="origin" x="34" y="83"/><vector name="lt" x="-34" y="-83"/><vector name="rb" x="42" y="0"/><vector name="head" x="-14" y="-47"/><int name="delay" value="120"/></canvas><canvas name="6" width="82" height="83"><vector name="origin" x="34" y="83"/><vector name="lt" x="-34" y="-83"/><vector name="rb" x="48" y="0"/><vector name="head" x="-15" y="-48"/><int name="delay" value="120"/></canvas><canvas name="7" width="122" height="83"><vector name="origin" x="74" y="83"/><vector name="lt" x="-74" y="-83"/><vector name="rb" x="48" y="0"/><vector name="head" x="-14" y="-48"/><int name="delay" value="120"/></canvas><canvas name="8" width="96" height="84"><vector name="origin" x="34" y="84"/><vector name="lt" x="-34" y="-84"/><vector name="rb" x="62" y="0"/><vector name="head" x="-14" y="-49"/><int name="delay" value="120"/></canvas><uol name="9" value="../stand/0"/><uol name="10" value="../stand/1"/><uol name="11" value="../stand/2"/><uol name="12" value="../stand/3"/><uol name="13" value="../stand/4"/><uol name="14" value="../stand/5"/><uol name="15" value="../stand/0"/><uol name="16" value="../stand/1"/><uol name="17" value="../stand/2"/><uol name="18" value="../stand/3"/><uol name="19" value="../stand/4"/><uol name="20" value="../stand/5"/></imgdir><imgdir name="hit1"><canvas name="0" width="102" height="86"><vector name="origin" x="34" y="86"/><vector name="lt" x="-34" y="-86"/><vector name="rb" x="68" y="0"/><vector name="head" x="-8" y="-48"/><int name="delay" value="600"/></canvas></imgdir><imgdir name="die1"><canvas name="0" width="98" height="76"><vector name="origin" x="51" y="76"/><vector name="head" x="-31" y="-41"/><int name="delay" value="120"/></canvas><canvas name="1" width="106" height="51"><vector name="origin" x="59" y="51"/><vector name="head" x="-39" y="-14"/><int name="delay" value="120"/></canvas><canvas name="2" width="111" height="51"><vector name="origin" x="59" y="51"/><vector name="head" x="-39" y="-15"/><int name="delay" value="120"/></canvas><canvas name="3" width="115" height="49"><vector name="origin" x="59" y="49"/><vector name="head" x="-39" y="-14"/><int name="delay" value="120"/></canvas><canvas name="4" width="115" height="49"><vector name="origin" x="59" y="49"/><vector name="head" x="-39" y="-14"/><int name="delay" value="120"/></canvas><canvas name="5" width="115" height="49"><vector name="origin" x="59" y="49"/><vector name="head" x="-40" y="-14"/><int name="delay" value="120"/></canvas><canvas name="6" width="115" height="49"><vector name="origin" x="59" y="49"/><vector name="head" x="-39" y="-14"/><int name="delay" value="120"/></canvas><canvas name="7" width="115" height="49"><vector name="origin" x="59" y="49"/><vector name="head" x="-39" y="-14"/><int name="delay" value="120"/></canvas><canvas name="8" width="38" height="27"><vector name="origin" x="-9" y="27"/><vector name="head" x="15" y="-18"/><int name="delay" value="120"/><int name="a0" value="255"/><int name="a1" value="0"/></canvas></imgdir></imgdir>