<?xml version="1.0" encoding="UTF-8" standalone="yes"?><imgdir name="8150302.img"><imgdir name="info"><int name="bodyAttack" value="1"/><int name="level" value="103"/><int name="maxHP" value="60000"/><int name="maxMP" value="250"/><int name="speed" value="-20"/><int name="PADamage" value="505"/><int name="PDDamage" value="900"/><int name="MADamage" value="540"/><int name="MDDamage" value="580"/><int name="acc" value="205"/><int name="eva" value="38"/><int name="exp" value="3150"/><int name="undead" value="0"/><int name="pushed" value="5000"/><int name="fs" value="10"/><int name="summonType" value="1"/><int name="mobType" value="1"/></imgdir><imgdir name="move"><canvas name="0" width="161" height="156"><vector name="origin" x="91" y="163"/><vector name="lt" x="-91" y="-164"/><vector name="rb" x="70" y="-7"/><vector name="head" x="-77" y="-66"/><int name="delay" value="120"/></canvas><canvas name="1" width="172" height="91"><vector name="origin" x="105" y="100"/><vector name="lt" x="-106" y="-101"/><vector name="rb" x="66" y="-8"/><vector name="head" x="-77" y="-67"/><int name="delay" value="120"/></canvas><canvas name="2" width="140" height="107"><vector name="origin" x="93" y="102"/><vector name="lt" x="-93" y="-103"/><vector name="rb" x="47" y="5"/><vector name="head" x="-77" y="-69"/><int name="delay" value="120"/></canvas><canvas name="3" width="143" height="112"><vector name="origin" x="94" y="104"/><vector name="lt" x="-94" y="-104"/><vector name="rb" x="49" y="8"/><vector name="head" x="-77" y="-71"/><int name="delay" value="120"/></canvas><canvas name="4" width="158" height="98"><vector name="origin" x="101" y="109"/><vector name="lt" x="-101" y="-109"/><vector name="rb" x="57" y="-11"/><vector name="head" x="-77" y="-70"/><int name="delay" value="120"/></canvas><canvas name="5" width="167" height="138"><vector name="origin" x="84" y="147"/><vector name="lt" x="-84" y="-147"/><vector name="rb" x="83" y="-9"/><vector name="head" x="-77" y="-69"/><int name="delay" value="120"/></canvas></imgdir><imgdir name="stand"><canvas name="0" width="161" height="157"><vector name="origin" x="91" y="163"/><vector name="lt" x="-91" y="-164"/><vector name="rb" x="70" y="-7"/><vector name="head" x="-77" y="-66"/><int name="delay" value="120"/></canvas><canvas name="1" width="172" height="92"><vector name="origin" x="105" y="100"/><vector name="lt" x="-100" y="-100"/><vector name="rb" x="67" y="-8"/><vector name="head" x="-77" y="-67"/><int name="delay" value="120"/></canvas><canvas name="2" width="140" height="107"><vector name="origin" x="93" y="102"/><vector name="lt" x="-93" y="-102"/><vector name="rb" x="47" y="5"/><vector name="head" x="-77" y="-69"/><int name="delay" value="120"/></canvas><canvas name="3" width="149" height="112"><vector name="origin" x="94" y="104"/><vector name="lt" x="-94" y="-104"/><vector name="rb" x="55" y="8"/><vector name="head" x="-77" y="-71"/><int name="delay" value="120"/></canvas><canvas name="4" width="164" height="100"><vector name="origin" x="101" y="109"/><vector name="lt" x="-101" y="-109"/><vector name="rb" x="63" y="-9"/><vector name="head" x="-77" y="-70"/><int name="delay" value="120"/></canvas><canvas name="5" width="167" height="139"><vector name="origin" x="84" y="147"/><vector name="lt" x="-84" y="-147"/><vector name="rb" x="83" y="-8"/><vector name="head" x="-77" y="-69"/><int name="delay" value="120"/></canvas></imgdir><imgdir name="attack1"><imgdir name="info"><imgdir name="range"><vector name="lt" x="-25" y="-42"/><vector name="rb" x="25" y="0"/><int name="start" value="-7"/><int name="areaCount" value="15"/><int name="attackCount" value="4"/></imgdir><imgdir name="areaWarning"><canvas name="0" width="50" height="40"><vector name="origin" x="24" y="43"/><int name="delay" value="120"/></canvas><canvas name="1" width="52" height="42"><vector name="origin" x="25" y="45"/><int name="delay" value="120"/></canvas><canvas name="2" width="52" height="42"><vector name="origin" x="25" y="47"/><int name="delay" value="120"/></canvas><canvas name="3" width="52" height="42"><vector name="origin" x="25" y="46"/><int name="delay" value="120"/></canvas><canvas name="4" width="52" height="42"><vector name="origin" x="25" y="45"/><int name="delay" value="120"/></canvas><canvas name="5" width="52" height="42"><vector name="origin" x="25" y="44"/><int name="delay" value="120"/></canvas><canvas name="6" width="52" height="42"><vector name="origin" x="25" y="45"/><int name="delay" value="120"/></canvas><canvas name="7" width="52" height="42"><vector name="origin" x="25" y="46"/><int name="delay" value="120"/></canvas><canvas name="8" width="52" height="42"><vector name="origin" x="25" y="47"/><int name="delay" value="120"/></canvas><canvas name="9" width="50" height="40"><vector name="origin" x="24" y="45"/><int name="delay" value="120"/></canvas><canvas name="10" width="46" height="36"><vector name="origin" x="22" y="42"/><int name="delay" value="120"/></canvas><canvas name="11" width="35" height="12"><vector name="origin" x="16" y="10"/><int name="delay" value="120"/></canvas><canvas name="12" width="45" height="16"><vector name="origin" x="21" y="14"/><int name="delay" value="120"/></canvas><canvas name="13" width="71" height="140"><vector name="origin" x="33" y="137"/><int name="delay" value="120"/></canvas><canvas name="14" width="76" height="144"><vector name="origin" x="36" y="142"/><int name="delay" value="120"/></canvas><canvas name="15" width="162" height="265"><vector name="origin" x="79" y="263"/><int name="delay" value="120"/></canvas><canvas name="16" width="170" height="267"><vector name="origin" x="83" y="265"/><int name="delay" value="120"/></canvas><canvas name="17" width="220" height="265"><vector name="origin" x="108" y="263"/><int name="delay" value="120"/></canvas><canvas name="18" width="216" height="303"><vector name="origin" x="106" y="301"/><int name="delay" value="120"/></canvas><canvas name="19" width="204" height="293"><vector name="origin" x="100" y="291"/><int name="delay" value="120"/></canvas><canvas name="20" width="70" height="289"><vector name="origin" x="33" y="287"/><int name="delay" value="120"/></canvas><canvas name="21" width="63" height="255"><vector name="origin" x="29" y="257"/><int name="delay" value="120"/></canvas></imgdir><imgdir name="hit"><canvas name="0" width="99" height="107"><vector name="origin" x="60" y="86"/><int name="delay" value="120"/></canvas><canvas name="1" width="80" height="77"><vector name="origin" x="47" y="68"/><int name="delay" value="120"/><int name="attach" value="1"/></canvas></imgdir><int name="type" value="3"/><int name="magic" value="1"/><int name="attackAfter" value="1680"/><int name="doFirst" value="1"/></imgdir><canvas name="0" width="161" height="157"><vector name="origin" x="91" y="163"/><vector name="lt" x="-91" y="-164"/><vector name="rb" x="70" y="-7"/><vector name="head" x="-77" y="-66"/><int name="delay" value="120"/></canvas><canvas name="1" width="201" height="96"><vector name="origin" x="134" y="104"/><vector name="lt" x="-105" y="-104"/><vector name="rb" x="67" y="-8"/><vector name="head" x="-75" y="-72"/><int name="delay" value="120"/></canvas><canvas name="2" width="200" height="124"><vector name="origin" x="145" y="108"/><vector name="lt" x="-94" y="-100"/><vector name="rb" x="47" y="8"/><vector name="head" x="-82" y="-66"/><int name="delay" value="120"/></canvas><canvas name="3" width="213" height="137"><vector name="origin" x="147" y="114"/><vector name="lt" x="-94" y="-102"/><vector name="rb" x="55" y="11"/><vector name="head" x="-82" y="-68"/><int name="delay" value="120"/></canvas><canvas name="4" width="224" height="125"><vector name="origin" x="149" y="121"/><vector name="lt" x="-104" y="-108"/><vector name="rb" x="63" y="-11"/><vector name="head" x="-82" y="-65"/><int name="delay" value="120"/></canvas><canvas name="5" width="248" height="167"><vector name="origin" x="151" y="161"/><vector name="lt" x="-90" y="-147"/><vector name="rb" x="83" y="-8"/><vector name="head" x="-82" y="-63"/><int name="delay" value="120"/></canvas><canvas name="6" width="244" height="185"><vector name="origin" x="162" y="177"/><vector name="lt" x="-92" y="-163"/><vector name="rb" x="70" y="-7"/><vector name="head" x="-82" y="-61"/><int name="delay" value="120"/></canvas><canvas name="7" width="256" height="150"><vector name="origin" x="179" y="129"/><vector name="lt" x="-97" y="-100"/><vector name="rb" x="67" y="-9"/><vector name="head" x="-77" y="-67"/><int name="delay" value="120"/></canvas><canvas name="8" width="232" height="146"><vector name="origin" x="177" y="127"/><vector name="lt" x="-93" y="-102"/><vector name="rb" x="47" y="4"/><vector name="head" x="-77" y="-69"/><int name="delay" value="120"/></canvas><canvas name="9" width="228" height="127"><vector name="origin" x="172" y="114"/><vector name="lt" x="-94" y="-104"/><vector name="rb" x="55" y="8"/><vector name="head" x="-77" y="-71"/><int name="delay" value="120"/></canvas><canvas name="10" width="217" height="104"><vector name="origin" x="154" y="109"/><vector name="lt" x="-102" y="-109"/><vector name="rb" x="63" y="-10"/><vector name="head" x="-77" y="-70"/><int name="delay" value="120"/></canvas><canvas name="11" width="235" height="139"><vector name="origin" x="152" y="147"/><vector name="lt" x="-85" y="-147"/><vector name="rb" x="83" y="-9"/><vector name="head" x="-77" y="-69"/><int name="delay" value="120"/></canvas><uol name="12" value="../stand/0"/><uol name="13" value="../stand/1"/><uol name="14" value="../stand/2"/><uol name="15" value="../stand/3"/><uol name="16" value="../stand/4"/><uol name="17" value="../stand/5"/></imgdir><imgdir name="attack2"><imgdir name="info"><imgdir name="range"><vector name="lt" x="-350" y="-140"/><vector name="rb" x="30" y="10"/></imgdir><imgdir name="hit"><canvas name="0" width="76" height="80"><vector name="origin" x="43" y="75"/><int name="delay" value="120"/></canvas><canvas name="1" width="85" height="87"><vector name="origin" x="49" y="80"/><int name="delay" value="120"/></canvas><canvas name="2" width="83" height="75"><vector name="origin" x="45" y="72"/><int name="delay" value="120"/></canvas><canvas name="3" width="71" height="72"><vector name="origin" x="40" y="66"/><int name="delay" value="120"/></canvas><int name="attach" value="1"/></imgdir><int name="type" value="0"/><int name="attackAfter" value="300"/><int name="magic" value="1"/></imgdir><canvas name="0" width="161" height="157"><vector name="origin" x="91" y="163"/><vector name="lt" x="-91" y="-164"/><vector name="rb" x="70" y="-7"/><vector name="head" x="-77" y="-66"/><int name="delay" value="120"/></canvas><canvas name="1" width="208" height="166"><vector name="origin" x="141" y="150"/><vector name="lt" x="-103" y="-98"/><vector name="rb" x="66" y="-12"/><vector name="head" x="-77" y="-68"/><int name="delay" value="120"/></canvas><canvas name="2" width="206" height="166"><vector name="origin" x="144" y="151"/><vector name="lt" x="-93" y="-100"/><vector name="rb" x="61" y="2"/><vector name="head" x="-77" y="-69"/><int name="delay" value="120"/></canvas><canvas name="3" width="205" height="168"><vector name="origin" x="141" y="151"/><vector name="lt" x="-94" y="-101"/><vector name="rb" x="54" y="7"/><vector name="head" x="-77" y="-71"/><int name="delay" value="120"/></canvas><canvas name="4" width="206" height="170"><vector name="origin" x="139" y="152"/><vector name="lt" x="-101" y="-105"/><vector name="rb" x="62" y="-10"/><vector name="head" x="-77" y="-70"/><int name="delay" value="120"/></canvas><canvas name="5" width="225" height="161"><vector name="origin" x="142" y="148"/><vector name="lt" x="-83" y="-144"/><vector name="rb" x="83" y="-9"/><vector name="head" x="-77" y="-69"/><int name="delay" value="120"/></canvas><uol name="6" value="../stand/0"/><uol name="7" value="../stand/1"/><uol name="8" value="../stand/2"/><uol name="9" value="../stand/3"/><uol name="10" value="../stand/4"/><uol name="11" value="../stand/5"/><uol name="12" value="../stand/0"/><uol name="13" value="../stand/1"/><uol name="14" value="../stand/2"/><uol name="15" value="../stand/3"/><uol name="16" value="../stand/4"/><uol name="17" value="../stand/5"/></imgdir><imgdir name="hit1"><canvas name="0" width="174" height="167"><vector name="origin" x="75" y="172"/><vector name="lt" x="-70" y="-165"/><vector name="rb" x="70" y="-7"/><vector name="head" x="-66" y="-84"/><int name="delay" value="600"/></canvas></imgdir><imgdir name="die1"><canvas name="0" width="161" height="157"><vector name="origin" x="77" y="172"/><vector name="head" x="-63" y="-75"/><int name="delay" value="180"/></canvas><canvas name="1" width="172" height="92"><vector name="origin" x="91" y="105"/><vector name="head" x="-63" y="-72"/><int name="delay" value="180"/></canvas><canvas name="2" width="140" height="107"><vector name="origin" x="79" y="101"/><vector name="head" x="-63" y="-68"/><int name="delay" value="180"/></canvas><canvas name="3" width="149" height="112"><vector name="origin" x="80" y="98"/><vector name="head" x="-63" y="-65"/><int name="delay" value="180"/></canvas><canvas name="4" width="149" height="112"><vector name="origin" x="80" y="93"/><vector name="head" x="-63" y="-60"/><int name="delay" value="300"/><int name="a0" value="255"/><int name="a1" value="0"/></canvas></imgdir></imgdir>