<?xml version="1.0" encoding="UTF-8" standalone="yes"?><imgdir name="8180001.img"><imgdir name="info"><int name="bodyAttack" value="1"/><int name="level" value="105"/><int name="maxHP" value="3700000"/><int name="maxMP" value="1500"/><int name="speed" value="-20"/><int name="PADamage" value="550"/><int name="PDDamage" value="900"/><int name="MADamage" value="680"/><int name="MDDamage" value="850"/><int name="acc" value="200"/><int name="eva" value="39"/><int name="exp" value="13500"/><int name="undead" value="0"/><int name="pushed" value="5000"/><int name="hpRecovery" value="300"/><int name="mpRecovery" value="20"/><string name="elemAttr" value="L2S3"/><float name="fs" value="10.0"/><int name="summonType" value="1"/><int name="boss" value="1"/><int name="firstAttack" value="1"/><int name="publicReward" value="1"/><int name="HPgaugeHide" value="1"/><int name="hpTagColor" value="1"/><int name="hpTagBgcolor" value="5"/><int name="rareItemDropLevel" value="2"/></imgdir><imgdir name="move"><canvas name="0" width="180" height="208"><vector name="origin" x="80" y="222"/><vector name="lt" x="-65" y="-223"/><vector name="rb" x="79" y="-14"/><vector name="head" x="-14" y="-206"/><int name="delay" value="130"/></canvas><canvas name="1" width="215" height="206"><vector name="origin" x="110" y="224"/><vector name="lt" x="-65" y="-227"/><vector name="rb" x="79" y="-18"/><vector name="head" x="-14" y="-210"/><int name="delay" value="130"/></canvas><canvas name="2" width="215" height="207"><vector name="origin" x="110" y="227"/><vector name="lt" x="-65" y="-229"/><vector name="rb" x="79" y="-20"/><vector name="head" x="-14" y="-212"/><int name="delay" value="130"/></canvas><canvas name="3" width="211" height="208"><vector name="origin" x="108" y="229"/><vector name="lt" x="-65" y="-230"/><vector name="rb" x="79" y="-21"/><vector name="head" x="-14" y="-213"/><int name="delay" value="130"/></canvas><canvas name="4" width="205" height="209"><vector name="origin" x="105" y="227"/><vector name="lt" x="-65" y="-227"/><vector name="rb" x="79" y="-18"/><vector name="head" x="-14" y="-210"/><int name="delay" value="130"/></canvas><canvas name="5" width="193" height="209"><vector name="origin" x="93" y="225"/><vector name="lt" x="-65" y="-225"/><vector name="rb" x="79" y="-16"/><vector name="head" x="-14" y="-208"/><int name="delay" value="130"/></canvas></imgdir><imgdir name="stand"><canvas name="0" width="180" height="208"><vector name="origin" x="80" y="222"/><vector name="lt" x="-65" y="-223"/><vector name="rb" x="79" y="-14"/><vector name="head" x="-14" y="-206"/><int name="delay" value="130"/></canvas><canvas name="1" width="213" height="210"><vector name="origin" x="109" y="223"/><vector name="lt" x="-65" y="-222"/><vector name="rb" x="79" y="-13"/><vector name="head" x="-14" y="-205"/><int name="delay" value="130"/></canvas><canvas name="2" width="207" height="211"><vector name="origin" x="105" y="222"/><vector name="lt" x="-65" y="-220"/><vector name="rb" x="79" y="-11"/><vector name="head" x="-14" y="-203"/><int name="delay" value="130"/></canvas><canvas name="3" width="196" height="211"><vector name="origin" x="93" y="220"/><vector name="lt" x="-65" y="-218"/><vector name="rb" x="79" y="-9"/><vector name="head" x="-14" y="-201"/><int name="delay" value="130"/></canvas><canvas name="4" width="183" height="211"><vector name="origin" x="80" y="219"/><vector name="lt" x="-65" y="-217"/><vector name="rb" x="79" y="-8"/><vector name="head" x="-14" y="-200"/><int name="delay" value="130"/></canvas><canvas name="5" width="213" height="209"><vector name="origin" x="109" y="218"/><vector name="lt" x="-65" y="-218"/><vector name="rb" x="79" y="-9"/><vector name="head" x="-14" y="-201"/><int name="delay" value="130"/></canvas><canvas name="6" width="206" height="208"><vector name="origin" x="105" y="219"/><vector name="lt" x="-65" y="-220"/><vector name="rb" x="79" y="-11"/><vector name="head" x="-14" y="-203"/><int name="delay" value="130"/></canvas><canvas name="7" width="193" height="208"><vector name="origin" x="93" y="221"/><vector name="lt" x="-65" y="-222"/><vector name="rb" x="79" y="-13"/><vector name="head" x="-14" y="-205"/><int name="delay" value="130"/></canvas></imgdir><imgdir name="attack1"><imgdir name="info"><imgdir name="range"><vector name="lt" x="-320" y="-180"/><vector name="rb" x="30" y="10"/></imgdir><imgdir name="hit"><canvas name="0" width="52" height="26"><vector name="origin" x="99" y="72"/><int name="z" value="0"/><int name="delay" value="100"/></canvas><canvas name="1" width="90" height="39"><vector name="origin" x="134" y="74"/><int name="z" value="0"/><int name="delay" value="100"/></canvas><canvas name="2" width="150" height="65"><vector name="origin" x="133" y="74"/><int name="z" value="0"/><int name="delay" value="100"/></canvas><canvas name="3" width="170" height="113"><vector name="origin" x="101" y="120"/><int name="z" value="0"/><int name="delay" value="100"/></canvas><canvas name="4" width="150" height="131"><vector name="origin" x="61" y="128"/><int name="z" value="0"/><int name="delay" value="100"/></canvas><canvas name="5" width="113" height="141"><vector name="origin" x="48" y="109"/><int name="z" value="0"/><int name="delay" value="100"/></canvas><canvas name="6" width="126" height="118"><vector name="origin" x="41" y="78"/><int name="z" value="0"/><int name="delay" value="100"/></canvas><canvas name="7" width="44" height="42"><vector name="origin" x="9" y="44"/><int name="z" value="0"/><int name="delay" value="100"/></canvas><int name="attachfacing" value="1"/></imgdir><int name="type" value="0"/><int name="conMP" value="3"/><int name="attackAfter" value="700"/><int name="magic" value="1"/><int name="disease" value="123"/><int name="level" value="7"/></imgdir><canvas name="0" width="180" height="208"><vector name="origin" x="80" y="222"/><vector name="lt" x="-65" y="-223"/><vector name="rb" x="79" y="-14"/><vector name="head" x="-14" y="-206"/><int name="delay" value="100"/></canvas><canvas name="1" width="184" height="214"><vector name="origin" x="79" y="224"/><vector name="lt" x="-62" y="-222"/><vector name="rb" x="82" y="-13"/><vector name="head" x="-10" y="-205"/><int name="delay" value="100"/></canvas><canvas name="2" width="215" height="221"><vector name="origin" x="98" y="227"/><vector name="lt" x="-59" y="-222"/><vector name="rb" x="85" y="-12"/><vector name="head" x="-6" y="-205"/><int name="delay" value="100"/></canvas><canvas name="3" width="223" height="226"><vector name="origin" x="102" y="229"/><vector name="lt" x="-58" y="-222"/><vector name="rb" x="86" y="-12"/><vector name="head" x="-8" y="-204"/><int name="delay" value="100"/></canvas><canvas name="4" width="233" height="227"><vector name="origin" x="111" y="230"/><vector name="lt" x="-56" y="-222"/><vector name="rb" x="89" y="-13"/><vector name="head" x="0" y="-205"/><int name="delay" value="100"/></canvas><canvas name="5" width="238" height="228"><vector name="origin" x="114" y="231"/><vector name="lt" x="-56" y="-222"/><vector name="rb" x="90" y="-13"/><vector name="head" x="2" y="-205"/><int name="delay" value="100"/></canvas><canvas name="6" width="239" height="229"><vector name="origin" x="114" y="231"/><vector name="lt" x="-55" y="-222"/><vector name="rb" x="91" y="-13"/><vector name="head" x="4" y="-205"/><int name="delay" value="100"/></canvas><canvas name="7" width="244" height="229"><vector name="origin" x="118" y="231"/><vector name="lt" x="-54" y="-222"/><vector name="rb" x="92" y="-13"/><vector name="head" x="5" y="-205"/><int name="delay" value="100"/></canvas><canvas name="8" width="247" height="229"><vector name="origin" x="121" y="231"/><vector name="lt" x="-54" y="-222"/><vector name="rb" x="92" y="-13"/><vector name="head" x="5" y="-205"/><int name="delay" value="100"/></canvas><canvas name="9" width="304" height="226"><vector name="origin" x="172" y="231"/><vector name="lt" x="-72" y="-222"/><vector name="rb" x="73" y="-15"/><vector name="head" x="-26" y="-205"/><int name="delay" value="100"/></canvas><canvas name="10" width="321" height="225"><vector name="origin" x="191" y="231"/><vector name="lt" x="-72" y="-222"/><vector name="rb" x="71" y="-17"/><vector name="head" x="-30" y="-205"/><int name="delay" value="100"/></canvas><canvas name="11" width="335" height="225"><vector name="origin" x="206" y="231"/><vector name="lt" x="-74" y="-222"/><vector name="rb" x="70" y="-16"/><vector name="head" x="-31" y="-205"/><int name="delay" value="100"/></canvas><canvas name="12" width="355" height="225"><vector name="origin" x="226" y="231"/><vector name="lt" x="-74" y="-222"/><vector name="rb" x="70" y="-16"/><vector name="head" x="-31" y="-205"/><int name="delay" value="100"/></canvas><canvas name="13" width="358" height="225"><vector name="origin" x="229" y="231"/><vector name="lt" x="-74" y="-222"/><vector name="rb" x="70" y="-16"/><vector name="head" x="-31" y="-205"/><int name="delay" value="100"/></canvas><canvas name="14" width="358" height="225"><vector name="origin" x="229" y="231"/><vector name="lt" x="-74" y="-222"/><vector name="rb" x="70" y="-16"/><vector name="head" x="-31" y="-205"/><int name="delay" value="100"/></canvas><canvas name="15" width="358" height="225"><vector name="origin" x="229" y="231"/><vector name="lt" x="-74" y="-222"/><vector name="rb" x="70" y="-16"/><vector name="head" x="-29" y="-205"/><int name="delay" value="100"/></canvas><canvas name="16" width="263" height="223"><vector name="origin" x="142" y="230"/><vector name="lt" x="-74" y="-222"/><vector name="rb" x="70" y="-16"/><vector name="head" x="-27" y="-205"/><int name="delay" value="100"/></canvas><canvas name="17" width="250" height="221"><vector name="origin" x="142" y="229"/><vector name="lt" x="-74" y="-222"/><vector name="rb" x="70" y="-16"/><vector name="head" x="-27" y="-205"/><int name="delay" value="100"/></canvas><uol name="18" value="../stand/0"/><uol name="19" value="../stand/1"/><uol name="20" value="../stand/2"/><uol name="21" value="../stand/3"/><uol name="22" value="../stand/4"/><uol name="23" value="../stand/5"/><uol name="24" value="../stand/6"/><uol name="25" value="../stand/7"/></imgdir><imgdir name="attack2"><imgdir name="info"><imgdir name="range"><vector name="lt" x="-350" y="-200"/><vector name="rb" x="350" y="30"/></imgdir><imgdir name="hit"><canvas name="0" width="62" height="56"><vector name="origin" x="31" y="47"/><int name="z" value="0"/><int name="delay" value="130"/></canvas><canvas name="1" width="66" height="120"><vector name="origin" x="32" y="111"/><int name="z" value="0"/><int name="delay" value="130"/></canvas><canvas name="2" width="83" height="120"><vector name="origin" x="44" y="111"/><int name="z" value="0"/><int name="delay" value="130"/></canvas><canvas name="3" width="87" height="120"><vector name="origin" x="49" y="111"/><int name="z" value="0"/><int name="delay" value="130"/></canvas><canvas name="4" width="72" height="95"><vector name="origin" x="29" y="99"/><int name="z" value="0"/><int name="delay" value="130"/></canvas><canvas name="5" width="66" height="85"><vector name="origin" x="31" y="98"/><int name="z" value="0"/><int name="delay" value="130"/></canvas><canvas name="6" width="66" height="85"><vector name="origin" x="31" y="98"/><int name="z" value="0"/><int name="delay" value="130"/></canvas><int name="attach" value="1"/></imgdir><int name="type" value="0"/><int name="conMP" value="2"/><int name="attackAfter" value="400"/><int name="magic" value="1"/><int name="deadlyAttack" value="1"/></imgdir><canvas name="0" width="180" height="208"><vector name="origin" x="80" y="222"/><vector name="lt" x="-65" y="-223"/><vector name="rb" x="79" y="-14"/><vector name="head" x="-14" y="-206"/><int name="delay" value="100"/></canvas><canvas name="1" width="282" height="258"><vector name="origin" x="173" y="226"/><vector name="lt" x="-65" y="-221"/><vector name="rb" x="79" y="-12"/><vector name="head" x="-13" y="-204"/><int name="delay" value="100"/></canvas><canvas name="2" width="279" height="259"><vector name="origin" x="171" y="231"/><vector name="lt" x="-65" y="-223"/><vector name="rb" x="79" y="-10"/><vector name="head" x="-12" y="-203"/><int name="delay" value="100"/></canvas><canvas name="3" width="274" height="264"><vector name="origin" x="167" y="241"/><vector name="lt" x="-65" y="-223"/><vector name="rb" x="79" y="-10"/><vector name="head" x="-12" y="-203"/><int name="delay" value="100"/></canvas><canvas name="4" width="264" height="258"><vector name="origin" x="157" y="243"/><vector name="lt" x="-65" y="-206"/><vector name="rb" x="79" y="-10"/><vector name="head" x="-10" y="-205"/><int name="delay" value="100"/></canvas><canvas name="5" width="259" height="248"><vector name="origin" x="144" y="244"/><vector name="lt" x="-65" y="-206"/><vector name="rb" x="79" y="-12"/><vector name="head" x="-9" y="-206"/><int name="delay" value="100"/></canvas><canvas name="6" width="238" height="245"><vector name="origin" x="128" y="243"/><vector name="lt" x="-64" y="-204"/><vector name="rb" x="79" y="-12"/><vector name="head" x="-9" y="-205"/><int name="delay" value="100"/></canvas><canvas name="7" width="223" height="244"><vector name="origin" x="116" y="242"/><vector name="lt" x="-64" y="-202"/><vector name="rb" x="79" y="-11"/><vector name="head" x="-9" y="-204"/><int name="delay" value="100"/></canvas><canvas name="8" width="223" height="244"><vector name="origin" x="116" y="241"/><vector name="lt" x="-64" y="-201"/><vector name="rb" x="79" y="-10"/><vector name="head" x="-10" y="-203"/><int name="delay" value="100"/></canvas><canvas name="9" width="230" height="233"><vector name="origin" x="117" y="233"/><vector name="lt" x="-64" y="-204"/><vector name="rb" x="79" y="-14"/><vector name="head" x="-11" y="-204"/><int name="delay" value="100"/></canvas><canvas name="10" width="226" height="227"><vector name="origin" x="119" y="229"/><vector name="lt" x="-64" y="-205"/><vector name="rb" x="79" y="-16"/><vector name="head" x="-12" y="-205"/><int name="delay" value="100"/></canvas><canvas name="11" width="220" height="220"><vector name="origin" x="119" y="224"/><vector name="lt" x="-64" y="-206"/><vector name="rb" x="79" y="-16"/><vector name="head" x="-13" y="-206"/><int name="delay" value="100"/></canvas><uol name="12" value="../stand/0"/><uol name="13" value="../stand/1"/><uol name="14" value="../stand/2"/><uol name="15" value="../stand/3"/><uol name="16" value="../stand/4"/><uol name="17" value="../stand/5"/><uol name="18" value="../stand/6"/><uol name="19" value="../stand/7"/></imgdir><imgdir name="attack3"><imgdir name="info"><imgdir name="range"><vector name="lt" x="-350" y="-200"/><vector name="rb" x="30" y="25"/></imgdir><imgdir name="hit"><canvas name="0" width="68" height="81"><vector name="origin" x="40" y="103"/><int name="z" value="0"/><int name="delay" value="120"/></canvas><canvas name="1" width="123" height="92"><vector name="origin" x="74" y="89"/><int name="z" value="0"/><int name="delay" value="120"/></canvas><canvas name="2" width="143" height="91"><vector name="origin" x="75" y="85"/><int name="z" value="0"/><int name="delay" value="120"/></canvas><canvas name="3" width="129" height="76"><vector name="origin" x="62" y="70"/><int name="z" value="0"/><int name="delay" value="120"/></canvas><canvas name="4" width="122" height="49"><vector name="origin" x="61" y="47"/><int name="z" value="0"/><int name="delay" value="120"/></canvas><canvas name="5" width="109" height="49"><vector name="origin" x="62" y="52"/><int name="z" value="0"/><int name="delay" value="120"/></canvas><canvas name="6" width="116" height="35"><vector name="origin" x="66" y="44"/><int name="z" value="0"/><int name="delay" value="120"/></canvas><canvas name="7" width="99" height="30"><vector name="origin" x="49" y="39"/><int name="z" value="0"/><int name="delay" value="120"/></canvas><int name="attach" value="1"/></imgdir><int name="type" value="0"/><int name="conMP" value="2"/><int name="attackAfter" value="400"/><int name="magic" value="1"/><string name="elemAttr" value="L"/><int name="disease" value="127"/><int name="level" value="6"/></imgdir><canvas name="0" width="180" height="208"><vector name="origin" x="80" y="222"/><vector name="lt" x="-64" y="-205"/><vector name="rb" x="79" y="-14"/><vector name="head" x="-14" y="-205"/><int name="delay" value="100"/></canvas><canvas name="1" width="228" height="224"><vector name="origin" x="119" y="226"/><vector name="lt" x="-64" y="-204"/><vector name="rb" x="79" y="-12"/><vector name="head" x="-13" y="-204"/><int name="delay" value="100"/></canvas><canvas name="2" width="230" height="231"><vector name="origin" x="122" y="231"/><vector name="lt" x="-64" y="-203"/><vector name="rb" x="79" y="-10"/><vector name="head" x="-12" y="-203"/><int name="delay" value="100"/></canvas><canvas name="3" width="230" height="244"><vector name="origin" x="123" y="241"/><vector name="lt" x="-64" y="-204"/><vector name="rb" x="79" y="-11"/><vector name="head" x="-11" y="-204"/><int name="delay" value="100"/></canvas><canvas name="4" width="236" height="247"><vector name="origin" x="129" y="243"/><vector name="lt" x="-64" y="-205"/><vector name="rb" x="79" y="-12"/><vector name="head" x="-10" y="-205"/><int name="delay" value="100"/></canvas><canvas name="5" width="260" height="250"><vector name="origin" x="145" y="244"/><vector name="lt" x="-64" y="-206"/><vector name="rb" x="79" y="-13"/><vector name="head" x="-9" y="-206"/><int name="delay" value="100"/></canvas><canvas name="6" width="268" height="257"><vector name="origin" x="158" y="243"/><vector name="lt" x="-64" y="-205"/><vector name="rb" x="79" y="-12"/><vector name="head" x="-9" y="-205"/><int name="delay" value="100"/></canvas><canvas name="7" width="275" height="264"><vector name="origin" x="168" y="242"/><vector name="lt" x="-64" y="-204"/><vector name="rb" x="79" y="-11"/><vector name="head" x="-9" y="-204"/><int name="delay" value="100"/></canvas><canvas name="8" width="279" height="268"><vector name="origin" x="172" y="243"/><vector name="lt" x="-64" y="-205"/><vector name="rb" x="79" y="-12"/><vector name="head" x="-10" y="-205"/><int name="delay" value="100"/></canvas><canvas name="9" width="287" height="264"><vector name="origin" x="174" y="235"/><vector name="lt" x="-64" y="-205"/><vector name="rb" x="79" y="-18"/><vector name="head" x="-11" y="-206"/><int name="delay" value="100"/></canvas><canvas name="10" width="245" height="231"><vector name="origin" x="138" y="231"/><vector name="lt" x="-64" y="-206"/><vector name="rb" x="79" y="-19"/><vector name="head" x="-12" y="-207"/><int name="delay" value="100"/></canvas><canvas name="11" width="242" height="225"><vector name="origin" x="141" y="226"/><vector name="lt" x="-64" y="-207"/><vector name="rb" x="79" y="-19"/><vector name="head" x="-13" y="-208"/><int name="delay" value="100"/></canvas><uol name="12" value="../stand/0"/><uol name="13" value="../stand/1"/><uol name="14" value="../stand/2"/><uol name="15" value="../stand/3"/><uol name="16" value="../stand/4"/><uol name="17" value="../stand/5"/><uol name="18" value="../stand/6"/><uol name="19" value="../stand/7"/></imgdir><imgdir name="hit1"><canvas name="0" width="217" height="225"><vector name="origin" x="70" y="237"/><vector name="lt" x="-46" y="-213"/><vector name="rb" x="86" y="-13"/><vector name="head" x="5" y="-205"/><int name="delay" value="600"/></canvas></imgdir><imgdir name="die1"><canvas name="0" width="217" height="225"><vector name="origin" x="70" y="237"/><vector name="head" x="5" y="-205"/><int name="delay" value="130"/></canvas><canvas name="1" width="225" height="225"><vector name="origin" x="76" y="237"/><vector name="head" x="7" y="-205"/><int name="delay" value="130"/></canvas><canvas name="2" width="228" height="214"><vector name="origin" x="78" y="225"/><vector name="head" x="8" y="-204"/><int name="delay" value="130"/></canvas><canvas name="3" width="212" height="210"><vector name="origin" x="79" y="218"/><vector name="head" x="9" y="-201"/><int name="delay" value="130"/></canvas><canvas name="4" width="191" height="164"><vector name="origin" x="66" y="160"/><vector name="head" x="10" y="-143"/><int name="delay" value="130"/></canvas><canvas name="5" width="201" height="165"><vector name="origin" x="71" y="161"/><vector name="head" x="10" y="-144"/><int name="delay" value="130"/></canvas><canvas name="6" width="202" height="165"><vector name="origin" x="70" y="160"/><vector name="head" x="10" y="-143"/><int name="delay" value="130"/></canvas><canvas name="7" width="209" height="164"><vector name="origin" x="71" y="159"/><vector name="head" x="10" y="-142"/><int name="delay" value="130"/></canvas><canvas name="8" width="209" height="158"><vector name="origin" x="70" y="158"/><vector name="head" x="10" y="-141"/><int name="delay" value="300"/><int name="a0" value="255"/><int name="a1" value="0"/></canvas></imgdir></imgdir>