<?xml version="1.0" encoding="UTF-8" standalone="yes"?><imgdir name="8190002.img"><imgdir name="info"><int name="bodyAttack" value="1"/><int name="level" value="110"/><int name="maxHP" value="80000"/><int name="maxMP" value="240"/><int name="speed" value="-50"/><int name="PADamage" value="580"/><int name="PDDamage" value="900"/><int name="MADamage" value="650"/><int name="MDDamage" value="600"/><int name="acc" value="210"/><int name="eva" value="38"/><int name="exp" value="8050"/><int name="undead" value="0"/><int name="pushed" value="5000"/><int name="fs" value="10"/><int name="summonType" value="1"/><int name="mobType" value="8"/></imgdir><imgdir name="move"><canvas name="0" width="112" height="160"><vector name="origin" x="51" y="148"/><vector name="lt" x="-51" y="-148"/><vector name="rb" x="61" y="0"/><vector name="head" x="-10" y="-133"/><int name="delay" value="150"/></canvas><canvas name="1" width="117" height="155"><vector name="origin" x="50" y="151"/><vector name="lt" x="-50" y="-151"/><vector name="rb" x="61" y="0"/><vector name="head" x="-11" y="-136"/><int name="delay" value="150"/></canvas><canvas name="2" width="126" height="155"><vector name="origin" x="61" y="152"/><vector name="lt" x="-49" y="-152"/><vector name="rb" x="61" y="0"/><vector name="head" x="-11" y="-137"/><int name="delay" value="150"/></canvas><canvas name="3" width="128" height="159"><vector name="origin" x="60" y="153"/><vector name="lt" x="-48" y="-153"/><vector name="rb" x="61" y="0"/><vector name="head" x="-11" y="-138"/><int name="delay" value="150"/></canvas><canvas name="4" width="117" height="155"><vector name="origin" x="51" y="154"/><vector name="lt" x="-51" y="-154"/><vector name="rb" x="61" y="0"/><vector name="head" x="-10" y="-139"/><int name="delay" value="150"/></canvas><canvas name="5" width="114" height="156"><vector name="origin" x="52" y="151"/><vector name="lt" x="-52" y="-150"/><vector name="rb" x="61" y="0"/><vector name="head" x="-10" y="-136"/><int name="delay" value="150"/></canvas></imgdir><imgdir name="stand"><canvas name="0" width="112" height="159"><vector name="origin" x="50" y="149"/><vector name="lt" x="-51" y="-150"/><vector name="rb" x="61" y="0"/><vector name="head" x="-8" y="-134"/><int name="delay" value="180"/></canvas><canvas name="1" width="118" height="155"><vector name="origin" x="50" y="152"/><vector name="lt" x="-51" y="-152"/><vector name="rb" x="61" y="0"/><vector name="head" x="-9" y="-137"/><int name="delay" value="180"/></canvas><canvas name="2" width="126" height="157"><vector name="origin" x="59" y="154"/><vector name="lt" x="-51" y="-154"/><vector name="rb" x="61" y="0"/><vector name="head" x="-9" y="-139"/><int name="delay" value="180"/></canvas><canvas name="3" width="127" height="159"><vector name="origin" x="58" y="153"/><vector name="lt" x="-51" y="-153"/><vector name="rb" x="61" y="0"/><vector name="head" x="-9" y="-138"/><int name="delay" value="180"/></canvas><canvas name="4" width="120" height="154"><vector name="origin" x="53" y="150"/><vector name="lt" x="-51" y="-150"/><vector name="rb" x="61" y="0"/><vector name="head" x="-8" y="-135"/><int name="delay" value="180"/></canvas><canvas name="5" width="112" height="153"><vector name="origin" x="50" y="148"/><vector name="lt" x="-51" y="-148"/><vector name="rb" x="61" y="0"/><vector name="head" x="-8" y="-133"/><int name="delay" value="180"/></canvas></imgdir><imgdir name="attack1"><imgdir name="info"><imgdir name="range"><vector name="lt" x="-34" y="-40"/><vector name="rb" x="34" y="0"/><int name="start" value="-3"/><int name="areaCount" value="7"/><int name="attackCount" value="4"/></imgdir><imgdir name="areaWarning"><canvas name="0" width="4" height="4"><vector name="origin" x="2" y="2"/><int name="delay" value="600"/></canvas><canvas name="1" width="19" height="8"><vector name="origin" x="21" y="8"/><int name="delay" value="100"/></canvas><canvas name="2" width="33" height="33"><vector name="origin" x="28" y="32"/><int name="delay" value="100"/></canvas><canvas name="3" width="59" height="36"><vector name="origin" x="50" y="35"/><int name="delay" value="100"/></canvas><canvas name="4" width="61" height="40"><vector name="origin" x="62" y="39"/><int name="delay" value="100"/></canvas><canvas name="5" width="90" height="39"><vector name="origin" x="90" y="38"/><int name="delay" value="100"/></canvas><canvas name="6" width="75" height="39"><vector name="origin" x="74" y="38"/><int name="delay" value="100"/></canvas><canvas name="7" width="68" height="39"><vector name="origin" x="67" y="38"/><int name="delay" value="100"/></canvas><canvas name="8" width="67" height="39"><vector name="origin" x="66" y="38"/><int name="delay" value="100"/></canvas><canvas name="9" width="61" height="40"><vector name="origin" x="61" y="39"/><int name="delay" value="100"/></canvas><canvas name="10" width="52" height="36"><vector name="origin" x="50" y="35"/><int name="delay" value="100"/></canvas><canvas name="11" width="24" height="33"><vector name="origin" x="24" y="32"/><int name="delay" value="100"/></canvas></imgdir><imgdir name="hit"><canvas name="0" width="76" height="87"><vector name="origin" x="42" y="98"/><int name="delay" value="150"/></canvas><canvas name="1" width="105" height="104"><vector name="origin" x="52" y="106"/><int name="delay" value="150"/></canvas><int name="attach" value="1"/></imgdir><int name="type" value="3"/><int name="attackAfter" value="850"/><int name="PADamage" value="600"/></imgdir><canvas name="0" width="125" height="150"><vector name="origin" x="50" y="150"/><vector name="lt" x="-51" y="-150"/><vector name="rb" x="61" y="0"/><vector name="head" x="-11" y="-135"/><int name="delay" value="110"/></canvas><canvas name="1" width="131" height="148"><vector name="origin" x="48" y="148"/><vector name="lt" x="-49" y="-149"/><vector name="rb" x="61" y="-1"/><vector name="head" x="-7" y="-134"/><int name="delay" value="110"/></canvas><canvas name="2" width="132" height="149"><vector name="origin" x="48" y="149"/><vector name="lt" x="-48" y="-150"/><vector name="rb" x="61" y="-1"/><vector name="head" x="-7" y="-135"/><int name="delay" value="110"/></canvas><canvas name="3" width="132" height="149"><vector name="origin" x="48" y="149"/><vector name="lt" x="-48" y="-149"/><vector name="rb" x="61" y="0"/><vector name="head" x="-7" y="-134"/><int name="delay" value="110"/></canvas><canvas name="4" width="158" height="170"><vector name="origin" x="97" y="152"/><vector name="lt" x="-48" y="-152"/><vector name="rb" x="61" y="0"/><vector name="head" x="-13" y="-137"/><int name="delay" value="110"/></canvas><canvas name="5" width="143" height="147"><vector name="origin" x="82" y="147"/><vector name="lt" x="-48" y="-147"/><vector name="rb" x="61" y="0"/><vector name="head" x="-13" y="-132"/><int name="delay" value="110"/></canvas><canvas name="6" width="129" height="144"><vector name="origin" x="68" y="144"/><vector name="lt" x="-48" y="-145"/><vector name="rb" x="61" y="0"/><vector name="head" x="-12" y="-129"/><int name="delay" value="110"/></canvas><canvas name="7" width="128" height="144"><vector name="origin" x="67" y="144"/><vector name="lt" x="-48" y="-144"/><vector name="rb" x="61" y="0"/><vector name="head" x="-12" y="-129"/><int name="delay" value="110"/></canvas><canvas name="8" width="127" height="144"><vector name="origin" x="66" y="144"/><vector name="lt" x="-48" y="-144"/><vector name="rb" x="61" y="0"/><vector name="head" x="-12" y="-129"/><int name="delay" value="110"/></canvas><canvas name="9" width="127" height="144"><vector name="origin" x="66" y="144"/><vector name="lt" x="-48" y="-144"/><vector name="rb" x="61" y="0"/><vector name="head" x="-12" y="-129"/><int name="delay" value="110"/></canvas><canvas name="10" width="127" height="144"><vector name="origin" x="66" y="144"/><vector name="lt" x="-48" y="-144"/><vector name="rb" x="61" y="0"/><vector name="head" x="-12" y="-129"/><int name="delay" value="110"/></canvas><canvas name="11" width="127" height="144"><vector name="origin" x="66" y="144"/><vector name="lt" x="-48" y="-144"/><vector name="rb" x="61" y="0"/><vector name="head" x="-12" y="-129"/><int name="delay" value="110"/></canvas><canvas name="12" width="127" height="144"><vector name="origin" x="66" y="144"/><vector name="lt" x="-48" y="-144"/><vector name="rb" x="61" y="0"/><vector name="head" x="-12" y="-129"/><int name="delay" value="110"/></canvas><canvas name="13" width="127" height="144"><vector name="origin" x="66" y="144"/><vector name="lt" x="-48" y="-144"/><vector name="rb" x="61" y="0"/><vector name="head" x="-12" y="-129"/><int name="delay" value="110"/></canvas><canvas name="14" width="127" height="144"><vector name="origin" x="66" y="144"/><vector name="lt" x="-48" y="-144"/><vector name="rb" x="61" y="0"/><vector name="head" x="-12" y="-129"/><int name="delay" value="110"/></canvas><uol name="15" value="../stand/0"/><uol name="16" value="../stand/1"/><uol name="17" value="../stand/2"/><uol name="18" value="../stand/3"/><uol name="19" value="../stand/4"/><uol name="20" value="../stand/5"/></imgdir><imgdir name="attack2"><imgdir name="info"><imgdir name="range"><vector name="lt" x="-350" y="-140"/><vector name="rb" x="30" y="10"/></imgdir><imgdir name="hit"><canvas name="0" width="50" height="44"><vector name="origin" x="32" y="38"/></canvas><canvas name="1" width="50" height="60"><vector name="origin" x="32" y="54"/></canvas><canvas name="2" width="62" height="87"><vector name="origin" x="39" y="81"/></canvas><canvas name="3" width="62" height="86"><vector name="origin" x="39" y="80"/></canvas><canvas name="4" width="60" height="86"><vector name="origin" x="38" y="80"/></canvas><canvas name="5" width="48" height="42"><vector name="origin" x="31" y="37"/></canvas><canvas name="6" width="45" height="37"><vector name="origin" x="30" y="35"/></canvas><int name="attach" value="1"/></imgdir><int name="type" value="0"/><int name="attackAfter" value="330"/><int name="PADamage" value="590"/></imgdir><canvas name="0" width="125" height="150"><vector name="origin" x="50" y="150"/><vector name="lt" x="-50" y="-150"/><vector name="rb" x="63" y="0"/><vector name="head" x="-11" y="-135"/><int name="delay" value="110"/></canvas><canvas name="1" width="131" height="171"><vector name="origin" x="48" y="148"/><vector name="lt" x="-48" y="-148"/><vector name="rb" x="65" y="0"/><vector name="head" x="-7" y="-133"/><int name="delay" value="110"/></canvas><canvas name="2" width="158" height="173"><vector name="origin" x="71" y="149"/><vector name="lt" x="-48" y="-148"/><vector name="rb" x="66" y="0"/><vector name="head" x="-7" y="-134"/><int name="delay" value="110"/></canvas><canvas name="3" width="159" height="173"><vector name="origin" x="71" y="149"/><vector name="lt" x="-48" y="-150"/><vector name="rb" x="66" y="0"/><vector name="head" x="-7" y="-134"/><int name="delay" value="110"/></canvas><canvas name="4" width="159" height="173"><vector name="origin" x="71" y="149"/><vector name="lt" x="-48" y="-150"/><vector name="rb" x="65" y="0"/><vector name="head" x="-7" y="-134"/><int name="delay" value="110"/></canvas><canvas name="5" width="168" height="176"><vector name="origin" x="97" y="152"/><vector name="lt" x="-48" y="-152"/><vector name="rb" x="60" y="0"/><vector name="head" x="-13" y="-137"/><int name="delay" value="110"/></canvas><canvas name="6" width="153" height="171"><vector name="origin" x="82" y="147"/><vector name="lt" x="-51" y="-147"/><vector name="rb" x="60" y="0"/><vector name="head" x="-13" y="-132"/><int name="delay" value="110"/></canvas><canvas name="7" width="140" height="167"><vector name="origin" x="70" y="144"/><vector name="lt" x="-51" y="-144"/><vector name="rb" x="60" y="0"/><vector name="head" x="-12" y="-129"/><int name="delay" value="110"/></canvas><canvas name="8" width="139" height="165"><vector name="origin" x="69" y="144"/><vector name="lt" x="-51" y="-144"/><vector name="rb" x="60" y="0"/><vector name="head" x="-12" y="-129"/><int name="delay" value="110"/></canvas><canvas name="9" width="133" height="144"><vector name="origin" x="66" y="144"/><vector name="lt" x="-51" y="-144"/><vector name="rb" x="60" y="0"/><vector name="head" x="-12" y="-129"/><int name="delay" value="110"/></canvas><canvas name="10" width="127" height="144"><vector name="origin" x="66" y="144"/><vector name="lt" x="-51" y="-144"/><vector name="rb" x="60" y="0"/><vector name="head" x="-12" y="-129"/><int name="delay" value="110"/></canvas><canvas name="11" width="127" height="144"><vector name="origin" x="66" y="144"/><vector name="lt" x="-51" y="-144"/><vector name="rb" x="60" y="0"/><vector name="head" x="-12" y="-129"/><int name="delay" value="110"/></canvas><canvas name="12" width="127" height="144"><vector name="origin" x="66" y="144"/><vector name="lt" x="-51" y="-144"/><vector name="rb" x="60" y="0"/><vector name="head" x="-12" y="-129"/><int name="delay" value="110"/></canvas><canvas name="13" width="127" height="144"><vector name="origin" x="66" y="144"/><vector name="lt" x="-51" y="-144"/><vector name="rb" x="60" y="0"/><vector name="head" x="-12" y="-129"/><int name="delay" value="110"/></canvas><canvas name="14" width="127" height="144"><vector name="origin" x="66" y="144"/><vector name="lt" x="-51" y="-144"/><vector name="rb" x="60" y="0"/><vector name="head" x="-12" y="-129"/><int name="delay" value="110"/></canvas><canvas name="15" width="127" height="144"><vector name="origin" x="66" y="144"/><vector name="lt" x="-51" y="-144"/><vector name="rb" x="60" y="0"/><vector name="head" x="-12" y="-129"/><int name="delay" value="110"/></canvas><uol name="16" value="../stand/0"/><uol name="17" value="../stand/1"/><uol name="18" value="../stand/2"/><uol name="19" value="../stand/3"/><uol name="20" value="../stand/4"/><uol name="21" value="../stand/5"/></imgdir><imgdir name="hit1"><canvas name="0" width="132" height="207"><vector name="origin" x="67" y="170"/><vector name="lt" x="-46" y="-160"/><vector name="head" x="3" y="-147"/><vector name="rb" x="63" y="0"/><int name="delay" value="600"/></canvas></imgdir><imgdir name="die1"><canvas name="0" width="117" height="154"><vector name="origin" x="44" y="145"/><vector name="head" x="-4" y="-130"/><int name="delay" value="130"/></canvas><canvas name="1" width="116" height="154"><vector name="origin" x="44" y="139"/><vector name="head" x="-3" y="-124"/><int name="delay" value="130"/></canvas><canvas name="2" width="121" height="148"><vector name="origin" x="48" y="141"/><vector name="head" x="-2" y="-126"/><int name="delay" value="130"/></canvas><canvas name="3" width="125" height="133"><vector name="origin" x="52" y="126"/><vector name="head" x="-3" y="-112"/><int name="delay" value="130"/></canvas><canvas name="4" width="130" height="134"><vector name="origin" x="56" y="128"/><vector name="head" x="-3" y="-114"/><int name="delay" value="130"/></canvas><canvas name="5" width="136" height="132"><vector name="origin" x="59" y="126"/><vector name="head" x="-3" y="-111"/><int name="delay" value="130"/></canvas><canvas name="6" width="138" height="126"><vector name="origin" x="59" y="121"/><vector name="head" x="-3" y="-106"/><int name="delay" value="130"/></canvas><canvas name="7" width="137" height="120"><vector name="origin" x="61" y="117"/><vector name="head" x="-3" y="-102"/><int name="a1" value="0"/><int name="a0" value="255"/><int name="delay" value="300"/></canvas></imgdir></imgdir>