<?xml version="1.0" encoding="UTF-8" standalone="yes"?><imgdir name="8210012.img"><imgdir name="info"><int name="hpTagColor" value="1"/><int name="hpTagBgcolor" value="5"/><int name="firstAttack" value="1"/><imgdir name="skill"><imgdir name="0"><int name="skill" value="142"/><int name="action" value="1"/><int name="level" value="2"/><int name="effectAfter" value="0"/></imgdir><imgdir name="1"><int name="skill" value="200"/><int name="action" value="2"/><int name="level" value="210"/><int name="effectAfter" value="0"/></imgdir><imgdir name="2"><int name="skill" value="200"/><int name="action" value="2"/><int name="level" value="211"/><int name="effectAfter" value="0"/></imgdir></imgdir><string name="link" value="8210013"/><int name="level" value="125"/><int name="bodyAttack" value="1"/><int name="maxHP" value="15504000"/><int name="maxMP" value="200000"/><int name="speed" value="-40"/><int name="PADamage" value="1000"/><int name="PDDamage" value="1000"/><int name="PDRate" value="25"/><int name="MADamage" value="1000"/><int name="MDDamage" value="1000"/><int name="MDRate" value="25"/><int name="acc" value="423"/><int name="eva" value="80"/><int name="pushed" value="10000"/><float name="fs" value="10.0"/><int name="boss" value="1"/><int name="exp" value="646000"/><int name="summonType" value="1"/><int name="category" value="8"/><int name="hpRecovery" value="10000"/><int name="mpRecovery" value="50000"/><string name="mobType" value="7N"/><imgdir name="attack"><imgdir name="0"><int name="action" value="1"/><int name="attackRatio" value="100"/><int name="type" value="0"/><int name="conMP" value="2"/><int name="doFirst" value="1"/></imgdir><imgdir name="1"><int name="action" value="2"/><int name="attackRatio" value="100"/><int name="type" value="1"/><int name="conMP" value="2"/><int name="magic" value="1"/><int name="mpBurn" value="1000"/><int name="knockback" value="1"/></imgdir><imgdir name="2"><int name="action" value="3"/><int name="attackRatio" value="100"/><int name="type" value="3"/><int name="conMP" value="5"/><int name="magic" value="1"/><int name="tremble" value="1"/></imgdir></imgdir></imgdir></imgdir>