<?xml version="1.0" encoding="UTF-8" standalone="yes"?><imgdir name="8210013.img"><imgdir name="info"><int name="hpTagColor" value="1"/><int name="hpTagBgcolor" value="5"/><int name="firstAttack" value="1"/><imgdir name="revive"><int name="0" value="8210014"/></imgdir><int name="level" value="70"/><int name="bodyAttack" value="1"/><int name="maxHP" value="31200000"/><int name="maxMP" value="30000000"/><int name="speed" value="-60"/><int name="PADamage" value="1000"/><int name="PDDamage" value="1000"/><int name="PDRate" value="30"/><int name="MADamage" value="1087"/><int name="MDDamage" value="1000"/><int name="MDRate" value="30"/><int name="acc" value="123"/><int name="eva" value="29"/><int name="pushed" value="199999"/><float name="fs" value="10.0"/><int name="boss" value="1"/><int name="exp" value="1300000"/><int name="summonType" value="1"/><int name="category" value="8"/><int name="hpRecovery" value="10000"/><int name="mpRecovery" value="50000"/><string name="mobType" value="7N"/><imgdir name="skill"><imgdir name="0"><int name="skill" value="142"/><int name="action" value="1"/><int name="level" value="1"/><int name="effectAfter" value="0"/><int name="skillAfter" value="1440"/></imgdir><imgdir name="1"><int name="skill" value="200"/><int name="action" value="2"/><int name="level" value="210"/><int name="effectAfter" value="0"/><int name="skillAfter" value="1560"/></imgdir><imgdir name="2"><int name="skill" value="200"/><int name="action" value="2"/><int name="level" value="211"/><int name="effectAfter" value="0"/><int name="skillAfter" value="1560"/></imgdir><imgdir name="3"><int name="skill" value="128"/><int name="action" value="3"/><int name="level" value="7"/><int name="effectAfter" value="0"/><int name="skillAfter" value="1440"/></imgdir><imgdir name="4"><int name="skill" value="126"/><int name="action" value="3"/><int name="level" value="3"/><int name="effectAfter" value="0"/><int name="skillAfter" value="1440"/></imgdir></imgdir></imgdir><imgdir name="stand"><canvas name="0" width="238" height="195"><vector name="origin" x="136" y="195"/><vector name="head" x="-34" y="-194"/><vector name="lt" x="-84" y="-192"/><vector name="rb" x="102" y="0"/><int name="delay" value="150"/></canvas><canvas name="1" width="239" height="194"><vector name="origin" x="137" y="194"/><vector name="head" x="-34" y="-194"/><vector name="lt" x="-84" y="-192"/><vector name="rb" x="102" y="0"/><int name="delay" value="150"/></canvas><canvas name="2" width="240" height="193"><vector name="origin" x="138" y="193"/><vector name="head" x="-34" y="-194"/><vector name="lt" x="-84" y="-192"/><vector name="rb" x="102" y="0"/><int name="delay" value="150"/></canvas><canvas name="3" width="240" height="192"><vector name="origin" x="138" y="192"/><vector name="head" x="-34" y="-194"/><vector name="lt" x="-84" y="-192"/><vector name="rb" x="102" y="0"/><int name="delay" value="150"/></canvas><canvas name="4" width="239" height="193"><vector name="origin" x="137" y="193"/><vector name="head" x="-34" y="-194"/><vector name="lt" x="-84" y="-192"/><vector name="rb" x="102" y="0"/><int name="delay" value="150"/></canvas><canvas name="5" width="238" height="194"><vector name="origin" x="136" y="194"/><vector name="head" x="-34" y="-194"/><vector name="lt" x="-84" y="-192"/><vector name="rb" x="102" y="0"/><int name="delay" value="150"/></canvas><canvas name="6" width="237" height="195"><vector name="origin" x="135" y="195"/><vector name="head" x="-34" y="-194"/><vector name="lt" x="-84" y="-192"/><vector name="rb" x="102" y="0"/><int name="delay" value="150"/></canvas><canvas name="7" width="237" height="196"><vector name="origin" x="135" y="196"/><vector name="head" x="-34" y="-194"/><vector name="lt" x="-84" y="-192"/><vector name="rb" x="102" y="0"/><int name="delay" value="150"/></canvas></imgdir><imgdir name="move"><canvas name="0" width="237" height="198"><vector name="origin" x="134" y="198"/><vector name="head" x="-34" y="-194"/><vector name="lt" x="-89" y="-190"/><vector name="rb" x="103" y="0"/><int name="delay" value="180"/></canvas><canvas name="1" width="237" height="199"><vector name="origin" x="133" y="199"/><vector name="head" x="-34" y="-194"/><vector name="lt" x="-89" y="-190"/><vector name="rb" x="103" y="0"/><int name="delay" value="180"/></canvas><canvas name="2" width="239" height="189"><vector name="origin" x="139" y="189"/><vector name="head" x="-34" y="-194"/><vector name="lt" x="-89" y="-190"/><vector name="rb" x="103" y="0"/><int name="delay" value="180"/></canvas><canvas name="3" width="240" height="188"><vector name="origin" x="140" y="188"/><vector name="head" x="-34" y="-194"/><vector name="lt" x="-89" y="-190"/><vector name="rb" x="103" y="0"/><int name="delay" value="180"/></canvas><canvas name="4" width="239" height="192"><vector name="origin" x="139" y="192"/><vector name="head" x="-34" y="-194"/><vector name="lt" x="-89" y="-190"/><vector name="rb" x="103" y="0"/><int name="delay" value="180"/></canvas><canvas name="5" width="237" height="255"><vector name="origin" x="134" y="198"/><vector name="head" x="-34" y="-194"/><vector name="lt" x="-89" y="-190"/><vector name="rb" x="103" y="0"/><int name="delay" value="180"/></canvas><canvas name="6" width="239" height="189"><vector name="origin" x="139" y="189"/><vector name="head" x="-34" y="-194"/><vector name="lt" x="-89" y="-190"/><vector name="rb" x="103" y="0"/><int name="delay" value="180"/></canvas><canvas name="7" width="240" height="188"><vector name="origin" x="140" y="188"/><vector name="head" x="-34" y="-194"/><vector name="lt" x="-89" y="-190"/><vector name="rb" x="103" y="0"/><int name="delay" value="180"/></canvas></imgdir><imgdir name="attack1"><imgdir name="info"><imgdir name="range"><vector name="lt" x="-316" y="-145"/><vector name="rb" x="-134" y="3"/></imgdir><imgdir name="hit"><canvas name="0" width="141" height="157"><vector name="origin" x="69" y="73"/><int name="delay" value="90"/></canvas><canvas name="1" width="151" height="142"><vector name="origin" x="75" y="77"/><int name="delay" value="90"/></canvas><canvas name="2" width="163" height="156"><vector name="origin" x="84" y="87"/><int name="delay" value="90"/></canvas><canvas name="3" width="138" height="133"><vector name="origin" x="68" y="71"/><int name="delay" value="90"/></canvas><canvas name="4" width="148" height="134"><vector name="origin" x="72" y="77"/><int name="delay" value="90"/></canvas><canvas name="5" width="149" height="134"><vector name="origin" x="74" y="76"/><int name="delay" value="90"/></canvas><int name="attach" value="1"/></imgdir><int name="attackAfter" value="1020"/><int name="type" value="0"/><int name="doFirst" value="1"/></imgdir><canvas name="0" width="237" height="198"><vector name="origin" x="134" y="198"/><vector name="head" x="-34" y="-194"/><vector name="lt" x="-84" y="-191"/><vector name="rb" x="103" y="0"/><int name="delay" value="120"/></canvas><canvas name="1" width="197" height="281"><vector name="origin" x="86" y="281"/><vector name="head" x="-34" y="-194"/><vector name="lt" x="-107" y="-155"/><vector name="rb" x="103" y="0"/><int name="delay" value="120"/></canvas><canvas name="2" width="285" height="325"><vector name="origin" x="69" y="325"/><vector name="head" x="-34" y="-194"/><vector name="lt" x="-84" y="-191"/><vector name="rb" x="103" y="0"/><int name="delay" value="120"/></canvas><canvas name="3" width="276" height="319"><vector name="origin" x="68" y="319"/><vector name="head" x="-34" y="-194"/><vector name="lt" x="-84" y="-191"/><vector name="rb" x="103" y="0"/><int name="delay" value="120"/></canvas><canvas name="4" width="261" height="310"><vector name="origin" x="67" y="310"/><vector name="head" x="-34" y="-194"/><vector name="lt" x="-84" y="-191"/><vector name="rb" x="103" y="0"/><int name="delay" value="120"/></canvas><canvas name="5" width="244" height="321"><vector name="origin" x="67" y="321"/><vector name="head" x="-34" y="-194"/><vector name="lt" x="-84" y="-191"/><vector name="rb" x="103" y="0"/><int name="delay" value="120"/></canvas><canvas name="6" width="228" height="320"><vector name="origin" x="67" y="320"/><vector name="head" x="-34" y="-194"/><vector name="lt" x="-84" y="-191"/><vector name="rb" x="103" y="0"/><int name="delay" value="90"/></canvas><canvas name="7" width="215" height="321"><vector name="origin" x="67" y="321"/><vector name="head" x="-34" y="-194"/><vector name="lt" x="-84" y="-191"/><vector name="rb" x="103" y="0"/><int name="delay" value="90"/></canvas><canvas name="8" width="377" height="282"><vector name="origin" x="286" y="277"/><vector name="head" x="-34" y="-194"/><vector name="lt" x="-84" y="-191"/><vector name="rb" x="103" y="0"/><int name="delay" value="60"/></canvas><canvas name="9" width="375" height="215"><vector name="origin" x="288" y="210"/><vector name="head" x="-34" y="-194"/><vector name="lt" x="-84" y="-191"/><vector name="rb" x="103" y="0"/><int name="delay" value="60"/></canvas><canvas name="10" width="378" height="201"><vector name="origin" x="292" y="197"/><vector name="head" x="-34" y="-194"/><vector name="lt" x="-84" y="-191"/><vector name="rb" x="103" y="0"/><int name="delay" value="60"/></canvas><canvas name="11" width="381" height="203"><vector name="origin" x="294" y="199"/><vector name="head" x="-34" y="-194"/><vector name="lt" x="-84" y="-191"/><vector name="rb" x="103" y="0"/><int name="delay" value="90"/></canvas><canvas name="12" width="388" height="204"><vector name="origin" x="297" y="200"/><vector name="head" x="-34" y="-194"/><vector name="lt" x="-84" y="-191"/><vector name="rb" x="103" y="0"/><int name="delay" value="90"/></canvas><canvas name="13" width="400" height="202"><vector name="origin" x="301" y="199"/><vector name="head" x="-34" y="-194"/><vector name="lt" x="-84" y="-191"/><vector name="rb" x="103" y="0"/><int name="delay" value="90"/></canvas><canvas name="14" width="237" height="198"><vector name="origin" x="134" y="198"/><vector name="head" x="-34" y="-194"/><vector name="lt" x="-84" y="-191"/><vector name="rb" x="103" y="0"/><int name="delay" value="90"/></canvas><uol name="15" value="../stand/0"/><uol name="16" value="../stand/1"/><uol name="17" value="../stand/2"/><uol name="18" value="../stand/3"/><uol name="19" value="../stand/4"/><uol name="20" value="../stand/5"/><uol name="21" value="../stand/6"/><uol name="22" value="../stand/7"/></imgdir><imgdir name="hit1"><canvas name="0" width="242" height="198"><vector name="origin" x="131" y="198"/><vector name="head" x="-34" y="-194"/><vector name="lt" x="-131" y="-198"/><vector name="rb" x="111" y="57"/><int name="delay" value="600"/></canvas></imgdir><imgdir name="die1"><canvas name="0" width="238" height="195"><vector name="origin" x="136" y="195"/><vector name="head" x="-34" y="-194"/><int name="delay" value="200"/></canvas><canvas name="1" width="242" height="198"><vector name="origin" x="131" y="198"/><vector name="head" x="-34" y="-194"/><int name="delay" value="150"/></canvas><canvas name="2" width="256" height="198"><vector name="origin" x="132" y="198"/><vector name="head" x="-34" y="-194"/><int name="delay" value="100"/></canvas><canvas name="3" width="255" height="198"><vector name="origin" x="133" y="198"/><vector name="head" x="-34" y="-194"/><int name="delay" value="100"/></canvas><canvas name="4" width="277" height="197"><vector name="origin" x="134" y="197"/><vector name="head" x="-34" y="-194"/><int name="delay" value="80"/></canvas><canvas name="5" width="342" height="180"><vector name="origin" x="157" y="174"/><vector name="head" x="-34" y="-194"/><int name="delay" value="80"/></canvas><canvas name="6" width="344" height="179"><vector name="origin" x="159" y="173"/><vector name="head" x="-34" y="-194"/><int name="delay" value="100"/></canvas><canvas name="7" width="344" height="178"><vector name="origin" x="159" y="172"/><vector name="head" x="-34" y="-194"/><int name="delay" value="150"/></canvas><canvas name="8" width="344" height="177"><vector name="origin" x="159" y="171"/><vector name="head" x="-34" y="-194"/><int name="delay" value="150"/></canvas><canvas name="9" width="344" height="176"><vector name="origin" x="159" y="170"/><vector name="head" x="-34" y="-194"/><int name="delay" value="200"/></canvas><canvas name="10" width="286" height="67"><vector name="origin" x="161" y="62"/><vector name="head" x="-34" y="-194"/><int name="delay" value="300"/></canvas></imgdir><imgdir name="skill1"><canvas name="0" width="238" height="195"><vector name="origin" x="136" y="195"/><vector name="head" x="-34" y="-194"/><vector name="lt" x="-136" y="-195"/><vector name="rb" x="102" y="0"/><int name="delay" value="120"/></canvas><canvas name="1" width="249" height="194"><vector name="origin" x="147" y="194"/><vector name="head" x="-34" y="-194"/><vector name="lt" x="-147" y="-194"/><vector name="rb" x="102" y="0"/><int name="delay" value="120"/></canvas><canvas name="2" width="301" height="216"><vector name="origin" x="199" y="216"/><vector name="head" x="-34" y="-194"/><vector name="lt" x="-128" y="-208"/><vector name="rb" x="102" y="0"/><int name="delay" value="120"/></canvas><canvas name="3" width="297" height="216"><vector name="origin" x="195" y="216"/><vector name="head" x="-34" y="-194"/><vector name="lt" x="-146" y="-193"/><vector name="rb" x="102" y="0"/><int name="delay" value="120"/></canvas><canvas name="4" width="299" height="208"><vector name="origin" x="197" y="208"/><vector name="head" x="-34" y="-194"/><vector name="lt" x="-197" y="-208"/><vector name="rb" x="102" y="0"/><int name="delay" value="120"/></canvas><canvas name="5" width="298" height="219"><vector name="origin" x="196" y="219"/><vector name="head" x="-34" y="-194"/><vector name="lt" x="-196" y="-219"/><vector name="rb" x="102" y="0"/><int name="delay" value="120"/></canvas><canvas name="6" width="294" height="217"><vector name="origin" x="192" y="217"/><vector name="head" x="-34" y="-194"/><vector name="lt" x="-192" y="-217"/><vector name="rb" x="102" y="0"/><int name="delay" value="120"/></canvas><canvas name="7" width="282" height="200"><vector name="origin" x="180" y="200"/><vector name="head" x="-34" y="-194"/><vector name="lt" x="-180" y="-200"/><vector name="rb" x="102" y="0"/><int name="delay" value="120"/></canvas><canvas name="8" width="293" height="226"><vector name="origin" x="191" y="226"/><vector name="head" x="-34" y="-194"/><vector name="lt" x="-169" y="-194"/><vector name="rb" x="102" y="0"/><int name="delay" value="120"/></canvas><canvas name="9" width="300" height="233"><vector name="origin" x="198" y="233"/><vector name="head" x="-34" y="-194"/><vector name="lt" x="-168" y="-198"/><vector name="rb" x="102" y="0"/><int name="delay" value="120"/></canvas><canvas name="10" width="340" height="377"><vector name="origin" x="228" y="377"/><vector name="head" x="-34" y="-194"/><vector name="lt" x="-169" y="-326"/><vector name="rb" x="112" y="0"/><int name="delay" value="120"/></canvas><canvas name="11" width="358" height="396"><vector name="origin" x="246" y="396"/><vector name="head" x="-34" y="-194"/><vector name="lt" x="-172" y="-314"/><vector name="rb" x="112" y="0"/><int name="delay" value="120"/></canvas><canvas name="12" width="366" height="414"><vector name="origin" x="254" y="414"/><vector name="head" x="-34" y="-194"/><vector name="lt" x="-170" y="-323"/><vector name="rb" x="112" y="0"/><int name="delay" value="90"/></canvas><canvas name="13" width="314" height="352"><vector name="origin" x="202" y="352"/><vector name="head" x="-34" y="-194"/><vector name="lt" x="-168" y="-319"/><vector name="rb" x="112" y="0"/><int name="delay" value="90"/></canvas><canvas name="14" width="307" height="344"><vector name="origin" x="202" y="344"/><vector name="head" x="-34" y="-194"/><vector name="lt" x="-153" y="-272"/><vector name="rb" x="105" y="0"/><int name="delay" value="90"/></canvas><canvas name="15" width="274" height="255"><vector name="origin" x="172" y="255"/><vector name="head" x="-34" y="-194"/><vector name="lt" x="-172" y="-255"/><vector name="rb" x="102" y="0"/><int name="delay" value="90"/></canvas><canvas name="16" width="254" height="195"><vector name="origin" x="152" y="195"/><vector name="head" x="-34" y="-194"/><vector name="lt" x="-152" y="-195"/><vector name="rb" x="102" y="0"/><int name="delay" value="90"/></canvas><canvas name="17" width="237" height="193"><vector name="origin" x="135" y="193"/><vector name="head" x="-34" y="-194"/><vector name="lt" x="-135" y="-193"/><vector name="rb" x="102" y="0"/><int name="delay" value="90"/></canvas><uol name="18" value="../stand/0"/><uol name="19" value="../stand/1"/><uol name="20" value="../stand/2"/><uol name="21" value="../stand/3"/><uol name="22" value="../stand/4"/><uol name="23" value="../stand/5"/><uol name="24" value="../stand/6"/><uol name="25" value="../stand/7"/><uol name="26" value="../stand/0"/><uol name="27" value="../stand/1"/><uol name="28" value="../stand/2"/><uol name="29" value="../stand/3"/><uol name="30" value="../stand/4"/><uol name="31" value="../stand/5"/><uol name="32" value="../stand/6"/><uol name="33" value="../stand/7"/></imgdir><imgdir name="skill2"><canvas name="0" width="238" height="195"><vector name="origin" x="136" y="195"/><vector name="head" x="-34" y="-194"/><vector name="lt" x="-136" y="-195"/><vector name="rb" x="102" y="0"/><int name="delay" value="120"/></canvas><canvas name="1" width="249" height="330"><vector name="origin" x="147" y="330"/><vector name="head" x="-34" y="-194"/><vector name="lt" x="-136" y="-195"/><vector name="rb" x="102" y="0"/><int name="delay" value="120"/></canvas><canvas name="2" width="262" height="374"><vector name="origin" x="160" y="374"/><vector name="head" x="-34" y="-194"/><vector name="lt" x="-136" y="-195"/><vector name="rb" x="102" y="0"/><int name="delay" value="120"/></canvas><canvas name="3" width="267" height="378"><vector name="origin" x="165" y="378"/><vector name="head" x="-34" y="-194"/><vector name="lt" x="-136" y="-195"/><vector name="rb" x="102" y="0"/><int name="delay" value="120"/></canvas><canvas name="4" width="269" height="379"><vector name="origin" x="167" y="379"/><vector name="head" x="-34" y="-194"/><vector name="lt" x="-136" y="-195"/><vector name="rb" x="102" y="0"/><int name="delay" value="120"/></canvas><canvas name="5" width="264" height="376"><vector name="origin" x="162" y="376"/><vector name="head" x="-34" y="-194"/><vector name="lt" x="-136" y="-195"/><vector name="rb" x="102" y="0"/><int name="delay" value="120"/></canvas><canvas name="6" width="264" height="375"><vector name="origin" x="162" y="375"/><vector name="head" x="-34" y="-194"/><vector name="lt" x="-136" y="-195"/><vector name="rb" x="102" y="0"/><int name="delay" value="120"/></canvas><canvas name="7" width="263" height="374"><vector name="origin" x="161" y="374"/><vector name="head" x="-34" y="-194"/><vector name="lt" x="-136" y="-195"/><vector name="rb" x="102" y="0"/><int name="delay" value="120"/></canvas><canvas name="8" width="268" height="379"><vector name="origin" x="166" y="379"/><vector name="head" x="-34" y="-194"/><vector name="lt" x="-136" y="-195"/><vector name="rb" x="102" y="0"/><int name="delay" value="120"/></canvas><canvas name="9" width="270" height="380"><vector name="origin" x="168" y="380"/><vector name="head" x="-34" y="-194"/><vector name="lt" x="-136" y="-195"/><vector name="rb" x="102" y="0"/><int name="delay" value="120"/></canvas><canvas name="10" width="281" height="380"><vector name="origin" x="169" y="380"/><vector name="head" x="-34" y="-194"/><vector name="lt" x="-137" y="-306"/><vector name="rb" x="112" y="0"/><int name="delay" value="120"/></canvas><canvas name="11" width="288" height="374"><vector name="origin" x="176" y="374"/><vector name="head" x="-34" y="-194"/><vector name="lt" x="-137" y="-306"/><vector name="rb" x="112" y="0"/><int name="delay" value="120"/></canvas><canvas name="12" width="288" height="375"><vector name="origin" x="176" y="375"/><vector name="head" x="-34" y="-194"/><vector name="lt" x="-137" y="-306"/><vector name="rb" x="112" y="0"/><int name="delay" value="90"/></canvas><canvas name="13" width="294" height="374"><vector name="origin" x="179" y="374"/><vector name="head" x="-34" y="-194"/><vector name="lt" x="-137" y="-306"/><vector name="rb" x="112" y="0"/><int name="delay" value="90"/></canvas><canvas name="14" width="283" height="362"><vector name="origin" x="151" y="362"/><vector name="head" x="-34" y="-194"/><vector name="lt" x="-137" y="-306"/><vector name="rb" x="112" y="0"/><int name="delay" value="90"/></canvas><canvas name="15" width="302" height="344"><vector name="origin" x="154" y="344"/><vector name="head" x="-34" y="-194"/><vector name="lt" x="-136" y="-195"/><vector name="rb" x="102" y="0"/><int name="delay" value="90"/></canvas><canvas name="16" width="254" height="321"><vector name="origin" x="152" y="321"/><vector name="head" x="-34" y="-194"/><vector name="lt" x="-136" y="-195"/><vector name="rb" x="102" y="0"/><int name="delay" value="90"/></canvas><canvas name="17" width="237" height="276"><vector name="origin" x="135" y="276"/><vector name="head" x="-34" y="-194"/><vector name="lt" x="-136" y="-195"/><vector name="rb" x="102" y="0"/><int name="delay" value="90"/></canvas><uol name="18" value="../stand/0"/><uol name="19" value="../stand/1"/><uol name="20" value="../stand/2"/><uol name="21" value="../stand/3"/><uol name="22" value="../stand/4"/><uol name="23" value="../stand/5"/><uol name="24" value="../stand/6"/><uol name="25" value="../stand/7"/><uol name="26" value="../stand/0"/><uol name="27" value="../stand/1"/><uol name="28" value="../stand/2"/><uol name="29" value="../stand/3"/><uol name="30" value="../stand/4"/><uol name="31" value="../stand/5"/><uol name="32" value="../stand/6"/><uol name="33" value="../stand/7"/></imgdir><imgdir name="skill3"><canvas name="0" width="238" height="195"><vector name="origin" x="136" y="195"/><vector name="head" x="-34" y="-194"/><vector name="lt" x="-136" y="-195"/><vector name="rb" x="102" y="0"/><int name="delay" value="120"/></canvas><canvas name="1" width="249" height="194"><vector name="origin" x="147" y="194"/><vector name="head" x="-34" y="-194"/><vector name="lt" x="-147" y="-194"/><vector name="rb" x="102" y="0"/><int name="delay" value="120"/></canvas><canvas name="2" width="301" height="216"><vector name="origin" x="199" y="216"/><vector name="head" x="-34" y="-194"/><vector name="lt" x="-128" y="-208"/><vector name="rb" x="102" y="0"/><int name="delay" value="120"/></canvas><canvas name="3" width="297" height="216"><vector name="origin" x="195" y="216"/><vector name="head" x="-34" y="-194"/><vector name="lt" x="-146" y="-193"/><vector name="rb" x="102" y="0"/><int name="delay" value="120"/></canvas><canvas name="4" width="299" height="208"><vector name="origin" x="197" y="208"/><vector name="head" x="-34" y="-194"/><vector name="lt" x="-197" y="-208"/><vector name="rb" x="102" y="0"/><int name="delay" value="120"/></canvas><canvas name="5" width="298" height="219"><vector name="origin" x="196" y="219"/><vector name="head" x="-34" y="-194"/><vector name="lt" x="-196" y="-219"/><vector name="rb" x="102" y="0"/><int name="delay" value="120"/></canvas><canvas name="6" width="294" height="217"><vector name="origin" x="192" y="217"/><vector name="head" x="-34" y="-194"/><vector name="lt" x="-192" y="-217"/><vector name="rb" x="102" y="0"/><int name="delay" value="120"/></canvas><canvas name="7" width="282" height="200"><vector name="origin" x="180" y="200"/><vector name="head" x="-34" y="-194"/><vector name="lt" x="-180" y="-200"/><vector name="rb" x="102" y="0"/><int name="delay" value="120"/></canvas><canvas name="8" width="293" height="226"><vector name="origin" x="191" y="226"/><vector name="head" x="-34" y="-194"/><vector name="lt" x="-169" y="-194"/><vector name="rb" x="102" y="0"/><int name="delay" value="120"/></canvas><canvas name="9" width="300" height="233"><vector name="origin" x="198" y="233"/><vector name="head" x="-34" y="-194"/><vector name="lt" x="-168" y="-198"/><vector name="rb" x="102" y="0"/><int name="delay" value="120"/></canvas><canvas name="10" width="340" height="377"><vector name="origin" x="228" y="377"/><vector name="head" x="-34" y="-194"/><vector name="lt" x="-169" y="-326"/><vector name="rb" x="112" y="0"/><int name="delay" value="120"/></canvas><canvas name="11" width="358" height="396"><vector name="origin" x="246" y="396"/><vector name="head" x="-34" y="-194"/><vector name="lt" x="-172" y="-314"/><vector name="rb" x="112" y="0"/><int name="delay" value="120"/></canvas><canvas name="12" width="366" height="414"><vector name="origin" x="254" y="414"/><vector name="head" x="-34" y="-194"/><vector name="lt" x="-170" y="-323"/><vector name="rb" x="112" y="0"/><int name="delay" value="90"/></canvas><canvas name="13" width="314" height="352"><vector name="origin" x="202" y="352"/><vector name="head" x="-34" y="-194"/><vector name="lt" x="-168" y="-319"/><vector name="rb" x="112" y="0"/><int name="delay" value="90"/></canvas><canvas name="14" width="307" height="344"><vector name="origin" x="202" y="344"/><vector name="head" x="-34" y="-194"/><vector name="lt" x="-153" y="-272"/><vector name="rb" x="105" y="0"/><int name="delay" value="90"/></canvas><canvas name="15" width="274" height="255"><vector name="origin" x="172" y="255"/><vector name="head" x="-34" y="-194"/><vector name="lt" x="-172" y="-255"/><vector name="rb" x="102" y="0"/><int name="delay" value="90"/></canvas><canvas name="16" width="254" height="195"><vector name="origin" x="152" y="195"/><vector name="head" x="-34" y="-194"/><vector name="lt" x="-152" y="-195"/><vector name="rb" x="102" y="0"/><int name="delay" value="90"/></canvas><canvas name="17" width="237" height="193"><vector name="origin" x="135" y="193"/><vector name="head" x="-34" y="-194"/><vector name="lt" x="-135" y="-193"/><vector name="rb" x="102" y="0"/><int name="delay" value="90"/></canvas><uol name="18" value="../stand/0"/><uol name="19" value="../stand/1"/><uol name="20" value="../stand/2"/><uol name="21" value="../stand/3"/><uol name="22" value="../stand/4"/><uol name="23" value="../stand/5"/><uol name="24" value="../stand/6"/><uol name="25" value="../stand/7"/><uol name="26" value="../stand/0"/><uol name="27" value="../stand/1"/><uol name="28" value="../stand/2"/><uol name="29" value="../stand/3"/><uol name="30" value="../stand/4"/><uol name="31" value="../stand/5"/><uol name="32" value="../stand/6"/><uol name="33" value="../stand/7"/></imgdir><imgdir name="attack3"><imgdir name="info"><imgdir name="areaWarning"><canvas name="0" width="1" height="1"><vector name="origin" x="0" y="0"/><int name="delay" value="1620"/></canvas><canvas name="1" width="210" height="550"><vector name="origin" x="96" y="550"/><int name="delay" value="90"/></canvas><canvas name="2" width="193" height="552"><vector name="origin" x="88" y="551"/><int name="delay" value="90"/></canvas><canvas name="3" width="197" height="549"><vector name="origin" x="83" y="548"/><int name="delay" value="90"/></canvas><canvas name="4" width="219" height="551"><vector name="origin" x="93" y="550"/><int name="delay" value="90"/></canvas><canvas name="5" width="241" height="552"><vector name="origin" x="103" y="551"/><int name="delay" value="90"/></canvas><canvas name="6" width="257" height="549"><vector name="origin" x="110" y="548"/><int name="delay" value="90"/></canvas><canvas name="7" width="257" height="551"><vector name="origin" x="112" y="550"/><int name="delay" value="90"/></canvas><canvas name="8" width="182" height="552"><vector name="origin" x="78" y="551"/><int name="delay" value="90"/></canvas><canvas name="9" width="154" height="549"><vector name="origin" x="72" y="548"/><int name="delay" value="90"/></canvas><canvas name="10" width="154" height="551"><vector name="origin" x="72" y="550"/><int name="delay" value="90"/></canvas><canvas name="11" width="154" height="552"><vector name="origin" x="72" y="551"/><int name="delay" value="90"/></canvas><canvas name="12" width="154" height="549"><vector name="origin" x="72" y="548"/><int name="delay" value="90"/></canvas><canvas name="13" width="154" height="551"><vector name="origin" x="72" y="550"/><int name="z" value="0"/><int name="a0" value="255"/><int name="a1" value="0"/></canvas></imgdir><imgdir name="hit"><canvas name="0" width="112" height="125"><vector name="origin" x="58" y="74"/><int name="delay" value="90"/></canvas><canvas name="1" width="111" height="126"><vector name="origin" x="57" y="79"/><int name="delay" value="90"/></canvas><canvas name="2" width="112" height="123"><vector name="origin" x="57" y="82"/><int name="delay" value="90"/></canvas><canvas name="3" width="117" height="130"><vector name="origin" x="58" y="82"/><int name="delay" value="90"/></canvas><canvas name="4" width="126" height="137"><vector name="origin" x="61" y="84"/><int name="delay" value="90"/></canvas><canvas name="5" width="94" height="122"><vector name="origin" x="50" y="96"/><int name="delay" value="90"/></canvas></imgdir><int name="effectAfter" value="0"/><int name="attackAfter" value="1620"/><int name="randDelayAttack" value="1500"/><imgdir name="range"><vector name="lt" x="-316" y="-145"/><vector name="rb" x="-134" y="3"/></imgdir><int name="type" value="3"/><int name="magic" value="1"/></imgdir><canvas name="0" width="238" height="195"><vector name="origin" x="136" y="195"/><vector name="head" x="-34" y="-194"/><vector name="lt" x="-136" y="-195"/><vector name="rb" x="102" y="0"/><int name="delay" value="120"/></canvas><canvas name="1" width="239" height="187"><vector name="origin" x="137" y="187"/><vector name="head" x="-34" y="-194"/><vector name="lt" x="-137" y="-187"/><vector name="rb" x="102" y="0"/><int name="delay" value="120"/></canvas><canvas name="2" width="240" height="185"><vector name="origin" x="138" y="185"/><vector name="head" x="-34" y="-194"/><vector name="lt" x="-138" y="-185"/><vector name="rb" x="102" y="0"/><int name="delay" value="120"/></canvas><canvas name="3" width="240" height="183"><vector name="origin" x="138" y="183"/><vector name="head" x="-34" y="-194"/><vector name="lt" x="-138" y="-183"/><vector name="rb" x="102" y="0"/><int name="delay" value="120"/></canvas><canvas name="4" width="240" height="182"><vector name="origin" x="138" y="182"/><vector name="head" x="-33" y="-209"/><vector name="lt" x="-138" y="-182"/><vector name="rb" x="102" y="0"/><int name="delay" value="120"/></canvas><canvas name="5" width="278" height="223"><vector name="origin" x="138" y="223"/><vector name="head" x="-34" y="-194"/><vector name="lt" x="-138" y="-223"/><vector name="rb" x="140" y="0"/><int name="delay" value="120"/></canvas><canvas name="6" width="294" height="291"><vector name="origin" x="150" y="290"/><vector name="head" x="-33" y="-301"/><vector name="lt" x="-150" y="-290"/><vector name="rb" x="144" y="1"/><int name="delay" value="120"/></canvas><canvas name="7" width="293" height="330"><vector name="origin" x="150" y="328"/><vector name="head" x="-33" y="-301"/><vector name="lt" x="-150" y="-328"/><vector name="rb" x="143" y="2"/><int name="delay" value="120"/></canvas><canvas name="8" width="285" height="337"><vector name="origin" x="150" y="336"/><vector name="head" x="-33" y="-301"/><vector name="lt" x="-150" y="-336"/><vector name="rb" x="135" y="1"/><int name="delay" value="120"/></canvas><canvas name="9" width="270" height="342"><vector name="origin" x="150" y="342"/><vector name="head" x="-33" y="-301"/><vector name="lt" x="-150" y="-342"/><vector name="rb" x="120" y="0"/><int name="delay" value="120"/></canvas><canvas name="10" width="258" height="344"><vector name="origin" x="150" y="347"/><vector name="head" x="-33" y="-301"/><vector name="lt" x="-150" y="-347"/><vector name="rb" x="108" y="-3"/><int name="delay" value="90"/></canvas><canvas name="11" width="258" height="341"><vector name="origin" x="150" y="345"/><vector name="head" x="-33" y="-301"/><vector name="lt" x="-150" y="-345"/><vector name="rb" x="108" y="-4"/><int name="delay" value="90"/></canvas><canvas name="12" width="258" height="232"><vector name="origin" x="150" y="344"/><vector name="head" x="-33" y="-301"/><vector name="lt" x="-150" y="-344"/><vector name="rb" x="108" y="-112"/><int name="delay" value="60"/></canvas><canvas name="13" width="258" height="235"><vector name="origin" x="150" y="348"/><vector name="head" x="-33" y="-301"/><vector name="lt" x="-150" y="-348"/><vector name="rb" x="108" y="-113"/><int name="delay" value="60"/></canvas><canvas name="14" width="258" height="236"><vector name="origin" x="150" y="349"/><vector name="head" x="-33" y="-301"/><vector name="lt" x="-150" y="-349"/><vector name="rb" x="108" y="-113"/><int name="delay" value="60"/></canvas><canvas name="15" width="248" height="319"><vector name="origin" x="138" y="317"/><vector name="head" x="-34" y="-194"/><vector name="lt" x="-138" y="-317"/><vector name="rb" x="110" y="2"/><int name="delay" value="60"/></canvas><canvas name="16" width="242" height="228"><vector name="origin" x="139" y="226"/><vector name="head" x="-34" y="-194"/><vector name="lt" x="-139" y="-226"/><vector name="rb" x="103" y="2"/><int name="delay" value="120"/></canvas><canvas name="17" width="250" height="204"><vector name="origin" x="140" y="202"/><vector name="head" x="-34" y="-194"/><vector name="lt" x="-140" y="-202"/><vector name="rb" x="110" y="2"/><int name="delay" value="120"/></canvas><canvas name="18" width="261" height="180"><vector name="origin" x="140" y="178"/><vector name="head" x="-34" y="-194"/><vector name="lt" x="-140" y="-178"/><vector name="rb" x="121" y="2"/><int name="delay" value="120"/></canvas><canvas name="19" width="271" height="180"><vector name="origin" x="140" y="178"/><vector name="head" x="-34" y="-194"/><vector name="lt" x="-140" y="-178"/><vector name="rb" x="131" y="2"/><int name="delay" value="120"/></canvas><canvas name="20" width="239" height="189"><vector name="origin" x="137" y="187"/><vector name="head" x="-34" y="-194"/><vector name="lt" x="-137" y="-187"/><vector name="rb" x="102" y="2"/><int name="delay" value="120"/></canvas><uol name="21" value="../stand/0"/><uol name="22" value="../stand/1"/><uol name="23" value="../stand/2"/><uol name="24" value="../stand/3"/><uol name="25" value="../stand/4"/><uol name="26" value="../stand/5"/><uol name="27" value="../stand/0"/><uol name="28" value="../stand/1"/><uol name="29" value="../stand/2"/><uol name="30" value="../stand/3"/><uol name="31" value="../stand/4"/><uol name="32" value="../stand/5"/><uol name="33" value="../stand/6"/><uol name="34" value="../stand/7"/></imgdir><imgdir name="attack2"><imgdir name="info"><imgdir name="hit"><canvas name="0" width="109" height="100"><vector name="origin" x="57" y="50"/><int name="delay" value="120"/></canvas><canvas name="1" width="199" height="133"><vector name="origin" x="102" y="66"/><int name="delay" value="120"/></canvas><canvas name="2" width="205" height="137"><vector name="origin" x="104" y="69"/><int name="delay" value="120"/></canvas><canvas name="3" width="209" height="147"><vector name="origin" x="106" y="75"/><int name="delay" value="120"/></canvas><canvas name="4" width="205" height="145"><vector name="origin" x="104" y="70"/><int name="delay" value="120"/></canvas><int name="attach" value="1"/></imgdir><int name="attackAfter" value="1080"/><imgdir name="range"><int name="r" value="300"/><vector name="sp" x="-118" y="-81"/></imgdir><int name="type" value="1"/><int name="magic" value="1"/><int name="knockback" value="1"/></imgdir><canvas name="0" width="237" height="198"><vector name="origin" x="134" y="198"/><vector name="head" x="-34" y="-194"/><vector name="lt" x="-87" y="-193"/><vector name="rb" x="103" y="0"/><int name="delay" value="90"/></canvas><canvas name="1" width="246" height="210"><vector name="origin" x="139" y="200"/><vector name="head" x="-34" y="-194"/><vector name="lt" x="-87" y="-193"/><vector name="rb" x="103" y="0"/><int name="delay" value="90"/></canvas><canvas name="2" width="247" height="206"><vector name="origin" x="136" y="202"/><vector name="head" x="-34" y="-194"/><vector name="lt" x="-87" y="-193"/><vector name="rb" x="103" y="0"/><int name="delay" value="90"/></canvas><canvas name="3" width="245" height="206"><vector name="origin" x="132" y="202"/><vector name="head" x="-34" y="-194"/><vector name="lt" x="-87" y="-193"/><vector name="rb" x="103" y="0"/><int name="delay" value="90"/></canvas><canvas name="4" width="240" height="202"><vector name="origin" x="127" y="202"/><vector name="head" x="-34" y="-194"/><vector name="lt" x="-87" y="-193"/><vector name="rb" x="103" y="0"/><int name="delay" value="120"/></canvas><canvas name="5" width="240" height="202"><vector name="origin" x="127" y="202"/><vector name="head" x="-34" y="-194"/><vector name="lt" x="-87" y="-193"/><vector name="rb" x="103" y="0"/><int name="delay" value="120"/></canvas><canvas name="6" width="240" height="202"><vector name="origin" x="127" y="202"/><vector name="head" x="-34" y="-194"/><vector name="lt" x="-87" y="-193"/><vector name="rb" x="103" y="0"/><int name="delay" value="120"/></canvas><canvas name="7" width="240" height="202"><vector name="origin" x="127" y="202"/><vector name="head" x="-34" y="-194"/><vector name="lt" x="-87" y="-193"/><vector name="rb" x="103" y="0"/><int name="delay" value="120"/></canvas><canvas name="8" width="240" height="202"><vector name="origin" x="127" y="202"/><vector name="head" x="-34" y="-194"/><vector name="lt" x="-87" y="-193"/><vector name="rb" x="103" y="0"/><int name="delay" value="120"/></canvas><canvas name="9" width="240" height="202"><vector name="origin" x="127" y="202"/><vector name="head" x="-34" y="-194"/><vector name="lt" x="-87" y="-193"/><vector name="rb" x="103" y="0"/><int name="delay" value="120"/></canvas><canvas name="10" width="305" height="216"><vector name="origin" x="210" y="204"/><vector name="head" x="-34" y="-194"/><vector name="lt" x="-87" y="-193"/><vector name="rb" x="103" y="0"/><int name="delay" value="120"/></canvas><canvas name="11" width="344" height="248"><vector name="origin" x="249" y="204"/><vector name="head" x="-34" y="-194"/><vector name="lt" x="-87" y="-193"/><vector name="rb" x="103" y="0"/><int name="delay" value="120"/></canvas><canvas name="12" width="359" height="252"><vector name="origin" x="262" y="208"/><vector name="head" x="-34" y="-194"/><vector name="lt" x="-87" y="-193"/><vector name="rb" x="103" y="0"/><int name="delay" value="120"/></canvas><canvas name="13" width="379" height="254"><vector name="origin" x="272" y="210"/><vector name="head" x="-34" y="-194"/><vector name="lt" x="-87" y="-193"/><vector name="rb" x="103" y="0"/><int name="delay" value="90"/></canvas><canvas name="14" width="387" height="255"><vector name="origin" x="276" y="211"/><vector name="head" x="-34" y="-194"/><vector name="lt" x="-87" y="-193"/><vector name="rb" x="103" y="0"/><int name="delay" value="90"/></canvas><canvas name="15" width="399" height="260"><vector name="origin" x="282" y="213"/><vector name="head" x="-34" y="-194"/><vector name="lt" x="-87" y="-193"/><vector name="rb" x="103" y="0"/><int name="delay" value="90"/></canvas><canvas name="16" width="389" height="238"><vector name="origin" x="277" y="205"/><vector name="head" x="-34" y="-194"/><vector name="lt" x="-87" y="-193"/><vector name="rb" x="103" y="0"/><int name="delay" value="90"/></canvas><canvas name="17" width="238" height="199"><vector name="origin" x="139" y="199"/><vector name="head" x="-34" y="-194"/><vector name="lt" x="-87" y="-193"/><vector name="rb" x="103" y="0"/><int name="delay" value="90"/></canvas><uol name="18" value="../stand/0"/><uol name="19" value="../stand/1"/><uol name="20" value="../stand/2"/><uol name="21" value="../stand/3"/><uol name="22" value="../stand/4"/><uol name="23" value="../stand/5"/><uol name="24" value="../stand/6"/><uol name="25" value="../stand/7"/><uol name="26" value="../stand/0"/><uol name="27" value="../stand/1"/><uol name="28" value="../stand/2"/><uol name="29" value="../stand/3"/><uol name="30" value="../stand/4"/><uol name="31" value="../stand/5"/><uol name="32" value="../stand/6"/><uol name="33" value="../stand/7"/></imgdir></imgdir>