<?xml version="1.0" encoding="UTF-8" standalone="yes"?><imgdir name="8210002.img"><imgdir name="info"><int name="firstAttack" value="1"/><int name="partyBonusMob" value="1"/><int name="level" value="120"/><int name="bodyAttack" value="1"/><int name="maxHP" value="1000000"/><int name="maxMP" value="330000"/><int name="speed" value="-20"/><int name="PADamage" value="640"/><int name="PDDamage" value="1000"/><int name="PDRate" value="20"/><int name="MADamage" value="720"/><int name="MDDamage" value="700"/><int name="MDRate" value="20"/><int name="acc" value="360"/><int name="eva" value="42"/><int name="pushed" value="3500"/><float name="fs" value="10.0"/><int name="boss" value="0"/><int name="exp" value="41666"/><int name="category" value="1"/><int name="hpRecovery" value="85000"/><string name="mobType" value="7H"/></imgdir><imgdir name="stand"><canvas name="0" width="155" height="115"><vector name="origin" x="100" y="115"/><vector name="head" x="-41" y="-99"/><vector name="lt" x="-84" y="-115"/><vector name="rb" x="48" y="0"/><int name="delay" value="150"/></canvas><canvas name="1" width="155" height="114"><vector name="origin" x="100" y="114"/><vector name="head" x="-41" y="-99"/><vector name="lt" x="-84" y="-115"/><vector name="rb" x="48" y="0"/><int name="delay" value="150"/></canvas><canvas name="2" width="155" height="113"><vector name="origin" x="100" y="113"/><vector name="head" x="-41" y="-99"/><vector name="lt" x="-84" y="-115"/><vector name="rb" x="48" y="0"/><int name="delay" value="150"/></canvas><canvas name="3" width="155" height="112"><vector name="origin" x="100" y="112"/><vector name="head" x="-41" y="-99"/><vector name="lt" x="-84" y="-115"/><vector name="rb" x="48" y="0"/><int name="delay" value="150"/></canvas><canvas name="4" width="155" height="113"><vector name="origin" x="100" y="113"/><vector name="head" x="-41" y="-99"/><vector name="lt" x="-84" y="-115"/><vector name="rb" x="48" y="0"/><int name="delay" value="150"/></canvas><canvas name="5" width="155" height="114"><vector name="origin" x="100" y="114"/><vector name="head" x="-41" y="-99"/><vector name="lt" x="-84" y="-115"/><vector name="rb" x="48" y="0"/><int name="delay" value="150"/></canvas></imgdir><imgdir name="move"><canvas name="0" width="155" height="115"><vector name="origin" x="100" y="115"/><vector name="head" x="-41" y="-99"/><vector name="lt" x="-85" y="-115"/><vector name="rb" x="48" y="0"/></canvas><canvas name="1" width="155" height="116"><vector name="origin" x="100" y="116"/><vector name="head" x="-41" y="-99"/><vector name="lt" x="-85" y="-115"/><vector name="rb" x="48" y="0"/></canvas><canvas name="2" width="155" height="113"><vector name="origin" x="100" y="113"/><vector name="head" x="-41" y="-99"/><vector name="lt" x="-85" y="-115"/><vector name="rb" x="48" y="0"/></canvas><canvas name="3" width="155" height="115"><vector name="origin" x="100" y="115"/><vector name="head" x="-41" y="-99"/><vector name="lt" x="-85" y="-115"/><vector name="rb" x="48" y="0"/></canvas><canvas name="4" width="155" height="116"><vector name="origin" x="100" y="116"/><vector name="head" x="-41" y="-99"/><vector name="lt" x="-85" y="-115"/><vector name="rb" x="48" y="0"/></canvas><canvas name="5" width="155" height="113"><vector name="origin" x="100" y="113"/><vector name="head" x="-41" y="-99"/><vector name="lt" x="-85" y="-115"/><vector name="rb" x="48" y="0"/></canvas></imgdir><imgdir name="attack1"><imgdir name="info"><imgdir name="range"><vector name="lt" x="-242" y="-64"/><vector name="rb" x="62" y="8"/></imgdir><imgdir name="hit"><canvas name="0" width="141" height="142"><vector name="origin" x="62" y="68"/></canvas><canvas name="1" width="168" height="153"><vector name="origin" x="72" y="76"/></canvas><canvas name="2" width="181" height="170"><vector name="origin" x="76" y="86"/></canvas><canvas name="3" width="181" height="164"><vector name="origin" x="77" y="78"/></canvas><canvas name="4" width="142" height="133"><vector name="origin" x="74" y="67"/></canvas></imgdir><int name="type" value="0"/><int name="attackAfter" value="870"/><int name="PADamage" value="735"/><int name="attackCount" value="3"/></imgdir><canvas name="0" width="155" height="115"><vector name="origin" x="100" y="115"/><vector name="head" x="-41" y="-98"/><vector name="lt" x="-85" y="-116"/><vector name="rb" x="24" y="0"/></canvas><canvas name="1" width="193" height="132"><vector name="origin" x="104" y="123"/><vector name="head" x="-29" y="-96"/><vector name="lt" x="-85" y="-116"/><vector name="rb" x="24" y="0"/></canvas><canvas name="2" width="210" height="124"><vector name="origin" x="112" y="118"/><vector name="head" x="-24" y="-97"/><vector name="lt" x="-85" y="-116"/><vector name="rb" x="24" y="0"/></canvas><canvas name="3" width="212" height="128"><vector name="origin" x="112" y="120"/><vector name="head" x="-23" y="-96"/><vector name="lt" x="-85" y="-116"/><vector name="rb" x="24" y="0"/></canvas><canvas name="4" width="216" height="130"><vector name="origin" x="113" y="121"/><vector name="head" x="-22" y="-97"/><vector name="lt" x="-85" y="-116"/><vector name="rb" x="24" y="0"/></canvas><canvas name="5" width="216" height="131"><vector name="origin" x="112" y="122"/><vector name="head" x="-21" y="-96"/><vector name="lt" x="-85" y="-116"/><vector name="rb" x="24" y="0"/></canvas><canvas name="6" width="216" height="131"><vector name="origin" x="112" y="122"/><vector name="head" x="-21" y="-96"/><vector name="lt" x="-85" y="-116"/><vector name="rb" x="24" y="0"/></canvas><canvas name="7" width="272" height="134"><vector name="origin" x="216" y="124"/><vector name="head" x="-72" y="-99"/><vector name="lt" x="-117" y="-115"/><vector name="rb" x="16" y="-1"/></canvas><canvas name="8" width="274" height="132"><vector name="origin" x="201" y="122"/><vector name="head" x="-58" y="-97"/><vector name="lt" x="-117" y="-115"/><vector name="rb" x="16" y="-1"/></canvas><canvas name="9" width="273" height="143"><vector name="origin" x="212" y="124"/><vector name="head" x="-72" y="-98"/><vector name="lt" x="-117" y="-115"/><vector name="rb" x="16" y="-1"/></canvas><canvas name="10" width="269" height="139"><vector name="origin" x="195" y="121"/><vector name="head" x="-58" y="-96"/><vector name="lt" x="-117" y="-115"/><vector name="rb" x="16" y="-1"/></canvas><canvas name="11" width="267" height="132"><vector name="origin" x="243" y="121"/><vector name="head" x="-72" y="-99"/><vector name="lt" x="-117" y="-115"/><vector name="rb" x="16" y="-1"/></canvas><canvas name="12" width="306" height="114"><vector name="origin" x="234" y="113"/><vector name="head" x="-58" y="-97"/><vector name="lt" x="-102" y="-114"/><vector name="rb" x="31" y="0"/></canvas><canvas name="13" width="260" height="113"><vector name="origin" x="202" y="113"/><vector name="head" x="-46" y="-97"/><vector name="lt" x="-102" y="-114"/><vector name="rb" x="31" y="0"/></canvas><uol name="14" value="../stand/0"/><uol name="15" value="../stand/1"/><uol name="16" value="../stand/2"/><uol name="17" value="../stand/3"/><uol name="18" value="../stand/4"/><uol name="19" value="../stand/5"/></imgdir><imgdir name="hit1"><canvas name="0" width="139" height="123"><vector name="origin" x="81" y="123"/><vector name="head" x="-38" y="-98"/><vector name="lt" x="-81" y="-123"/><vector name="rb" x="58" y="0"/><int name="delay" value="600"/></canvas></imgdir><imgdir name="die1"><canvas name="0" width="155" height="115"><vector name="origin" x="100" y="115"/><vector name="head" x="-41" y="-99"/><int name="delay" value="120"/></canvas><canvas name="1" width="139" height="123"><vector name="origin" x="62" y="123"/><vector name="head" x="-19" y="-98"/><int name="delay" value="120"/></canvas><canvas name="2" width="135" height="116"><vector name="origin" x="54" y="116"/><vector name="head" x="-11" y="-98"/><int name="delay" value="120"/></canvas><canvas name="3" width="128" height="115"><vector name="origin" x="46" y="115"/><vector name="head" x="-3" y="-98"/><int name="delay" value="120"/></canvas><canvas name="4" width="128" height="115"><vector name="origin" x="44" y="115"/><vector name="head" x="-1" y="-98"/><int name="delay" value="120"/></canvas><canvas name="5" width="128" height="115"><vector name="origin" x="43" y="115"/><vector name="head" x="0" y="-98"/><int name="delay" value="120"/></canvas><canvas name="6" width="128" height="115"><vector name="origin" x="42" y="115"/><vector name="head" x="1" y="-99"/><int name="delay" value="120"/></canvas><canvas name="7" width="128" height="115"><vector name="origin" x="42" y="115"/><vector name="head" x="1" y="-98"/><int name="delay" value="120"/></canvas><canvas name="8" width="128" height="114"><vector name="origin" x="43" y="114"/><vector name="head" x="0" y="-97"/><int name="delay" value="120"/></canvas><canvas name="9" width="126" height="102"><vector name="origin" x="46" y="100"/><vector name="head" x="-3" y="-84"/><int name="delay" value="120"/></canvas><canvas name="10" width="126" height="96"><vector name="origin" x="46" y="94"/><vector name="head" x="-3" y="-78"/><int name="delay" value="120"/></canvas><canvas name="11" width="126" height="94"><vector name="origin" x="46" y="92"/><vector name="head" x="-3" y="-75"/><int name="delay" value="120"/></canvas><canvas name="12" width="126" height="92"><vector name="origin" x="46" y="92"/><vector name="head" x="-2" y="-76"/><int name="delay" value="120"/></canvas></imgdir></imgdir>