<?xml version="1.0" encoding="UTF-8" standalone="yes"?><imgdir name="8210004.img"><imgdir name="info"><int name="firstAttack" value="1"/><int name="partyBonusMob" value="1"/><int name="level" value="125"/><int name="bodyAttack" value="1"/><int name="maxHP" value="1100000"/><int name="maxMP" value="380000"/><int name="speed" value="20"/><int name="PADamage" value="650"/><int name="PDDamage" value="850"/><int name="PDRate" value="20"/><int name="MADamage" value="750"/><int name="MDDamage" value="750"/><int name="MDRate" value="20"/><int name="acc" value="423"/><int name="eva" value="44"/><int name="pushed" value="3600"/><float name="fs" value="10.0"/><int name="boss" value="0"/><int name="exp" value="45833"/><int name="category" value="1"/><int name="hpRecovery" value="95000"/><string name="mobType" value="7H"/></imgdir><imgdir name="stand"><canvas name="0" width="190" height="109"><vector name="origin" x="103" y="138"/><vector name="head" x="-45" y="-102"/><vector name="lt" x="-59" y="-122"/><vector name="rb" x="45" y="-33"/></canvas><canvas name="1" width="188" height="128"><vector name="origin" x="103" y="156"/><vector name="head" x="-45" y="-102"/><vector name="lt" x="-59" y="-122"/><vector name="rb" x="45" y="-33"/></canvas><canvas name="2" width="188" height="120"><vector name="origin" x="103" y="147"/><vector name="head" x="-45" y="-102"/><vector name="lt" x="-59" y="-122"/><vector name="rb" x="45" y="-33"/></canvas><canvas name="3" width="193" height="103"><vector name="origin" x="103" y="131"/><vector name="head" x="-45" y="-102"/><vector name="lt" x="-59" y="-122"/><vector name="rb" x="45" y="-33"/></canvas><canvas name="4" width="189" height="103"><vector name="origin" x="103" y="132"/><vector name="head" x="-45" y="-102"/><vector name="lt" x="-59" y="-122"/><vector name="rb" x="45" y="-33"/></canvas><canvas name="5" width="182" height="103"><vector name="origin" x="103" y="133"/><vector name="head" x="-45" y="-102"/><vector name="lt" x="-59" y="-122"/><vector name="rb" x="45" y="-33"/></canvas></imgdir><imgdir name="move"><canvas name="0" width="188" height="116"><vector name="origin" x="101" y="138"/><vector name="head" x="-45" y="-102"/><vector name="lt" x="-58" y="-124"/><vector name="rb" x="48" y="-36"/></canvas><canvas name="1" width="186" height="135"><vector name="origin" x="101" y="156"/><vector name="head" x="-45" y="-102"/><vector name="lt" x="-58" y="-124"/><vector name="rb" x="48" y="-36"/></canvas><canvas name="2" width="186" height="127"><vector name="origin" x="101" y="147"/><vector name="head" x="-45" y="-102"/><vector name="lt" x="-58" y="-124"/><vector name="rb" x="48" y="-36"/></canvas><canvas name="3" width="191" height="110"><vector name="origin" x="101" y="131"/><vector name="head" x="-45" y="-102"/><vector name="lt" x="-58" y="-124"/><vector name="rb" x="48" y="-36"/></canvas><canvas name="4" width="187" height="110"><vector name="origin" x="101" y="132"/><vector name="head" x="-45" y="-102"/><vector name="lt" x="-58" y="-124"/><vector name="rb" x="48" y="-36"/></canvas><canvas name="5" width="176" height="110"><vector name="origin" x="101" y="133"/><vector name="head" x="-45" y="-102"/><vector name="lt" x="-58" y="-124"/><vector name="rb" x="48" y="-36"/></canvas></imgdir><imgdir name="attack1"><imgdir name="info"><imgdir name="range"><vector name="lt" x="-180" y="-151"/><vector name="rb" x="7" y="5"/></imgdir><imgdir name="hit"><canvas name="0" width="163" height="109"><vector name="origin" x="76" y="55"/><vector name="head" x="-45" y="-102"/><vector name="lt" x="-314" y="-93"/><vector name="rb" x="-151" y="16"/></canvas><canvas name="1" width="153" height="114"><vector name="origin" x="73" y="59"/><vector name="head" x="-45" y="-102"/><vector name="lt" x="-310" y="-96"/><vector name="rb" x="-157" y="18"/></canvas><canvas name="2" width="159" height="124"><vector name="origin" x="78" y="65"/><vector name="head" x="-45" y="-102"/><vector name="lt" x="-313" y="-101"/><vector name="rb" x="-154" y="23"/></canvas><canvas name="3" width="161" height="123"><vector name="origin" x="78" y="66"/><vector name="head" x="-45" y="-102"/><vector name="lt" x="-312" y="-100"/><vector name="rb" x="-151" y="23"/></canvas><canvas name="4" width="93" height="68"><vector name="origin" x="46" y="38"/><vector name="head" x="-45" y="-102"/><vector name="lt" x="-278" y="-74"/><vector name="rb" x="-185" y="-6"/></canvas></imgdir><int name="type" value="0"/><int name="attackAfter" value="960"/><int name="PADamage" value="650"/></imgdir><canvas name="0" width="190" height="109"><vector name="origin" x="103" y="138"/><vector name="head" x="-45" y="-102"/><vector name="lt" x="-58" y="-121"/><vector name="rb" x="44" y="-32"/></canvas><canvas name="1" width="191" height="129"><vector name="origin" x="94" y="156"/><vector name="head" x="-31" y="-100"/><vector name="lt" x="-44" y="-122"/><vector name="rb" x="57" y="-33"/></canvas><canvas name="2" width="197" height="155"><vector name="origin" x="91" y="147"/><vector name="head" x="-26" y="-100"/><vector name="lt" x="-44" y="-122"/><vector name="rb" x="57" y="-33"/></canvas><canvas name="3" width="197" height="137"><vector name="origin" x="81" y="129"/><vector name="head" x="-22" y="-98"/><vector name="lt" x="-38" y="-122"/><vector name="rb" x="64" y="-33"/></canvas><canvas name="4" width="192" height="134"><vector name="origin" x="75" y="129"/><vector name="head" x="-22" y="-98"/><vector name="lt" x="-38" y="-122"/><vector name="rb" x="64" y="-33"/></canvas><canvas name="5" width="184" height="128"><vector name="origin" x="66" y="129"/><vector name="head" x="-22" y="-98"/><vector name="lt" x="-38" y="-122"/><vector name="rb" x="64" y="-33"/></canvas><canvas name="6" width="178" height="133"><vector name="origin" x="59" y="138"/><vector name="head" x="-22" y="-98"/><vector name="lt" x="-38" y="-122"/><vector name="rb" x="64" y="-33"/></canvas><canvas name="7" width="178" height="151"><vector name="origin" x="59" y="156"/><vector name="head" x="-22" y="-98"/><vector name="lt" x="-38" y="-122"/><vector name="rb" x="64" y="-33"/></canvas><canvas name="8" width="289" height="153"><vector name="origin" x="192" y="147"/><vector name="head" x="-45" y="-102"/><vector name="lt" x="-104" y="-112"/><vector name="rb" x="15" y="-47"/></canvas><canvas name="9" width="283" height="147"><vector name="origin" x="182" y="147"/><vector name="head" x="-92" y="-100"/><vector name="lt" x="-104" y="-112"/><vector name="rb" x="15" y="-47"/></canvas><canvas name="10" width="253" height="149"><vector name="origin" x="154" y="150"/><vector name="head" x="-45" y="-102"/><vector name="lt" x="-86" y="-120"/><vector name="rb" x="27" y="-49"/></canvas><canvas name="11" width="220" height="141"><vector name="origin" x="117" y="144"/><vector name="head" x="-45" y="-102"/><vector name="lt" x="-73" y="-121"/><vector name="rb" x="41" y="-48"/></canvas><canvas name="12" width="215" height="122"><vector name="origin" x="109" y="130"/><vector name="head" x="-45" y="-102"/><vector name="lt" x="-70" y="-113"/><vector name="rb" x="47" y="-49"/></canvas><uol name="13" value="../stand/0"/><uol name="14" value="../stand/1"/><uol name="15" value="../stand/2"/><uol name="16" value="../stand/3"/><uol name="17" value="../stand/4"/><uol name="18" value="../stand/5"/></imgdir><imgdir name="hit1"><canvas name="0" width="177" height="138"><vector name="origin" x="64" y="184"/><vector name="head" x="-45" y="-102"/><int name="delay" value="600"/></canvas></imgdir><imgdir name="die1"><canvas name="0" width="190" height="109"><vector name="origin" x="103" y="138"/><vector name="head" x="-45" y="-102"/><int name="delay" value="150"/></canvas><canvas name="1" width="177" height="138"><vector name="origin" x="64" y="184"/><vector name="head" x="-45" y="-102"/><int name="delay" value="150"/></canvas><canvas name="2" width="188" height="109"><vector name="origin" x="56" y="161"/><vector name="head" x="-45" y="-102"/><int name="delay" value="150"/></canvas><canvas name="3" width="194" height="104"><vector name="origin" x="55" y="160"/><vector name="head" x="-45" y="-102"/><int name="delay" value="150"/></canvas><canvas name="4" width="177" height="100"><vector name="origin" x="41" y="157"/><vector name="head" x="-45" y="-102"/><int name="delay" value="150"/></canvas><canvas name="5" width="184" height="100"><vector name="origin" x="37" y="156"/><vector name="head" x="-45" y="-102"/><int name="delay" value="150"/></canvas><canvas name="6" width="177" height="53"><vector name="origin" x="33" y="76"/><vector name="head" x="-45" y="-102"/><int name="delay" value="150"/></canvas><canvas name="7" width="182" height="48"><vector name="origin" x="33" y="49"/><vector name="head" x="-45" y="-102"/><int name="delay" value="150"/></canvas><canvas name="8" width="177" height="53"><vector name="origin" x="33" y="46"/><vector name="head" x="-45" y="-102"/><int name="delay" value="150"/></canvas><canvas name="9" width="182" height="48"><vector name="origin" x="33" y="42"/><vector name="head" x="-45" y="-102"/><int name="delay" value="150"/></canvas><canvas name="10" width="184" height="38"><vector name="origin" x="34" y="28"/><vector name="head" x="-45" y="-102"/><int name="delay" value="150"/></canvas></imgdir></imgdir>