<?xml version="1.0" encoding="UTF-8" standalone="yes"?><imgdir name="8220010.img"><imgdir name="info"><int name="bodyAttack" value="1"/><int name="level" value="81"/><int name="maxHP" value="300000"/><int name="maxMP" value="350"/><int name="speed" value="0"/><int name="PADamage" value="410"/><int name="PDDamage" value="700"/><int name="MADamage" value="400"/><int name="MDDamage" value="440"/><int name="acc" value="155"/><int name="eva" value="30"/><int name="exp" value="3800"/><int name="undead" value="0"/><int name="pushed" value="5000"/><int name="publicReward" value="1"/><int name="hpRecovery" value="700"/><int name="mpRecovery" value="22"/><int name="hpTagColor" value="1"/><int name="hpTagBgcolor" value="5"/><int name="summonType" value="17"/><int name="boss" value="1"/><imgdir name="skill"><imgdir name="0"><int name="skill" value="102"/><int name="action" value="2"/><int name="level" value="7"/><int name="effectAfter" value="0"/></imgdir><imgdir name="1"><int name="skill" value="103"/><int name="action" value="1"/><int name="level" value="5"/><int name="effectAfter" value="0"/></imgdir><imgdir name="2"><int name="skill" value="140"/><int name="action" value="2"/><int name="level" value="17"/><int name="effectAfter" value="0"/></imgdir><imgdir name="3"><int name="skill" value="141"/><int name="action" value="1"/><int name="level" value="14"/><int name="effectAfter" value="0"/></imgdir></imgdir><string name="elemAttr" value="S1"/></imgdir><imgdir name="regen"><canvas name="0" width="39" height="11"><vector name="origin" x="9" y="7"/><int name="delay" value="150"/></canvas><canvas name="1" width="50" height="14"><vector name="origin" x="12" y="9"/><int name="delay" value="150"/></canvas><canvas name="2" width="57" height="19"><vector name="origin" x="15" y="13"/><int name="delay" value="150"/></canvas><canvas name="3" width="65" height="34"><vector name="origin" x="21" y="27"/><int name="delay" value="150"/></canvas><canvas name="4" width="61" height="52"><vector name="origin" x="17" y="46"/><int name="delay" value="150"/></canvas><canvas name="5" width="63" height="91"><vector name="origin" x="16" y="85"/><int name="z" value="0"/><int name="delay" value="150"/></canvas><canvas name="6" width="66" height="97"><vector name="origin" x="19" y="91"/><int name="z" value="0"/><int name="delay" value="150"/></canvas><canvas name="7" width="79" height="116"><vector name="origin" x="25" y="110"/><int name="z" value="0"/><int name="delay" value="150"/></canvas><canvas name="8" width="95" height="127"><vector name="origin" x="34" y="121"/><int name="z" value="0"/><int name="delay" value="150"/></canvas><canvas name="9" width="143" height="150"><vector name="origin" x="58" y="144"/><int name="z" value="0"/><int name="delay" value="150"/></canvas><canvas name="10" width="162" height="154"><vector name="origin" x="68" y="146"/><int name="z" value="0"/><int name="delay" value="150"/></canvas><canvas name="11" width="167" height="151"><vector name="origin" x="69" y="144"/><int name="z" value="0"/><int name="delay" value="150"/></canvas><canvas name="12" width="171" height="143"><vector name="origin" x="70" y="137"/><int name="z" value="0"/><int name="delay" value="150"/></canvas><canvas name="13" width="188" height="138"><vector name="origin" x="107" y="132"/><int name="z" value="0"/><int name="delay" value="150"/></canvas><canvas name="14" width="184" height="136"><vector name="origin" x="104" y="131"/><int name="z" value="0"/><int name="delay" value="150"/></canvas><canvas name="15" width="146" height="129"><vector name="origin" x="93" y="123"/><int name="z" value="0"/><int name="delay" value="150"/></canvas><canvas name="16" width="147" height="131"><vector name="origin" x="94" y="125"/><int name="z" value="0"/><int name="delay" value="150"/></canvas><canvas name="17" width="150" height="133"><vector name="origin" x="97" y="127"/><int name="z" value="0"/><int name="delay" value="150"/></canvas><canvas name="18" width="148" height="134"><vector name="origin" x="94" y="129"/><int name="z" value="0"/><int name="delay" value="150"/></canvas><canvas name="19" width="148" height="133"><vector name="origin" x="94" y="128"/><int name="z" value="0"/><int name="delay" value="150"/></canvas><canvas name="20" width="167" height="133"><vector name="origin" x="94" y="127"/><int name="z" value="0"/><int name="delay" value="150"/></canvas></imgdir><imgdir name="stand"><canvas name="0" width="174" height="133"><vector name="origin" x="94" y="127"/><vector name="lt" x="-37" y="-127"/><vector name="rb" x="48" y="0"/><vector name="head" x="-22" y="-120"/><int name="delay" value="120"/></canvas><canvas name="1" width="170" height="134"><vector name="origin" x="94" y="128"/><vector name="lt" x="-37" y="-127"/><vector name="rb" x="48" y="0"/><vector name="head" x="-22" y="-121"/><int name="delay" value="120"/></canvas><canvas name="2" width="169" height="135"><vector name="origin" x="94" y="129"/><vector name="lt" x="-37" y="-127"/><vector name="rb" x="48" y="0"/><vector name="head" x="-22" y="-122"/><int name="delay" value="120"/></canvas><canvas name="3" width="172" height="137"><vector name="origin" x="94" y="131"/><int name="z" value="0"/><int name="delay" value="120"/><vector name="lt" x="-37" y="-127"/><vector name="rb" x="48" y="0"/><vector name="head" x="-22" y="-121"/></canvas><canvas name="4" width="185" height="136"><vector name="origin" x="94" y="131"/><int name="z" value="0"/><int name="delay" value="120"/><vector name="lt" x="-37" y="-127"/><vector name="rb" x="48" y="0"/><vector name="head" x="-22" y="-120"/></canvas><canvas name="5" width="186" height="137"><vector name="origin" x="94" y="131"/><int name="z" value="0"/><int name="delay" value="120"/><vector name="lt" x="-37" y="-127"/><vector name="rb" x="48" y="0"/><vector name="head" x="-22" y="-119"/></canvas><canvas name="6" width="183" height="136"><vector name="origin" x="94" y="130"/><int name="z" value="0"/><int name="delay" value="120"/><vector name="lt" x="-37" y="-127"/><vector name="rb" x="48" y="0"/><vector name="head" x="-22" y="-118"/></canvas><canvas name="7" width="181" height="133"><vector name="origin" x="94" y="128"/><int name="z" value="0"/><int name="delay" value="120"/><vector name="lt" x="-37" y="-127"/><vector name="rb" x="48" y="0"/><vector name="head" x="-22" y="-119"/></canvas></imgdir><imgdir name="move"><canvas name="0" width="148" height="132"><vector name="origin" x="95" y="126"/><vector name="lt" x="-39" y="-126"/><vector name="rb" x="48" y="0"/><vector name="head" x="-23" y="-120"/><int name="delay" value="120"/></canvas><canvas name="1" width="155" height="134"><vector name="origin" x="96" y="128"/><vector name="lt" x="-39" y="-126"/><vector name="rb" x="48" y="0"/><vector name="head" x="-24" y="-122"/><int name="delay" value="120"/></canvas><canvas name="2" width="161" height="136"><vector name="origin" x="97" y="130"/><vector name="lt" x="-39" y="-126"/><vector name="rb" x="48" y="0"/><vector name="head" x="-25" y="-124"/><int name="delay" value="120"/></canvas><canvas name="3" width="166" height="136"><vector name="origin" x="97" y="131"/><vector name="lt" x="-39" y="-126"/><vector name="rb" x="48" y="0"/><vector name="head" x="-25" y="-125"/><int name="delay" value="120"/></canvas><canvas name="4" width="166" height="137"><vector name="origin" x="95" y="132"/><int name="z" value="0"/><int name="delay" value="120"/><vector name="lt" x="-38" y="-132"/><vector name="rb" x="48" y="0"/><vector name="head" x="-23" y="-126"/></canvas><canvas name="5" width="163" height="135"><vector name="origin" x="93" y="129"/><int name="z" value="0"/><int name="delay" value="120"/><vector name="lt" x="-39" y="-126"/><vector name="rb" x="48" y="0"/><vector name="head" x="-21" y="-123"/></canvas><canvas name="6" width="146" height="132"><vector name="origin" x="93" y="126"/><int name="z" value="0"/><int name="delay" value="120"/><vector name="lt" x="-39" y="-126"/><vector name="rb" x="48" y="0"/><vector name="head" x="-21" y="-120"/></canvas><canvas name="7" width="148" height="130"><vector name="origin" x="94" y="125"/><int name="z" value="0"/><int name="delay" value="120"/><vector name="lt" x="-39" y="-126"/><vector name="rb" x="48" y="0"/><vector name="head" x="-22" y="-119"/></canvas></imgdir><imgdir name="attack1"><imgdir name="info"><imgdir name="range"><vector name="lt" x="-300" y="-159"/><vector name="rb" x="100" y="15"/></imgdir><imgdir name="hit"><canvas name="0" width="60" height="56"><vector name="origin" x="29" y="47"/><int name="z" value="0"/><int name="delay" value="180"/></canvas><canvas name="1" width="112" height="138"><vector name="origin" x="57" y="131"/><int name="z" value="0"/><int name="delay" value="180"/></canvas><canvas name="2" width="118" height="171"><vector name="origin" x="60" y="162"/><int name="z" value="0"/><int name="delay" value="180"/></canvas><canvas name="3" width="117" height="187"><vector name="origin" x="60" y="185"/><int name="z" value="0"/><int name="delay" value="180"/></canvas><canvas name="4" width="17" height="174"><vector name="origin" x="6" y="204"/><int name="z" value="0"/><int name="delay" value="180"/></canvas><canvas name="5" width="9" height="139"><vector name="origin" x="2" y="174"/><int name="z" value="0"/><int name="delay" value="180"/></canvas><int name="attach" value="1"/></imgdir><int name="type" value="0"/><int name="conMP" value="10"/><int name="attackAfter" value="1800"/><int name="magic" value="1"/><int name="MADamage" value="450"/><int name="disease" value="126"/><int name="level" value="12"/><string name="elemAttr" value="F"/><int name="effectAfter" value="1800"/></imgdir><canvas name="0" width="147" height="132"><vector name="origin" x="94" y="126"/><vector name="lt" x="-37" y="-126"/><vector name="rb" x="48" y="0"/><vector name="head" x="-22" y="-120"/><int name="delay" value="180"/></canvas><canvas name="1" width="129" height="142"><vector name="origin" x="76" y="136"/><vector name="lt" x="-40" y="-136"/><vector name="rb" x="48" y="0"/><vector name="head" x="-22" y="-121"/><int name="delay" value="180"/></canvas><canvas name="2" width="132" height="146"><vector name="origin" x="79" y="140"/><vector name="lt" x="-45" y="-135"/><vector name="rb" x="48" y="0"/><vector name="head" x="-22" y="-119"/><int name="delay" value="180"/></canvas><canvas name="3" width="133" height="132"><vector name="origin" x="79" y="127"/><vector name="lt" x="-37" y="-126"/><vector name="rb" x="48" y="0"/><vector name="head" x="-22" y="-121"/><int name="delay" value="180"/></canvas><canvas name="4" width="143" height="131"><vector name="origin" x="78" y="126"/><vector name="lt" x="-37" y="-126"/><vector name="rb" x="48" y="0"/><vector name="head" x="-22" y="-120"/><int name="delay" value="180"/></canvas><canvas name="5" width="148" height="150"><vector name="origin" x="95" y="125"/><vector name="lt" x="-37" y="-126"/><vector name="rb" x="48" y="0"/><vector name="head" x="-22" y="-119"/><int name="delay" value="180"/></canvas><canvas name="6" width="173" height="160"><vector name="origin" x="120" y="124"/><vector name="lt" x="-37" y="-126"/><vector name="rb" x="48" y="0"/><vector name="head" x="-22" y="-118"/><int name="delay" value="180"/></canvas><canvas name="7" width="171" height="149"><vector name="origin" x="117" y="125"/><vector name="lt" x="-37" y="-126"/><vector name="rb" x="48" y="0"/><vector name="head" x="-22" y="-119"/><int name="delay" value="180"/></canvas><canvas name="8" width="170" height="132"><vector name="origin" x="117" y="126"/><vector name="lt" x="-37" y="-126"/><vector name="rb" x="48" y="0"/><vector name="head" x="-22" y="-120"/><int name="delay" value="180"/></canvas><canvas name="9" width="171" height="143"><vector name="origin" x="118" y="137"/><vector name="lt" x="-37" y="-126"/><vector name="rb" x="48" y="0"/><vector name="head" x="-22" y="-121"/><int name="delay" value="180"/></canvas><canvas name="10" width="173" height="155"><vector name="origin" x="120" y="149"/><vector name="lt" x="-45" y="-129"/><vector name="rb" x="48" y="0"/><vector name="head" x="-23" y="-119"/><int name="delay" value="180"/></canvas><canvas name="11" width="180" height="148"><vector name="origin" x="126" y="143"/><int name="z" value="0"/><int name="delay" value="240"/><vector name="lt" x="-43" y="-137"/><vector name="rb" x="48" y="0"/><vector name="head" x="-19" y="-123"/></canvas><canvas name="12" width="177" height="152"><vector name="origin" x="121" y="147"/><int name="z" value="0"/><int name="delay" value="240"/><vector name="lt" x="-36" y="-139"/><vector name="rb" x="48" y="0"/><vector name="head" x="-17" y="-128"/></canvas><canvas name="13" width="176" height="183"><vector name="origin" x="119" y="177"/><int name="z" value="0"/><int name="delay" value="240"/><vector name="lt" x="-32" y="-139"/><vector name="rb" x="48" y="0"/><vector name="head" x="-16" y="-129"/></canvas><canvas name="14" width="177" height="174"><vector name="origin" x="122" y="168"/><int name="z" value="0"/><int name="delay" value="240"/><vector name="lt" x="-39" y="-130"/><vector name="rb" x="48" y="0"/><vector name="head" x="-18" y="-126"/></canvas><canvas name="15" width="178" height="182"><vector name="origin" x="124" y="177"/><int name="z" value="0"/><int name="delay" value="240"/><vector name="lt" x="-40" y="-128"/><vector name="rb" x="48" y="0"/><vector name="head" x="-22" y="-119"/></canvas></imgdir><imgdir name="attack2"><imgdir name="info"><imgdir name="range"><vector name="lt" x="-350" y="-159"/><vector name="rb" x="100" y="6"/></imgdir><imgdir name="hit"><canvas name="0" width="55" height="54"><vector name="origin" x="17" y="57"/><int name="z" value="0"/><int name="delay" value="240"/></canvas><canvas name="1" width="63" height="63"><vector name="origin" x="26" y="61"/><int name="z" value="0"/><int name="delay" value="240"/></canvas><canvas name="2" width="59" height="58"><vector name="origin" x="31" y="65"/><int name="z" value="0"/><int name="delay" value="240"/></canvas><canvas name="3" width="65" height="43"><vector name="origin" x="39" y="56"/><int name="z" value="0"/><int name="delay" value="240"/></canvas><int name="attach" value="1"/></imgdir><int name="type" value="0"/><int name="attackAfter" value="720"/><int name="disease" value="121"/><int name="level" value="14"/><int name="conMP" value="10"/><int name="magic" value="1"/><int name="MADamage" value="460"/></imgdir><canvas name="0" width="174" height="133"><vector name="origin" x="94" y="127"/><vector name="lt" x="-39" y="-127"/><vector name="rb" x="48" y="0"/><vector name="head" x="-22" y="-120"/><int name="delay" value="240"/></canvas><canvas name="1" width="142" height="144"><vector name="origin" x="66" y="138"/><vector name="lt" x="-39" y="-127"/><vector name="rb" x="48" y="0"/><vector name="head" x="-21" y="-121"/><int name="delay" value="240"/></canvas><canvas name="2" width="138" height="156"><vector name="origin" x="65" y="150"/><vector name="lt" x="-39" y="-127"/><vector name="rb" x="48" y="0"/><vector name="head" x="-20" y="-122"/><int name="delay" value="240"/></canvas><canvas name="3" width="203" height="297"><vector name="origin" x="90" y="289"/><vector name="lt" x="-40" y="-131"/><vector name="rb" x="48" y="0"/><vector name="head" x="-19" y="-123"/><int name="delay" value="240"/></canvas><canvas name="4" width="250" height="307"><vector name="origin" x="110" y="297"/><vector name="lt" x="-39" y="-127"/><vector name="rb" x="48" y="0"/><vector name="head" x="-19" y="-123"/><int name="delay" value="240"/></canvas><canvas name="5" width="276" height="285"><vector name="origin" x="128" y="277"/><vector name="lt" x="-39" y="-127"/><vector name="rb" x="48" y="0"/><vector name="head" x="-19" y="-122"/><int name="delay" value="240"/></canvas><canvas name="6" width="284" height="286"><vector name="origin" x="131" y="278"/><vector name="lt" x="-39" y="-127"/><vector name="rb" x="48" y="0"/><vector name="head" x="-19" y="-121"/><int name="delay" value="240"/></canvas><canvas name="7" width="299" height="287"><vector name="origin" x="139" y="281"/><vector name="lt" x="-39" y="-127"/><vector name="rb" x="48" y="0"/><vector name="head" x="-19" y="-119"/><int name="delay" value="240"/></canvas><canvas name="8" width="309" height="281"><vector name="origin" x="144" y="275"/><vector name="lt" x="-39" y="-127"/><vector name="rb" x="48" y="0"/><vector name="head" x="-19" y="-121"/><int name="delay" value="240"/></canvas><canvas name="9" width="140" height="273"><vector name="origin" x="64" y="268"/><vector name="lt" x="-39" y="-127"/><vector name="rb" x="48" y="0"/><vector name="head" x="-19" y="-122"/><int name="delay" value="240"/></canvas><canvas name="10" width="137" height="266"><vector name="origin" x="64" y="261"/><vector name="lt" x="-39" y="-127"/><vector name="rb" x="48" y="0"/><vector name="head" x="-19" y="-123"/><int name="delay" value="240"/></canvas><canvas name="11" width="143" height="144"><vector name="origin" x="65" y="138"/><vector name="lt" x="-39" y="-127"/><vector name="rb" x="48" y="0"/><vector name="head" x="-20" y="-122"/><int name="delay" value="240"/></canvas><canvas name="12" width="184" height="137"><vector name="origin" x="93" y="131"/><int name="z" value="0"/><int name="delay" value="240"/><vector name="lt" x="-39" y="-127"/><vector name="rb" x="48" y="0"/><vector name="head" x="-21" y="-121"/></canvas><canvas name="13" width="186" height="137"><vector name="origin" x="94" y="131"/><int name="z" value="0"/><int name="delay" value="240"/><vector name="lt" x="-39" y="-127"/><vector name="rb" x="48" y="0"/><vector name="head" x="-23" y="-121"/></canvas><canvas name="14" width="183" height="135"><vector name="origin" x="94" y="130"/><int name="z" value="0"/><int name="delay" value="240"/><vector name="lt" x="-39" y="-127"/><vector name="rb" x="48" y="0"/><vector name="head" x="-22" y="-119"/></canvas></imgdir><imgdir name="attack3"><imgdir name="info"><imgdir name="range"><vector name="lt" x="-400" y="-185"/><vector name="rb" x="400" y="30"/></imgdir><imgdir name="hit"><canvas name="0" width="32" height="36"><vector name="origin" x="12" y="289"/><int name="delay" value="150"/></canvas><canvas name="1" width="71" height="51"><vector name="origin" x="31" y="315"/><int name="delay" value="150"/></canvas><canvas name="2" width="105" height="35"><vector name="origin" x="47" y="321"/><int name="delay" value="150"/></canvas><canvas name="3" width="122" height="56"><vector name="origin" x="57" y="331"/><int name="delay" value="150"/></canvas><canvas name="4" width="128" height="98"><vector name="origin" x="60" y="337"/><int name="delay" value="150"/></canvas><canvas name="5" width="154" height="357"><vector name="origin" x="73" y="342"/><int name="delay" value="150"/></canvas><canvas name="6" width="158" height="336"><vector name="origin" x="75" y="331"/><int name="delay" value="150"/></canvas><canvas name="7" width="164" height="324"><vector name="origin" x="78" y="321"/><int name="delay" value="150"/></canvas><canvas name="8" width="105" height="316"><vector name="origin" x="52" y="314"/><int name="z" value="0"/><int name="delay" value="150"/></canvas><canvas name="9" width="112" height="260"><vector name="origin" x="53" y="260"/><int name="z" value="0"/><int name="delay" value="150"/></canvas><int name="attach" value="1"/></imgdir><int name="type" value="0"/><int name="conMP" value="10"/><int name="attackAfter" value="1920"/><int name="knockback" value="1"/><int name="magic" value="1"/><int name="MADamage" value="760"/></imgdir><canvas name="0" width="176" height="194"><vector name="origin" x="100" y="188"/><vector name="lt" x="-41" y="-129"/><vector name="rb" x="50" y="6"/><vector name="head" x="-21" y="-121"/><int name="delay" value="240"/></canvas><canvas name="1" width="212" height="222"><vector name="origin" x="139" y="216"/><vector name="lt" x="-41" y="-129"/><vector name="rb" x="50" y="6"/><vector name="head" x="-20" y="-122"/><int name="delay" value="240"/></canvas><canvas name="2" width="182" height="204"><vector name="origin" x="104" y="199"/><vector name="lt" x="-41" y="-129"/><vector name="rb" x="50" y="6"/><vector name="head" x="-19" y="-123"/><int name="delay" value="240"/></canvas><canvas name="3" width="209" height="183"><vector name="origin" x="118" y="178"/><vector name="lt" x="-41" y="-129"/><vector name="rb" x="50" y="6"/><vector name="head" x="-19" y="-122"/><int name="delay" value="240"/></canvas><canvas name="4" width="198" height="255"><vector name="origin" x="106" y="249"/><vector name="lt" x="-41" y="-129"/><vector name="rb" x="50" y="6"/><vector name="head" x="-19" y="-121"/><int name="delay" value="240"/></canvas><canvas name="5" width="218" height="206"><vector name="origin" x="129" y="200"/><vector name="lt" x="-41" y="-129"/><vector name="rb" x="50" y="6"/><vector name="head" x="-19" y="-120"/><int name="delay" value="240"/></canvas><canvas name="6" width="178" height="180"><vector name="origin" x="91" y="175"/><vector name="lt" x="-41" y="-129"/><vector name="rb" x="50" y="6"/><vector name="head" x="-19" y="-121"/><int name="delay" value="240"/></canvas><canvas name="7" width="159" height="171"><vector name="origin" x="79" y="165"/><vector name="lt" x="-41" y="-129"/><vector name="rb" x="50" y="6"/><vector name="head" x="-19" y="-122"/><int name="delay" value="240"/></canvas><canvas name="8" width="155" height="167"><vector name="origin" x="79" y="161"/><vector name="lt" x="-41" y="-129"/><vector name="rb" x="50" y="6"/><vector name="head" x="-19" y="-121"/><int name="delay" value="240"/></canvas><canvas name="9" width="223" height="232"><vector name="origin" x="150" y="226"/><vector name="lt" x="-41" y="-129"/><vector name="rb" x="50" y="6"/><vector name="head" x="-19" y="-120"/><int name="delay" value="240"/></canvas><canvas name="10" width="243" height="221"><vector name="origin" x="165" y="216"/><vector name="lt" x="-41" y="-129"/><vector name="rb" x="50" y="6"/><vector name="head" x="-19" y="-121"/><int name="delay" value="240"/></canvas><canvas name="11" width="224" height="225"><vector name="origin" x="133" y="220"/><int name="z" value="0"/><int name="delay" value="240"/><vector name="lt" x="-41" y="-129"/><vector name="rb" x="50" y="6"/><vector name="head" x="-19" y="-122"/></canvas><canvas name="12" width="156" height="157"><vector name="origin" x="64" y="151"/><int name="z" value="0"/><int name="delay" value="240"/><vector name="lt" x="-41" y="-129"/><vector name="rb" x="50" y="6"/><vector name="head" x="-19" y="-123"/></canvas><canvas name="13" width="154" height="144"><vector name="origin" x="65" y="138"/><int name="z" value="0"/><int name="delay" value="240"/><vector name="lt" x="-41" y="-129"/><vector name="rb" x="50" y="6"/><vector name="head" x="-20" y="-122"/></canvas><canvas name="14" width="180" height="134"><vector name="origin" x="93" y="129"/><int name="z" value="0"/><int name="delay" value="240"/><vector name="lt" x="-41" y="-129"/><vector name="rb" x="50" y="6"/><vector name="head" x="-21" y="-121"/></canvas><canvas name="15" width="174" height="133"><vector name="origin" x="94" y="127"/><int name="z" value="0"/><int name="delay" value="240"/><vector name="lt" x="-38" y="-127"/><vector name="rb" x="50" y="6"/><vector name="head" x="-22" y="-120"/></canvas><canvas name="16" width="170" height="132"><vector name="origin" x="94" y="126"/><int name="z" value="0"/><int name="delay" value="240"/><vector name="lt" x="-36" y="-126"/><vector name="rb" x="50" y="6"/><vector name="head" x="-22" y="-119"/></canvas></imgdir><imgdir name="skill1"><canvas name="0" width="215" height="133"><vector name="origin" x="101" y="127"/><vector name="lt" x="-40" y="-127"/><vector name="rb" x="48" y="0"/><vector name="head" x="-22" y="-120"/><int name="delay" value="150"/></canvas><canvas name="1" width="184" height="144"><vector name="origin" x="85" y="138"/><vector name="lt" x="-40" y="-127"/><vector name="rb" x="48" y="0"/><vector name="head" x="-21" y="-121"/><int name="delay" value="150"/></canvas><canvas name="2" width="138" height="157"><vector name="origin" x="65" y="150"/><int name="z" value="0"/><int name="delay" value="150"/><vector name="lt" x="-40" y="-127"/><vector name="rb" x="48" y="0"/><vector name="head" x="-20" y="-122"/></canvas><canvas name="3" width="142" height="158"><vector name="origin" x="64" y="151"/><int name="z" value="0"/><int name="delay" value="150"/><vector name="lt" x="-40" y="-127"/><vector name="rb" x="48" y="0"/><vector name="head" x="-19" y="-123"/></canvas><canvas name="4" width="163" height="164"><vector name="origin" x="67" y="150"/><int name="z" value="0"/><int name="delay" value="150"/><vector name="lt" x="-40" y="-127"/><vector name="rb" x="48" y="0"/><vector name="head" x="-20" y="-122"/></canvas><canvas name="5" width="190" height="171"><vector name="origin" x="87" y="162"/><int name="z" value="0"/><int name="delay" value="150"/><vector name="lt" x="-40" y="-127"/><vector name="rb" x="48" y="0"/><vector name="head" x="-19" y="-121"/></canvas><canvas name="6" width="180" height="166"><vector name="origin" x="80" y="157"/><int name="z" value="0"/><int name="delay" value="150"/><vector name="lt" x="-40" y="-127"/><vector name="rb" x="48" y="0"/><vector name="head" x="-19" y="-119"/></canvas><canvas name="7" width="177" height="168"><vector name="origin" x="75" y="159"/><int name="z" value="0"/><int name="delay" value="150"/><vector name="lt" x="-40" y="-127"/><vector name="rb" x="48" y="0"/><vector name="head" x="-19" y="-121"/></canvas><canvas name="8" width="182" height="169"><vector name="origin" x="77" y="162"/><int name="z" value="0"/><int name="delay" value="150"/><vector name="lt" x="-40" y="-127"/><vector name="rb" x="48" y="0"/><vector name="head" x="-19" y="-122"/></canvas><canvas name="9" width="189" height="158"><vector name="origin" x="80" y="151"/><int name="z" value="0"/><int name="delay" value="150"/><vector name="lt" x="-40" y="-127"/><vector name="rb" x="48" y="0"/><vector name="head" x="-19" y="-123"/></canvas><canvas name="10" width="154" height="144"><vector name="origin" x="65" y="138"/><int name="z" value="0"/><int name="delay" value="150"/><vector name="lt" x="-40" y="-127"/><vector name="rb" x="48" y="0"/><vector name="head" x="-20" y="-122"/></canvas><canvas name="11" width="180" height="135"><vector name="origin" x="93" y="129"/><int name="z" value="0"/><int name="delay" value="150"/><vector name="lt" x="-40" y="-127"/><vector name="rb" x="48" y="0"/><vector name="head" x="-21" y="-121"/></canvas><canvas name="12" width="174" height="133"><vector name="origin" x="94" y="127"/><int name="z" value="0"/><int name="delay" value="150"/><vector name="lt" x="-40" y="-127"/><vector name="rb" x="48" y="0"/><vector name="head" x="-22" y="-120"/></canvas><canvas name="13" width="170" height="131"><vector name="origin" x="94" y="126"/><int name="z" value="0"/><int name="delay" value="150"/><vector name="lt" x="-40" y="-127"/><vector name="rb" x="48" y="0"/><vector name="head" x="-22" y="-119"/></canvas></imgdir><imgdir name="skill2"><canvas name="0" width="215" height="133"><vector name="origin" x="101" y="127"/><vector name="lt" x="-37" y="-127"/><vector name="rb" x="48" y="1"/><vector name="head" x="-22" y="-120"/><int name="delay" value="240"/></canvas><canvas name="1" width="184" height="144"><vector name="origin" x="85" y="138"/><vector name="lt" x="-37" y="-127"/><vector name="rb" x="48" y="1"/><vector name="head" x="-21" y="-121"/><int name="delay" value="240"/></canvas><canvas name="2" width="138" height="157"><vector name="origin" x="65" y="150"/><int name="z" value="0"/><int name="delay" value="240"/><vector name="lt" x="-37" y="-127"/><vector name="rb" x="48" y="1"/><vector name="head" x="-20" y="-122"/></canvas><canvas name="3" width="142" height="158"><vector name="origin" x="64" y="151"/><int name="z" value="0"/><int name="delay" value="240"/><vector name="lt" x="-37" y="-127"/><vector name="rb" x="48" y="1"/><vector name="head" x="-19" y="-123"/></canvas><canvas name="4" width="163" height="164"><vector name="origin" x="67" y="150"/><int name="z" value="0"/><int name="delay" value="240"/><vector name="lt" x="-37" y="-127"/><vector name="rb" x="48" y="1"/><vector name="head" x="-20" y="-122"/></canvas><canvas name="5" width="190" height="171"><vector name="origin" x="87" y="162"/><int name="z" value="0"/><int name="delay" value="240"/><vector name="lt" x="-37" y="-127"/><vector name="rb" x="48" y="1"/><vector name="head" x="-19" y="-121"/></canvas><canvas name="6" width="180" height="166"><vector name="origin" x="80" y="157"/><int name="z" value="0"/><int name="delay" value="240"/><vector name="lt" x="-37" y="-127"/><vector name="rb" x="48" y="1"/><vector name="head" x="-19" y="-120"/></canvas><canvas name="7" width="177" height="168"><vector name="origin" x="75" y="159"/><int name="z" value="0"/><int name="delay" value="240"/><vector name="lt" x="-37" y="-127"/><vector name="rb" x="48" y="1"/><vector name="head" x="-19" y="-121"/></canvas><canvas name="8" width="182" height="171"><vector name="origin" x="77" y="162"/><int name="z" value="0"/><int name="delay" value="240"/><vector name="lt" x="-37" y="-127"/><vector name="rb" x="48" y="1"/><vector name="head" x="-19" y="-122"/></canvas><canvas name="9" width="189" height="159"><vector name="origin" x="80" y="151"/><int name="z" value="0"/><int name="delay" value="240"/><vector name="lt" x="-37" y="-127"/><vector name="rb" x="48" y="1"/><vector name="head" x="-19" y="-123"/></canvas><canvas name="10" width="154" height="145"><vector name="origin" x="65" y="138"/><int name="z" value="0"/><int name="delay" value="240"/><vector name="lt" x="-37" y="-127"/><vector name="rb" x="48" y="1"/><vector name="head" x="-20" y="-122"/></canvas><canvas name="11" width="180" height="135"><vector name="origin" x="93" y="129"/><int name="z" value="0"/><int name="delay" value="240"/><vector name="lt" x="-37" y="-127"/><vector name="rb" x="48" y="1"/><vector name="head" x="-21" y="-121"/></canvas><canvas name="12" width="174" height="133"><vector name="origin" x="94" y="127"/><int name="z" value="0"/><int name="delay" value="240"/><vector name="lt" x="-37" y="-127"/><vector name="rb" x="48" y="1"/><vector name="head" x="-22" y="-120"/></canvas><canvas name="13" width="170" height="131"><vector name="origin" x="94" y="126"/><int name="z" value="0"/><int name="delay" value="240"/><vector name="lt" x="-37" y="-127"/><vector name="rb" x="48" y="1"/><vector name="head" x="-22" y="-119"/></canvas></imgdir><imgdir name="hit1"><canvas name="0" width="137" height="141"><vector name="origin" x="55" y="135"/><vector name="lt" x="-19" y="-135"/><vector name="rb" x="73" y="0"/><vector name="head" x="-1" y="-121"/><int name="delay" value="600"/></canvas></imgdir><imgdir name="die1"><canvas name="0" width="147" height="132"><vector name="origin" x="94" y="126"/><vector name="head" x="-22" y="-120"/><int name="delay" value="120"/></canvas><canvas name="1" width="137" height="141"><vector name="origin" x="55" y="135"/><vector name="head" x="-2" y="-121"/><int name="delay" value="120"/></canvas><canvas name="2" width="145" height="140"><vector name="origin" x="58" y="134"/><vector name="head" x="0" y="-119"/><int name="delay" value="120"/></canvas><canvas name="3" width="131" height="143"><vector name="origin" x="44" y="137"/><vector name="head" x="16" y="-113"/><int name="delay" value="120"/></canvas><canvas name="4" width="113" height="149"><vector name="origin" x="39" y="143"/><vector name="head" x="9" y="-112"/><int name="delay" value="120"/></canvas><canvas name="5" width="124" height="146"><vector name="origin" x="49" y="141"/><vector name="head" x="9" y="-112"/><int name="delay" value="120"/></canvas><canvas name="6" width="106" height="150"><vector name="origin" x="32" y="145"/><vector name="head" x="9" y="-112"/><int name="delay" value="120"/></canvas><canvas name="7" width="84" height="142"><vector name="origin" x="25" y="136"/><int name="delay" value="120"/><vector name="head" x="9" y="-112"/></canvas><canvas name="8" width="79" height="139"><vector name="origin" x="26" y="133"/><int name="z" value="0"/><int name="delay" value="120"/><vector name="head" x="9" y="-112"/></canvas><canvas name="9" width="79" height="135"><vector name="origin" x="25" y="130"/><int name="z" value="0"/><int name="delay" value="120"/><vector name="head" x="9" y="-112"/></canvas><canvas name="10" width="78" height="147"><vector name="origin" x="25" y="141"/><int name="z" value="0"/><int name="delay" value="120"/><vector name="head" x="9" y="-112"/></canvas><canvas name="11" width="78" height="148"><vector name="origin" x="25" y="142"/><int name="z" value="0"/><int name="delay" value="120"/><vector name="head" x="9" y="-112"/></canvas><canvas name="12" width="79" height="142"><vector name="origin" x="26" y="136"/><int name="z" value="0"/><int name="delay" value="120"/><vector name="head" x="9" y="-112"/></canvas><canvas name="13" width="86" height="198"><vector name="origin" x="26" y="193"/><int name="z" value="0"/><int name="delay" value="120"/><vector name="head" x="9" y="-112"/></canvas><canvas name="14" width="119" height="288"><vector name="origin" x="37" y="283"/><int name="z" value="0"/><int name="delay" value="120"/><vector name="head" x="9" y="-112"/></canvas><canvas name="15" width="138" height="292"><vector name="origin" x="42" y="286"/><int name="z" value="0"/><int name="delay" value="120"/><vector name="head" x="9" y="-112"/></canvas><canvas name="16" width="159" height="193"><vector name="origin" x="64" y="187"/><int name="z" value="0"/><int name="delay" value="120"/><vector name="head" x="9" y="-112"/></canvas><canvas name="17" width="161" height="143"><vector name="origin" x="67" y="137"/><int name="z" value="0"/><int name="delay" value="120"/><vector name="head" x="9" y="-112"/></canvas><canvas name="18" width="118" height="86"><vector name="origin" x="43" y="81"/><int name="z" value="0"/><int name="delay" value="120"/><vector name="head" x="9" y="-112"/></canvas><canvas name="19" width="120" height="61"><vector name="origin" x="44" y="57"/><int name="z" value="0"/><int name="delay" value="120"/><vector name="head" x="9" y="-112"/></canvas><canvas name="22" width="39" height="11"><vector name="origin" x="9" y="5"/><int name="delay" value="120"/><int name="a0" value="255"/><int name="a1" value="0"/><vector name="head" x="9" y="-112"/></canvas></imgdir></imgdir>