<?xml version="1.0" encoding="UTF-8" standalone="yes"?><imgdir name="8600000.img"><imgdir name="info"><imgdir name="skill"><imgdir name="0"><int name="skill" value="126"/><int name="action" value="1"/><int name="level" value="1"/><int name="effectAfter" value="840"/></imgdir></imgdir><int name="level" value="162"/><int name="bodyAttack" value="1"/><int name="maxHP" value="350000"/><int name="maxMP" value="16000"/><int name="speed" value="-40"/><int name="PADamage" value="800"/><int name="PDDamage" value="170"/><int name="PDRate" value="10"/><int name="MADamage" value="700"/><int name="MDDamage" value="210"/><int name="MDRate" value="10"/><int name="acc" value="270"/><int name="eva" value="55"/><int name="pushed" value="5000"/><float name="fs" value="10.0"/><int name="exp" value="12962"/><int name="summonType" value="1"/><int name="category" value="8"/><string name="mobType" value="4H"/></imgdir><imgdir name="stand"><canvas name="0" width="142" height="141"><vector name="origin" x="76" y="139"/><vector name="head" x="-7" y="-113"/><vector name="lt" x="-76" y="-138"/><vector name="rb" x="65" y="2"/><int name="delay" value="150"/></canvas><canvas name="1" width="142" height="142"><vector name="origin" x="76" y="140"/><vector name="head" x="-7" y="-113"/><vector name="lt" x="-76" y="-138"/><vector name="rb" x="65" y="2"/><int name="delay" value="150"/></canvas><canvas name="2" width="142" height="141"><vector name="origin" x="76" y="139"/><vector name="head" x="-7" y="-113"/><vector name="lt" x="-76" y="-138"/><vector name="rb" x="65" y="2"/><int name="delay" value="150"/></canvas><canvas name="3" width="142" height="140"><vector name="origin" x="76" y="138"/><vector name="head" x="-7" y="-113"/><vector name="lt" x="-76" y="-138"/><vector name="rb" x="65" y="2"/><int name="delay" value="150"/></canvas><canvas name="4" width="142" height="139"><vector name="origin" x="76" y="137"/><vector name="head" x="-7" y="-113"/><vector name="lt" x="-76" y="-138"/><vector name="rb" x="65" y="2"/><int name="delay" value="150"/></canvas><canvas name="5" width="142" height="140"><vector name="origin" x="76" y="138"/><vector name="head" x="-7" y="-113"/><vector name="lt" x="-76" y="-138"/><vector name="rb" x="65" y="2"/><int name="delay" value="150"/></canvas></imgdir><imgdir name="move"><canvas name="0" width="142" height="143"><vector name="origin" x="76" y="140"/><vector name="head" x="-7" y="-113"/><vector name="lt" x="-76" y="-138"/><vector name="rb" x="65" y="2"/><int name="delay" value="120"/></canvas><canvas name="1" width="143" height="144"><vector name="origin" x="78" y="141"/><vector name="head" x="-7" y="-113"/><vector name="lt" x="-76" y="-138"/><vector name="rb" x="65" y="2"/><int name="delay" value="120"/></canvas><canvas name="2" width="144" height="145"><vector name="origin" x="80" y="142"/><vector name="head" x="-7" y="-113"/><vector name="lt" x="-76" y="-138"/><vector name="rb" x="65" y="2"/><int name="delay" value="120"/></canvas><canvas name="3" width="145" height="142"><vector name="origin" x="80" y="139"/><vector name="head" x="-7" y="-113"/><vector name="lt" x="-76" y="-138"/><vector name="rb" x="65" y="2"/><int name="delay" value="120"/></canvas><canvas name="4" width="144" height="141"><vector name="origin" x="77" y="138"/><vector name="head" x="-7" y="-113"/><vector name="lt" x="-76" y="-138"/><vector name="rb" x="65" y="2"/><int name="delay" value="120"/></canvas><canvas name="5" width="143" height="142"><vector name="origin" x="75" y="139"/><vector name="head" x="-7" y="-113"/><vector name="lt" x="-76" y="-138"/><vector name="rb" x="65" y="2"/><int name="delay" value="120"/></canvas></imgdir><imgdir name="attack1"><imgdir name="info"><imgdir name="range"><vector name="lt" x="-348" y="-56"/><vector name="rb" x="0" y="0"/></imgdir><imgdir name="hit"><canvas name="0" width="115" height="120"><vector name="origin" x="56" y="57"/><int name="delay" value="120"/></canvas><canvas name="1" width="103" height="101"><vector name="origin" x="58" y="38"/><int name="delay" value="120"/></canvas><canvas name="2" width="115" height="100"><vector name="origin" x="67" y="40"/><int name="delay" value="120"/></canvas><canvas name="3" width="99" height="82"><vector name="origin" x="49" y="42"/><int name="delay" value="120"/></canvas></imgdir><int name="attackAfter" value="840"/><int name="type" value="0"/><int name="magic" value="1"/></imgdir><canvas name="0" width="142" height="143"><vector name="origin" x="76" y="140"/><vector name="head" x="-7" y="-113"/><vector name="lt" x="-76" y="-138"/><vector name="rb" x="65" y="2"/><int name="delay" value="120"/></canvas><canvas name="1" width="186" height="143"><vector name="origin" x="120" y="140"/><vector name="head" x="-7" y="-113"/><vector name="lt" x="-76" y="-138"/><vector name="rb" x="65" y="2"/><int name="delay" value="120"/></canvas><canvas name="2" width="186" height="216"><vector name="origin" x="120" y="213"/><vector name="head" x="-7" y="-113"/><vector name="lt" x="-76" y="-138"/><vector name="rb" x="65" y="2"/><int name="delay" value="120"/></canvas><canvas name="3" width="159" height="202"><vector name="origin" x="93" y="199"/><vector name="head" x="-7" y="-113"/><vector name="lt" x="-76" y="-138"/><vector name="rb" x="65" y="2"/><int name="delay" value="120"/></canvas><canvas name="4" width="153" height="182"><vector name="origin" x="87" y="179"/><vector name="head" x="-7" y="-113"/><vector name="lt" x="-76" y="-138"/><vector name="rb" x="65" y="2"/><int name="delay" value="120"/></canvas><canvas name="5" width="161" height="159"><vector name="origin" x="76" y="156"/><vector name="head" x="-7" y="-113"/><vector name="lt" x="-76" y="-138"/><vector name="rb" x="65" y="2"/><int name="delay" value="120"/></canvas><canvas name="6" width="159" height="160"><vector name="origin" x="74" y="157"/><vector name="head" x="-7" y="-113"/><vector name="lt" x="-76" y="-138"/><vector name="rb" x="65" y="2"/><int name="delay" value="120"/></canvas><canvas name="7" width="472" height="261"><vector name="origin" x="410" y="230"/><vector name="head" x="-7" y="-113"/><vector name="lt" x="-76" y="-138"/><vector name="rb" x="65" y="2"/><int name="delay" value="90"/></canvas><canvas name="8" width="473" height="252"><vector name="origin" x="412" y="221"/><vector name="head" x="-7" y="-113"/><vector name="lt" x="-76" y="-138"/><vector name="rb" x="65" y="2"/><int name="delay" value="90"/></canvas><canvas name="9" width="484" height="243"><vector name="origin" x="421" y="215"/><vector name="head" x="-7" y="-113"/><vector name="lt" x="-76" y="-138"/><vector name="rb" x="65" y="2"/><int name="delay" value="90"/></canvas><canvas name="10" width="466" height="221"><vector name="origin" x="403" y="213"/><vector name="head" x="-7" y="-113"/><vector name="lt" x="-76" y="-138"/><vector name="rb" x="65" y="2"/><int name="delay" value="90"/></canvas><canvas name="11" width="237" height="143"><vector name="origin" x="171" y="140"/><vector name="head" x="-7" y="-113"/><vector name="lt" x="-76" y="-138"/><vector name="rb" x="65" y="2"/><int name="delay" value="90"/></canvas><canvas name="12" width="152" height="143"><vector name="origin" x="86" y="140"/><vector name="head" x="-7" y="-113"/><vector name="lt" x="-76" y="-138"/><vector name="rb" x="65" y="2"/><int name="delay" value="90"/></canvas><canvas name="13" width="142" height="143"><vector name="origin" x="76" y="140"/><vector name="head" x="-7" y="-113"/><vector name="lt" x="-76" y="-138"/><vector name="rb" x="65" y="2"/><int name="delay" value="90"/></canvas><uol name="14" value="../stand/0"/><uol name="15" value="../stand/1"/><uol name="16" value="../stand/2"/><uol name="17" value="../stand/3"/></imgdir><imgdir name="skill1"><canvas name="0" width="142" height="143"><vector name="origin" x="76" y="140"/><vector name="head" x="-7" y="-113"/><vector name="lt" x="-76" y="-138"/><vector name="rb" x="65" y="2"/><int name="delay" value="120"/></canvas><canvas name="1" width="196" height="166"><vector name="origin" x="131" y="138"/><vector name="head" x="-7" y="-113"/><vector name="lt" x="-76" y="-138"/><vector name="rb" x="65" y="2"/><int name="delay" value="120"/></canvas><canvas name="2" width="191" height="158"><vector name="origin" x="123" y="140"/><vector name="head" x="-7" y="-113"/><vector name="lt" x="-76" y="-138"/><vector name="rb" x="65" y="2"/><int name="delay" value="120"/></canvas><canvas name="3" width="177" height="150"><vector name="origin" x="109" y="141"/><vector name="head" x="-7" y="-113"/><vector name="lt" x="-76" y="-138"/><vector name="rb" x="65" y="2"/><int name="delay" value="120"/></canvas><canvas name="4" width="160" height="150"><vector name="origin" x="92" y="140"/><vector name="head" x="-7" y="-113"/><vector name="lt" x="-76" y="-138"/><vector name="rb" x="65" y="2"/><int name="delay" value="120"/></canvas><canvas name="5" width="156" height="151"><vector name="origin" x="87" y="141"/><vector name="head" x="-7" y="-113"/><vector name="lt" x="-76" y="-138"/><vector name="rb" x="65" y="2"/><int name="delay" value="120"/></canvas><canvas name="6" width="156" height="152"><vector name="origin" x="87" y="141"/><vector name="head" x="-7" y="-113"/><vector name="lt" x="-76" y="-138"/><vector name="rb" x="65" y="2"/><int name="delay" value="120"/></canvas><canvas name="7" width="226" height="172"><vector name="origin" x="109" y="161"/><vector name="head" x="-7" y="-113"/><vector name="lt" x="-76" y="-138"/><vector name="rb" x="65" y="2"/><int name="delay" value="120"/></canvas><canvas name="8" width="234" height="172"><vector name="origin" x="113" y="162"/><vector name="head" x="-7" y="-113"/><vector name="lt" x="-76" y="-138"/><vector name="rb" x="65" y="2"/><int name="delay" value="120"/></canvas><canvas name="9" width="236" height="173"><vector name="origin" x="114" y="164"/><vector name="head" x="-7" y="-113"/><vector name="lt" x="-76" y="-138"/><vector name="rb" x="65" y="2"/><int name="delay" value="120"/></canvas><canvas name="10" width="234" height="171"><vector name="origin" x="114" y="163"/><vector name="head" x="-7" y="-113"/><vector name="lt" x="-76" y="-138"/><vector name="rb" x="65" y="2"/><int name="delay" value="120"/></canvas><canvas name="11" width="140" height="147"><vector name="origin" x="74" y="143"/><vector name="head" x="-7" y="-113"/><vector name="lt" x="-76" y="-138"/><vector name="rb" x="65" y="2"/><int name="delay" value="120"/></canvas><canvas name="12" width="151" height="148"><vector name="origin" x="83" y="140"/><vector name="head" x="-7" y="-113"/><vector name="lt" x="-76" y="-138"/><vector name="rb" x="65" y="2"/><int name="delay" value="120"/></canvas></imgdir><imgdir name="hit1"><canvas name="0" width="162" height="160"><vector name="origin" x="63" y="157"/><vector name="head" x="9" y="-113"/><vector name="lt" x="-54" y="-143"/><vector name="rb" x="65" y="2"/><int name="delay" value="600"/></canvas></imgdir><imgdir name="die1"><canvas name="0" width="142" height="143"><vector name="origin" x="76" y="140"/><vector name="head" x="-7" y="-125"/><int name="delay" value="120"/></canvas><canvas name="1" width="162" height="160"><vector name="origin" x="43" y="157"/><vector name="head" x="-7" y="-125"/><int name="delay" value="120"/></canvas><canvas name="2" width="168" height="157"><vector name="origin" x="49" y="154"/><vector name="head" x="-7" y="-125"/><int name="delay" value="120"/></canvas><canvas name="3" width="172" height="157"><vector name="origin" x="52" y="154"/><vector name="head" x="-7" y="-125"/><int name="delay" value="120"/></canvas><canvas name="4" width="206" height="167"><vector name="origin" x="56" y="158"/><vector name="head" x="-7" y="-125"/><int name="delay" value="120"/></canvas><canvas name="5" width="186" height="165"><vector name="origin" x="46" y="158"/><vector name="head" x="-7" y="-125"/><int name="delay" value="120"/></canvas><canvas name="6" width="158" height="151"><vector name="origin" x="32" y="151"/><vector name="head" x="-7" y="-125"/><int name="delay" value="120"/></canvas><canvas name="7" width="130" height="129"><vector name="origin" x="20" y="138"/><vector name="head" x="-7" y="-125"/><int name="delay" value="120"/></canvas><canvas name="8" width="103" height="103"><vector name="origin" x="7" y="125"/><vector name="head" x="-7" y="-125"/><int name="delay" value="120"/></canvas><canvas name="9" width="95" height="94"><vector name="origin" x="2" y="121"/><vector name="head" x="-7" y="-125"/><int name="delay" value="120"/></canvas><canvas name="10" width="130" height="125"><vector name="origin" x="19" y="136"/><vector name="head" x="-7" y="-125"/><int name="delay" value="120"/></canvas><canvas name="11" width="134" height="117"><vector name="origin" x="20" y="133"/><vector name="head" x="-7" y="-125"/><int name="delay" value="120"/></canvas><canvas name="12" width="138" height="129"><vector name="origin" x="21" y="128"/><vector name="head" x="-7" y="-125"/><int name="delay" value="120"/></canvas><canvas name="13" width="103" height="124"><vector name="origin" x="6" y="123"/><vector name="head" x="-7" y="-125"/><int name="delay" value="120"/></canvas><canvas name="14" width="58" height="99"><vector name="origin" x="-10" y="98"/><vector name="head" x="-7" y="-125"/><int name="delay" value="120"/></canvas><canvas name="15" width="56" height="79"><vector name="origin" x="-12" y="78"/><vector name="head" x="-7" y="-125"/><int name="delay" value="120"/></canvas><canvas name="16" width="56" height="27"><vector name="origin" x="-12" y="26"/><vector name="head" x="-7" y="-125"/><int name="delay" value="120"/></canvas></imgdir></imgdir>