<?xml version="1.0" encoding="UTF-8" standalone="yes"?><imgdir name="8600005.img"><imgdir name="info"><string name="elemAttr" value="F3L3"/><int name="level" value="165"/><int name="bodyAttack" value="1"/><int name="maxHP" value="380000"/><int name="maxMP" value="16000"/><int name="speed" value="-30"/><int name="PDDamage" value="690"/><int name="PDRate" value="10"/><int name="MDDamage" value="750"/><int name="MDRate" value="10"/><int name="pushed" value="5000"/><float name="fs" value="10.0"/><int name="exp" value="14074"/><int name="summonType" value="1"/><int name="category" value="6"/><string name="mobType" value="4H"/><int name="MADamage" value="700"/><int name="eva" value="55"/><int name="acc" value="270"/><int name="PADamage" value="800"/></imgdir><imgdir name="stand"><canvas name="0" width="100" height="127"><vector name="origin" x="53" y="127"/><vector name="head" x="-8" y="-105"/><vector name="lt" x="-53" y="-127"/><vector name="rb" x="47" y="0"/><int name="delay" value="150"/></canvas><canvas name="1" width="100" height="126"><vector name="origin" x="53" y="126"/><vector name="head" x="-8" y="-105"/><vector name="lt" x="-53" y="-126"/><vector name="rb" x="47" y="0"/><int name="delay" value="150"/></canvas><canvas name="2" width="98" height="124"><vector name="origin" x="53" y="124"/><vector name="head" x="-8" y="-105"/><vector name="lt" x="-53" y="-124"/><vector name="rb" x="45" y="0"/><int name="delay" value="150"/></canvas><canvas name="3" width="98" height="122"><vector name="origin" x="53" y="122"/><vector name="head" x="-8" y="-105"/><vector name="lt" x="-53" y="-122"/><vector name="rb" x="45" y="0"/><int name="delay" value="150"/></canvas><canvas name="4" width="99" height="121"><vector name="origin" x="53" y="121"/><vector name="head" x="-8" y="-105"/><vector name="lt" x="-53" y="-121"/><vector name="rb" x="46" y="0"/><int name="delay" value="150"/></canvas><canvas name="5" width="99" height="122"><vector name="origin" x="53" y="122"/><vector name="head" x="-8" y="-105"/><vector name="lt" x="-53" y="-122"/><vector name="rb" x="46" y="0"/><int name="delay" value="150"/></canvas><canvas name="6" width="100" height="124"><vector name="origin" x="53" y="124"/><vector name="head" x="-8" y="-105"/><vector name="lt" x="-53" y="-124"/><vector name="rb" x="47" y="0"/><int name="delay" value="150"/></canvas><canvas name="7" width="100" height="126"><vector name="origin" x="53" y="126"/><vector name="head" x="-8" y="-105"/><vector name="lt" x="-53" y="-126"/><vector name="rb" x="47" y="0"/><int name="delay" value="150"/></canvas></imgdir><imgdir name="move"><canvas name="0" width="100" height="126"><vector name="origin" x="53" y="126"/><vector name="head" x="-8" y="-105"/><vector name="lt" x="-53" y="-126"/><vector name="rb" x="47" y="0"/><int name="delay" value="90"/></canvas><canvas name="1" width="100" height="127"><vector name="origin" x="53" y="127"/><vector name="head" x="-8" y="-105"/><vector name="lt" x="-53" y="-127"/><vector name="rb" x="47" y="0"/><int name="delay" value="90"/></canvas><canvas name="2" width="100" height="128"><vector name="origin" x="53" y="128"/><vector name="head" x="-8" y="-105"/><vector name="lt" x="-53" y="-128"/><vector name="rb" x="47" y="0"/><int name="delay" value="90"/></canvas><canvas name="3" width="98" height="131"><vector name="origin" x="53" y="131"/><vector name="head" x="-8" y="-105"/><vector name="lt" x="-53" y="-131"/><vector name="rb" x="45" y="0"/><int name="delay" value="90"/></canvas><canvas name="4" width="98" height="130"><vector name="origin" x="53" y="130"/><vector name="head" x="-8" y="-105"/><vector name="lt" x="-53" y="-130"/><vector name="rb" x="45" y="0"/><int name="delay" value="90"/></canvas><canvas name="5" width="99" height="128"><vector name="origin" x="53" y="128"/><vector name="head" x="-8" y="-105"/><vector name="lt" x="-53" y="-128"/><vector name="rb" x="46" y="0"/><int name="delay" value="90"/></canvas><canvas name="6" width="100" height="126"><vector name="origin" x="53" y="126"/><vector name="head" x="-8" y="-105"/><vector name="lt" x="-53" y="-126"/><vector name="rb" x="47" y="0"/><int name="delay" value="90"/></canvas><canvas name="7" width="100" height="127"><vector name="origin" x="53" y="127"/><vector name="head" x="-8" y="-105"/><vector name="lt" x="-53" y="-127"/><vector name="rb" x="47" y="0"/><int name="delay" value="90"/></canvas><canvas name="8" width="100" height="128"><vector name="origin" x="53" y="128"/><vector name="head" x="-8" y="-105"/><vector name="lt" x="-53" y="-128"/><vector name="rb" x="47" y="0"/><int name="delay" value="90"/></canvas><canvas name="9" width="98" height="131"><vector name="origin" x="53" y="131"/><vector name="head" x="-8" y="-105"/><vector name="lt" x="-53" y="-131"/><vector name="rb" x="45" y="0"/><int name="delay" value="90"/></canvas><canvas name="10" width="98" height="130"><vector name="origin" x="53" y="130"/><vector name="head" x="-8" y="-105"/><vector name="lt" x="-53" y="-130"/><vector name="rb" x="45" y="0"/><int name="delay" value="90"/></canvas><canvas name="11" width="99" height="128"><vector name="origin" x="53" y="128"/><vector name="head" x="-8" y="-105"/><vector name="lt" x="-53" y="-128"/><vector name="rb" x="46" y="0"/><int name="delay" value="90"/></canvas></imgdir><imgdir name="attack1"><imgdir name="info"><imgdir name="hit"><canvas name="0" width="104" height="111"><vector name="origin" x="57" y="60"/></canvas><canvas name="1" width="89" height="84"><vector name="origin" x="43" y="46"/></canvas><canvas name="2" width="100" height="82"><vector name="origin" x="49" y="41"/></canvas><canvas name="3" width="117" height="95"><vector name="origin" x="57" y="47"/></canvas><canvas name="4" width="126" height="105"><vector name="origin" x="60" y="52"/></canvas></imgdir><int name="attackAfter" value="960"/><imgdir name="range"><vector name="sp" x="-10" y="-65"/><int name="r" value="300"/></imgdir><int name="type" value="1"/></imgdir><canvas name="0" width="100" height="127"><vector name="origin" x="53" y="127"/><vector name="head" x="-8" y="-105"/><vector name="lt" x="-53" y="-127"/><vector name="rb" x="47" y="0"/><int name="delay" value="120"/></canvas><canvas name="1" width="101" height="128"><vector name="origin" x="53" y="127"/><vector name="head" x="-8" y="-105"/><vector name="lt" x="-53" y="-127"/><vector name="rb" x="48" y="1"/><int name="delay" value="120"/></canvas><canvas name="2" width="108" height="135"><vector name="origin" x="56" y="130"/><vector name="head" x="-8" y="-105"/><vector name="lt" x="-56" y="-130"/><vector name="rb" x="52" y="5"/><int name="delay" value="120"/></canvas><canvas name="3" width="110" height="136"><vector name="origin" x="56" y="130"/><vector name="head" x="-8" y="-105"/><vector name="lt" x="-56" y="-130"/><vector name="rb" x="54" y="6"/><int name="delay" value="120"/></canvas><canvas name="4" width="115" height="137"><vector name="origin" x="56" y="130"/><vector name="head" x="-8" y="-105"/><vector name="lt" x="-56" y="-130"/><vector name="rb" x="59" y="7"/><int name="delay" value="120"/></canvas><canvas name="5" width="125" height="136"><vector name="origin" x="55" y="129"/><vector name="head" x="-8" y="-105"/><vector name="lt" x="-55" y="-129"/><vector name="rb" x="70" y="7"/><int name="delay" value="120"/></canvas><canvas name="6" width="128" height="136"><vector name="origin" x="56" y="128"/><vector name="head" x="-8" y="-105"/><vector name="lt" x="-56" y="-128"/><vector name="rb" x="72" y="8"/><int name="delay" value="120"/></canvas><canvas name="7" width="249" height="143"><vector name="origin" x="175" y="135"/><vector name="head" x="-8" y="-105"/><vector name="lt" x="-56" y="-128"/><vector name="rb" x="72" y="8"/><int name="delay" value="120"/></canvas><canvas name="8" width="278" height="142"><vector name="origin" x="228" y="135"/><vector name="head" x="-8" y="-105"/><vector name="lt" x="-56" y="-128"/><vector name="rb" x="72" y="8"/><int name="delay" value="120"/></canvas><canvas name="9" width="296" height="141"><vector name="origin" x="252" y="133"/><vector name="head" x="-8" y="-105"/><vector name="lt" x="-56" y="-128"/><vector name="rb" x="72" y="8"/><int name="delay" value="120"/></canvas><canvas name="10" width="294" height="135"><vector name="origin" x="252" y="129"/><vector name="head" x="-8" y="-105"/><vector name="lt" x="-56" y="-128"/><vector name="rb" x="72" y="8"/><int name="delay" value="120"/></canvas><canvas name="11" width="293" height="134"><vector name="origin" x="252" y="130"/><vector name="head" x="-8" y="-105"/><vector name="lt" x="-56" y="-128"/><vector name="rb" x="72" y="8"/><int name="delay" value="120"/></canvas><uol name="12" value="../stand/0"/><uol name="13" value="../stand/1"/><uol name="14" value="../stand/2"/><uol name="15" value="../stand/3"/><uol name="16" value="../stand/4"/><uol name="17" value="../stand/5"/></imgdir><imgdir name="attack2"><imgdir name="info"><imgdir name="range"><vector name="lt" x="-223" y="-86"/><vector name="rb" x="0" y="0"/></imgdir><imgdir name="hit"><canvas name="0" width="110" height="123"><vector name="origin" x="53" y="69"/></canvas><canvas name="1" width="122" height="121"><vector name="origin" x="61" y="73"/></canvas><canvas name="2" width="131" height="127"><vector name="origin" x="67" y="75"/></canvas><canvas name="3" width="136" height="135"><vector name="origin" x="69" y="80"/></canvas><canvas name="4" width="138" height="139"><vector name="origin" x="68" y="82"/></canvas><canvas name="5" width="110" height="105"><vector name="origin" x="46" y="91"/></canvas></imgdir><int name="attackAfter" value="960"/><int name="delay" value="120"/><int name="type" value="0"/><int name="magic" value="1"/></imgdir><canvas name="0" width="100" height="127"><vector name="origin" x="53" y="127"/><vector name="head" x="-8" y="-105"/><vector name="lt" x="-53" y="-127"/><vector name="rb" x="47" y="0"/><int name="delay" value="120"/></canvas><canvas name="1" width="101" height="135"><vector name="origin" x="53" y="134"/><vector name="head" x="-8" y="-105"/><vector name="lt" x="-53" y="-134"/><vector name="rb" x="48" y="1"/><int name="delay" value="120"/></canvas><canvas name="2" width="110" height="144"><vector name="origin" x="56" y="147"/><vector name="head" x="-8" y="-105"/><vector name="lt" x="-56" y="-147"/><vector name="rb" x="54" y="-3"/><int name="delay" value="120"/></canvas><canvas name="3" width="112" height="145"><vector name="origin" x="56" y="151"/><vector name="head" x="-8" y="-105"/><vector name="lt" x="-56" y="-151"/><vector name="rb" x="56" y="-6"/><int name="delay" value="120"/></canvas><canvas name="4" width="113" height="147"><vector name="origin" x="56" y="156"/><vector name="head" x="-8" y="-105"/><vector name="lt" x="-56" y="-156"/><vector name="rb" x="57" y="-9"/><int name="delay" value="120"/></canvas><canvas name="5" width="113" height="147"><vector name="origin" x="55" y="158"/><vector name="head" x="-8" y="-105"/><vector name="lt" x="-55" y="-158"/><vector name="rb" x="58" y="-11"/><int name="delay" value="120"/></canvas><canvas name="6" width="113" height="147"><vector name="origin" x="55" y="161"/><vector name="head" x="-8" y="-105"/><vector name="lt" x="-55" y="-161"/><vector name="rb" x="58" y="-14"/><int name="delay" value="120"/></canvas><canvas name="7" width="238" height="147"><vector name="origin" x="187" y="139"/><vector name="head" x="-8" y="-105"/><vector name="lt" x="-187" y="-139"/><vector name="rb" x="51" y="8"/><int name="delay" value="120"/></canvas><canvas name="8" width="223" height="130"><vector name="origin" x="172" y="120"/><vector name="head" x="-8" y="-105"/><vector name="lt" x="-172" y="-120"/><vector name="rb" x="51" y="10"/><int name="delay" value="120"/></canvas><canvas name="9" width="224" height="112"><vector name="origin" x="174" y="101"/><vector name="head" x="-8" y="-105"/><vector name="lt" x="-174" y="-101"/><vector name="rb" x="50" y="11"/><int name="delay" value="120"/></canvas><canvas name="10" width="211" height="105"><vector name="origin" x="159" y="95"/><vector name="head" x="-8" y="-105"/><vector name="lt" x="-159" y="-95"/><vector name="rb" x="52" y="10"/><int name="delay" value="120"/></canvas><canvas name="11" width="141" height="109"><vector name="origin" x="88" y="102"/><vector name="head" x="-8" y="-105"/><vector name="lt" x="-88" y="-102"/><vector name="rb" x="53" y="7"/><int name="delay" value="120"/></canvas><canvas name="12" width="120" height="130"><vector name="origin" x="68" y="124"/><vector name="head" x="-8" y="-105"/><vector name="lt" x="-68" y="-124"/><vector name="rb" x="52" y="6"/><int name="delay" value="120"/></canvas><canvas name="13" width="109" height="133"><vector name="origin" x="59" y="129"/><vector name="head" x="-8" y="-105"/><vector name="lt" x="-59" y="-129"/><vector name="rb" x="50" y="4"/><int name="delay" value="120"/></canvas><uol name="14" value="../stand/0"/><uol name="15" value="../stand/1"/><uol name="16" value="../stand/2"/><uol name="17" value="../stand/3"/><uol name="18" value="../stand/4"/><uol name="19" value="../stand/5"/></imgdir><imgdir name="hit1"><canvas name="0" width="121" height="141"><vector name="origin" x="57" y="141"/><vector name="head" x="-8" y="-105"/><vector name="lt" x="-57" y="-141"/><vector name="rb" x="64" y="0"/><int name="delay" value="300"/></canvas></imgdir><imgdir name="die1"><canvas name="0" width="121" height="141"><vector name="origin" x="21" y="141"/><vector name="head" x="-8" y="-105"/><int name="delay" value="120"/></canvas><canvas name="1" width="200" height="167"><vector name="origin" x="36" y="143"/><vector name="head" x="-8" y="-105"/><int name="delay" value="120"/></canvas><canvas name="2" width="183" height="162"><vector name="origin" x="29" y="145"/><vector name="head" x="-8" y="-105"/><int name="delay" value="120"/></canvas><canvas name="3" width="157" height="143"><vector name="origin" x="16" y="130"/><vector name="head" x="-8" y="-105"/><int name="delay" value="120"/></canvas><canvas name="4" width="130" height="127"><vector name="origin" x="5" y="121"/><vector name="head" x="-8" y="-105"/><int name="delay" value="120"/></canvas><canvas name="5" width="103" height="103"><vector name="origin" x="-8" y="109"/><vector name="head" x="-8" y="-105"/><int name="delay" value="120"/></canvas><canvas name="6" width="95" height="94"><vector name="origin" x="-13" y="105"/><vector name="head" x="-8" y="-105"/><int name="delay" value="120"/></canvas><canvas name="7" width="130" height="125"><vector name="origin" x="4" y="120"/><vector name="head" x="-8" y="-105"/><int name="delay" value="120"/></canvas><canvas name="8" width="134" height="117"><vector name="origin" x="5" y="117"/><vector name="head" x="-8" y="-105"/><int name="delay" value="120"/></canvas><canvas name="9" width="138" height="118"><vector name="origin" x="6" y="117"/><vector name="head" x="-8" y="-105"/><int name="delay" value="120"/></canvas><canvas name="10" width="103" height="103"><vector name="origin" x="-9" y="112"/><vector name="head" x="-8" y="-105"/><int name="delay" value="120"/></canvas><canvas name="11" width="82" height="82"><vector name="origin" x="-4" y="82"/><vector name="head" x="-8" y="-105"/><int name="delay" value="120"/></canvas><canvas name="12" width="57" height="75"><vector name="origin" x="-24" y="75"/><vector name="head" x="-8" y="-105"/><int name="delay" value="120"/></canvas><canvas name="13" width="58" height="77"><vector name="origin" x="-23" y="77"/><vector name="head" x="-8" y="-105"/><int name="delay" value="120"/></canvas><canvas name="14" width="42" height="17"><vector name="origin" x="-34" y="66"/><vector name="head" x="-8" y="-105"/><int name="delay" value="120"/></canvas></imgdir></imgdir>