<?xml version="1.0" encoding="UTF-8" standalone="yes"?><imgdir name="8600006.img"><imgdir name="info"><string name="elemAttr" value="F3L3"/><int name="level" value="167"/><int name="bodyAttack" value="1"/><int name="maxHP" value="400000"/><int name="maxMP" value="18000"/><int name="speed" value="-30"/><int name="PDDamage" value="690"/><int name="PDRate" value="10"/><int name="MDDamage" value="750"/><int name="MDRate" value="10"/><int name="pushed" value="5500"/><float name="fs" value="10.0"/><int name="exp" value="14814"/><int name="summonType" value="1"/><int name="category" value="6"/><string name="mobType" value="4H"/><int name="MADamage" value="700"/><int name="eva" value="55"/><int name="acc" value="270"/><int name="PADamage" value="800"/></imgdir><imgdir name="stand"><canvas name="0" width="105" height="150"><vector name="origin" x="53" y="150"/><vector name="head" x="-6" y="-105"/><vector name="lt" x="-53" y="-150"/><vector name="rb" x="52" y="0"/></canvas><canvas name="1" width="104" height="150"><vector name="origin" x="53" y="150"/><vector name="head" x="-6" y="-105"/><vector name="lt" x="-53" y="-150"/><vector name="rb" x="51" y="0"/></canvas><canvas name="2" width="103" height="152"><vector name="origin" x="53" y="152"/><vector name="head" x="-6" y="-105"/><vector name="lt" x="-53" y="-152"/><vector name="rb" x="50" y="0"/></canvas><canvas name="3" width="101" height="153"><vector name="origin" x="53" y="153"/><vector name="head" x="-6" y="-105"/><vector name="lt" x="-53" y="-153"/><vector name="rb" x="48" y="0"/></canvas><canvas name="4" width="103" height="149"><vector name="origin" x="53" y="149"/><vector name="head" x="-6" y="-105"/><vector name="lt" x="-53" y="-149"/><vector name="rb" x="50" y="0"/></canvas><canvas name="5" width="105" height="145"><vector name="origin" x="53" y="145"/><vector name="head" x="-6" y="-105"/><vector name="lt" x="-53" y="-145"/><vector name="rb" x="52" y="0"/></canvas><canvas name="6" width="105" height="147"><vector name="origin" x="53" y="147"/><vector name="head" x="-6" y="-105"/><vector name="lt" x="-53" y="-147"/><vector name="rb" x="52" y="0"/></canvas><canvas name="7" width="105" height="149"><vector name="origin" x="53" y="149"/><vector name="head" x="-6" y="-105"/><vector name="lt" x="-53" y="-149"/><vector name="rb" x="52" y="0"/></canvas></imgdir><imgdir name="move"><canvas name="0" width="105" height="148"><vector name="origin" x="53" y="148"/><vector name="head" x="-6" y="-105"/><vector name="lt" x="-53" y="-148"/><vector name="rb" x="52" y="0"/><int name="delay" value="90"/></canvas><canvas name="1" width="107" height="148"><vector name="origin" x="53" y="148"/><vector name="head" x="-6" y="-105"/><vector name="lt" x="-53" y="-148"/><vector name="rb" x="54" y="0"/><int name="delay" value="90"/></canvas><canvas name="2" width="105" height="151"><vector name="origin" x="53" y="151"/><vector name="head" x="-6" y="-105"/><vector name="lt" x="-53" y="-151"/><vector name="rb" x="52" y="0"/><int name="delay" value="90"/></canvas><canvas name="3" width="104" height="151"><vector name="origin" x="53" y="151"/><vector name="head" x="-6" y="-105"/><vector name="lt" x="-53" y="-151"/><vector name="rb" x="51" y="0"/><int name="delay" value="90"/></canvas><canvas name="4" width="103" height="153"><vector name="origin" x="53" y="153"/><vector name="head" x="-6" y="-105"/><vector name="lt" x="-53" y="-153"/><vector name="rb" x="50" y="0"/><int name="delay" value="90"/></canvas><canvas name="5" width="101" height="155"><vector name="origin" x="53" y="155"/><vector name="head" x="-6" y="-105"/><vector name="lt" x="-53" y="-155"/><vector name="rb" x="48" y="0"/><int name="delay" value="90"/></canvas><canvas name="6" width="105" height="148"><vector name="origin" x="53" y="148"/><vector name="head" x="-6" y="-105"/><vector name="lt" x="-53" y="-148"/><vector name="rb" x="52" y="0"/><int name="delay" value="90"/></canvas><canvas name="7" width="107" height="148"><vector name="origin" x="53" y="148"/><vector name="head" x="-6" y="-105"/><vector name="lt" x="-53" y="-148"/><vector name="rb" x="54" y="0"/><int name="delay" value="90"/></canvas><canvas name="8" width="105" height="151"><vector name="origin" x="53" y="151"/><vector name="head" x="-6" y="-105"/><vector name="lt" x="-53" y="-151"/><vector name="rb" x="52" y="0"/><int name="delay" value="90"/></canvas><canvas name="9" width="104" height="151"><vector name="origin" x="53" y="151"/><vector name="head" x="-6" y="-105"/><vector name="lt" x="-53" y="-151"/><vector name="rb" x="51" y="0"/><int name="delay" value="90"/></canvas><canvas name="10" width="103" height="153"><vector name="origin" x="53" y="153"/><vector name="head" x="-6" y="-105"/><vector name="lt" x="-53" y="-153"/><vector name="rb" x="50" y="0"/><int name="delay" value="90"/></canvas><canvas name="11" width="101" height="155"><vector name="origin" x="53" y="155"/><vector name="head" x="-6" y="-105"/><vector name="lt" x="-53" y="-155"/><vector name="rb" x="48" y="0"/><int name="delay" value="90"/></canvas></imgdir><imgdir name="attack1"><imgdir name="info"><imgdir name="hit"><canvas name="0" width="104" height="111"><vector name="origin" x="56" y="61"/></canvas><canvas name="1" width="89" height="84"><vector name="origin" x="42" y="47"/></canvas><canvas name="2" width="100" height="82"><vector name="origin" x="48" y="42"/></canvas><canvas name="3" width="117" height="95"><vector name="origin" x="56" y="48"/></canvas><canvas name="4" width="126" height="105"><vector name="origin" x="59" y="53"/></canvas></imgdir><int name="attackAfter" value="960"/><imgdir name="range"><vector name="sp" x="-10" y="-65"/><int name="r" value="300"/></imgdir><int name="type" value="1"/></imgdir><canvas name="0" width="105" height="150"><vector name="origin" x="53" y="150"/><vector name="head" x="-6" y="-105"/><vector name="lt" x="-53" y="-150"/><vector name="rb" x="52" y="0"/><int name="delay" value="120"/></canvas><canvas name="1" width="105" height="152"><vector name="origin" x="53" y="151"/><vector name="head" x="-6" y="-105"/><vector name="lt" x="-53" y="-150"/><vector name="rb" x="52" y="0"/><int name="delay" value="120"/></canvas><canvas name="2" width="114" height="164"><vector name="origin" x="57" y="158"/><vector name="head" x="-6" y="-105"/><vector name="lt" x="-53" y="-150"/><vector name="rb" x="52" y="0"/><int name="delay" value="120"/></canvas><canvas name="3" width="115" height="169"><vector name="origin" x="57" y="162"/><vector name="head" x="-6" y="-105"/><vector name="lt" x="-53" y="-150"/><vector name="rb" x="52" y="0"/><int name="delay" value="120"/></canvas><canvas name="4" width="118" height="166"><vector name="origin" x="57" y="158"/><vector name="head" x="-6" y="-105"/><vector name="lt" x="-53" y="-150"/><vector name="rb" x="52" y="0"/><int name="delay" value="120"/></canvas><canvas name="5" width="127" height="162"><vector name="origin" x="56" y="153"/><vector name="head" x="-6" y="-105"/><vector name="lt" x="-53" y="-150"/><vector name="rb" x="52" y="0"/><int name="delay" value="120"/></canvas><canvas name="6" width="130" height="161"><vector name="origin" x="57" y="152"/><vector name="head" x="-6" y="-105"/><vector name="lt" x="-53" y="-150"/><vector name="rb" x="52" y="0"/><int name="delay" value="120"/></canvas><canvas name="7" width="249" height="167"><vector name="origin" x="175" y="158"/><vector name="head" x="-6" y="-105"/><vector name="lt" x="-53" y="-150"/><vector name="rb" x="52" y="0"/><int name="delay" value="120"/></canvas><canvas name="8" width="279" height="165"><vector name="origin" x="228" y="157"/><vector name="head" x="-6" y="-105"/><vector name="lt" x="-53" y="-150"/><vector name="rb" x="52" y="0"/><int name="delay" value="120"/></canvas><canvas name="9" width="297" height="159"><vector name="origin" x="252" y="151"/><vector name="head" x="-6" y="-105"/><vector name="lt" x="-53" y="-150"/><vector name="rb" x="52" y="0"/><int name="delay" value="120"/></canvas><canvas name="10" width="294" height="160"><vector name="origin" x="252" y="153"/><vector name="head" x="-6" y="-105"/><vector name="lt" x="-53" y="-150"/><vector name="rb" x="52" y="0"/><int name="delay" value="120"/></canvas><canvas name="11" width="293" height="157"><vector name="origin" x="252" y="153"/><vector name="head" x="-6" y="-105"/><vector name="lt" x="-53" y="-150"/><vector name="rb" x="52" y="0"/><int name="delay" value="120"/></canvas><uol name="12" value="../stand/0"/><uol name="13" value="../stand/1"/><uol name="14" value="../stand/2"/><uol name="15" value="../stand/3"/><uol name="16" value="../stand/4"/><uol name="17" value="../stand/5"/></imgdir><imgdir name="attack2"><imgdir name="info"><imgdir name="range"><vector name="lt" x="-300" y="-100"/><vector name="rb" x="50" y="50"/></imgdir><imgdir name="hit"><canvas name="0" width="131" height="109"><vector name="origin" x="65" y="55"/></canvas><canvas name="1" width="153" height="114"><vector name="origin" x="74" y="58"/></canvas><canvas name="2" width="159" height="124"><vector name="origin" x="77" y="63"/></canvas><canvas name="3" width="164" height="126"><vector name="origin" x="78" y="64"/></canvas><canvas name="4" width="157" height="127"><vector name="origin" x="73" y="62"/></canvas><canvas name="5" width="125" height="99"><vector name="origin" x="61" y="49"/></canvas></imgdir><int name="attackAfter" value="960"/><int name="type" value="0"/><int name="magic" value="1"/></imgdir><canvas name="0" width="105" height="150"><vector name="origin" x="53" y="150"/><vector name="head" x="-6" y="-105"/><vector name="lt" x="-53" y="-150"/><vector name="rb" x="52" y="0"/><int name="delay" value="120"/></canvas><canvas name="1" width="104" height="162"><vector name="origin" x="53" y="161"/><vector name="head" x="-6" y="-105"/><vector name="lt" x="-53" y="-161"/><vector name="rb" x="51" y="1"/><int name="delay" value="120"/></canvas><canvas name="2" width="112" height="175"><vector name="origin" x="57" y="178"/><vector name="head" x="-6" y="-105"/><vector name="lt" x="-57" y="-178"/><vector name="rb" x="55" y="-3"/><int name="delay" value="120"/></canvas><canvas name="3" width="114" height="180"><vector name="origin" x="57" y="185"/><vector name="head" x="-6" y="-105"/><vector name="lt" x="-57" y="-185"/><vector name="rb" x="57" y="-5"/><int name="delay" value="120"/></canvas><canvas name="4" width="115" height="181"><vector name="origin" x="57" y="190"/><vector name="head" x="-6" y="-105"/><vector name="lt" x="-57" y="-190"/><vector name="rb" x="58" y="-9"/><int name="delay" value="120"/></canvas><canvas name="5" width="116" height="183"><vector name="origin" x="56" y="193"/><vector name="head" x="-6" y="-105"/><vector name="lt" x="-56" y="-193"/><vector name="rb" x="60" y="-10"/><int name="delay" value="120"/></canvas><canvas name="6" width="117" height="183"><vector name="origin" x="56" y="196"/><vector name="head" x="-6" y="-105"/><vector name="lt" x="-56" y="-189"/><vector name="rb" x="61" y="-13"/><int name="delay" value="120"/></canvas><canvas name="7" width="223" height="136"><vector name="origin" x="171" y="126"/><vector name="head" x="-6" y="-105"/><vector name="lt" x="-100" y="-123"/><vector name="rb" x="52" y="10"/><int name="delay" value="120"/></canvas><canvas name="8" width="233" height="141"><vector name="origin" x="181" y="128"/><vector name="head" x="-6" y="-105"/><vector name="lt" x="-93" y="-112"/><vector name="rb" x="52" y="13"/><int name="delay" value="120"/></canvas><canvas name="9" width="235" height="143"><vector name="origin" x="184" y="130"/><vector name="head" x="-6" y="-105"/><vector name="lt" x="-92" y="-112"/><vector name="rb" x="51" y="13"/><int name="delay" value="120"/></canvas><canvas name="10" width="221" height="147"><vector name="origin" x="169" y="136"/><vector name="head" x="-6" y="-105"/><vector name="lt" x="-96" y="-112"/><vector name="rb" x="52" y="11"/><int name="delay" value="120"/></canvas><canvas name="11" width="216" height="148"><vector name="origin" x="163" y="141"/><vector name="head" x="-6" y="-105"/><vector name="lt" x="-89" y="-121"/><vector name="rb" x="53" y="7"/><int name="delay" value="120"/></canvas><canvas name="12" width="212" height="153"><vector name="origin" x="161" y="147"/><vector name="head" x="-6" y="-105"/><vector name="lt" x="-66" y="-147"/><vector name="rb" x="51" y="6"/><int name="delay" value="120"/></canvas><canvas name="13" width="106" height="149"><vector name="origin" x="56" y="148"/><vector name="head" x="-6" y="-105"/><vector name="lt" x="-56" y="-148"/><vector name="rb" x="50" y="1"/><int name="delay" value="120"/></canvas><uol name="14" value="../stand/0"/><uol name="15" value="../stand/1"/><uol name="16" value="../stand/2"/><uol name="17" value="../stand/3"/><uol name="18" value="../stand/4"/><uol name="19" value="../stand/5"/></imgdir><imgdir name="hit1"><canvas name="0" width="128" height="164"><vector name="origin" x="57" y="164"/><vector name="head" x="-6" y="-105"/><vector name="lt" x="-57" y="-164"/><vector name="rb" x="71" y="0"/><int name="delay" value="300"/></canvas></imgdir><imgdir name="die1"><canvas name="0" width="128" height="164"><vector name="origin" x="21" y="164"/><vector name="head" x="-6" y="-105"/><int name="delay" value="120"/></canvas><canvas name="1" width="200" height="190"><vector name="origin" x="36" y="166"/><vector name="head" x="-6" y="-105"/><int name="delay" value="120"/></canvas><canvas name="2" width="183" height="188"><vector name="origin" x="29" y="171"/><vector name="head" x="-6" y="-105"/><int name="delay" value="120"/></canvas><canvas name="3" width="157" height="167"><vector name="origin" x="16" y="154"/><vector name="head" x="-6" y="-105"/><int name="delay" value="120"/></canvas><canvas name="4" width="130" height="149"><vector name="origin" x="5" y="143"/><vector name="head" x="-6" y="-105"/><int name="delay" value="120"/></canvas><canvas name="5" width="103" height="103"><vector name="origin" x="-8" y="109"/><vector name="head" x="-6" y="-105"/><int name="delay" value="120"/></canvas><canvas name="6" width="95" height="94"><vector name="origin" x="-13" y="105"/><vector name="head" x="-6" y="-105"/><int name="delay" value="120"/></canvas><canvas name="7" width="130" height="125"><vector name="origin" x="4" y="120"/><vector name="head" x="-6" y="-105"/><int name="delay" value="120"/></canvas><canvas name="8" width="134" height="117"><vector name="origin" x="5" y="117"/><vector name="head" x="-6" y="-105"/><int name="delay" value="120"/></canvas><canvas name="9" width="138" height="118"><vector name="origin" x="6" y="117"/><vector name="head" x="-6" y="-105"/><int name="delay" value="120"/></canvas><canvas name="10" width="103" height="103"><vector name="origin" x="-9" y="112"/><vector name="head" x="-6" y="-105"/><int name="delay" value="120"/></canvas><canvas name="11" width="82" height="82"><vector name="origin" x="-4" y="82"/><vector name="head" x="-6" y="-105"/><int name="delay" value="120"/></canvas><canvas name="12" width="57" height="75"><vector name="origin" x="-24" y="75"/><vector name="head" x="-6" y="-105"/><int name="delay" value="120"/></canvas><canvas name="13" width="58" height="77"><vector name="origin" x="-23" y="77"/><vector name="head" x="-6" y="-105"/><int name="delay" value="120"/></canvas><canvas name="14" width="42" height="17"><vector name="origin" x="-34" y="67"/><vector name="head" x="-6" y="-105"/><int name="delay" value="120"/></canvas></imgdir></imgdir>