<?xml version="1.0" encoding="UTF-8" standalone="yes"?><imgdir name="8600003.img"><imgdir name="info"><int name="level" value="168"/><int name="bodyAttack" value="1"/><int name="maxHP" value="410000"/><int name="maxMP" value="18000"/><int name="speed" value="-30"/><int name="PDDamage" value="170"/><int name="PDRate" value="10"/><int name="MDDamage" value="210"/><int name="MDRate" value="10"/><int name="pushed" value="5500"/><float name="fs" value="10.0"/><int name="exp" value="15185"/><int name="summonType" value="1"/><int name="category" value="8"/><string name="mobType" value="3H"/><int name="MADamage" value="700"/><int name="eva" value="55"/><int name="acc" value="270"/><int name="PADamage" value="800"/></imgdir><imgdir name="stand"><canvas name="0" width="151" height="149"><vector name="origin" x="78" y="149"/><vector name="head" x="-37" y="-107"/><vector name="lt" x="-78" y="-128"/><vector name="rb" x="73" y="0"/><int name="delay" value="180"/></canvas><canvas name="1" width="152" height="150"><vector name="origin" x="78" y="150"/><vector name="head" x="-37" y="-107"/><vector name="lt" x="-78" y="-128"/><vector name="rb" x="73" y="0"/><int name="delay" value="180"/></canvas><canvas name="2" width="153" height="150"><vector name="origin" x="78" y="150"/><vector name="head" x="-37" y="-107"/><vector name="lt" x="-78" y="-128"/><vector name="rb" x="73" y="0"/><int name="delay" value="180"/></canvas><canvas name="3" width="152" height="146"><vector name="origin" x="78" y="146"/><vector name="head" x="-37" y="-107"/><vector name="lt" x="-78" y="-128"/><vector name="rb" x="73" y="0"/><int name="delay" value="180"/></canvas><canvas name="4" width="151" height="145"><vector name="origin" x="78" y="145"/><vector name="head" x="-37" y="-107"/><vector name="lt" x="-78" y="-128"/><vector name="rb" x="73" y="0"/><int name="delay" value="180"/></canvas><canvas name="5" width="150" height="146"><vector name="origin" x="78" y="146"/><vector name="head" x="-37" y="-107"/><vector name="lt" x="-78" y="-128"/><vector name="rb" x="73" y="0"/><int name="delay" value="180"/></canvas></imgdir><imgdir name="move"><canvas name="0" width="150" height="149"><vector name="origin" x="78" y="149"/><vector name="head" x="-37" y="-107"/><vector name="lt" x="-78" y="-128"/><vector name="rb" x="73" y="0"/><int name="delay" value="120"/></canvas><canvas name="1" width="150" height="146"><vector name="origin" x="78" y="146"/><vector name="head" x="-37" y="-107"/><vector name="lt" x="-78" y="-128"/><vector name="rb" x="73" y="0"/><int name="delay" value="120"/></canvas><canvas name="2" width="150" height="146"><vector name="origin" x="78" y="146"/><vector name="head" x="-37" y="-107"/><vector name="lt" x="-78" y="-128"/><vector name="rb" x="73" y="0"/><int name="delay" value="120"/></canvas><canvas name="3" width="150" height="149"><vector name="origin" x="78" y="149"/><vector name="head" x="-37" y="-107"/><vector name="lt" x="-78" y="-128"/><vector name="rb" x="73" y="0"/><int name="delay" value="120"/></canvas><canvas name="4" width="152" height="149"><vector name="origin" x="78" y="149"/><vector name="head" x="-37" y="-107"/><vector name="lt" x="-78" y="-128"/><vector name="rb" x="73" y="0"/><int name="delay" value="120"/></canvas><canvas name="5" width="156" height="146"><vector name="origin" x="78" y="146"/><vector name="head" x="-37" y="-107"/><vector name="lt" x="-78" y="-128"/><vector name="rb" x="73" y="0"/><int name="delay" value="120"/></canvas><canvas name="6" width="161" height="146"><vector name="origin" x="80" y="146"/><vector name="head" x="-37" y="-107"/><vector name="lt" x="-78" y="-128"/><vector name="rb" x="73" y="0"/><int name="delay" value="120"/></canvas><canvas name="7" width="156" height="149"><vector name="origin" x="78" y="149"/><vector name="head" x="-37" y="-107"/><vector name="lt" x="-78" y="-128"/><vector name="rb" x="73" y="0"/><int name="delay" value="120"/></canvas></imgdir><imgdir name="attack1"><imgdir name="info"><imgdir name="hit"><canvas name="0" width="110" height="103"><vector name="origin" x="81" y="51"/></canvas><canvas name="1" width="178" height="125"><vector name="origin" x="90" y="44"/></canvas><canvas name="2" width="189" height="160"><vector name="origin" x="95" y="86"/></canvas><canvas name="3" width="147" height="170"><vector name="origin" x="47" y="92"/></canvas><canvas name="4" width="124" height="170"><vector name="origin" x="43" y="98"/></canvas><canvas name="5" width="101" height="136"><vector name="origin" x="48" y="58"/></canvas></imgdir><int name="attackAfter" value="450"/><imgdir name="range"><vector name="sp" x="-40" y="-65"/><int name="r" value="250"/></imgdir><int name="type" value="1"/><int name="attackCount" value="6"/></imgdir><canvas name="0" width="286" height="183"><vector name="origin" x="94" y="183"/><vector name="head" x="-13" y="-112"/><vector name="lt" x="-59" y="-128"/><vector name="rb" x="95" y="-1"/><int name="delay" value="100"/></canvas><canvas name="1" width="277" height="221"><vector name="origin" x="100" y="213"/><vector name="head" x="-13" y="-112"/><vector name="lt" x="-59" y="-128"/><vector name="rb" x="95" y="-1"/><int name="delay" value="100"/></canvas><canvas name="2" width="243" height="213"><vector name="origin" x="102" y="211"/><vector name="head" x="-13" y="-112"/><vector name="lt" x="-59" y="-128"/><vector name="rb" x="95" y="-1"/><int name="delay" value="100"/></canvas><canvas name="3" width="214" height="192"><vector name="origin" x="102" y="190"/><vector name="head" x="-13" y="-112"/><vector name="lt" x="-59" y="-128"/><vector name="rb" x="95" y="-1"/><int name="delay" value="100"/></canvas><canvas name="4" width="214" height="159"><vector name="origin" x="102" y="157"/><vector name="head" x="-13" y="-112"/><vector name="lt" x="-59" y="-128"/><vector name="rb" x="95" y="-1"/><int name="delay" value="100"/></canvas><canvas name="5" width="226" height="176"><vector name="origin" x="165" y="176"/><vector name="head" x="-101" y="-114"/><vector name="lt" x="-148" y="-129"/><vector name="rb" x="-1" y="0"/><int name="delay" value="100"/></canvas><canvas name="6" width="235" height="190"><vector name="origin" x="227" y="182"/><vector name="head" x="-101" y="-114"/><vector name="lt" x="-147" y="-129"/><vector name="rb" x="-1" y="0"/><int name="delay" value="100"/></canvas><canvas name="7" width="248" height="167"><vector name="origin" x="228" y="149"/><vector name="head" x="-101" y="-114"/><vector name="lt" x="-147" y="-129"/><vector name="rb" x="-1" y="0"/><int name="delay" value="100"/></canvas><canvas name="8" width="226" height="183"><vector name="origin" x="219" y="164"/><vector name="head" x="-101" y="-114"/><vector name="lt" x="-147" y="-129"/><vector name="rb" x="-1" y="0"/><int name="delay" value="100"/></canvas><canvas name="9" width="245" height="170"><vector name="origin" x="219" y="170"/><vector name="head" x="-101" y="-114"/><vector name="lt" x="-147" y="-129"/><vector name="rb" x="-1" y="0"/><int name="delay" value="100"/></canvas><canvas name="10" width="213" height="180"><vector name="origin" x="198" y="150"/><vector name="head" x="-101" y="-114"/><vector name="lt" x="-147" y="-129"/><vector name="rb" x="-1" y="0"/><int name="delay" value="100"/></canvas><canvas name="11" width="300" height="184"><vector name="origin" x="199" y="154"/><vector name="head" x="-16" y="-113"/><vector name="lt" x="-56" y="-128"/><vector name="rb" x="97" y="2"/><int name="delay" value="100"/></canvas><canvas name="12" width="161" height="151"><vector name="origin" x="65" y="151"/><vector name="head" x="-16" y="-113"/><vector name="lt" x="-56" y="-128"/><vector name="rb" x="97" y="2"/><int name="delay" value="100"/></canvas><canvas name="13" width="150" height="149"><vector name="origin" x="78" y="149"/><vector name="head" x="-37" y="-107"/><vector name="lt" x="-78" y="-128"/><vector name="rb" x="73" y="0"/><int name="delay" value="100"/></canvas><uol name="14" value="../stand/0"/><uol name="15" value="../stand/1"/><uol name="16" value="../stand/2"/><uol name="17" value="../stand/3"/><uol name="18" value="../stand/4"/><uol name="19" value="../stand/5"/></imgdir><imgdir name="attack2"><imgdir name="info"><imgdir name="range"><vector name="lt" x="-300" y="-101"/><vector name="rb" x="100" y="0"/></imgdir><imgdir name="hit"><canvas name="0" width="97" height="103"><vector name="origin" x="48" y="51"/></canvas><canvas name="1" width="101" height="106"><vector name="origin" x="48" y="51"/></canvas><canvas name="2" width="90" height="105"><vector name="origin" x="43" y="52"/></canvas><canvas name="3" width="103" height="99"><vector name="origin" x="50" y="46"/></canvas><canvas name="4" width="94" height="99"><vector name="origin" x="46" y="49"/></canvas><canvas name="5" width="99" height="96"><vector name="origin" x="48" y="44"/></canvas></imgdir><int name="attackAfter" value="840"/><int name="type" value="0"/></imgdir><canvas name="0" width="151" height="149"><vector name="origin" x="78" y="149"/><vector name="head" x="-37" y="-107"/><vector name="lt" x="-78" y="-128"/><vector name="rb" x="73" y="0"/><int name="delay" value="120"/></canvas><canvas name="1" width="227" height="198"><vector name="origin" x="148" y="198"/><vector name="head" x="-37" y="-107"/><vector name="lt" x="-78" y="-128"/><vector name="rb" x="73" y="0"/><int name="delay" value="120"/></canvas><canvas name="2" width="226" height="202"><vector name="origin" x="147" y="202"/><vector name="head" x="-37" y="-107"/><vector name="lt" x="-78" y="-128"/><vector name="rb" x="73" y="0"/><int name="delay" value="120"/></canvas><canvas name="3" width="218" height="204"><vector name="origin" x="139" y="204"/><vector name="head" x="-37" y="-107"/><vector name="lt" x="-78" y="-128"/><vector name="rb" x="73" y="0"/><int name="delay" value="120"/></canvas><canvas name="4" width="212" height="205"><vector name="origin" x="129" y="205"/><vector name="head" x="-37" y="-107"/><vector name="lt" x="-78" y="-128"/><vector name="rb" x="73" y="0"/><int name="delay" value="120"/></canvas><canvas name="5" width="176" height="204"><vector name="origin" x="92" y="204"/><vector name="head" x="-37" y="-107"/><vector name="lt" x="-78" y="-128"/><vector name="rb" x="73" y="0"/><int name="delay" value="120"/></canvas><canvas name="6" width="172" height="176"><vector name="origin" x="88" y="176"/><vector name="head" x="-37" y="-107"/><vector name="lt" x="-78" y="-128"/><vector name="rb" x="73" y="0"/><int name="delay" value="120"/></canvas><canvas name="7" width="254" height="178"><vector name="origin" x="179" y="155"/><vector name="head" x="-59" y="-107"/><vector name="lt" x="-94" y="-128"/><vector name="rb" x="59" y="2"/><int name="delay" value="120"/></canvas><canvas name="8" width="267" height="198"><vector name="origin" x="194" y="162"/><vector name="head" x="-59" y="-107"/><vector name="lt" x="-94" y="-128"/><vector name="rb" x="59" y="2"/><int name="delay" value="120"/></canvas><canvas name="9" width="278" height="202"><vector name="origin" x="203" y="165"/><vector name="head" x="-59" y="-107"/><vector name="lt" x="-94" y="-128"/><vector name="rb" x="59" y="2"/><int name="delay" value="120"/></canvas><canvas name="10" width="285" height="204"><vector name="origin" x="212" y="167"/><vector name="head" x="-59" y="-107"/><vector name="lt" x="-94" y="-128"/><vector name="rb" x="59" y="2"/><int name="delay" value="120"/></canvas><canvas name="11" width="292" height="204"><vector name="origin" x="217" y="167"/><vector name="head" x="-59" y="-107"/><vector name="lt" x="-94" y="-128"/><vector name="rb" x="59" y="2"/><int name="delay" value="120"/></canvas><canvas name="12" width="296" height="206"><vector name="origin" x="223" y="168"/><vector name="head" x="-59" y="-107"/><vector name="lt" x="-94" y="-128"/><vector name="rb" x="59" y="2"/><int name="delay" value="120"/></canvas><canvas name="13" width="175" height="154"><vector name="origin" x="102" y="154"/><vector name="head" x="-52" y="-109"/><vector name="lt" x="-94" y="-128"/><vector name="rb" x="59" y="2"/><int name="delay" value="120"/></canvas><uol name="14" value="../stand/0"/><uol name="15" value="../stand/1"/><uol name="16" value="../stand/2"/><uol name="17" value="../stand/3"/><uol name="18" value="../stand/4"/><uol name="19" value="../stand/5"/></imgdir><imgdir name="hit1"><canvas name="0" width="191" height="156"><vector name="origin" x="112" y="156"/><vector name="head" x="-32" y="-110"/><vector name="lt" x="-68" y="-128"/><vector name="rb" x="62" y="0"/><int name="delay" value="300"/></canvas></imgdir><imgdir name="die1"><canvas name="0" width="191" height="156"><vector name="origin" x="88" y="156"/><vector name="head" x="-22" y="-125"/><int name="delay" value="120"/></canvas><canvas name="1" width="207" height="148"><vector name="origin" x="94" y="148"/><vector name="head" x="-22" y="-125"/><int name="delay" value="120"/></canvas><canvas name="2" width="221" height="148"><vector name="origin" x="97" y="148"/><vector name="head" x="-22" y="-125"/><int name="delay" value="120"/></canvas><canvas name="3" width="188" height="148"><vector name="origin" x="59" y="148"/><vector name="head" x="-22" y="-125"/><int name="delay" value="120"/></canvas><canvas name="4" width="209" height="193"><vector name="origin" x="67" y="156"/><vector name="head" x="-22" y="-125"/><int name="delay" value="120"/></canvas><canvas name="5" width="205" height="193"><vector name="origin" x="66" y="156"/><vector name="head" x="-22" y="-125"/><int name="delay" value="120"/></canvas><canvas name="6" width="205" height="187"><vector name="origin" x="66" y="155"/><vector name="head" x="-22" y="-125"/><int name="delay" value="120"/></canvas><canvas name="7" width="169" height="162"><vector name="origin" x="48" y="141"/><vector name="head" x="-22" y="-125"/><int name="delay" value="120"/></canvas><canvas name="8" width="130" height="129"><vector name="origin" x="29" y="124"/><vector name="head" x="-22" y="-125"/><int name="delay" value="120"/></canvas><canvas name="9" width="110" height="110"><vector name="origin" x="17" y="115"/><vector name="head" x="-22" y="-125"/><int name="delay" value="120"/></canvas><canvas name="10" width="130" height="125"><vector name="origin" x="27" y="122"/><vector name="head" x="-22" y="-125"/><int name="delay" value="120"/></canvas><canvas name="11" width="134" height="117"><vector name="origin" x="28" y="119"/><vector name="head" x="-22" y="-125"/><int name="delay" value="120"/></canvas><canvas name="12" width="103" height="113"><vector name="origin" x="14" y="110"/><vector name="head" x="-22" y="-125"/><int name="delay" value="120"/></canvas><canvas name="13" width="103" height="109"><vector name="origin" x="14" y="109"/><vector name="head" x="-22" y="-125"/><int name="delay" value="120"/></canvas><canvas name="14" width="68" height="97"><vector name="origin" x="-2" y="94"/><vector name="head" x="-22" y="-125"/><int name="delay" value="120"/></canvas><canvas name="15" width="66" height="79"><vector name="origin" x="-4" y="74"/><vector name="head" x="-22" y="-125"/><int name="delay" value="120"/></canvas><canvas name="16" width="66" height="52"><vector name="origin" x="-4" y="46"/><vector name="head" x="-22" y="-125"/><int name="delay" value="120"/></canvas><canvas name="17" width="66" height="52"><vector name="origin" x="-4" y="45"/><vector name="head" x="-22" y="-125"/><int name="delay" value="120"/></canvas></imgdir></imgdir>