<?xml version="1.0" encoding="UTF-8" standalone="yes"?><imgdir name="8600002.img"><imgdir name="info"><imgdir name="skill"><imgdir name="0"><int name="skill" value="100"/><int name="action" value="1"/><int name="level" value="1"/><int name="effectAfter" value="540"/></imgdir></imgdir><int name="level" value="166"/><int name="bodyAttack" value="1"/><int name="maxHP" value="390000"/><int name="maxMP" value="18000"/><int name="speed" value="-45"/><int name="PDDamage" value="170"/><int name="PDRate" value="10"/><int name="MDDamage" value="210"/><int name="MDRate" value="10"/><int name="pushed" value="5500"/><float name="fs" value="10.0"/><int name="exp" value="14444"/><int name="summonType" value="1"/><int name="category" value="8"/><string name="mobType" value="4H"/><int name="MADamage" value="700"/><int name="eva" value="55"/><int name="acc" value="270"/><int name="PADamage" value="800"/></imgdir><imgdir name="stand"><canvas name="0" width="188" height="125"><vector name="origin" x="70" y="123"/><vector name="head" x="13" y="-102"/><vector name="lt" x="-70" y="-123"/><vector name="rb" x="118" y="2"/><int name="delay" value="150"/></canvas><canvas name="1" width="188" height="126"><vector name="origin" x="70" y="124"/><vector name="head" x="13" y="-102"/><vector name="lt" x="-70" y="-124"/><vector name="rb" x="118" y="2"/><int name="delay" value="150"/></canvas><canvas name="2" width="189" height="125"><vector name="origin" x="71" y="123"/><vector name="head" x="13" y="-102"/><vector name="lt" x="-71" y="-123"/><vector name="rb" x="118" y="2"/><int name="delay" value="150"/></canvas><canvas name="3" width="188" height="126"><vector name="origin" x="70" y="124"/><vector name="head" x="13" y="-102"/><vector name="lt" x="-70" y="-124"/><vector name="rb" x="118" y="2"/><int name="delay" value="150"/></canvas><canvas name="4" width="188" height="125"><vector name="origin" x="70" y="123"/><vector name="head" x="13" y="-102"/><vector name="lt" x="-70" y="-123"/><vector name="rb" x="118" y="2"/><int name="delay" value="150"/></canvas><canvas name="5" width="186" height="124"><vector name="origin" x="68" y="122"/><vector name="head" x="13" y="-102"/><vector name="lt" x="-68" y="-122"/><vector name="rb" x="118" y="2"/><int name="delay" value="150"/></canvas></imgdir><imgdir name="move"><canvas name="0" width="200" height="119"><vector name="origin" x="74" y="117"/><vector name="head" x="-5" y="-96"/><vector name="lt" x="-74" y="-117"/><vector name="rb" x="126" y="2"/><int name="delay" value="150"/></canvas><canvas name="1" width="169" height="145"><vector name="origin" x="67" y="164"/><vector name="head" x="13" y="-156"/><vector name="lt" x="-67" y="-164"/><vector name="rb" x="102" y="-19"/><int name="delay" value="150"/></canvas><canvas name="2" width="189" height="149"><vector name="origin" x="66" y="168"/><vector name="head" x="11" y="-158"/><vector name="lt" x="-66" y="-168"/><vector name="rb" x="123" y="-19"/><int name="delay" value="150"/></canvas><canvas name="3" width="196" height="127"><vector name="origin" x="66" y="155"/><vector name="head" x="13" y="-138"/><vector name="lt" x="-66" y="-155"/><vector name="rb" x="130" y="-28"/><int name="delay" value="150"/></canvas><canvas name="4" width="192" height="121"><vector name="origin" x="74" y="119"/><vector name="head" x="15" y="-95"/><vector name="lt" x="-74" y="-119"/><vector name="rb" x="118" y="2"/><int name="delay" value="150"/></canvas></imgdir><imgdir name="attack1"><imgdir name="info"><imgdir name="range"><vector name="lt" x="-300" y="-76"/><vector name="rb" x="78" y="1"/></imgdir><imgdir name="hit"><canvas name="0" width="163" height="71"><vector name="origin" x="75" y="39"/><int name="z" value="0"/></canvas><canvas name="1" width="110" height="85"><vector name="origin" x="48" y="48"/><int name="z" value="0"/></canvas><canvas name="2" width="108" height="94"><vector name="origin" x="52" y="54"/><int name="z" value="0"/></canvas><canvas name="3" width="107" height="96"><vector name="origin" x="49" y="55"/><int name="z" value="0"/></canvas></imgdir><int name="attackAfter" value="840"/><int name="type" value="0"/><int name="magic" value="1"/></imgdir><canvas name="0" width="197" height="142"><vector name="origin" x="76" y="123"/><vector name="head" x="13" y="-102"/><vector name="lt" x="-70" y="-123"/><vector name="rb" x="118" y="2"/><int name="delay" value="120"/></canvas><canvas name="1" width="199" height="141"><vector name="origin" x="77" y="122"/><vector name="head" x="13" y="-102"/><vector name="lt" x="-77" y="-122"/><vector name="rb" x="122" y="19"/><int name="delay" value="120"/></canvas><canvas name="2" width="201" height="138"><vector name="origin" x="78" y="124"/><vector name="head" x="13" y="-102"/><vector name="lt" x="-78" y="-124"/><vector name="rb" x="123" y="14"/><int name="delay" value="120"/></canvas><canvas name="3" width="202" height="135"><vector name="origin" x="78" y="124"/><vector name="head" x="13" y="-102"/><vector name="lt" x="-78" y="-124"/><vector name="rb" x="124" y="11"/><int name="delay" value="120"/></canvas><canvas name="4" width="203" height="135"><vector name="origin" x="79" y="124"/><vector name="head" x="13" y="-102"/><vector name="lt" x="-79" y="-124"/><vector name="rb" x="124" y="11"/><int name="delay" value="120"/></canvas><canvas name="5" width="203" height="135"><vector name="origin" x="79" y="124"/><vector name="head" x="13" y="-102"/><vector name="lt" x="-79" y="-124"/><vector name="rb" x="124" y="11"/><int name="delay" value="120"/></canvas><canvas name="6" width="203" height="135"><vector name="origin" x="79" y="124"/><vector name="head" x="13" y="-102"/><vector name="lt" x="-79" y="-124"/><vector name="rb" x="124" y="11"/><int name="delay" value="120"/></canvas><canvas name="7" width="223" height="238"><vector name="origin" x="110" y="231"/><vector name="head" x="13" y="-120"/><vector name="lt" x="-79" y="-132"/><vector name="rb" x="113" y="7"/><int name="delay" value="120"/></canvas><canvas name="8" width="242" height="250"><vector name="origin" x="121" y="241"/><vector name="head" x="13" y="-120"/><vector name="lt" x="-79" y="-132"/><vector name="rb" x="121" y="9"/><int name="delay" value="120"/></canvas><canvas name="9" width="254" height="237"><vector name="origin" x="127" y="217"/><vector name="head" x="13" y="-120"/><vector name="lt" x="-79" y="-132"/><vector name="rb" x="127" y="20"/><int name="delay" value="120"/></canvas><canvas name="10" width="292" height="210"><vector name="origin" x="146" y="196"/><vector name="head" x="13" y="-102"/><vector name="lt" x="-71" y="-117"/><vector name="rb" x="116" y="2"/><int name="delay" value="120"/></canvas><canvas name="11" width="306" height="184"><vector name="origin" x="153" y="169"/><vector name="head" x="13" y="-102"/><vector name="lt" x="-71" y="-117"/><vector name="rb" x="116" y="2"/><int name="delay" value="120"/></canvas><canvas name="12" width="267" height="121"><vector name="origin" x="132" y="119"/><vector name="head" x="13" y="-102"/><vector name="lt" x="-71" y="-117"/><vector name="rb" x="116" y="2"/><int name="delay" value="120"/></canvas><canvas name="13" width="202" height="115"><vector name="origin" x="71" y="113"/><vector name="head" x="13" y="-102"/><vector name="lt" x="-71" y="-117"/><vector name="rb" x="116" y="2"/><int name="delay" value="120"/></canvas><canvas name="14" width="187" height="119"><vector name="origin" x="71" y="117"/><vector name="head" x="13" y="-102"/><vector name="lt" x="-71" y="-117"/><vector name="rb" x="116" y="2"/><int name="delay" value="120"/></canvas><uol name="15" value="../stand/0"/><uol name="16" value="../stand/1"/><uol name="17" value="../stand/2"/><uol name="18" value="../stand/3"/><uol name="19" value="../stand/4"/><uol name="20" value="../stand/5"/></imgdir><imgdir name="skill1"><canvas name="0" width="247" height="173"><vector name="origin" x="118" y="126"/><vector name="head" x="13" y="-102"/><vector name="lt" x="-70" y="-123"/><vector name="rb" x="118" y="2"/><int name="delay" value="90"/></canvas><canvas name="1" width="266" height="178"><vector name="origin" x="115" y="135"/><vector name="head" x="9" y="-102"/><vector name="lt" x="-70" y="-123"/><vector name="rb" x="118" y="2"/><int name="delay" value="90"/></canvas><canvas name="2" width="249" height="197"><vector name="origin" x="104" y="162"/><vector name="head" x="10" y="-99"/><vector name="lt" x="-70" y="-123"/><vector name="rb" x="118" y="2"/><int name="delay" value="90"/></canvas><canvas name="3" width="221" height="210"><vector name="origin" x="89" y="186"/><vector name="head" x="9" y="-98"/><vector name="lt" x="-70" y="-123"/><vector name="rb" x="118" y="2"/><int name="delay" value="90"/></canvas><canvas name="4" width="186" height="184"><vector name="origin" x="83" y="175"/><vector name="head" x="7" y="-97"/><vector name="lt" x="-70" y="-123"/><vector name="rb" x="118" y="2"/><int name="delay" value="90"/></canvas><canvas name="5" width="185" height="184"><vector name="origin" x="83" y="174"/><vector name="head" x="7" y="-97"/><vector name="lt" x="-70" y="-123"/><vector name="rb" x="118" y="2"/><int name="delay" value="90"/></canvas><canvas name="6" width="229" height="237"><vector name="origin" x="89" y="227"/><vector name="head" x="45" y="-124"/><vector name="lt" x="-70" y="-123"/><vector name="rb" x="118" y="2"/><int name="delay" value="90"/></canvas><canvas name="7" width="232" height="238"><vector name="origin" x="91" y="228"/><vector name="head" x="45" y="-124"/><vector name="lt" x="-70" y="-123"/><vector name="rb" x="118" y="2"/><int name="delay" value="90"/></canvas><canvas name="8" width="237" height="238"><vector name="origin" x="94" y="229"/><vector name="head" x="45" y="-124"/><vector name="lt" x="-70" y="-123"/><vector name="rb" x="118" y="2"/><int name="delay" value="90"/></canvas><canvas name="9" width="239" height="237"><vector name="origin" x="96" y="229"/><vector name="head" x="45" y="-126"/><vector name="lt" x="-70" y="-123"/><vector name="rb" x="118" y="2"/><int name="delay" value="90"/></canvas><canvas name="10" width="260" height="218"><vector name="origin" x="97" y="212"/><vector name="head" x="43" y="-123"/><vector name="lt" x="-70" y="-123"/><vector name="rb" x="118" y="2"/><int name="delay" value="90"/></canvas><canvas name="11" width="223" height="195"><vector name="origin" x="69" y="190"/><vector name="head" x="21" y="-118"/><vector name="lt" x="-70" y="-123"/><vector name="rb" x="118" y="2"/><int name="delay" value="90"/></canvas><canvas name="12" width="215" height="136"><vector name="origin" x="67" y="134"/><vector name="head" x="14" y="-109"/><vector name="lt" x="-70" y="-123"/><vector name="rb" x="118" y="2"/><int name="delay" value="90"/></canvas></imgdir><imgdir name="hit1"><canvas name="0" width="169" height="178"><vector name="origin" x="86" y="176"/><vector name="head" x="20" y="-97"/><vector name="lt" x="-86" y="-146"/><vector name="rb" x="83" y="2"/><int name="delay" value="300"/></canvas></imgdir><imgdir name="die1"><canvas name="0" width="169" height="178"><vector name="origin" x="41" y="176"/><vector name="head" x="13" y="-102"/><int name="delay" value="120"/></canvas><canvas name="1" width="201" height="188"><vector name="origin" x="47" y="186"/><vector name="head" x="13" y="-102"/><int name="delay" value="120"/></canvas><canvas name="2" width="244" height="149"><vector name="origin" x="50" y="147"/><vector name="head" x="13" y="-102"/><int name="delay" value="120"/></canvas><canvas name="3" width="211" height="150"><vector name="origin" x="1" y="137"/><vector name="head" x="13" y="-102"/><int name="delay" value="120"/></canvas><canvas name="4" width="232" height="193"><vector name="origin" x="21" y="147"/><vector name="head" x="13" y="-102"/><int name="delay" value="120"/></canvas><canvas name="5" width="228" height="193"><vector name="origin" x="17" y="147"/><vector name="head" x="13" y="-102"/><int name="delay" value="120"/></canvas><canvas name="6" width="219" height="183"><vector name="origin" x="12" y="142"/><vector name="head" x="13" y="-102"/><int name="delay" value="120"/></canvas><canvas name="7" width="184" height="161"><vector name="origin" x="2" y="131"/><vector name="head" x="13" y="-102"/><int name="delay" value="120"/></canvas><canvas name="8" width="144" height="129"><vector name="origin" x="-14" y="115"/><vector name="head" x="13" y="-102"/><int name="delay" value="120"/></canvas><canvas name="9" width="110" height="110"><vector name="origin" x="-26" y="106"/><vector name="head" x="13" y="-102"/><int name="delay" value="120"/></canvas><canvas name="10" width="130" height="125"><vector name="origin" x="-16" y="113"/><vector name="head" x="13" y="-102"/><int name="delay" value="120"/></canvas><canvas name="11" width="134" height="117"><vector name="origin" x="-15" y="110"/><vector name="head" x="13" y="-102"/><int name="delay" value="120"/></canvas><canvas name="12" width="103" height="103"><vector name="origin" x="-29" y="105"/><vector name="head" x="13" y="-102"/><int name="delay" value="120"/></canvas><canvas name="13" width="103" height="98"><vector name="origin" x="-29" y="100"/><vector name="head" x="13" y="-102"/><int name="delay" value="120"/></canvas><canvas name="14" width="61" height="85"><vector name="origin" x="-45" y="85"/><vector name="head" x="13" y="-102"/><int name="delay" value="120"/></canvas><canvas name="15" width="63" height="65"><vector name="origin" x="-57" y="65"/><vector name="head" x="13" y="-102"/><int name="delay" value="120"/></canvas><canvas name="16" width="71" height="34"><vector name="origin" x="-58" y="31"/><vector name="head" x="13" y="-102"/><int name="delay" value="120"/></canvas><canvas name="17" width="63" height="27"><vector name="origin" x="-65" y="25"/><vector name="head" x="13" y="-102"/><int name="delay" value="120"/></canvas></imgdir></imgdir>